    Apptainer 1.4.5 loaded. This package was installed with spack using gcc
11.4.1.

    Spack options were:
    +libsubid+network~suid

-------------------------------------------------------------------------------
There are messages associated with the following module(s):
-------------------------------------------------------------------------------

use.spack-core:
spack modules loaded. Full unload maybe required via: unload use.spack-core
Any other use.spack modules will also need to be unloaded in a similar manner

-------------------------------------------------------------------------------

[rc] CAS(21,20)  2Sz=1  ecore=-2952.7044877295  ranks=4 threads/rank=16 ooc=True
[qops] MPI np=4 · GPU=on · device collectives: NCCL (NVLink/GPUDirect)
[qops] A/B host-offload: ON (stubs + pager spill)

################## Warmup summary ##################
  Rank 0: Host RAM sweep-peak 0 MB · VmHWM 1979 MB   VRAM op-pool peak 0 MB · total peak 0 MB
  Rank 1: Host RAM sweep-peak 0 MB · VmHWM 1967 MB   VRAM op-pool peak 0 MB · total peak 0 MB
  Rank 2: Host RAM sweep-peak 0 MB · VmHWM 1965 MB   VRAM op-pool peak 0 MB · total peak 0 MB
  Rank 3: Host RAM sweep-peak 0 MB · VmHWM 1958 MB   VRAM op-pool peak 0 MB · total peak 0 MB
  OOC scratch  10756 MB on disk  (sum over all ranks)
  Timings (wall 8.6 s)
    build                    [CPU]             0.7 s
      (other)                [CPU]             0.7 s
    matvec                   [GPU·CPU·IO]     0.0 s   (GPU 0.0 · IO 0.0 · CPU 0.0)
    decimate                 [CPU]             3.1 s
    grow                     [GPU·CPU·IO]     4.5 s   (GPU 0.0 · IO 0.0 · CPU 4.5)
      gpu_proj (project)     [GPU·CPU·IO]     0.0 s
      construct (cpu path)   [CPU]             3.8 s
      reduceSH (MPI)         [CPU·IO]         0.7 s
        sync (hash+wait)     [CPU·IO]         0.1 s
        xfer (NCCL/host)     [IO]              0.6 s
    predict                  [CPU]             0.0 s
    ooc                      [IO]              0.1 s
      save                   [IO]              0.1 s

################## Sweep 1/30 (forward) summary ##################
  Energy       -2987.3946636923 Ha
  Discarded weight  5.163e-10  (max over this sweep's decimations)
  Rank 0: Host RAM sweep-peak 2177 MB · VmHWM 2187 MB   VRAM op-pool peak 203 MB · total peak 5854 MB
  Rank 1: Host RAM sweep-peak 2159 MB · VmHWM 2169 MB   VRAM op-pool peak 203 MB · total peak 5838 MB
  Rank 2: Host RAM sweep-peak 2164 MB · VmHWM 2175 MB   VRAM op-pool peak 206 MB · total peak 5836 MB
  Rank 3: Host RAM sweep-peak 2159 MB · VmHWM 2170 MB   VRAM op-pool peak 220 MB · total peak 5876 MB
  Block stores (peak bond, per rank): distributed A/B share 462 MB (~K²M²/np) · owner cre/des 18 · S 14 MB (~KM²/np) · replicated floor 2 MB [stubs 0 (~KM) · H 1 (~M²)]
  OOC scratch  16933 MB on disk  (sum over all ranks)
  Timings (wall 19.7 s)
    build                    [CPU]             3.2 s
      formPQ                 [GPU·CPU·IO]     0.5 s   (GPU 0.0 · IO 0.0 · CPU 0.5)
        exec-hostprep        [CPU]             0.3 s
        complete (MPI)       [IO]              0.1 s
      [kern] executor reductions (all phases): res-zero 0.0 · gather 0.0 · reduce 0.1 · accumulate 0.0 s
      sys                    [CPU]             0.2 s
      env                    [CPU]             0.3 s
      compPQ-form            [CPU]             0.3 s
        match                [CPU]             0.3 s
          emit (owned)       [CPU]             0.1 s
          (other)            [CPU]             0.1 s
      assembly               [CPU]             0.2 s
      compS-form-gpu (MPI)   [GPU·CPU·IO]     1.7 s   (GPU 0.0 · IO 0.0 · CPU 1.7)
        recipe (host,replic) [CPU]             0.1 s
        form (gpu+D2H)       [GPU·IO]         0.7 s
        reduce (NCCL/host)   [IO]              0.2 s
        unpack (D2H)         [CPU·IO]         0.7 s
    matvec                   [GPU·CPU·IO]    12.2 s   (GPU 9.1 · IO 0.0 · CPU 3.0)
      gemm                   [GPU]             8.7 s   (1.59 TFLOPS total · 0.40/GPU)
      kern                   [GPU]             0.4 s
      host                   [CPU]             3.0 s
        planEnum             [CPU]             1.1 s
        ctorAlloc(upload)    [CPU·IO]         0.2 s
        ctorGroup            [CPU]             0.7 s
        (other)              [CPU]             1.0 s
    decimate                 [CPU]             0.7 s
      eigh (dist)            [CPU]             0.3 s
      share (MPI wait)       [CPU·IO]         0.4 s
    grow                     [GPU·CPU·IO]     2.2 s   (GPU 0.3 · IO 0.8 · CPU 1.1) · 12.93 TFLOPS total · 3.23/GPU
      gpu_proj (project)     [GPU·CPU·IO]     1.6 s
        fap_exec             [GPU·IO]         1.3 s
      reduceSH (MPI)         [CPU·IO]         0.1 s
      (other)                [CPU]             0.5 s
    predict                  [CPU]             0.1 s
    ooc                      [IO]              0.1 s
      load                   [IO]              0.1 s

################## Sweep 2/30 (backward) summary ##################
  Energy       -2987.4165975682 Ha
  dE vs prev sweep  -2.193e-02 Ha
  Discarded weight  5.611e-06  (max over this sweep's decimations)
  Rank 0: Host RAM sweep-peak 2191 MB · VmHWM 2196 MB   VRAM op-pool peak 436 MB · total peak 10948 MB
  Rank 1: Host RAM sweep-peak 2222 MB · VmHWM 2226 MB   VRAM op-pool peak 446 MB · total peak 11166 MB
  Rank 2: Host RAM sweep-peak 2197 MB · VmHWM 2201 MB   VRAM op-pool peak 429 MB · total peak 10990 MB
  Rank 3: Host RAM sweep-peak 2229 MB · VmHWM 2233 MB   VRAM op-pool peak 435 MB · total peak 11084 MB
  Block stores (peak bond, per rank): distributed A/B share 239 MB (~K²M²/np) · owner cre/des 14 · S 7 MB (~KM²/np) · replicated floor 2 MB [stubs 0 (~KM) · H 2 (~M²)]
  OOC scratch  13804 MB on disk  (sum over all ranks)
  Timings (wall 11.6 s)
    build                    [CPU]             1.7 s
      formPQ                 [GPU·CPU·IO]     0.7 s   (GPU 0.1 · IO 0.1 · CPU 0.5)
        transfer             [IO]              0.1 s
        exec-hostprep        [CPU]             0.3 s
        complete (MPI)       [IO]              0.1 s
        (other)              [CPU]             0.1 s
      [kern] executor reductions (all phases): res-zero 0.0 · gather 0.1 · reduce 0.1 · accumulate 0.0 s
      compS-form-gpu (MPI)   [GPU·CPU·IO]     0.8 s   (GPU 0.1 · IO 0.1 · CPU 0.7)
        recipe (host,replic) [CPU]             0.1 s
        form (gpu+D2H)       [GPU·IO]         0.4 s
        reduce (NCCL/host)   [IO]              0.1 s
        unpack (D2H)         [CPU·IO]         0.3 s
    matvec                   [GPU·CPU·IO]     5.0 s   (GPU 3.4 · IO 0.0 · CPU 1.6)
      gemm                   [GPU]             3.0 s   (15.92 TFLOPS total · 3.98/GPU)
      kern                   [GPU]             0.4 s
      host                   [CPU]             1.6 s
        planEnum             [CPU]             0.5 s
        ctorAlloc(upload)    [CPU·IO]         0.2 s
        ctorGroup            [CPU]             0.3 s
        (other)              [CPU]             0.6 s
    decimate                 [CPU]             1.6 s
      rho (dist)             [CPU]             0.1 s
      eigh (dist)            [CPU]             0.6 s
      share (MPI wait)       [CPU·IO]         0.9 s
    grow                     [GPU·CPU·IO]     1.9 s   (GPU 0.2 · IO 0.4 · CPU 1.3) · 21.41 TFLOPS total · 5.35/GPU
      gpu_proj (project)     [GPU·CPU·IO]     1.3 s
        fap_exec             [GPU·IO]         0.9 s
      reduceSH (MPI)         [CPU·IO]         0.2 s
        sync (hash+wait)     [CPU·IO]         0.1 s
      (other)                [CPU]             0.4 s
    predict                  [CPU]             0.1 s
    ooc                      [IO]              0.0 s

################## Sweep 3/30 (forward) summary ##################
  Energy       -2987.4188213597 Ha
  dE vs prev sweep  -2.224e-03 Ha
  Discarded weight  3.200e-05  (max over this sweep's decimations)
  Rank 0: Host RAM sweep-peak 2239 MB · VmHWM 2245 MB   VRAM op-pool peak 436 MB · total peak 15230 MB
  Rank 1: Host RAM sweep-peak 2222 MB · VmHWM 2226 MB   VRAM op-pool peak 446 MB · total peak 15214 MB
  Rank 2: Host RAM sweep-peak 2225 MB · VmHWM 2229 MB   VRAM op-pool peak 429 MB · total peak 15168 MB
  Rank 3: Host RAM sweep-peak 2236 MB · VmHWM 2240 MB   VRAM op-pool peak 435 MB · total peak 15344 MB
  Block stores (peak bond, per rank): distributed A/B share 244 MB (~K²M²/np) · owner cre/des 16 · S 8 MB (~KM²/np) · replicated floor 3 MB [stubs 0 (~KM) · H 2 (~M²)]
  OOC scratch  14841 MB on disk  (sum over all ranks)
  Timings (wall 11.6 s)
    build                    [CPU]             1.8 s
      formPQ                 [GPU·CPU·IO]     0.7 s   (GPU 0.1 · IO 0.1 · CPU 0.5)
        transfer             [IO]              0.1 s
        exec-hostprep        [CPU]             0.3 s
        (other)              [CPU]             0.1 s
      [kern] executor reductions (all phases): res-zero 0.0 · gather 0.1 · reduce 0.1 · accumulate 0.0 s
      compS-form-gpu (MPI)   [GPU·CPU·IO]     0.9 s   (GPU 0.1 · IO 0.1 · CPU 0.7)
        recipe (host,replic) [CPU]             0.1 s
        form (gpu+D2H)       [GPU·IO]         0.5 s
        reduce (NCCL/host)   [IO]              0.1 s
        unpack (D2H)         [CPU·IO]         0.3 s
    matvec                   [GPU·CPU·IO]     4.7 s   (GPU 3.1 · IO 0.0 · CPU 1.6)
      gemm                   [GPU]             2.7 s   (25.17 TFLOPS total · 6.29/GPU)
      kern                   [GPU]             0.4 s
      host                   [CPU]             1.6 s
        planEnum             [CPU]             0.5 s
        ctorAlloc(upload)    [CPU·IO]         0.2 s
        ctorGroup            [CPU]             0.3 s
        (other)              [CPU]             0.6 s
    decimate                 [CPU]             1.8 s
      rho (dist)             [CPU]             0.1 s
      eigh (dist)            [CPU]             0.6 s
      share (MPI wait)       [CPU·IO]         1.0 s
    grow                     [GPU·CPU·IO]     1.6 s   (GPU 0.2 · IO 0.2 · CPU 1.2) · 24.21 TFLOPS total · 6.05/GPU
      gpu_proj (project)     [GPU·CPU·IO]     1.0 s
        fap_exec             [GPU·IO]         0.7 s
      reduceSH (MPI)         [CPU·IO]         0.1 s
        sync (hash+wait)     [CPU·IO]         0.1 s
      (other)                [CPU]             0.5 s
    predict                  [CPU]             0.2 s
    ooc                      [IO]              0.0 s

################## Sweep 4/30 (backward) summary ##################
  Energy       -2987.4192787695 Ha
  dE vs prev sweep  -4.574e-04 Ha
  Discarded weight  4.708e-05  (max over this sweep's decimations)
  Rank 0: Host RAM sweep-peak 2260 MB · VmHWM 2265 MB   VRAM op-pool peak 496 MB · total peak 15480 MB
  Rank 1: Host RAM sweep-peak 2251 MB · VmHWM 2256 MB   VRAM op-pool peak 503 MB · total peak 15460 MB
  Rank 2: Host RAM sweep-peak 2244 MB · VmHWM 2249 MB   VRAM op-pool peak 488 MB · total peak 15414 MB
  Rank 3: Host RAM sweep-peak 2296 MB · VmHWM 2301 MB   VRAM op-pool peak 495 MB · total peak 15590 MB
  Block stores (peak bond, per rank): distributed A/B share 243 MB (~K²M²/np) · owner cre/des 17 · S 8 MB (~KM²/np) · replicated floor 3 MB [stubs 0 (~KM) · H 3 (~M²)]
  OOC scratch  15038 MB on disk  (sum over all ranks)
  Timings (wall 11.3 s)
    build                    [CPU]             1.9 s
      formPQ                 [GPU·CPU·IO]     0.7 s   (GPU 0.1 · IO 0.1 · CPU 0.5)
        transfer             [IO]              0.1 s
        exec-hostprep        [CPU]             0.3 s
        complete (MPI)       [IO]              0.1 s
        (other)              [CPU]             0.1 s
      [kern] executor reductions (all phases): res-zero 0.0 · gather 0.1 · reduce 0.1 · accumulate 0.0 s
      compS-form-gpu (MPI)   [GPU·CPU·IO]     0.9 s   (GPU 0.1 · IO 0.1 · CPU 0.7)
        recipe (host,replic) [CPU]             0.1 s
        form (gpu+D2H)       [GPU·IO]         0.4 s
        reduce (NCCL/host)   [IO]              0.1 s
        unpack (D2H)         [CPU·IO]         0.3 s
    matvec                   [GPU·CPU·IO]     4.4 s   (GPU 2.9 · IO 0.0 · CPU 1.6)
      gemm                   [GPU]             2.5 s   (27.37 TFLOPS total · 6.84/GPU)
      kern                   [GPU]             0.4 s
      host                   [CPU]             1.6 s
        planEnum             [CPU]             0.5 s
        ctorAlloc(upload)    [CPU·IO]         0.2 s
        ctorGroup            [CPU]             0.3 s
        (other)              [CPU]             0.6 s
    decimate                 [CPU]             1.9 s
      rho (dist)             [CPU]             0.1 s
      eigh (dist)            [CPU]             0.7 s
      share (MPI wait)       [CPU·IO]         1.1 s
    grow                     [GPU·CPU·IO]     1.6 s   (GPU 0.2 · IO 0.2 · CPU 1.2) · 23.58 TFLOPS total · 5.90/GPU
      gpu_proj (project)     [GPU·CPU·IO]     1.0 s
        fap_exec             [GPU·IO]         0.6 s
      reduceSH (MPI)         [CPU·IO]         0.1 s
        sync (hash+wait)     [CPU·IO]         0.1 s
      (other)                [CPU]             0.4 s
    predict                  [CPU]             0.2 s
    ooc                      [IO]              0.0 s

################## Sweep 5/30 (forward) summary ##################
  Energy       -2987.4193857746 Ha
  dE vs prev sweep  -1.070e-04 Ha
  Discarded weight  4.863e-05  (max over this sweep's decimations)
  Rank 0: Host RAM sweep-peak 2233 MB · VmHWM 2265 MB   VRAM op-pool peak 496 MB · total peak 15542 MB
  Rank 1: Host RAM sweep-peak 2257 MB · VmHWM 2262 MB   VRAM op-pool peak 503 MB · total peak 15522 MB
  Rank 2: Host RAM sweep-peak 2246 MB · VmHWM 2251 MB   VRAM op-pool peak 488 MB · total peak 15478 MB
  Rank 3: Host RAM sweep-peak 2202 MB · VmHWM 2301 MB   VRAM op-pool peak 495 MB · total peak 15656 MB
  Block stores (peak bond, per rank): distributed A/B share 246 MB (~K²M²/np) · owner cre/des 17 · S 8 MB (~KM²/np) · replicated floor 3 MB [stubs 0 (~KM) · H 3 (~M²)]
  OOC scratch  15079 MB on disk  (sum over all ranks)
  Timings (wall 11.2 s)
    build                    [CPU]             1.9 s
      formPQ                 [GPU·CPU·IO]     0.7 s   (GPU 0.1 · IO 0.1 · CPU 0.5)
        transfer             [IO]              0.1 s
        exec-hostprep        [CPU]             0.3 s
        complete (MPI)       [IO]              0.1 s
        (other)              [CPU]             0.1 s
      [kern] executor reductions (all phases): res-zero 0.0 · gather 0.1 · reduce 0.1 · accumulate 0.0 s
      compS-form-gpu (MPI)   [GPU·CPU·IO]     0.9 s   (GPU 0.1 · IO 0.1 · CPU 0.7)
        recipe (host,replic) [CPU]             0.1 s
        form (gpu+D2H)       [GPU·IO]         0.5 s
        reduce (NCCL/host)   [IO]              0.1 s
        unpack (D2H)         [CPU·IO]         0.3 s
    matvec                   [GPU·CPU·IO]     4.2 s   (GPU 2.7 · IO 0.0 · CPU 1.5)
      gemm                   [GPU]             2.3 s   (27.02 TFLOPS total · 6.75/GPU)
      kern                   [GPU]             0.4 s
      host                   [CPU]             1.5 s
        planEnum             [CPU]             0.5 s
        ctorAlloc(upload)    [CPU·IO]         0.2 s
        ctorGroup            [CPU]             0.3 s
        (other)              [CPU]             0.6 s
    decimate                 [CPU]             1.8 s
      rho (dist)             [CPU]             0.1 s
      eigh (dist)            [CPU]             0.6 s
      share (MPI wait)       [CPU·IO]         1.1 s
    grow                     [GPU·CPU·IO]     1.6 s   (GPU 0.2 · IO 0.2 · CPU 1.1) · 23.89 TFLOPS total · 5.97/GPU
      gpu_proj (project)     [GPU·CPU·IO]     1.0 s
        fap_exec             [GPU·IO]         0.7 s
      reduceSH (MPI)         [CPU·IO]         0.1 s
        sync (hash+wait)     [CPU·IO]         0.1 s
      (other)                [CPU]             0.5 s
    predict                  [CPU]             0.2 s
    ooc                      [IO]              0.0 s

################## Sweep 6/30 (backward) summary ##################
  Energy       -2987.4194529946 Ha
  dE vs prev sweep  -6.722e-05 Ha
  Discarded weight  5.084e-05  (max over this sweep's decimations)
  Rank 0: Host RAM sweep-peak 2252 MB · VmHWM 2265 MB   VRAM op-pool peak 498 MB · total peak 15542 MB
  Rank 1: Host RAM sweep-peak 2263 MB · VmHWM 2268 MB   VRAM op-pool peak 505 MB · total peak 15522 MB
  Rank 2: Host RAM sweep-peak 2250 MB · VmHWM 2255 MB   VRAM op-pool peak 490 MB · total peak 15478 MB
  Rank 3: Host RAM sweep-peak 2258 MB · VmHWM 2301 MB   VRAM op-pool peak 498 MB · total peak 15656 MB
  Block stores (peak bond, per rank): distributed A/B share 242 MB (~K²M²/np) · owner cre/des 17 · S 8 MB (~KM²/np) · replicated floor 3 MB [stubs 0 (~KM) · H 3 (~M²)]
  OOC scratch  15069 MB on disk  (sum over all ranks)
  Timings (wall 10.9 s)
    build                    [CPU]             1.8 s
      formPQ                 [GPU·CPU·IO]     0.7 s   (GPU 0.1 · IO 0.1 · CPU 0.5)
        transfer             [IO]              0.1 s
        exec-hostprep        [CPU]             0.3 s
        complete (MPI)       [IO]              0.1 s
        (other)              [CPU]             0.1 s
      [kern] executor reductions (all phases): res-zero 0.0 · gather 0.1 · reduce 0.1 · accumulate 0.0 s
      compS-form-gpu (MPI)   [GPU·CPU·IO]     0.9 s   (GPU 0.1 · IO 0.1 · CPU 0.7)
        recipe (host,replic) [CPU]             0.1 s
        form (gpu+D2H)       [GPU·IO]         0.4 s
        reduce (NCCL/host)   [IO]              0.1 s
        unpack (D2H)         [CPU·IO]         0.3 s
    matvec                   [GPU·CPU·IO]     4.2 s   (GPU 2.6 · IO 0.0 · CPU 1.5)
      gemm                   [GPU]             2.3 s   (28.01 TFLOPS total · 7.00/GPU)
      kern                   [GPU]             0.4 s
      host                   [CPU]             1.5 s
        planEnum             [CPU]             0.5 s
        ctorAlloc(upload)    [CPU·IO]         0.2 s
        ctorGroup            [CPU]             0.3 s
        (other)              [CPU]             0.6 s
    decimate                 [CPU]             1.8 s
      rho (dist)             [CPU]             0.1 s
      eigh (dist)            [CPU]             0.6 s
      share (MPI wait)       [CPU·IO]         1.1 s
    grow                     [GPU·CPU·IO]     1.6 s   (GPU 0.2 · IO 0.2 · CPU 1.1) · 23.64 TFLOPS total · 5.91/GPU
      gpu_proj (project)     [GPU·CPU·IO]     1.0 s
        recipe               [CPU]             0.1 s
        fap_exec             [GPU·IO]         0.6 s
      reduceSH (MPI)         [CPU·IO]         0.1 s
        sync (hash+wait)     [CPU·IO]         0.1 s
      (other)                [CPU]             0.4 s
    predict                  [CPU]             0.2 s
    ooc                      [IO]              0.0 s

################## Sweep 7/30 (forward) summary ##################
  Energy       -2987.4194733545 Ha
  dE vs prev sweep  -2.036e-05 Ha
  Discarded weight  5.154e-05  (max over this sweep's decimations)
  Rank 0: Host RAM sweep-peak 2238 MB · VmHWM 2265 MB   VRAM op-pool peak 498 MB · total peak 15542 MB
  Rank 1: Host RAM sweep-peak 2254 MB · VmHWM 2268 MB   VRAM op-pool peak 505 MB · total peak 15522 MB
  Rank 2: Host RAM sweep-peak 2223 MB · VmHWM 2255 MB   VRAM op-pool peak 490 MB · total peak 15478 MB
  Rank 3: Host RAM sweep-peak 2244 MB · VmHWM 2301 MB   VRAM op-pool peak 498 MB · total peak 15656 MB
  Block stores (peak bond, per rank): distributed A/B share 244 MB (~K²M²/np) · owner cre/des 17 · S 8 MB (~KM²/np) · replicated floor 3 MB [stubs 0 (~KM) · H 3 (~M²)]
  OOC scratch  15092 MB on disk  (sum over all ranks)
  Timings (wall 11.0 s)
    build                    [CPU]             1.8 s
      formPQ                 [GPU·CPU·IO]     0.7 s   (GPU 0.1 · IO 0.1 · CPU 0.5)
        transfer             [IO]              0.1 s
        exec-hostprep        [CPU]             0.3 s
        complete (MPI)       [IO]              0.1 s
        (other)              [CPU]             0.1 s
      [kern] executor reductions (all phases): res-zero 0.0 · gather 0.1 · reduce 0.1 · accumulate 0.0 s
      compS-form-gpu (MPI)   [GPU·CPU·IO]     0.9 s   (GPU 0.1 · IO 0.1 · CPU 0.7)
        recipe (host,replic) [CPU]             0.1 s
        form (gpu+D2H)       [GPU·IO]         0.4 s
        reduce (NCCL/host)   [IO]              0.1 s
        unpack (D2H)         [CPU·IO]         0.3 s
    matvec                   [GPU·CPU·IO]     4.2 s   (GPU 2.7 · IO 0.0 · CPU 1.6)
      gemm                   [GPU]             2.3 s   (26.98 TFLOPS total · 6.75/GPU)
      kern                   [GPU]             0.4 s
      host                   [CPU]             1.6 s
        planEnum             [CPU]             0.5 s
        ctorAlloc(upload)    [CPU·IO]         0.2 s
        ctorGroup            [CPU]             0.3 s
        (other)              [CPU]             0.6 s
    decimate                 [CPU]             1.7 s
      rho (dist)             [CPU]             0.1 s
      eigh (dist)            [CPU]             0.6 s
      share (MPI wait)       [CPU·IO]         1.0 s
    grow                     [GPU·CPU·IO]     1.7 s   (GPU 0.3 · IO 0.2 · CPU 1.2) · 23.52 TFLOPS total · 5.88/GPU
      gpu_proj (project)     [GPU·CPU·IO]     1.1 s
        fap_exec             [GPU·IO]         0.8 s
      reduceSH (MPI)         [CPU·IO]         0.1 s
        sync (hash+wait)     [CPU·IO]         0.1 s
      (other)                [CPU]             0.4 s
    predict                  [CPU]             0.2 s
    ooc                      [IO]              0.0 s

################## Sweep 8/30 (backward) summary ##################
  Energy       -2987.4194955374 Ha
  dE vs prev sweep  -2.218e-05 Ha
  Discarded weight  5.164e-05  (max over this sweep's decimations)
  Rank 0: Host RAM sweep-peak 2268 MB · VmHWM 2272 MB   VRAM op-pool peak 499 MB · total peak 15542 MB
  Rank 1: Host RAM sweep-peak 2288 MB · VmHWM 2292 MB   VRAM op-pool peak 505 MB · total peak 15522 MB
  Rank 2: Host RAM sweep-peak 2253 MB · VmHWM 2258 MB   VRAM op-pool peak 490 MB · total peak 15478 MB
  Rank 3: Host RAM sweep-peak 2255 MB · VmHWM 2301 MB   VRAM op-pool peak 498 MB · total peak 15656 MB
  Block stores (peak bond, per rank): distributed A/B share 244 MB (~K²M²/np) · owner cre/des 17 · S 8 MB (~KM²/np) · replicated floor 3 MB [stubs 0 (~KM) · H 3 (~M²)]
  OOC scratch  15034 MB on disk  (sum over all ranks)
  Timings (wall 11.6 s)
    build                    [CPU]             1.8 s
      formPQ                 [GPU·CPU·IO]     0.7 s   (GPU 0.1 · IO 0.1 · CPU 0.5)
        transfer             [IO]              0.1 s
        exec-hostprep        [CPU]             0.3 s
        complete (MPI)       [IO]              0.1 s
        (other)              [CPU]             0.1 s
      [kern] executor reductions (all phases): res-zero 0.0 · gather 0.1 · reduce 0.1 · accumulate 0.0 s
      compPQ-form            [CPU]             0.1 s
        match                [CPU]             0.1 s
      compS-form-gpu (MPI)   [GPU·CPU·IO]     0.9 s   (GPU 0.1 · IO 0.1 · CPU 0.7)
        recipe (host,replic) [CPU]             0.1 s
        form (gpu+D2H)       [GPU·IO]         0.5 s
        reduce (NCCL/host)   [IO]              0.1 s
        unpack (D2H)         [CPU·IO]         0.3 s
    matvec                   [GPU·CPU·IO]     4.2 s   (GPU 2.7 · IO 0.0 · CPU 1.5)
      gemm                   [GPU]             2.3 s   (27.59 TFLOPS total · 6.90/GPU)
      kern                   [GPU]             0.4 s
      host                   [CPU]             1.5 s
        planEnum             [CPU]             0.5 s
        ctorAlloc(upload)    [CPU·IO]         0.2 s
        ctorGroup            [CPU]             0.3 s
        (other)              [CPU]             0.6 s
    decimate                 [CPU]             1.8 s
      rho (dist)             [CPU]             0.1 s
      eigh (dist)            [CPU]             0.6 s
      share (MPI wait)       [CPU·IO]         1.1 s
    grow                     [GPU·CPU·IO]     1.7 s   (GPU 0.3 · IO 0.2 · CPU 1.2) · 22.94 TFLOPS total · 5.73/GPU
      gpu_proj (project)     [GPU·CPU·IO]     1.0 s
        recipe               [CPU]             0.1 s
        fap_exec             [GPU·IO]         0.6 s
      reduceSH (MPI)         [CPU·IO]         0.2 s
        sync (hash+wait)     [CPU·IO]         0.2 s
      (other)                [CPU]             0.4 s
    predict                  [CPU]             0.2 s
    ooc                      [IO]              0.0 s

################## Sweep 9/30 (forward) summary ##################
  Energy       -2987.4195063765 Ha
  dE vs prev sweep  -1.084e-05 Ha
  Discarded weight  5.227e-05  (max over this sweep's decimations)
  Rank 0: Host RAM sweep-peak 2250 MB · VmHWM 2272 MB   VRAM op-pool peak 499 MB · total peak 15542 MB
  Rank 1: Host RAM sweep-peak 2181 MB · VmHWM 2292 MB   VRAM op-pool peak 505 MB · total peak 15522 MB
  Rank 2: Host RAM sweep-peak 2245 MB · VmHWM 2258 MB   VRAM op-pool peak 490 MB · total peak 15478 MB
  Rank 3: Host RAM sweep-peak 2252 MB · VmHWM 2301 MB   VRAM op-pool peak 498 MB · total peak 15656 MB
  Block stores (peak bond, per rank): distributed A/B share 244 MB (~K²M²/np) · owner cre/des 17 · S 8 MB (~KM²/np) · replicated floor 3 MB [stubs 0 (~KM) · H 3 (~M²)]
  OOC scratch  15044 MB on disk  (sum over all ranks)
  Timings (wall 11.0 s)
    build                    [CPU]             1.9 s
      formPQ                 [GPU·CPU·IO]     0.8 s   (GPU 0.1 · IO 0.1 · CPU 0.5)
        transfer             [IO]              0.1 s
        exec-hostprep        [CPU]             0.3 s
        complete (MPI)       [IO]              0.1 s
        (other)              [CPU]             0.1 s
      [kern] executor reductions (all phases): res-zero 0.0 · gather 0.1 · reduce 0.1 · accumulate 0.0 s
      compS-form-gpu (MPI)   [GPU·CPU·IO]     0.9 s   (GPU 0.1 · IO 0.1 · CPU 0.7)
        recipe (host,replic) [CPU]             0.1 s
        form (gpu+D2H)       [GPU·IO]         0.5 s
        reduce (NCCL/host)   [IO]              0.1 s
        unpack (D2H)         [CPU·IO]         0.3 s
    matvec                   [GPU·CPU·IO]     4.2 s   (GPU 2.7 · IO 0.0 · CPU 1.5)
      gemm                   [GPU]             2.3 s   (26.69 TFLOPS total · 6.67/GPU)
      kern                   [GPU]             0.4 s
      host                   [CPU]             1.5 s
        planEnum             [CPU]             0.5 s
        ctorAlloc(upload)    [CPU·IO]         0.2 s
        ctorGroup            [CPU]             0.3 s
        (other)              [CPU]             0.6 s
    decimate                 [CPU]             1.9 s
      rho (dist)             [CPU]             0.1 s
      eigh (dist)            [CPU]             0.6 s
      share (MPI wait)       [CPU·IO]         1.1 s
    grow                     [GPU·CPU·IO]     1.5 s   (GPU 0.2 · IO 0.2 · CPU 1.1) · 23.20 TFLOPS total · 5.80/GPU
      gpu_proj (project)     [GPU·CPU·IO]     1.0 s
        fap_exec             [GPU·IO]         0.6 s
      reduceSH (MPI)         [CPU·IO]         0.1 s
      (other)                [CPU]             0.5 s
    predict                  [CPU]             0.2 s
    ooc                      [IO]              0.0 s

################## Sweep 10/30 (backward) summary ##################
  Energy       -2987.4195155674 Ha
  dE vs prev sweep  -9.191e-06 Ha
  Discarded weight  5.256e-05  (max over this sweep's decimations)
  Rank 0: Host RAM sweep-peak 2232 MB · VmHWM 2272 MB   VRAM op-pool peak 499 MB · total peak 15542 MB
  Rank 1: Host RAM sweep-peak 2275 MB · VmHWM 2292 MB   VRAM op-pool peak 505 MB · total peak 15522 MB
  Rank 2: Host RAM sweep-peak 2235 MB · VmHWM 2258 MB   VRAM op-pool peak 490 MB · total peak 15478 MB
  Rank 3: Host RAM sweep-peak 2264 MB · VmHWM 2301 MB   VRAM op-pool peak 498 MB · total peak 15656 MB
  Block stores (peak bond, per rank): distributed A/B share 240 MB (~K²M²/np) · owner cre/des 17 · S 8 MB (~KM²/np) · replicated floor 3 MB [stubs 0 (~KM) · H 3 (~M²)]
  OOC scratch  14932 MB on disk  (sum over all ranks)
  Timings (wall 11.1 s)
    build                    [CPU]             1.8 s
      formPQ                 [GPU·CPU·IO]     0.7 s   (GPU 0.1 · IO 0.1 · CPU 0.5)
        transfer             [IO]              0.1 s
        exec-hostprep        [CPU]             0.3 s
        complete (MPI)       [IO]              0.1 s
        (other)              [CPU]             0.1 s
      [kern] executor reductions (all phases): res-zero 0.0 · gather 0.1 · reduce 0.1 · accumulate 0.0 s
      compS-form-gpu (MPI)   [GPU·CPU·IO]     0.9 s   (GPU 0.1 · IO 0.1 · CPU 0.7)
        recipe (host,replic) [CPU]             0.1 s
        form (gpu+D2H)       [GPU·IO]         0.5 s
        reduce (NCCL/host)   [IO]              0.1 s
        unpack (D2H)         [CPU·IO]         0.3 s
    matvec                   [GPU·CPU·IO]     4.2 s   (GPU 2.7 · IO 0.0 · CPU 1.6)
      gemm                   [GPU]             2.3 s   (27.19 TFLOPS total · 6.80/GPU)
      kern                   [GPU]             0.4 s
      host                   [CPU]             1.6 s
        planEnum             [CPU]             0.5 s
        ctorAlloc(upload)    [CPU·IO]         0.2 s
        ctorGroup            [CPU]             0.3 s
        (other)              [CPU]             0.6 s
    decimate                 [CPU]             1.8 s
      rho (dist)             [CPU]             0.1 s
      eigh (dist)            [CPU]             0.6 s
      share (MPI wait)       [CPU·IO]         1.1 s
    grow                     [GPU·CPU·IO]     1.7 s   (GPU 0.2 · IO 0.3 · CPU 1.1) · 22.83 TFLOPS total · 5.71/GPU
      gpu_proj (project)     [GPU·CPU·IO]     1.1 s
        recipe               [CPU]             0.1 s
        fap_exec             [GPU·IO]         0.7 s
      reduceSH (MPI)         [CPU·IO]         0.1 s
        sync (hash+wait)     [CPU·IO]         0.1 s
      (other)                [CPU]             0.4 s
    predict                  [CPU]             0.2 s
    ooc                      [IO]              0.0 s

################## Sweep 11/30 (forward) summary ##################
  Energy       -2987.4195243433 Ha
  dE vs prev sweep  -8.776e-06 Ha
  Discarded weight  5.269e-05  (max over this sweep's decimations)
  Rank 0: Host RAM sweep-peak 2298 MB · VmHWM 2302 MB   VRAM op-pool peak 499 MB · total peak 15542 MB
  Rank 1: Host RAM sweep-peak 2258 MB · VmHWM 2292 MB   VRAM op-pool peak 505 MB · total peak 15522 MB
  Rank 2: Host RAM sweep-peak 2268 MB · VmHWM 2273 MB   VRAM op-pool peak 490 MB · total peak 15478 MB
  Rank 3: Host RAM sweep-peak 2248 MB · VmHWM 2301 MB   VRAM op-pool peak 498 MB · total peak 15656 MB
  Block stores (peak bond, per rank): distributed A/B share 241 MB (~K²M²/np) · owner cre/des 17 · S 8 MB (~KM²/np) · replicated floor 3 MB [stubs 0 (~KM) · H 3 (~M²)]
  OOC scratch  14980 MB on disk  (sum over all ranks)
  Timings (wall 10.9 s)
    build                    [CPU]             1.9 s
      formPQ                 [GPU·CPU·IO]     0.8 s   (GPU 0.1 · IO 0.1 · CPU 0.5)
        transfer             [IO]              0.1 s
        exec-hostprep        [CPU]             0.3 s
        complete (MPI)       [IO]              0.1 s
        (other)              [CPU]             0.1 s
      [kern] executor reductions (all phases): res-zero 0.0 · gather 0.1 · reduce 0.1 · accumulate 0.0 s
      compS-form-gpu (MPI)   [GPU·CPU·IO]     0.9 s   (GPU 0.1 · IO 0.1 · CPU 0.7)
        recipe (host,replic) [CPU]             0.1 s
        form (gpu+D2H)       [GPU·IO]         0.4 s
        reduce (NCCL/host)   [IO]              0.1 s
        unpack (D2H)         [CPU·IO]         0.3 s
    matvec                   [GPU·CPU·IO]     4.2 s   (GPU 2.7 · IO 0.0 · CPU 1.5)
      gemm                   [GPU]             2.3 s   (26.84 TFLOPS total · 6.71/GPU)
      kern                   [GPU]             0.4 s
      host                   [CPU]             1.5 s
        planEnum             [CPU]             0.5 s
        ctorAlloc(upload)    [CPU·IO]         0.2 s
        ctorGroup            [CPU]             0.3 s
        (other)              [CPU]             0.6 s
    decimate                 [CPU]             1.7 s
      rho (dist)             [CPU]             0.1 s
      eigh (dist)            [CPU]             0.6 s
      share (MPI wait)       [CPU·IO]         1.0 s
    grow                     [GPU·CPU·IO]     1.6 s   (GPU 0.2 · IO 0.2 · CPU 1.2) · 23.21 TFLOPS total · 5.80/GPU
      gpu_proj (project)     [GPU·CPU·IO]     1.0 s
        fap_exec             [GPU·IO]         0.7 s
      reduceSH (MPI)         [CPU·IO]         0.1 s
        sync (hash+wait)     [CPU·IO]         0.1 s
      (other)                [CPU]             0.5 s
    predict                  [CPU]             0.2 s
    ooc                      [IO]              0.0 s

################## Sweep 12/30 (backward) summary ##################
  Energy       -2987.4195333855 Ha
  dE vs prev sweep  -9.042e-06 Ha
  Discarded weight  5.318e-05  (max over this sweep's decimations)
  Rank 0: Host RAM sweep-peak 2249 MB · VmHWM 2302 MB   VRAM op-pool peak 499 MB · total peak 15542 MB
  Rank 1: Host RAM sweep-peak 2287 MB · VmHWM 2292 MB   VRAM op-pool peak 505 MB · total peak 15522 MB
  Rank 2: Host RAM sweep-peak 2245 MB · VmHWM 2273 MB   VRAM op-pool peak 490 MB · total peak 15478 MB
  Rank 3: Host RAM sweep-peak 2242 MB · VmHWM 2301 MB   VRAM op-pool peak 498 MB · total peak 15656 MB
  Block stores (peak bond, per rank): distributed A/B share 242 MB (~K²M²/np) · owner cre/des 17 · S 8 MB (~KM²/np) · replicated floor 3 MB [stubs 0 (~KM) · H 3 (~M²)]
  OOC scratch  14959 MB on disk  (sum over all ranks)
  Timings (wall 10.9 s)
    build                    [CPU]             1.8 s
      formPQ                 [GPU·CPU·IO]     0.7 s   (GPU 0.1 · IO 0.1 · CPU 0.5)
        transfer             [IO]              0.1 s
        exec-hostprep        [CPU]             0.3 s
        complete (MPI)       [IO]              0.1 s
        (other)              [CPU]             0.1 s
      [kern] executor reductions (all phases): res-zero 0.0 · gather 0.1 · reduce 0.1 · accumulate 0.0 s
      compS-form-gpu (MPI)   [GPU·CPU·IO]     0.9 s   (GPU 0.1 · IO 0.1 · CPU 0.7)
        recipe (host,replic) [CPU]             0.1 s
        form (gpu+D2H)       [GPU·IO]         0.4 s
        reduce (NCCL/host)   [IO]              0.1 s
        unpack (D2H)         [CPU·IO]         0.3 s
    matvec                   [GPU·CPU·IO]     4.2 s   (GPU 2.7 · IO 0.0 · CPU 1.6)
      gemm                   [GPU]             2.3 s   (27.40 TFLOPS total · 6.85/GPU)
      kern                   [GPU]             0.4 s
      host                   [CPU]             1.6 s
        planEnum             [CPU]             0.5 s
        ctorAlloc(upload)    [CPU·IO]         0.2 s
        ctorGroup            [CPU]             0.3 s
        (other)              [CPU]             0.6 s
    decimate                 [CPU]             1.7 s
      rho (dist)             [CPU]             0.1 s
      eigh (dist)            [CPU]             0.6 s
      share (MPI wait)       [CPU·IO]         1.0 s
    grow                     [GPU·CPU·IO]     1.6 s   (GPU 0.2 · IO 0.2 · CPU 1.2) · 22.72 TFLOPS total · 5.68/GPU
      gpu_proj (project)     [GPU·CPU·IO]     1.0 s
        fap_exec             [GPU·IO]         0.7 s
      reduceSH (MPI)         [CPU·IO]         0.2 s
        sync (hash+wait)     [CPU·IO]         0.1 s
      (other)                [CPU]             0.4 s
    predict                  [CPU]             0.2 s
    ooc                      [IO]              0.0 s

################## Sweep 13/30 (forward) summary ##################
  Energy       -2987.4195400418 Ha
  dE vs prev sweep  -6.656e-06 Ha
  Discarded weight  5.339e-05  (max over this sweep's decimations)
  Rank 0: Host RAM sweep-peak 2285 MB · VmHWM 2302 MB   VRAM op-pool peak 499 MB · total peak 15542 MB
  Rank 1: Host RAM sweep-peak 2261 MB · VmHWM 2292 MB   VRAM op-pool peak 505 MB · total peak 15522 MB
  Rank 2: Host RAM sweep-peak 2236 MB · VmHWM 2273 MB   VRAM op-pool peak 490 MB · total peak 15478 MB
  Rank 3: Host RAM sweep-peak 2232 MB · VmHWM 2301 MB   VRAM op-pool peak 498 MB · total peak 15656 MB
  Block stores (peak bond, per rank): distributed A/B share 242 MB (~K²M²/np) · owner cre/des 17 · S 8 MB (~KM²/np) · replicated floor 3 MB [stubs 0 (~KM) · H 3 (~M²)]
  OOC scratch  14921 MB on disk  (sum over all ranks)
  Timings (wall 11.3 s)
    build                    [CPU]             1.9 s
      formPQ                 [GPU·CPU·IO]     0.7 s   (GPU 0.1 · IO 0.1 · CPU 0.5)
        transfer             [IO]              0.1 s
        exec-hostprep        [CPU]             0.3 s
        complete (MPI)       [IO]              0.1 s
        (other)              [CPU]             0.1 s
      [kern] executor reductions (all phases): res-zero 0.0 · gather 0.1 · reduce 0.1 · accumulate 0.0 s
      compS-form-gpu (MPI)   [GPU·CPU·IO]     0.9 s   (GPU 0.1 · IO 0.1 · CPU 0.7)
        recipe (host,replic) [CPU]             0.1 s
        form (gpu+D2H)       [GPU·IO]         0.4 s
        reduce (NCCL/host)   [IO]              0.1 s
        unpack (D2H)         [CPU·IO]         0.3 s
    matvec                   [GPU·CPU·IO]     4.2 s   (GPU 2.6 · IO 0.0 · CPU 1.5)
      gemm                   [GPU]             2.3 s   (26.93 TFLOPS total · 6.73/GPU)
      kern                   [GPU]             0.4 s
      host                   [CPU]             1.5 s
        planEnum             [CPU]             0.5 s
        ctorAlloc(upload)    [CPU·IO]         0.2 s
        ctorGroup            [CPU]             0.3 s
        (other)              [CPU]             0.6 s
    decimate                 [CPU]             1.7 s
      rho (dist)             [CPU]             0.1 s
      eigh (dist)            [CPU]             0.6 s
      share (MPI wait)       [CPU·IO]         1.0 s
    grow                     [GPU·CPU·IO]     1.6 s   (GPU 0.2 · IO 0.2 · CPU 1.2) · 23.60 TFLOPS total · 5.90/GPU
      gpu_proj (project)     [GPU·CPU·IO]     1.0 s
        fap_exec             [GPU·IO]         0.7 s
      reduceSH (MPI)         [CPU·IO]         0.1 s
        sync (hash+wait)     [CPU·IO]         0.1 s
      (other)                [CPU]             0.5 s
    predict                  [CPU]             0.2 s
    ooc                      [IO]              0.0 s

################## Sweep 14/30 (backward) summary ##################
  Energy       -2987.4195462479 Ha
  dE vs prev sweep  -6.206e-06 Ha
  Discarded weight  5.356e-05  (max over this sweep's decimations)
  Rank 0: Host RAM sweep-peak 2229 MB · VmHWM 2302 MB   VRAM op-pool peak 499 MB · total peak 15542 MB
  Rank 1: Host RAM sweep-peak 2275 MB · VmHWM 2292 MB   VRAM op-pool peak 505 MB · total peak 15522 MB
  Rank 2: Host RAM sweep-peak 2226 MB · VmHWM 2273 MB   VRAM op-pool peak 490 MB · total peak 15478 MB
  Rank 3: Host RAM sweep-peak 2247 MB · VmHWM 2301 MB   VRAM op-pool peak 498 MB · total peak 15656 MB
  Block stores (peak bond, per rank): distributed A/B share 243 MB (~K²M²/np) · owner cre/des 17 · S 8 MB (~KM²/np) · replicated floor 3 MB [stubs 0 (~KM) · H 3 (~M²)]
  OOC scratch  14911 MB on disk  (sum over all ranks)
  Timings (wall 10.9 s)
    build                    [CPU]             1.8 s
      formPQ                 [GPU·CPU·IO]     0.7 s   (GPU 0.1 · IO 0.1 · CPU 0.5)
        transfer             [IO]              0.1 s
        exec-hostprep        [CPU]             0.3 s
        complete (MPI)       [IO]              0.1 s
        (other)              [CPU]             0.1 s
      [kern] executor reductions (all phases): res-zero 0.0 · gather 0.1 · reduce 0.1 · accumulate 0.0 s
      compS-form-gpu (MPI)   [GPU·CPU·IO]     0.9 s   (GPU 0.1 · IO 0.1 · CPU 0.7)
        recipe (host,replic) [CPU]             0.1 s
        form (gpu+D2H)       [GPU·IO]         0.4 s
        reduce (NCCL/host)   [IO]              0.1 s
        unpack (D2H)         [CPU·IO]         0.3 s
    matvec                   [GPU·CPU·IO]     4.1 s   (GPU 2.6 · IO 0.0 · CPU 1.5)
      gemm                   [GPU]             2.2 s   (27.75 TFLOPS total · 6.94/GPU)
      kern                   [GPU]             0.4 s
      host                   [CPU]             1.5 s
        planEnum             [CPU]             0.5 s
        ctorAlloc(upload)    [CPU·IO]         0.2 s
        ctorGroup            [CPU]             0.3 s
        (other)              [CPU]             0.6 s
    decimate                 [CPU]             1.7 s
      rho (dist)             [CPU]             0.1 s
      eigh (dist)            [CPU]             0.6 s
      share (MPI wait)       [CPU·IO]         1.0 s
    grow                     [GPU·CPU·IO]     1.7 s   (GPU 0.2 · IO 0.2 · CPU 1.3) · 22.85 TFLOPS total · 5.71/GPU
      gpu_proj (project)     [GPU·CPU·IO]     1.1 s
        fap_exec             [GPU·IO]         0.7 s
      reduceSH (MPI)         [CPU·IO]         0.2 s
        sync (hash+wait)     [CPU·IO]         0.2 s
      (other)                [CPU]             0.4 s
    predict                  [CPU]             0.2 s
    ooc                      [IO]              0.0 s

################## Sweep 15/30 (forward) summary ##################
  Energy       -2987.4195480213 Ha
  dE vs prev sweep  -1.773e-06 Ha
  Discarded weight  5.359e-05  (max over this sweep's decimations)
  Rank 0: Host RAM sweep-peak 2230 MB · VmHWM 2302 MB   VRAM op-pool peak 499 MB · total peak 15542 MB
  Rank 1: Host RAM sweep-peak 2232 MB · VmHWM 2292 MB   VRAM op-pool peak 505 MB · total peak 15522 MB
  Rank 2: Host RAM sweep-peak 2244 MB · VmHWM 2273 MB   VRAM op-pool peak 490 MB · total peak 15478 MB
  Rank 3: Host RAM sweep-peak 2279 MB · VmHWM 2301 MB   VRAM op-pool peak 498 MB · total peak 15656 MB
  Block stores (peak bond, per rank): distributed A/B share 240 MB (~K²M²/np) · owner cre/des 17 · S 8 MB (~KM²/np) · replicated floor 3 MB [stubs 0 (~KM) · H 3 (~M²)]
  OOC scratch  14901 MB on disk  (sum over all ranks)
  Timings (wall 11.0 s)
    build                    [CPU]             1.8 s
      formPQ                 [GPU·CPU·IO]     0.7 s   (GPU 0.1 · IO 0.1 · CPU 0.5)
        transfer             [IO]              0.1 s
        exec-hostprep        [CPU]             0.3 s
        complete (MPI)       [IO]              0.1 s
        (other)              [CPU]             0.1 s
      [kern] executor reductions (all phases): res-zero 0.0 · gather 0.1 · reduce 0.1 · accumulate 0.0 s
      compS-form-gpu (MPI)   [GPU·CPU·IO]     0.9 s   (GPU 0.1 · IO 0.1 · CPU 0.7)
        recipe (host,replic) [CPU]             0.1 s
        form (gpu+D2H)       [GPU·IO]         0.4 s
        reduce (NCCL/host)   [IO]              0.1 s
        unpack (D2H)         [CPU·IO]         0.3 s
    matvec                   [GPU·CPU·IO]     4.1 s   (GPU 2.6 · IO 0.0 · CPU 1.6)
      gemm                   [GPU]             2.2 s   (27.33 TFLOPS total · 6.83/GPU)
      kern                   [GPU]             0.4 s
      host                   [CPU]             1.6 s
        planEnum             [CPU]             0.5 s
        ctorAlloc(upload)    [CPU·IO]         0.2 s
        ctorGroup            [CPU]             0.3 s
        (other)              [CPU]             0.6 s
    decimate                 [CPU]             1.8 s
      rho (dist)             [CPU]             0.1 s
      eigh (dist)            [CPU]             0.6 s
      share (MPI wait)       [CPU·IO]         1.1 s
    grow                     [GPU·CPU·IO]     1.6 s   (GPU 0.2 · IO 0.2 · CPU 1.2) · 23.32 TFLOPS total · 5.83/GPU
      gpu_proj (project)     [GPU·CPU·IO]     1.0 s
        fap_exec             [GPU·IO]         0.7 s
      reduceSH (MPI)         [CPU·IO]         0.1 s
        sync (hash+wait)     [CPU·IO]         0.1 s
      (other)                [CPU]             0.5 s
    predict                  [CPU]             0.2 s
    ooc                      [IO]              0.0 s

################## Sweep 16/30 (backward) summary ##################
  Energy       -2987.4195503129 Ha
  dE vs prev sweep  -2.292e-06 Ha
  Discarded weight  5.373e-05  (max over this sweep's decimations)
  Rank 0: Host RAM sweep-peak 2268 MB · VmHWM 2302 MB   VRAM op-pool peak 499 MB · total peak 15542 MB
  Rank 1: Host RAM sweep-peak 2275 MB · VmHWM 2292 MB   VRAM op-pool peak 505 MB · total peak 15522 MB
  Rank 2: Host RAM sweep-peak 2266 MB · VmHWM 2273 MB   VRAM op-pool peak 490 MB · total peak 15478 MB
  Rank 3: Host RAM sweep-peak 2300 MB · VmHWM 2305 MB   VRAM op-pool peak 498 MB · total peak 15656 MB
  Block stores (peak bond, per rank): distributed A/B share 241 MB (~K²M²/np) · owner cre/des 17 · S 8 MB (~KM²/np) · replicated floor 3 MB [stubs 0 (~KM) · H 3 (~M²)]
  OOC scratch  14918 MB on disk  (sum over all ranks)
  Timings (wall 10.8 s)
    build                    [CPU]             1.8 s
      formPQ                 [GPU·CPU·IO]     0.7 s   (GPU 0.1 · IO 0.1 · CPU 0.5)
        transfer             [IO]              0.1 s
        exec-hostprep        [CPU]             0.3 s
        complete (MPI)       [IO]              0.1 s
        (other)              [CPU]             0.1 s
      [kern] executor reductions (all phases): res-zero 0.0 · gather 0.1 · reduce 0.1 · accumulate 0.0 s
      compS-form-gpu (MPI)   [GPU·CPU·IO]     0.9 s   (GPU 0.1 · IO 0.1 · CPU 0.7)
        recipe (host,replic) [CPU]             0.1 s
        form (gpu+D2H)       [GPU·IO]         0.4 s
        reduce (NCCL/host)   [IO]              0.1 s
        unpack (D2H)         [CPU·IO]         0.3 s
    matvec                   [GPU·CPU·IO]     4.1 s   (GPU 2.6 · IO 0.0 · CPU 1.5)
      gemm                   [GPU]             2.2 s   (27.73 TFLOPS total · 6.93/GPU)
      kern                   [GPU]             0.4 s
      host                   [CPU]             1.5 s
        planEnum             [CPU]             0.5 s
        ctorAlloc(upload)    [CPU·IO]         0.2 s
        ctorGroup            [CPU]             0.3 s
        (other)              [CPU]             0.6 s
    decimate                 [CPU]             1.8 s
      rho (dist)             [CPU]             0.1 s
      eigh (dist)            [CPU]             0.6 s
      share (MPI wait)       [CPU·IO]         1.1 s
    grow                     [GPU·CPU·IO]     1.5 s   (GPU 0.2 · IO 0.2 · CPU 1.1) · 22.76 TFLOPS total · 5.69/GPU
      gpu_proj (project)     [GPU·CPU·IO]     0.9 s
        fap_exec             [GPU·IO]         0.6 s
      reduceSH (MPI)         [CPU·IO]         0.1 s
        sync (hash+wait)     [CPU·IO]         0.1 s
      (other)                [CPU]             0.4 s
    predict                  [CPU]             0.2 s
    ooc                      [IO]              0.0 s

################## Sweep 17/30 (forward) summary ##################
  Energy       -2987.4195509001 Ha
  dE vs prev sweep  -5.872e-07 Ha
  Discarded weight  5.376e-05  (max over this sweep's decimations)
  Rank 0: Host RAM sweep-peak 2283 MB · VmHWM 2302 MB   VRAM op-pool peak 499 MB · total peak 15542 MB
  Rank 1: Host RAM sweep-peak 2235 MB · VmHWM 2292 MB   VRAM op-pool peak 505 MB · total peak 15522 MB
  Rank 2: Host RAM sweep-peak 2255 MB · VmHWM 2273 MB   VRAM op-pool peak 490 MB · total peak 15478 MB
  Rank 3: Host RAM sweep-peak 2245 MB · VmHWM 2305 MB   VRAM op-pool peak 498 MB · total peak 15656 MB
  Block stores (peak bond, per rank): distributed A/B share 241 MB (~K²M²/np) · owner cre/des 17 · S 8 MB (~KM²/np) · replicated floor 3 MB [stubs 0 (~KM) · H 3 (~M²)]
  OOC scratch  14976 MB on disk  (sum over all ranks)
  Timings (wall 10.9 s)
    build                    [CPU]             1.8 s
      formPQ                 [GPU·CPU·IO]     0.7 s   (GPU 0.1 · IO 0.1 · CPU 0.5)
        transfer             [IO]              0.1 s
        exec-hostprep        [CPU]             0.4 s
        complete (MPI)       [IO]              0.1 s
        (other)              [CPU]             0.1 s
      [kern] executor reductions (all phases): res-zero 0.0 · gather 0.1 · reduce 0.1 · accumulate 0.0 s
      compS-form-gpu (MPI)   [GPU·CPU·IO]     0.9 s   (GPU 0.1 · IO 0.1 · CPU 0.7)
        recipe (host,replic) [CPU]             0.1 s
        form (gpu+D2H)       [GPU·IO]         0.4 s
        reduce (NCCL/host)   [IO]              0.1 s
        unpack (D2H)         [CPU·IO]         0.3 s
    matvec                   [GPU·CPU·IO]     4.1 s   (GPU 2.6 · IO 0.0 · CPU 1.5)
      gemm                   [GPU]             2.2 s   (27.09 TFLOPS total · 6.77/GPU)
      kern                   [GPU]             0.4 s
      host                   [CPU]             1.5 s
        planEnum             [CPU]             0.5 s
        ctorAlloc(upload)    [CPU·IO]         0.2 s
        ctorGroup            [CPU]             0.3 s
        (other)              [CPU]             0.6 s
    decimate                 [CPU]             1.9 s
      rho (dist)             [CPU]             0.1 s
      eigh (dist)            [CPU]             0.7 s
      share (MPI wait)       [CPU·IO]         1.1 s
    grow                     [GPU·CPU·IO]     1.5 s   (GPU 0.2 · IO 0.2 · CPU 1.0) · 23.79 TFLOPS total · 5.95/GPU
      gpu_proj (project)     [GPU·CPU·IO]     0.9 s
        fap_exec             [GPU·IO]         0.6 s
      reduceSH (MPI)         [CPU·IO]         0.1 s
      (other)                [CPU]             0.4 s
    predict                  [CPU]             0.2 s
    ooc                      [IO]              0.0 s

################## Sweep 18/30 (backward) summary ##################
  Energy       -2987.4195513672 Ha
  dE vs prev sweep  -4.671e-07 Ha
  Discarded weight  5.377e-05  (max over this sweep's decimations)
  Rank 0: Host RAM sweep-peak 2242 MB · VmHWM 2302 MB   VRAM op-pool peak 499 MB · total peak 15542 MB
  Rank 1: Host RAM sweep-peak 2271 MB · VmHWM 2292 MB   VRAM op-pool peak 505 MB · total peak 15522 MB
  Rank 2: Host RAM sweep-peak 2230 MB · VmHWM 2273 MB   VRAM op-pool peak 490 MB · total peak 15478 MB
  Rank 3: Host RAM sweep-peak 2274 MB · VmHWM 2305 MB   VRAM op-pool peak 498 MB · total peak 15656 MB
  Block stores (peak bond, per rank): distributed A/B share 242 MB (~K²M²/np) · owner cre/des 17 · S 8 MB (~KM²/np) · replicated floor 3 MB [stubs 0 (~KM) · H 3 (~M²)]
  OOC scratch  14956 MB on disk  (sum over all ranks)
  Timings (wall 10.7 s)
    build                    [CPU]             1.8 s
      formPQ                 [GPU·CPU·IO]     0.7 s   (GPU 0.1 · IO 0.1 · CPU 0.5)
        transfer             [IO]              0.1 s
        exec-hostprep        [CPU]             0.3 s
        complete (MPI)       [IO]              0.1 s
        (other)              [CPU]             0.1 s
      [kern] executor reductions (all phases): res-zero 0.0 · gather 0.1 · reduce 0.1 · accumulate 0.0 s
      compS-form-gpu (MPI)   [GPU·CPU·IO]     0.9 s   (GPU 0.1 · IO 0.1 · CPU 0.7)
        recipe (host,replic) [CPU]             0.1 s
        form (gpu+D2H)       [GPU·IO]         0.4 s
        reduce (NCCL/host)   [IO]              0.1 s
        unpack (D2H)         [CPU·IO]         0.3 s
    matvec                   [GPU·CPU·IO]     4.1 s   (GPU 2.6 · IO 0.0 · CPU 1.5)
      gemm                   [GPU]             2.2 s   (27.63 TFLOPS total · 6.91/GPU)
      kern                   [GPU]             0.4 s
      host                   [CPU]             1.5 s
        planEnum             [CPU]             0.5 s
        ctorAlloc(upload)    [CPU·IO]         0.2 s
        ctorGroup            [CPU]             0.3 s
        (other)              [CPU]             0.6 s
    decimate                 [CPU]             1.7 s
      rho (dist)             [CPU]             0.1 s
      eigh (dist)            [CPU]             0.6 s
      share (MPI wait)       [CPU·IO]         1.0 s
    grow                     [GPU·CPU·IO]     1.5 s   (GPU 0.2 · IO 0.2 · CPU 1.1) · 22.68 TFLOPS total · 5.67/GPU
      gpu_proj (project)     [GPU·CPU·IO]     1.0 s
        fap_exec             [GPU·IO]         0.6 s
      reduceSH (MPI)         [CPU·IO]         0.1 s
        sync (hash+wait)     [CPU·IO]         0.1 s
      (other)                [CPU]             0.4 s
    predict                  [CPU]             0.2 s
    ooc                      [IO]              0.0 s

################## Sweep 19/30 (forward) summary ##################
  Energy       -2987.4195517021 Ha
  dE vs prev sweep  -3.349e-07 Ha
  Discarded weight  5.378e-05  (max over this sweep's decimations)
  Rank 0: Host RAM sweep-peak 2282 MB · VmHWM 2302 MB   VRAM op-pool peak 499 MB · total peak 15542 MB
  Rank 1: Host RAM sweep-peak 2264 MB · VmHWM 2292 MB   VRAM op-pool peak 505 MB · total peak 15522 MB
  Rank 2: Host RAM sweep-peak 2276 MB · VmHWM 2281 MB   VRAM op-pool peak 490 MB · total peak 15478 MB
  Rank 3: Host RAM sweep-peak 2282 MB · VmHWM 2305 MB   VRAM op-pool peak 498 MB · total peak 15656 MB
  Block stores (peak bond, per rank): distributed A/B share 240 MB (~K²M²/np) · owner cre/des 17 · S 8 MB (~KM²/np) · replicated floor 3 MB [stubs 0 (~KM) · H 3 (~M²)]
  OOC scratch  14916 MB on disk  (sum over all ranks)
  Timings (wall 10.9 s)
    build                    [CPU]             1.8 s
      formPQ                 [GPU·CPU·IO]     0.7 s   (GPU 0.1 · IO 0.1 · CPU 0.5)
        transfer             [IO]              0.1 s
        exec-hostprep        [CPU]             0.3 s
        (other)              [CPU]             0.1 s
      [kern] executor reductions (all phases): res-zero 0.0 · gather 0.1 · reduce 0.1 · accumulate 0.0 s
      compS-form-gpu (MPI)   [GPU·CPU·IO]     0.9 s   (GPU 0.1 · IO 0.1 · CPU 0.7)
        recipe (host,replic) [CPU]             0.1 s
        form (gpu+D2H)       [GPU·IO]         0.5 s
        reduce (NCCL/host)   [IO]              0.1 s
        unpack (D2H)         [CPU·IO]         0.3 s
    matvec                   [GPU·CPU·IO]     4.1 s   (GPU 2.6 · IO 0.0 · CPU 1.5)
      gemm                   [GPU]             2.2 s   (27.12 TFLOPS total · 6.78/GPU)
      kern                   [GPU]             0.4 s
      host                   [CPU]             1.5 s
        planEnum             [CPU]             0.5 s
        ctorAlloc(upload)    [CPU·IO]         0.2 s
        ctorGroup            [CPU]             0.3 s
        (other)              [CPU]             0.6 s
    decimate                 [CPU]             1.9 s
      rho (dist)             [CPU]             0.1 s
      eigh (dist)            [CPU]             0.6 s
      share (MPI wait)       [CPU·IO]         1.2 s
    grow                     [GPU·CPU·IO]     1.5 s   (GPU 0.2 · IO 0.2 · CPU 1.0) · 23.72 TFLOPS total · 5.93/GPU
      gpu_proj (project)     [GPU·CPU·IO]     0.9 s
        fap_exec             [GPU·IO]         0.6 s
      reduceSH (MPI)         [CPU·IO]         0.1 s
      (other)                [CPU]             0.5 s
    predict                  [CPU]             0.2 s
    ooc                      [IO]              0.0 s

################## Sweep 20/30 (backward) summary ##################
  Energy       -2987.4195525637 Ha
  dE vs prev sweep  -8.617e-07 Ha
  Discarded weight  5.395e-05  (max over this sweep's decimations)
  Rank 0: Host RAM sweep-peak 2261 MB · VmHWM 2302 MB   VRAM op-pool peak 499 MB · total peak 15542 MB
  Rank 1: Host RAM sweep-peak 2265 MB · VmHWM 2292 MB   VRAM op-pool peak 505 MB · total peak 15522 MB
  Rank 2: Host RAM sweep-peak 2253 MB · VmHWM 2281 MB   VRAM op-pool peak 490 MB · total peak 15478 MB
  Rank 3: Host RAM sweep-peak 2270 MB · VmHWM 2305 MB   VRAM op-pool peak 498 MB · total peak 15656 MB
  Block stores (peak bond, per rank): distributed A/B share 243 MB (~K²M²/np) · owner cre/des 17 · S 8 MB (~KM²/np) · replicated floor 3 MB [stubs 0 (~KM) · H 3 (~M²)]
  OOC scratch  14952 MB on disk  (sum over all ranks)
  Timings (wall 10.8 s)
    build                    [CPU]             1.8 s
      formPQ                 [GPU·CPU·IO]     0.7 s   (GPU 0.1 · IO 0.1 · CPU 0.5)
        transfer             [IO]              0.1 s
        exec-hostprep        [CPU]             0.3 s
        complete (MPI)       [IO]              0.1 s
        (other)              [CPU]             0.1 s
      [kern] executor reductions (all phases): res-zero 0.0 · gather 0.1 · reduce 0.1 · accumulate 0.0 s
      compPQ-form            [CPU]             0.1 s
      compS-form-gpu (MPI)   [GPU·CPU·IO]     0.9 s   (GPU 0.1 · IO 0.1 · CPU 0.7)
        recipe (host,replic) [CPU]             0.1 s
        form (gpu+D2H)       [GPU·IO]         0.5 s
        reduce (NCCL/host)   [IO]              0.1 s
        unpack (D2H)         [CPU·IO]         0.3 s
    matvec                   [GPU·CPU·IO]     4.1 s   (GPU 2.6 · IO 0.0 · CPU 1.5)
      gemm                   [GPU]             2.2 s   (27.62 TFLOPS total · 6.91/GPU)
      kern                   [GPU]             0.4 s
      host                   [CPU]             1.5 s
        planEnum             [CPU]             0.5 s
        ctorAlloc(upload)    [CPU·IO]         0.2 s
        ctorGroup            [CPU]             0.3 s
        (other)              [CPU]             0.6 s
    decimate                 [CPU]             1.8 s
      rho (dist)             [CPU]             0.1 s
      eigh (dist)            [CPU]             0.6 s
      share (MPI wait)       [CPU·IO]         1.1 s
    grow                     [GPU·CPU·IO]     1.5 s   (GPU 0.2 · IO 0.2 · CPU 1.1) · 22.48 TFLOPS total · 5.62/GPU
      gpu_proj (project)     [GPU·CPU·IO]     0.9 s
        fap_exec             [GPU·IO]         0.6 s
      reduceSH (MPI)         [CPU·IO]         0.2 s
        sync (hash+wait)     [CPU·IO]         0.1 s
      (other)                [CPU]             0.4 s
    predict                  [CPU]             0.2 s
    ooc                      [IO]              0.0 s

################## Sweep 21/30 (forward) summary ##################
  Energy       -2987.4195536464 Ha
  dE vs prev sweep  -1.083e-06 Ha
  Discarded weight  5.404e-05  (max over this sweep's decimations)
  Rank 0: Host RAM sweep-peak 2284 MB · VmHWM 2302 MB   VRAM op-pool peak 499 MB · total peak 15542 MB
  Rank 1: Host RAM sweep-peak 2275 MB · VmHWM 2292 MB   VRAM op-pool peak 505 MB · total peak 15522 MB
  Rank 2: Host RAM sweep-peak 2273 MB · VmHWM 2281 MB   VRAM op-pool peak 490 MB · total peak 15478 MB
  Rank 3: Host RAM sweep-peak 2293 MB · VmHWM 2305 MB   VRAM op-pool peak 498 MB · total peak 15656 MB
  Block stores (peak bond, per rank): distributed A/B share 240 MB (~K²M²/np) · owner cre/des 17 · S 8 MB (~KM²/np) · replicated floor 3 MB [stubs 0 (~KM) · H 3 (~M²)]
  OOC scratch  14878 MB on disk  (sum over all ranks)
  Timings (wall 10.9 s)
    build                    [CPU]             1.9 s
      formPQ                 [GPU·CPU·IO]     0.8 s   (GPU 0.1 · IO 0.1 · CPU 0.6)
        transfer             [IO]              0.1 s
        exec-hostprep        [CPU]             0.3 s
        complete (MPI)       [IO]              0.1 s
        (other)              [CPU]             0.1 s
      [kern] executor reductions (all phases): res-zero 0.0 · gather 0.1 · reduce 0.1 · accumulate 0.0 s
      compS-form-gpu (MPI)   [GPU·CPU·IO]     0.9 s   (GPU 0.1 · IO 0.1 · CPU 0.7)
        recipe (host,replic) [CPU]             0.1 s
        form (gpu+D2H)       [GPU·IO]         0.4 s
        reduce (NCCL/host)   [IO]              0.1 s
        unpack (D2H)         [CPU·IO]         0.3 s
    matvec                   [GPU·CPU·IO]     4.2 s   (GPU 2.7 · IO 0.0 · CPU 1.5)
      gemm                   [GPU]             2.3 s   (26.83 TFLOPS total · 6.71/GPU)
      kern                   [GPU]             0.4 s
      host                   [CPU]             1.5 s
        planEnum             [CPU]             0.5 s
        ctorAlloc(upload)    [CPU·IO]         0.2 s
        ctorGroup            [CPU]             0.3 s
        (other)              [CPU]             0.6 s
    decimate                 [CPU]             1.7 s
      rho (dist)             [CPU]             0.1 s
      eigh (dist)            [CPU]             0.6 s
      share (MPI wait)       [CPU·IO]         1.0 s
    grow                     [GPU·CPU·IO]     1.6 s   (GPU 0.2 · IO 0.2 · CPU 1.2) · 23.66 TFLOPS total · 5.92/GPU
      gpu_proj (project)     [GPU·CPU·IO]     1.0 s
        fap_exec             [GPU·IO]         0.7 s
      reduceSH (MPI)         [CPU·IO]         0.1 s
        sync (hash+wait)     [CPU·IO]         0.1 s
      (other)                [CPU]             0.5 s
    predict                  [CPU]             0.2 s
    ooc                      [IO]              0.0 s

################## Sweep 22/30 (backward) summary ##################
  Energy       -2987.4195599103 Ha
  dE vs prev sweep  -6.264e-06 Ha
  Discarded weight  5.415e-05  (max over this sweep's decimations)
  Rank 0: Host RAM sweep-peak 2263 MB · VmHWM 2302 MB   VRAM op-pool peak 499 MB · total peak 15542 MB
  Rank 1: Host RAM sweep-peak 2261 MB · VmHWM 2292 MB   VRAM op-pool peak 505 MB · total peak 15522 MB
  Rank 2: Host RAM sweep-peak 2216 MB · VmHWM 2281 MB   VRAM op-pool peak 490 MB · total peak 15478 MB
  Rank 3: Host RAM sweep-peak 2293 MB · VmHWM 2305 MB   VRAM op-pool peak 498 MB · total peak 15656 MB
  Block stores (peak bond, per rank): distributed A/B share 242 MB (~K²M²/np) · owner cre/des 17 · S 8 MB (~KM²/np) · replicated floor 3 MB [stubs 0 (~KM) · H 3 (~M²)]
  OOC scratch  14916 MB on disk  (sum over all ranks)
  Timings (wall 11.3 s)
    build                    [CPU]             1.8 s
      formPQ                 [GPU·CPU·IO]     0.7 s   (GPU 0.1 · IO 0.1 · CPU 0.5)
        transfer             [IO]              0.1 s
        exec-hostprep        [CPU]             0.3 s
        complete (MPI)       [IO]              0.1 s
        (other)              [CPU]             0.1 s
      [kern] executor reductions (all phases): res-zero 0.0 · gather 0.1 · reduce 0.1 · accumulate 0.0 s
      compPQ-form            [CPU]             0.1 s
      compS-form-gpu (MPI)   [GPU·CPU·IO]     0.9 s   (GPU 0.1 · IO 0.1 · CPU 0.7)
        recipe (host,replic) [CPU]             0.1 s
        form (gpu+D2H)       [GPU·IO]         0.4 s
        reduce (NCCL/host)   [IO]              0.1 s
        unpack (D2H)         [CPU·IO]         0.3 s
    matvec                   [GPU·CPU·IO]     4.2 s   (GPU 2.7 · IO 0.0 · CPU 1.5)
      gemm                   [GPU]             2.3 s   (27.37 TFLOPS total · 6.84/GPU)
      kern                   [GPU]             0.4 s
      host                   [CPU]             1.5 s
        planEnum             [CPU]             0.5 s
        ctorAlloc(upload)    [CPU·IO]         0.2 s
        ctorGroup            [CPU]             0.3 s
        (other)              [CPU]             0.6 s
    decimate                 [CPU]             1.8 s
      rho (dist)             [CPU]             0.1 s
      eigh (dist)            [CPU]             0.5 s
      share (MPI wait)       [CPU·IO]         1.2 s
    grow                     [GPU·CPU·IO]     1.6 s   (GPU 0.2 · IO 0.3 · CPU 1.1) · 22.32 TFLOPS total · 5.58/GPU
      gpu_proj (project)     [GPU·CPU·IO]     1.1 s
        fap_exec             [GPU·IO]         0.8 s
      reduceSH (MPI)         [CPU·IO]         0.1 s
        sync (hash+wait)     [CPU·IO]         0.1 s
      (other)                [CPU]             0.4 s
    predict                  [CPU]             0.2 s
    ooc                      [IO]              0.0 s

################## Sweep 23/30 (forward) summary ##################
  Energy       -2987.4195660766 Ha
  dE vs prev sweep  -6.166e-06 Ha
  Discarded weight  5.422e-05  (max over this sweep's decimations)
  Rank 0: Host RAM sweep-peak 2328 MB · VmHWM 2332 MB   VRAM op-pool peak 499 MB · total peak 15542 MB
  Rank 1: Host RAM sweep-peak 2266 MB · VmHWM 2292 MB   VRAM op-pool peak 505 MB · total peak 15522 MB
  Rank 2: Host RAM sweep-peak 2303 MB · VmHWM 2308 MB   VRAM op-pool peak 490 MB · total peak 15478 MB
  Rank 3: Host RAM sweep-peak 2274 MB · VmHWM 2305 MB   VRAM op-pool peak 498 MB · total peak 15656 MB
  Block stores (peak bond, per rank): distributed A/B share 239 MB (~K²M²/np) · owner cre/des 17 · S 8 MB (~KM²/np) · replicated floor 3 MB [stubs 0 (~KM) · H 3 (~M²)]
  OOC scratch  14941 MB on disk  (sum over all ranks)
  Timings (wall 10.8 s)
    build                    [CPU]             1.9 s
      formPQ                 [GPU·CPU·IO]     0.7 s   (GPU 0.1 · IO 0.1 · CPU 0.5)
        transfer             [IO]              0.1 s
        exec-hostprep        [CPU]             0.3 s
        complete (MPI)       [IO]              0.1 s
        (other)              [CPU]             0.1 s
      [kern] executor reductions (all phases): res-zero 0.0 · gather 0.1 · reduce 0.1 · accumulate 0.0 s
      compS-form-gpu (MPI)   [GPU·CPU·IO]     0.9 s   (GPU 0.1 · IO 0.1 · CPU 0.7)
        recipe (host,replic) [CPU]             0.1 s
        form (gpu+D2H)       [GPU·IO]         0.4 s
        reduce (NCCL/host)   [IO]              0.1 s
        unpack (D2H)         [CPU·IO]         0.3 s
    matvec                   [GPU·CPU·IO]     4.2 s   (GPU 2.6 · IO 0.0 · CPU 1.5)
      gemm                   [GPU]             2.3 s   (26.82 TFLOPS total · 6.71/GPU)
      kern                   [GPU]             0.4 s
      host                   [CPU]             1.5 s
        planEnum             [CPU]             0.5 s
        ctorAlloc(upload)    [CPU·IO]         0.2 s
        ctorGroup            [CPU]             0.3 s
        (other)              [CPU]             0.6 s
    decimate                 [CPU]             1.6 s
      rho (dist)             [CPU]             0.1 s
      eigh (dist)            [CPU]             0.5 s
      share (MPI wait)       [CPU·IO]         1.0 s
    grow                     [GPU·CPU·IO]     1.6 s   (GPU 0.2 · IO 0.2 · CPU 1.2) · 23.03 TFLOPS total · 5.76/GPU
      gpu_proj (project)     [GPU·CPU·IO]     1.0 s
        fap_exec             [GPU·IO]         0.7 s
      reduceSH (MPI)         [CPU·IO]         0.1 s
        sync (hash+wait)     [CPU·IO]         0.1 s
      (other)                [CPU]             0.5 s
    predict                  [CPU]             0.2 s
    ooc                      [IO]              0.0 s

################## Sweep 24/30 (backward) summary ##################
  Energy       -2987.4195689297 Ha
  dE vs prev sweep  -2.853e-06 Ha
  Discarded weight  5.439e-05  (max over this sweep's decimations)
  Rank 0: Host RAM sweep-peak 2287 MB · VmHWM 2332 MB   VRAM op-pool peak 499 MB · total peak 15542 MB
  Rank 1: Host RAM sweep-peak 2266 MB · VmHWM 2292 MB   VRAM op-pool peak 505 MB · total peak 15522 MB
  Rank 2: Host RAM sweep-peak 2283 MB · VmHWM 2308 MB   VRAM op-pool peak 490 MB · total peak 15478 MB
  Rank 3: Host RAM sweep-peak 2282 MB · VmHWM 2305 MB   VRAM op-pool peak 498 MB · total peak 15656 MB
  Block stores (peak bond, per rank): distributed A/B share 243 MB (~K²M²/np) · owner cre/des 17 · S 8 MB (~KM²/np) · replicated floor 3 MB [stubs 0 (~KM) · H 3 (~M²)]
  OOC scratch  14960 MB on disk  (sum over all ranks)
  Timings (wall 11.2 s)
    build                    [CPU]             1.8 s
      formPQ                 [GPU·CPU·IO]     0.7 s   (GPU 0.1 · IO 0.1 · CPU 0.5)
        transfer             [IO]              0.1 s
        exec-hostprep        [CPU]             0.3 s
        complete (MPI)       [IO]              0.1 s
        (other)              [CPU]             0.1 s
      [kern] executor reductions (all phases): res-zero 0.0 · gather 0.1 · reduce 0.1 · accumulate 0.0 s
      compS-form-gpu (MPI)   [GPU·CPU·IO]     0.9 s   (GPU 0.1 · IO 0.1 · CPU 0.7)
        recipe (host,replic) [CPU]             0.1 s
        form (gpu+D2H)       [GPU·IO]         0.4 s
        reduce (NCCL/host)   [IO]              0.1 s
        unpack (D2H)         [CPU·IO]         0.3 s
    matvec                   [GPU·CPU·IO]     4.2 s   (GPU 2.6 · IO 0.0 · CPU 1.6)
      gemm                   [GPU]             2.3 s   (27.41 TFLOPS total · 6.85/GPU)
      kern                   [GPU]             0.4 s
      host                   [CPU]             1.6 s
        planEnum             [CPU]             0.5 s
        ctorAlloc(upload)    [CPU·IO]         0.2 s
        ctorGroup            [CPU]             0.3 s
        (other)              [CPU]             0.6 s
    decimate                 [CPU]             1.7 s
      rho (dist)             [CPU]             0.1 s
      eigh (dist)            [CPU]             0.6 s
      share (MPI wait)       [CPU·IO]         1.0 s
    grow                     [GPU·CPU·IO]     2.0 s   (GPU 0.2 · IO 0.2 · CPU 1.6) · 23.17 TFLOPS total · 5.79/GPU
      gpu_proj (project)     [GPU·CPU·IO]     1.0 s
        fap_exec             [GPU·IO]         0.6 s
      reduceSH (MPI)         [CPU·IO]         0.1 s
      (other)                [CPU]             0.9 s
    predict                  [CPU]             0.2 s
    ooc                      [IO]              0.0 s

################## Sweep 25/30 (forward) summary ##################
  Energy       -2987.4195728181 Ha
  dE vs prev sweep  -3.888e-06 Ha
  Discarded weight  5.445e-05  (max over this sweep's decimations)
  Rank 0: Host RAM sweep-peak 2278 MB · VmHWM 2332 MB   VRAM op-pool peak 499 MB · total peak 15542 MB
  Rank 1: Host RAM sweep-peak 2235 MB · VmHWM 2292 MB   VRAM op-pool peak 505 MB · total peak 15522 MB
  Rank 2: Host RAM sweep-peak 2257 MB · VmHWM 2308 MB   VRAM op-pool peak 490 MB · total peak 15478 MB
  Rank 3: Host RAM sweep-peak 2262 MB · VmHWM 2305 MB   VRAM op-pool peak 498 MB · total peak 15656 MB
  Block stores (peak bond, per rank): distributed A/B share 244 MB (~K²M²/np) · owner cre/des 17 · S 8 MB (~KM²/np) · replicated floor 3 MB [stubs 0 (~KM) · H 3 (~M²)]
  OOC scratch  14936 MB on disk  (sum over all ranks)
  Timings (wall 10.9 s)
    build                    [CPU]             1.9 s
      formPQ                 [GPU·CPU·IO]     0.8 s   (GPU 0.1 · IO 0.1 · CPU 0.6)
        transfer             [IO]              0.1 s
        exec-hostprep        [CPU]             0.3 s
        complete (MPI)       [IO]              0.1 s
        (other)              [CPU]             0.1 s
      [kern] executor reductions (all phases): res-zero 0.0 · gather 0.1 · reduce 0.1 · accumulate 0.0 s
      compS-form-gpu (MPI)   [GPU·CPU·IO]     0.9 s   (GPU 0.1 · IO 0.1 · CPU 0.7)
        recipe (host,replic) [CPU]             0.1 s
        form (gpu+D2H)       [GPU·IO]         0.4 s
        reduce (NCCL/host)   [IO]              0.1 s
        unpack (D2H)         [CPU·IO]         0.3 s
    matvec                   [GPU·CPU·IO]     4.2 s   (GPU 2.7 · IO 0.0 · CPU 1.5)
      gemm                   [GPU]             2.3 s   (26.71 TFLOPS total · 6.68/GPU)
      kern                   [GPU]             0.4 s
      host                   [CPU]             1.5 s
        planEnum             [CPU]             0.5 s
        ctorAlloc(upload)    [CPU·IO]         0.2 s
        ctorGroup            [CPU]             0.3 s
        (other)              [CPU]             0.6 s
    decimate                 [CPU]             1.7 s
      rho (dist)             [CPU]             0.1 s
      eigh (dist)            [CPU]             0.5 s
      share (MPI wait)       [CPU·IO]         1.1 s
    grow                     [GPU·CPU·IO]     1.6 s   (GPU 0.2 · IO 0.2 · CPU 1.1) · 23.32 TFLOPS total · 5.83/GPU
      gpu_proj (project)     [GPU·CPU·IO]     1.0 s
        fap_exec             [GPU·IO]         0.7 s
      reduceSH (MPI)         [CPU·IO]         0.1 s
        sync (hash+wait)     [CPU·IO]         0.1 s
      (other)                [CPU]             0.4 s
    predict                  [CPU]             0.2 s
    ooc                      [IO]              0.0 s

################## Sweep 26/30 (backward) summary ##################
  Energy       -2987.4195800270 Ha
  dE vs prev sweep  -7.209e-06 Ha
  Discarded weight  5.454e-05  (max over this sweep's decimations)
  Rank 0: Host RAM sweep-peak 2273 MB · VmHWM 2332 MB   VRAM op-pool peak 499 MB · total peak 15542 MB
  Rank 1: Host RAM sweep-peak 2321 MB · VmHWM 2326 MB   VRAM op-pool peak 505 MB · total peak 15522 MB
  Rank 2: Host RAM sweep-peak 2272 MB · VmHWM 2308 MB   VRAM op-pool peak 490 MB · total peak 15478 MB
  Rank 3: Host RAM sweep-peak 2268 MB · VmHWM 2305 MB   VRAM op-pool peak 498 MB · total peak 15656 MB
  Block stores (peak bond, per rank): distributed A/B share 242 MB (~K²M²/np) · owner cre/des 17 · S 8 MB (~KM²/np) · replicated floor 3 MB [stubs 0 (~KM) · H 3 (~M²)]
  OOC scratch  14879 MB on disk  (sum over all ranks)
  Timings (wall 10.8 s)
    build                    [CPU]             1.8 s
      formPQ                 [GPU·CPU·IO]     0.7 s   (GPU 0.1 · IO 0.1 · CPU 0.5)
        transfer             [IO]              0.1 s
        exec-hostprep        [CPU]             0.3 s
        complete (MPI)       [IO]              0.1 s
        (other)              [CPU]             0.1 s
      [kern] executor reductions (all phases): res-zero 0.0 · gather 0.1 · reduce 0.1 · accumulate 0.0 s
      compPQ-form            [CPU]             0.1 s
      compS-form-gpu (MPI)   [GPU·CPU·IO]     0.9 s   (GPU 0.1 · IO 0.1 · CPU 0.7)
        recipe (host,replic) [CPU]             0.1 s
        form (gpu+D2H)       [GPU·IO]         0.5 s
        reduce (NCCL/host)   [IO]              0.1 s
        unpack (D2H)         [CPU·IO]         0.3 s
    matvec                   [GPU·CPU·IO]     4.2 s   (GPU 2.6 · IO 0.0 · CPU 1.5)
      gemm                   [GPU]             2.3 s   (26.97 TFLOPS total · 6.74/GPU)
      kern                   [GPU]             0.4 s
      host                   [CPU]             1.5 s
        planEnum             [CPU]             0.5 s
        ctorAlloc(upload)    [CPU·IO]         0.2 s
        ctorGroup            [CPU]             0.3 s
        (other)              [CPU]             0.6 s
    decimate                 [CPU]             1.8 s
      rho (dist)             [CPU]             0.1 s
      eigh (dist)            [CPU]             0.6 s
      share (MPI wait)       [CPU·IO]         1.1 s
    grow                     [GPU·CPU·IO]     1.5 s   (GPU 0.2 · IO 0.2 · CPU 1.1) · 22.51 TFLOPS total · 5.63/GPU
      gpu_proj (project)     [GPU·CPU·IO]     1.0 s
        fap_exec             [GPU·IO]         0.6 s
      reduceSH (MPI)         [CPU·IO]         0.1 s
        sync (hash+wait)     [CPU·IO]         0.1 s
      (other)                [CPU]             0.4 s
    predict                  [CPU]             0.2 s
    ooc                      [IO]              0.0 s

################## Sweep 27/30 (forward) summary ##################
  Energy       -2987.4195828396 Ha
  dE vs prev sweep  -2.813e-06 Ha
  Discarded weight  5.455e-05  (max over this sweep's decimations)
  Rank 0: Host RAM sweep-peak 2291 MB · VmHWM 2332 MB   VRAM op-pool peak 499 MB · total peak 15542 MB
  Rank 1: Host RAM sweep-peak 2257 MB · VmHWM 2326 MB   VRAM op-pool peak 505 MB · total peak 15522 MB
  Rank 2: Host RAM sweep-peak 2260 MB · VmHWM 2308 MB   VRAM op-pool peak 490 MB · total peak 15478 MB
  Rank 3: Host RAM sweep-peak 2265 MB · VmHWM 2305 MB   VRAM op-pool peak 498 MB · total peak 15656 MB
  Block stores (peak bond, per rank): distributed A/B share 242 MB (~K²M²/np) · owner cre/des 17 · S 8 MB (~KM²/np) · replicated floor 3 MB [stubs 0 (~KM) · H 3 (~M²)]
  OOC scratch  14948 MB on disk  (sum over all ranks)
  Timings (wall 11.0 s)
    build                    [CPU]             1.9 s
      formPQ                 [GPU·CPU·IO]     0.7 s   (GPU 0.1 · IO 0.1 · CPU 0.5)
        transfer             [IO]              0.1 s
        exec-hostprep        [CPU]             0.3 s
        complete (MPI)       [IO]              0.1 s
        (other)              [CPU]             0.1 s
      [kern] executor reductions (all phases): res-zero 0.0 · gather 0.1 · reduce 0.1 · accumulate 0.0 s
      compS-form-gpu (MPI)   [GPU·CPU·IO]     0.9 s   (GPU 0.1 · IO 0.1 · CPU 0.7)
        recipe (host,replic) [CPU]             0.1 s
        form (gpu+D2H)       [GPU·IO]         0.5 s
        reduce (NCCL/host)   [IO]              0.1 s
        unpack (D2H)         [CPU·IO]         0.3 s
    matvec                   [GPU·CPU·IO]     4.2 s   (GPU 2.7 · IO 0.0 · CPU 1.6)
      gemm                   [GPU]             2.3 s   (26.52 TFLOPS total · 6.63/GPU)
      kern                   [GPU]             0.4 s
      host                   [CPU]             1.6 s
        planEnum             [CPU]             0.5 s
        ctorAlloc(upload)    [CPU·IO]         0.2 s
        ctorGroup            [CPU]             0.3 s
        (other)              [CPU]             0.6 s
    decimate                 [CPU]             1.8 s
      rho (dist)             [CPU]             0.1 s
      eigh (dist)            [CPU]             0.6 s
      share (MPI wait)       [CPU·IO]         1.1 s
    grow                     [GPU·CPU·IO]     1.5 s   (GPU 0.2 · IO 0.2 · CPU 1.1) · 22.99 TFLOPS total · 5.75/GPU
      gpu_proj (project)     [GPU·CPU·IO]     1.0 s
        fap_exec             [GPU·IO]         0.6 s
      reduceSH (MPI)         [CPU·IO]         0.1 s
        sync (hash+wait)     [CPU·IO]         0.1 s
      (other)                [CPU]             0.4 s
    predict                  [CPU]             0.2 s
    ooc                      [IO]              0.0 s

################## Sweep 28/30 (backward) summary ##################
  Energy       -2987.4195870514 Ha
  dE vs prev sweep  -4.212e-06 Ha
  Discarded weight  5.459e-05  (max over this sweep's decimations)
  Rank 0: Host RAM sweep-peak 2282 MB · VmHWM 2332 MB   VRAM op-pool peak 499 MB · total peak 15542 MB
  Rank 1: Host RAM sweep-peak 2315 MB · VmHWM 2327 MB   VRAM op-pool peak 505 MB · total peak 15522 MB
  Rank 2: Host RAM sweep-peak 2257 MB · VmHWM 2308 MB   VRAM op-pool peak 490 MB · total peak 15478 MB
  Rank 3: Host RAM sweep-peak 2315 MB · VmHWM 2320 MB   VRAM op-pool peak 498 MB · total peak 15656 MB
  Block stores (peak bond, per rank): distributed A/B share 242 MB (~K²M²/np) · owner cre/des 17 · S 8 MB (~KM²/np) · replicated floor 3 MB [stubs 0 (~KM) · H 3 (~M²)]
  OOC scratch  14827 MB on disk  (sum over all ranks)
  Timings (wall 10.8 s)
    build                    [CPU]             1.8 s
      formPQ                 [GPU·CPU·IO]     0.7 s   (GPU 0.1 · IO 0.1 · CPU 0.5)
        transfer             [IO]              0.1 s
        exec-hostprep        [CPU]             0.3 s
        complete (MPI)       [IO]              0.1 s
        (other)              [CPU]             0.1 s
      [kern] executor reductions (all phases): res-zero 0.0 · gather 0.1 · reduce 0.1 · accumulate 0.0 s
      compS-form-gpu (MPI)   [GPU·CPU·IO]     1.0 s   (GPU 0.1 · IO 0.1 · CPU 0.7)
        recipe (host,replic) [CPU]             0.1 s
        form (gpu+D2H)       [GPU·IO]         0.4 s
        reduce (NCCL/host)   [IO]              0.1 s
        unpack (D2H)         [CPU·IO]         0.3 s
    matvec                   [GPU·CPU·IO]     4.2 s   (GPU 2.7 · IO 0.0 · CPU 1.5)
      gemm                   [GPU]             2.3 s   (27.12 TFLOPS total · 6.78/GPU)
      kern                   [GPU]             0.4 s
      host                   [CPU]             1.5 s
        planEnum             [CPU]             0.5 s
        ctorAlloc(upload)    [CPU·IO]         0.2 s
        ctorGroup            [CPU]             0.3 s
        (other)              [CPU]             0.6 s
    decimate                 [CPU]             1.7 s
      rho (dist)             [CPU]             0.1 s
      eigh (dist)            [CPU]             0.6 s
      share (MPI wait)       [CPU·IO]         0.9 s
    grow                     [GPU·CPU·IO]     1.6 s   (GPU 0.2 · IO 0.2 · CPU 1.2) · 22.45 TFLOPS total · 5.61/GPU
      gpu_proj (project)     [GPU·CPU·IO]     1.0 s
        fap_exec             [GPU·IO]         0.6 s
      reduceSH (MPI)         [CPU·IO]         0.1 s
        sync (hash+wait)     [CPU·IO]         0.1 s
      (other)                [CPU]             0.4 s
    predict                  [CPU]             0.2 s
    ooc                      [IO]              0.0 s

################## Sweep 29/30 (forward) summary ##################
  Energy       -2987.4195900084 Ha
  dE vs prev sweep  -2.957e-06 Ha
  Discarded weight  5.485e-05  (max over this sweep's decimations)
  Rank 0: Host RAM sweep-peak 2291 MB · VmHWM 2332 MB   VRAM op-pool peak 499 MB · total peak 15542 MB
  Rank 1: Host RAM sweep-peak 2302 MB · VmHWM 2327 MB   VRAM op-pool peak 505 MB · total peak 15522 MB
  Rank 2: Host RAM sweep-peak 2289 MB · VmHWM 2308 MB   VRAM op-pool peak 490 MB · total peak 15478 MB
  Rank 3: Host RAM sweep-peak 2261 MB · VmHWM 2320 MB   VRAM op-pool peak 498 MB · total peak 15656 MB
  Block stores (peak bond, per rank): distributed A/B share 243 MB (~K²M²/np) · owner cre/des 17 · S 8 MB (~KM²/np) · replicated floor 3 MB [stubs 0 (~KM) · H 3 (~M²)]
  OOC scratch  14912 MB on disk  (sum over all ranks)
  Timings (wall 10.9 s)
    build                    [CPU]             1.8 s
      formPQ                 [GPU·CPU·IO]     0.7 s   (GPU 0.1 · IO 0.1 · CPU 0.5)
        transfer             [IO]              0.1 s
        exec-hostprep        [CPU]             0.4 s
        (other)              [CPU]             0.1 s
      [kern] executor reductions (all phases): res-zero 0.0 · gather 0.1 · reduce 0.1 · accumulate 0.0 s
      compS-form-gpu (MPI)   [GPU·CPU·IO]     0.9 s   (GPU 0.1 · IO 0.1 · CPU 0.7)
        recipe (host,replic) [CPU]             0.1 s
        form (gpu+D2H)       [GPU·IO]         0.4 s
        reduce (NCCL/host)   [IO]              0.1 s
        unpack (D2H)         [CPU·IO]         0.3 s
    matvec                   [GPU·CPU·IO]     4.2 s   (GPU 2.6 · IO 0.0 · CPU 1.5)
      gemm                   [GPU]             2.3 s   (26.91 TFLOPS total · 6.73/GPU)
      kern                   [GPU]             0.4 s
      host                   [CPU]             1.5 s
        planEnum             [CPU]             0.5 s
        ctorAlloc(upload)    [CPU·IO]         0.2 s
        ctorGroup            [CPU]             0.3 s
        (other)              [CPU]             0.6 s
    decimate                 [CPU]             1.8 s
      rho (dist)             [CPU]             0.1 s
      eigh (dist)            [CPU]             0.5 s
      share (MPI wait)       [CPU·IO]         1.2 s
    grow                     [GPU·CPU·IO]     1.5 s   (GPU 0.2 · IO 0.2 · CPU 1.1) · 23.61 TFLOPS total · 5.90/GPU
      gpu_proj (project)     [GPU·CPU·IO]     0.9 s
        fap_exec             [GPU·IO]         0.6 s
      reduceSH (MPI)         [CPU·IO]         0.1 s
        sync (hash+wait)     [CPU·IO]         0.1 s
      (other)                [CPU]             0.4 s
    predict                  [CPU]             0.2 s
    ooc                      [IO]              0.0 s

################## Sweep 30/30 (backward) summary ##################
  Energy       -2987.4195963638 Ha
  dE vs prev sweep  -6.355e-06 Ha
  Discarded weight  5.569e-05  (max over this sweep's decimations)
  Rank 0: Host RAM sweep-peak 2310 MB · VmHWM 2332 MB   VRAM op-pool peak 499 MB · total peak 15542 MB
  Rank 1: Host RAM sweep-peak 2339 MB · VmHWM 2343 MB   VRAM op-pool peak 505 MB · total peak 15522 MB
  Rank 2: Host RAM sweep-peak 2294 MB · VmHWM 2308 MB   VRAM op-pool peak 490 MB · total peak 15478 MB
  Rank 3: Host RAM sweep-peak 2300 MB · VmHWM 2320 MB   VRAM op-pool peak 498 MB · total peak 15656 MB
  Block stores (peak bond, per rank): distributed A/B share 242 MB (~K²M²/np) · owner cre/des 17 · S 8 MB (~KM²/np) · replicated floor 3 MB [stubs 0 (~KM) · H 3 (~M²)]
  OOC scratch  14883 MB on disk  (sum over all ranks)
  Timings (wall 11.2 s)
    build                    [CPU]             1.8 s
      formPQ                 [GPU·CPU·IO]     0.8 s   (GPU 0.1 · IO 0.1 · CPU 0.6)
        transfer             [IO]              0.1 s
        exec-hostprep        [CPU]             0.3 s
        complete (MPI)       [IO]              0.1 s
        (other)              [CPU]             0.1 s
      [kern] executor reductions (all phases): res-zero 0.0 · gather 0.1 · reduce 0.1 · accumulate 0.0 s
      compS-form-gpu (MPI)   [GPU·CPU·IO]     0.9 s   (GPU 0.1 · IO 0.1 · CPU 0.7)
        recipe (host,replic) [CPU]             0.1 s
        form (gpu+D2H)       [GPU·IO]         0.4 s
        reduce (NCCL/host)   [IO]              0.1 s
        unpack (D2H)         [CPU·IO]         0.3 s
    matvec                   [GPU·CPU·IO]     4.2 s   (GPU 2.6 · IO 0.0 · CPU 1.5)
      gemm                   [GPU]             2.2 s   (27.35 TFLOPS total · 6.84/GPU)
      kern                   [GPU]             0.4 s
      host                   [CPU]             1.5 s
        planEnum             [CPU]             0.5 s
        ctorAlloc(upload)    [CPU·IO]         0.2 s
        ctorGroup            [CPU]             0.3 s
        (other)              [CPU]             0.6 s
    decimate                 [CPU]             1.7 s
      rho (dist)             [CPU]             0.1 s
      eigh (dist)            [CPU]             0.5 s
      share (MPI wait)       [CPU·IO]         1.1 s
    grow                     [GPU·CPU·IO]     1.5 s   (GPU 0.2 · IO 0.2 · CPU 1.1) · 22.57 TFLOPS total · 5.64/GPU
      gpu_proj (project)     [GPU·CPU·IO]     1.0 s
        recipe               [CPU]             0.1 s
        fap_exec             [GPU·IO]         0.6 s
      reduceSH (MPI)         [CPU·IO]         0.1 s
      (other)                [CPU]             0.4 s
    predict                  [CPU]             0.2 s
    ooc                      [IO]              0.0 s
[qops] WARNING: energy NOT converged after 30 sweeps: |dE| = 6.355e-06 >= e_conv = 1.000e-09

################## Run total ##################
  30 sweep(s) + warmup: 348.7 s wall · final E -2987.4195963638 Ha · VmHWM 2332 MB
  ooc async residual wait (not hidden behind compute): save 0.1 · load 0.4 s (0% of runtime)
[rc] main run done: E = -2987.4195963638 Ha
[qops] MPI np=4 · GPU=on · device collectives: NCCL (NVLink/GPUDirect)
[qops] A/B host-offload: ON (stubs + pager spill)

################## Sweep 1/1 (forward) summary ##################
  Energy       1000000000000000000.0000000000 Ha
  Discarded weight  0.000e+00  (max over this sweep's decimations)
  Rank 0: Host RAM sweep-peak 2353 MB · VmHWM 2358 MB   VRAM op-pool peak 499 MB · total peak 15542 MB
  Rank 1: Host RAM sweep-peak 2354 MB · VmHWM 2358 MB   VRAM op-pool peak 505 MB · total peak 15522 MB
  Rank 2: Host RAM sweep-peak 2323 MB · VmHWM 2327 MB   VRAM op-pool peak 490 MB · total peak 15478 MB
  Rank 3: Host RAM sweep-peak 2330 MB · VmHWM 2334 MB   VRAM op-pool peak 498 MB · total peak 15656 MB
  OOC scratch  14932 MB on disk  (sum over all ranks)
  Timings (wall 5.8 s)
    build                    [CPU]             0.0 s
      [kern] executor reductions (all phases): res-zero 0.0 · gather 0.0 · reduce 0.0 · accumulate 0.0 s
    matvec                   [GPU·CPU·IO]     0.0 s   (GPU 0.0 · IO 0.0 · CPU 0.0)
    decimate                 [CPU]             1.6 s
      rho (dist)             [CPU]             0.1 s
      eigh (dist)            [CPU]             0.5 s
      share (MPI wait)       [CPU·IO]         1.0 s
      (other)                [CPU]             0.1 s
    grow                     [GPU·CPU·IO]     1.6 s   (GPU 0.2 · IO 0.3 · CPU 1.1) · 22.90 TFLOPS total · 5.73/GPU
      gpu_proj (project)     [GPU·CPU·IO]     1.1 s
        fap_exec             [GPU·IO]         0.9 s
      reduceSH (MPI)         [CPU·IO]         0.1 s
      hydrate_cd (MPI)       [IO]              0.4 s
    measure                  [CPU]             1.1 s
      hydrate cd/ab (MPI)    [CPU·IO]         1.0 s
      eval (elements)        [CPU]             0.1 s
    predict                  [CPU]             0.2 s
    ooc                      [IO]              0.0 s

################## Run total ##################
  1 sweep(s) + warmup: 5.8 s wall · final E 1000000000000000000.0000000000 Ha · VmHWM 2358 MB
  ooc async residual wait (not hidden behind compute): save 0.1 · load 0.4 s (9% of runtime)
[qops] <S^2> = 0.988994  (S = 0.6131)  [assumes identical alpha/beta spatial orbitals — with UHF orbitals this is NOT the physical <S^2>; see qops/measure.hpp]
[qops] single-orbital entropy: total 3.2142 · max 0.2296 @ orbital 6 · spin-orbital total 3.2957
[qops] S1 = 0.104 0.121 0.103 0.111 0.152 0.194 0.230 0.211 0.175 0.158 0.177 0.212 0.204 0.219 0.202 0.183
             0.141 0.133 0.106 0.078
[qops] MPI np=4 · GPU=on · device collectives: NCCL (NVLink/GPUDirect)
[qops] A/B host-offload: ON (stubs + pager spill)

################## Sweep 1/2 (backward) summary ##################
  Energy       1000000000000000000.0000000000 Ha
  Discarded weight  0.000e+00  (max over this sweep's decimations)
  Rank 0: Host RAM sweep-peak 2313 MB · VmHWM 2358 MB   VRAM op-pool peak 499 MB · total peak 15542 MB
  Rank 1: Host RAM sweep-peak 2357 MB · VmHWM 2361 MB   VRAM op-pool peak 505 MB · total peak 15522 MB
  Rank 2: Host RAM sweep-peak 2281 MB · VmHWM 2327 MB   VRAM op-pool peak 490 MB · total peak 15478 MB
  Rank 3: Host RAM sweep-peak 2321 MB · VmHWM 2334 MB   VRAM op-pool peak 498 MB · total peak 15656 MB
  OOC scratch  14834 MB on disk  (sum over all ranks)
  Timings (wall 5.2 s)
    build                    [CPU]             0.0 s
      [kern] executor reductions (all phases): res-zero 0.0 · gather 0.0 · reduce 0.0 · accumulate 0.0 s
    matvec                   [GPU·CPU·IO]     0.0 s   (GPU 0.0 · IO 0.0 · CPU 0.0)
    decimate                 [CPU]             1.7 s
      rho (dist)             [CPU]             0.1 s
      eigh (dist)            [CPU]             0.5 s
      share (MPI wait)       [CPU·IO]         1.1 s
      (other)                [CPU]             0.1 s
    grow                     [GPU·CPU·IO]     2.1 s   (GPU 0.2 · IO 0.2 · CPU 1.7) · 22.23 TFLOPS total · 5.56/GPU
      gpu_proj (project)     [GPU·CPU·IO]     0.9 s
        fap_exec             [GPU·IO]         0.7 s
      reduceSH (MPI)         [CPU·IO]         0.3 s
        sync (hash+wait)     [CPU·IO]         0.2 s
      hydrate_cd (MPI)       [IO]              0.5 s
      (other)                [CPU]             0.4 s
    predict                  [CPU]             0.2 s
    ooc                      [IO]              0.0 s

################## Sweep 2/2 (forward) summary ##################
  Energy       1000000000000000000.0000000000 Ha
  dE vs prev sweep  +0.000e+00 Ha
  Discarded weight  0.000e+00  (max over this sweep's decimations)
  Rank 0: Host RAM sweep-peak 2449 MB · VmHWM 2454 MB   VRAM op-pool peak 499 MB · total peak 15542 MB
  Rank 1: Host RAM sweep-peak 2409 MB · VmHWM 2419 MB   VRAM op-pool peak 505 MB · total peak 15522 MB
  Rank 2: Host RAM sweep-peak 2327 MB · VmHWM 2332 MB   VRAM op-pool peak 490 MB · total peak 15478 MB
  Rank 3: Host RAM sweep-peak 2376 MB · VmHWM 2380 MB   VRAM op-pool peak 498 MB · total peak 15656 MB
  OOC scratch  14876 MB on disk  (sum over all ranks)
  Timings (wall 16.5 s)
    build                    [CPU]             0.0 s
      [kern] executor reductions (all phases): res-zero 0.0 · gather 0.0 · reduce 0.0 · accumulate 0.0 s
    matvec                   [GPU·CPU·IO]     0.0 s   (GPU 0.0 · IO 0.0 · CPU 0.0)
    decimate                 [CPU]             1.6 s
      rho (dist)             [CPU]             0.1 s
      eigh (dist)            [CPU]             0.4 s
      share (MPI wait)       [CPU·IO]         1.0 s
      (other)                [CPU]             0.1 s
    grow                     [GPU·CPU·IO]     3.1 s   (GPU 0.2 · IO 0.3 · CPU 2.5) · 23.33 TFLOPS total · 5.83/GPU
      gpu_proj (project)     [GPU·CPU·IO]     1.1 s
        fap_exec             [GPU·IO]         0.9 s
      reduceSH (MPI)         [CPU·IO]         1.5 s
        sync (hash+wait)     [CPU·IO]         1.5 s
      hydrate_cd (MPI)       [IO]              0.4 s
    measure                  [CPU]            10.4 s
      hydrate cd/ab (MPI)    [CPU·IO]         1.0 s
      eval (elements)        [CPU]             9.3 s
    predict                  [CPU]             0.2 s
    ooc                      [IO]              0.0 s

################## Run total ##################
  2 sweep(s) + warmup: 21.7 s wall · final E 1000000000000000000.0000000000 Ha · VmHWM 2454 MB
  ooc async residual wait (not hidden behind compute): save 0.1 · load 0.5 s (3% of runtime)
[qops] <S^2> = 0.988994  (S = 0.6131)  [assumes identical alpha/beta spatial orbitals — with UHF orbitals this is NOT the physical <S^2>; see qops/measure.hpp]
[qops] single-orbital entropy: total 3.2142 · max 0.2296 @ orbital 6 · spin-orbital total 3.2957
[qops] S1 = 0.104 0.121 0.103 0.111 0.152 0.194 0.230 0.211 0.175 0.158 0.177 0.212 0.204 0.219 0.202 0.183
             0.141 0.133 0.106 0.078
[rc] measurements done (RDMs + NO occupations saved)
[qops] MPI np=4 · GPU=on · device collectives: NCCL (NVLink/GPUDirect)
[qops] A/B host-offload: ON (stubs + pager spill)

################## Sweep 1/10 (backward) summary ##################
  Energy       -2987.4195678280 Ha
  Discarded weight  1.048e-04  (max over this sweep's decimations)
  Rank 0: Host RAM sweep-peak 2108 MB · VmHWM 2454 MB   VRAM op-pool peak 499 MB · total peak 15542 MB
  Rank 1: Host RAM sweep-peak 2114 MB · VmHWM 2419 MB   VRAM op-pool peak 505 MB · total peak 15522 MB
  Rank 2: Host RAM sweep-peak 2028 MB · VmHWM 2332 MB   VRAM op-pool peak 490 MB · total peak 15478 MB
  Rank 3: Host RAM sweep-peak 2101 MB · VmHWM 2380 MB   VRAM op-pool peak 498 MB · total peak 15656 MB
  Block stores (peak bond, per rank): distributed A/B share 243 MB (~K²M²/np) · owner cre/des 14 · S 7 MB (~KM²/np) · replicated floor 3 MB [stubs 0 (~KM) · H 2 (~M²)]
  OOC scratch  12881 MB on disk  (sum over all ranks)
  Timings (wall 10.4 s)
    build                    [CPU]             1.7 s
      formPQ                 [GPU·CPU·IO]     0.6 s   (GPU 0.1 · IO 0.1 · CPU 0.4)
        transfer             [IO]              0.1 s
        exec-hostprep        [CPU]             0.3 s
        complete (MPI)       [IO]              0.1 s
        (other)              [CPU]             0.1 s
      [kern] executor reductions (all phases): res-zero 0.0 · gather 0.1 · reduce 0.1 · accumulate 0.0 s
      compS-form-gpu (MPI)   [GPU·CPU·IO]     0.8 s   (GPU 0.1 · IO 0.1 · CPU 0.7)
        recipe (host,replic) [CPU]             0.1 s
        form (gpu+D2H)       [GPU·IO]         0.4 s
        reduce (NCCL/host)   [IO]              0.1 s
        unpack (D2H)         [CPU·IO]         0.3 s
    matvec                   [GPU·CPU·IO]     4.4 s   (GPU 2.9 · IO 0.0 · CPU 1.5)
      gemm                   [GPU]             2.5 s   (19.69 TFLOPS total · 4.92/GPU)
      kern                   [GPU]             0.4 s
      host                   [CPU]             1.5 s
        planEnum             [CPU]             0.5 s
        ctorAlloc(upload)    [CPU·IO]         0.2 s
        ctorGroup            [CPU]             0.3 s
        (other)              [CPU]             0.6 s
    decimate                 [CPU]             1.4 s
      rho (dist)             [CPU]             0.1 s
      eigh (dist)            [CPU]             0.5 s
      share (MPI wait)       [CPU·IO]         0.8 s
    grow                     [GPU·CPU·IO]     1.4 s   (GPU 0.2 · IO 0.1 · CPU 1.1) · 14.99 TFLOPS total · 3.75/GPU
      gpu_proj (project)     [GPU·CPU·IO]     0.9 s
        fap_exec             [GPU·IO]         0.6 s
      reduceSH (MPI)         [CPU·IO]         0.1 s
        sync (hash+wait)     [CPU·IO]         0.1 s
      (other)                [CPU]             0.3 s
    predict                  [CPU]             0.1 s
    ooc                      [IO]              0.0 s

################## Sweep 2/10 (forward) summary ##################
  Energy       -2987.4194444168 Ha
  dE vs prev sweep  +1.234e-04 Ha
  Discarded weight  8.472e-05  (max over this sweep's decimations)
  Rank 0: Host RAM sweep-peak 2116 MB · VmHWM 2454 MB   VRAM op-pool peak 499 MB · total peak 15542 MB
  Rank 1: Host RAM sweep-peak 2094 MB · VmHWM 2419 MB   VRAM op-pool peak 505 MB · total peak 15522 MB
  Rank 2: Host RAM sweep-peak 2056 MB · VmHWM 2332 MB   VRAM op-pool peak 490 MB · total peak 15478 MB
  Rank 3: Host RAM sweep-peak 2098 MB · VmHWM 2380 MB   VRAM op-pool peak 498 MB · total peak 15656 MB
  Block stores (peak bond, per rank): distributed A/B share 168 MB (~K²M²/np) · owner cre/des 12 · S 6 MB (~KM²/np) · replicated floor 2 MB [stubs 0 (~KM) · H 2 (~M²)]
  OOC scratch  10580 MB on disk  (sum over all ranks)
  Timings (wall 9.1 s)
    build                    [CPU]             1.5 s
      formPQ                 [GPU·CPU·IO]     0.6 s   (GPU 0.1 · IO 0.1 · CPU 0.4)
        transfer             [IO]              0.1 s
        exec-hostprep        [CPU]             0.2 s
        complete (MPI)       [IO]              0.1 s
        (other)              [CPU]             0.1 s
      [kern] executor reductions (all phases): res-zero 0.0 · gather 0.0 · reduce 0.1 · accumulate 0.0 s
      compS-form-gpu (MPI)   [GPU·CPU·IO]     0.7 s   (GPU 0.0 · IO 0.1 · CPU 0.6)
        recipe (host,replic) [CPU]             0.1 s
        form (gpu+D2H)       [GPU·IO]         0.3 s
        reduce (NCCL/host)   [IO]              0.1 s
        unpack (D2H)         [CPU·IO]         0.2 s
    matvec                   [GPU·CPU·IO]     3.8 s   (GPU 2.4 · IO 0.0 · CPU 1.4)
      gemm                   [GPU]             2.1 s   (17.63 TFLOPS total · 4.41/GPU)
      kern                   [GPU]             0.3 s
      host                   [CPU]             1.4 s
        planEnum             [CPU]             0.4 s
        ctorAlloc(upload)    [CPU·IO]         0.2 s
        ctorGroup            [CPU]             0.3 s
        (other)              [CPU]             0.5 s
    decimate                 [CPU]             1.4 s
      rho (dist)             [CPU]             0.1 s
      eigh (dist)            [CPU]             0.5 s
      share (MPI wait)       [CPU·IO]         0.7 s
    grow                     [GPU·CPU·IO]     1.3 s   (GPU 0.2 · IO 0.1 · CPU 1.0) · 15.10 TFLOPS total · 3.77/GPU
      gpu_proj (project)     [GPU·CPU·IO]     0.9 s
        fap_exec             [GPU·IO]         0.6 s
      reduceSH (MPI)         [CPU·IO]         0.1 s
      (other)                [CPU]             0.3 s
    predict                  [CPU]             0.1 s
    ooc                      [IO]              0.0 s

################## Sweep 3/10 (backward) summary ##################
  Energy       -2987.4194452649 Ha
  dE vs prev sweep  -8.480e-07 Ha
  Discarded weight  7.768e-05  (max over this sweep's decimations)
  Rank 0: Host RAM sweep-peak 2103 MB · VmHWM 2454 MB   VRAM op-pool peak 499 MB · total peak 15542 MB
  Rank 1: Host RAM sweep-peak 2111 MB · VmHWM 2419 MB   VRAM op-pool peak 505 MB · total peak 15522 MB
  Rank 2: Host RAM sweep-peak 2050 MB · VmHWM 2332 MB   VRAM op-pool peak 490 MB · total peak 15478 MB
  Rank 3: Host RAM sweep-peak 2104 MB · VmHWM 2380 MB   VRAM op-pool peak 498 MB · total peak 15656 MB
  Block stores (peak bond, per rank): distributed A/B share 168 MB (~K²M²/np) · owner cre/des 12 · S 6 MB (~KM²/np) · replicated floor 2 MB [stubs 0 (~KM) · H 2 (~M²)]
  OOC scratch  10592 MB on disk  (sum over all ranks)
  Timings (wall 9.1 s)
    build                    [CPU]             1.5 s
      formPQ                 [GPU·CPU·IO]     0.6 s   (GPU 0.1 · IO 0.1 · CPU 0.4)
        transfer             [IO]              0.1 s
        exec-hostprep        [CPU]             0.2 s
        complete (MPI)       [IO]              0.1 s
        (other)              [CPU]             0.1 s
      [kern] executor reductions (all phases): res-zero 0.0 · gather 0.0 · reduce 0.1 · accumulate 0.0 s
      compS-form-gpu (MPI)   [GPU·CPU·IO]     0.7 s   (GPU 0.0 · IO 0.1 · CPU 0.6)
        recipe (host,replic) [CPU]             0.1 s
        form (gpu+D2H)       [GPU·IO]         0.3 s
        reduce (NCCL/host)   [IO]              0.1 s
        unpack (D2H)         [CPU·IO]         0.2 s
    matvec                   [GPU·CPU·IO]     3.8 s   (GPU 2.4 · IO 0.0 · CPU 1.4)
      gemm                   [GPU]             2.1 s   (17.94 TFLOPS total · 4.49/GPU)
      kern                   [GPU]             0.3 s
      host                   [CPU]             1.4 s
        planEnum             [CPU]             0.4 s
        ctorAlloc(upload)    [CPU·IO]         0.2 s
        ctorGroup            [CPU]             0.3 s
        (other)              [CPU]             0.5 s
    decimate                 [CPU]             1.4 s
      rho (dist)             [CPU]             0.1 s
      eigh (dist)            [CPU]             0.4 s
      share (MPI wait)       [CPU·IO]         0.9 s
    grow                     [GPU·CPU·IO]     1.3 s   (GPU 0.2 · IO 0.1 · CPU 1.0) · 14.95 TFLOPS total · 3.74/GPU
      gpu_proj (project)     [GPU·CPU·IO]     0.9 s
        fap_exec             [GPU·IO]         0.6 s
      reduceSH (MPI)         [CPU·IO]         0.1 s
      (other)                [CPU]             0.3 s
    predict                  [CPU]             0.1 s
    ooc                      [IO]              0.0 s

################## Sweep 4/10 (forward) summary ##################
  Energy       -2987.4194459004 Ha
  dE vs prev sweep  -6.355e-07 Ha
  Discarded weight  7.751e-05  (max over this sweep's decimations)
  Rank 0: Host RAM sweep-peak 2115 MB · VmHWM 2454 MB   VRAM op-pool peak 499 MB · total peak 15542 MB
  Rank 1: Host RAM sweep-peak 2102 MB · VmHWM 2419 MB   VRAM op-pool peak 505 MB · total peak 15522 MB
  Rank 2: Host RAM sweep-peak 2058 MB · VmHWM 2332 MB   VRAM op-pool peak 490 MB · total peak 15478 MB
  Rank 3: Host RAM sweep-peak 2112 MB · VmHWM 2380 MB   VRAM op-pool peak 498 MB · total peak 15656 MB
  Block stores (peak bond, per rank): distributed A/B share 170 MB (~K²M²/np) · owner cre/des 12 · S 6 MB (~KM²/np) · replicated floor 2 MB [stubs 0 (~KM) · H 2 (~M²)]
  OOC scratch  10601 MB on disk  (sum over all ranks)
  Timings (wall 9.1 s)
    build                    [CPU]             1.5 s
      formPQ                 [GPU·CPU·IO]     0.6 s   (GPU 0.1 · IO 0.1 · CPU 0.4)
        transfer             [IO]              0.1 s
        exec-hostprep        [CPU]             0.2 s
        complete (MPI)       [IO]              0.1 s
        (other)              [CPU]             0.1 s
      [kern] executor reductions (all phases): res-zero 0.0 · gather 0.0 · reduce 0.1 · accumulate 0.0 s
      compS-form-gpu (MPI)   [GPU·CPU·IO]     0.7 s   (GPU 0.0 · IO 0.1 · CPU 0.6)
        recipe (host,replic) [CPU]             0.1 s
        form (gpu+D2H)       [GPU·IO]         0.3 s
        reduce (NCCL/host)   [IO]              0.1 s
        unpack (D2H)         [CPU·IO]         0.2 s
    matvec                   [GPU·CPU·IO]     3.8 s   (GPU 2.4 · IO 0.0 · CPU 1.4)
      gemm                   [GPU]             2.1 s   (17.74 TFLOPS total · 4.44/GPU)
      kern                   [GPU]             0.3 s
      host                   [CPU]             1.4 s
        planEnum             [CPU]             0.4 s
        ctorAlloc(upload)    [CPU·IO]         0.2 s
        ctorGroup            [CPU]             0.3 s
        (other)              [CPU]             0.5 s
    decimate                 [CPU]             1.3 s
      rho (dist)             [CPU]             0.1 s
      eigh (dist)            [CPU]             0.4 s
      share (MPI wait)       [CPU·IO]         0.8 s
    grow                     [GPU·CPU·IO]     1.3 s   (GPU 0.2 · IO 0.1 · CPU 1.0) · 15.40 TFLOPS total · 3.85/GPU
      gpu_proj (project)     [GPU·CPU·IO]     0.9 s
        fap_exec             [GPU·IO]         0.6 s
      reduceSH (MPI)         [CPU·IO]         0.1 s
      (other)                [CPU]             0.3 s
    predict                  [CPU]             0.1 s
    ooc                      [IO]              0.0 s

################## Sweep 5/10 (backward) summary ##################
  Energy       -2987.4194459004 Ha
  dE vs prev sweep  +1.598e-07 Ha
  Discarded weight  7.699e-05  (max over this sweep's decimations)
  Rank 0: Host RAM sweep-peak 2111 MB · VmHWM 2454 MB   VRAM op-pool peak 499 MB · total peak 15542 MB
  Rank 1: Host RAM sweep-peak 2132 MB · VmHWM 2419 MB   VRAM op-pool peak 505 MB · total peak 15522 MB
  Rank 2: Host RAM sweep-peak 2044 MB · VmHWM 2332 MB   VRAM op-pool peak 490 MB · total peak 15478 MB
  Rank 3: Host RAM sweep-peak 2099 MB · VmHWM 2380 MB   VRAM op-pool peak 498 MB · total peak 15656 MB
  Block stores (peak bond, per rank): distributed A/B share 169 MB (~K²M²/np) · owner cre/des 12 · S 6 MB (~KM²/np) · replicated floor 2 MB [stubs 0 (~KM) · H 2 (~M²)]
  OOC scratch  10629 MB on disk  (sum over all ranks)
  Timings (wall 9.2 s)
    build                    [CPU]             1.5 s
      formPQ                 [GPU·CPU·IO]     0.6 s   (GPU 0.1 · IO 0.1 · CPU 0.4)
        transfer             [IO]              0.1 s
        exec-hostprep        [CPU]             0.2 s
        complete (MPI)       [IO]              0.1 s
        (other)              [CPU]             0.1 s
      [kern] executor reductions (all phases): res-zero 0.0 · gather 0.0 · reduce 0.1 · accumulate 0.0 s
      compS-form-gpu (MPI)   [GPU·CPU·IO]     0.7 s   (GPU 0.0 · IO 0.1 · CPU 0.6)
        recipe (host,replic) [CPU]             0.1 s
        form (gpu+D2H)       [GPU·IO]         0.3 s
        reduce (NCCL/host)   [IO]              0.1 s
        unpack (D2H)         [CPU·IO]         0.2 s
    matvec                   [GPU·CPU·IO]     3.8 s   (GPU 2.4 · IO 0.0 · CPU 1.4)
      gemm                   [GPU]             2.1 s   (17.97 TFLOPS total · 4.49/GPU)
      kern                   [GPU]             0.3 s
      host                   [CPU]             1.4 s
        planEnum             [CPU]             0.4 s
        ctorAlloc(upload)    [CPU·IO]         0.2 s
        ctorGroup            [CPU]             0.3 s
        (other)              [CPU]             0.5 s
    decimate                 [CPU]             1.4 s
      rho (dist)             [CPU]             0.1 s
      eigh (dist)            [CPU]             0.4 s
      share (MPI wait)       [CPU·IO]         0.9 s
    grow                     [GPU·CPU·IO]     1.4 s   (GPU 0.2 · IO 0.1 · CPU 1.1) · 14.55 TFLOPS total · 3.64/GPU
      gpu_proj (project)     [GPU·CPU·IO]     0.9 s
        fap_exec             [GPU·IO]         0.6 s
      reduceSH (MPI)         [CPU·IO]         0.2 s
        sync (hash+wait)     [CPU·IO]         0.2 s
      (other)                [CPU]             0.3 s
    predict                  [CPU]             0.1 s
    ooc                      [IO]              0.0 s

################## Sweep 6/10 (forward) summary ##################
  Energy       -2987.4194459004 Ha
  dE vs prev sweep  -5.689e-08 Ha
  Discarded weight  7.698e-05  (max over this sweep's decimations)
  Rank 0: Host RAM sweep-peak 2113 MB · VmHWM 2454 MB   VRAM op-pool peak 499 MB · total peak 15542 MB
  Rank 1: Host RAM sweep-peak 2106 MB · VmHWM 2419 MB   VRAM op-pool peak 505 MB · total peak 15522 MB
  Rank 2: Host RAM sweep-peak 2044 MB · VmHWM 2332 MB   VRAM op-pool peak 490 MB · total peak 15478 MB
  Rank 3: Host RAM sweep-peak 2071 MB · VmHWM 2380 MB   VRAM op-pool peak 498 MB · total peak 15656 MB
  Block stores (peak bond, per rank): distributed A/B share 169 MB (~K²M²/np) · owner cre/des 12 · S 6 MB (~KM²/np) · replicated floor 2 MB [stubs 0 (~KM) · H 2 (~M²)]
  OOC scratch  10575 MB on disk  (sum over all ranks)
  Timings (wall 9.7 s)
    build                    [CPU]             1.5 s
      formPQ                 [GPU·CPU·IO]     0.6 s   (GPU 0.1 · IO 0.1 · CPU 0.4)
        transfer             [IO]              0.1 s
        exec-hostprep        [CPU]             0.2 s
        complete (MPI)       [IO]              0.1 s
        (other)              [CPU]             0.1 s
      [kern] executor reductions (all phases): res-zero 0.0 · gather 0.0 · reduce 0.1 · accumulate 0.0 s
      compS-form-gpu (MPI)   [GPU·CPU·IO]     0.7 s   (GPU 0.0 · IO 0.1 · CPU 0.6)
        recipe (host,replic) [CPU]             0.1 s
        form (gpu+D2H)       [GPU·IO]         0.3 s
        reduce (NCCL/host)   [IO]              0.1 s
        unpack (D2H)         [CPU·IO]         0.2 s
    matvec                   [GPU·CPU·IO]     3.8 s   (GPU 2.4 · IO 0.0 · CPU 1.4)
      gemm                   [GPU]             2.1 s   (17.88 TFLOPS total · 4.47/GPU)
      kern                   [GPU]             0.3 s
      host                   [CPU]             1.4 s
        planEnum             [CPU]             0.4 s
        ctorAlloc(upload)    [CPU·IO]         0.2 s
        ctorGroup            [CPU]             0.3 s
        (other)              [CPU]             0.5 s
    decimate                 [CPU]             1.2 s
      rho (dist)             [CPU]             0.1 s
      eigh (dist)            [CPU]             0.5 s
      share (MPI wait)       [CPU·IO]         0.6 s
    grow                     [GPU·CPU·IO]     1.4 s   (GPU 0.2 · IO 0.1 · CPU 1.0) · 15.30 TFLOPS total · 3.82/GPU
      gpu_proj (project)     [GPU·CPU·IO]     1.0 s
        fap_exec             [GPU·IO]         0.7 s
      reduceSH (MPI)         [CPU·IO]         0.1 s
      (other)                [CPU]             0.3 s
    predict                  [CPU]             0.1 s
    ooc                      [IO]              0.0 s

################## Sweep 7/10 (backward) summary ##################
  Energy       -2987.4194459004 Ha
  dE vs prev sweep  +1.656e-07 Ha
  Discarded weight  7.682e-05  (max over this sweep's decimations)
  Rank 0: Host RAM sweep-peak 2098 MB · VmHWM 2454 MB   VRAM op-pool peak 499 MB · total peak 15542 MB
  Rank 1: Host RAM sweep-peak 2124 MB · VmHWM 2419 MB   VRAM op-pool peak 505 MB · total peak 15522 MB
  Rank 2: Host RAM sweep-peak 2051 MB · VmHWM 2332 MB   VRAM op-pool peak 490 MB · total peak 15478 MB
  Rank 3: Host RAM sweep-peak 2112 MB · VmHWM 2380 MB   VRAM op-pool peak 498 MB · total peak 15656 MB
  Block stores (peak bond, per rank): distributed A/B share 168 MB (~K²M²/np) · owner cre/des 12 · S 6 MB (~KM²/np) · replicated floor 2 MB [stubs 0 (~KM) · H 2 (~M²)]
  OOC scratch  10573 MB on disk  (sum over all ranks)
  Timings (wall 9.1 s)
    build                    [CPU]             1.5 s
      formPQ                 [GPU·CPU·IO]     0.6 s   (GPU 0.1 · IO 0.1 · CPU 0.4)
        transfer             [IO]              0.1 s
        exec-hostprep        [CPU]             0.2 s
        complete (MPI)       [IO]              0.1 s
        (other)              [CPU]             0.1 s
      [kern] executor reductions (all phases): res-zero 0.0 · gather 0.0 · reduce 0.1 · accumulate 0.0 s
      compS-form-gpu (MPI)   [GPU·CPU·IO]     0.7 s   (GPU 0.0 · IO 0.1 · CPU 0.6)
        recipe (host,replic) [CPU]             0.1 s
        form (gpu+D2H)       [GPU·IO]         0.3 s
        reduce (NCCL/host)   [IO]              0.1 s
        unpack (D2H)         [CPU·IO]         0.2 s
    matvec                   [GPU·CPU·IO]     3.7 s   (GPU 2.4 · IO 0.0 · CPU 1.4)
      gemm                   [GPU]             2.1 s   (18.09 TFLOPS total · 4.52/GPU)
      kern                   [GPU]             0.3 s
      host                   [CPU]             1.4 s
        planEnum             [CPU]             0.4 s
        ctorAlloc(upload)    [CPU·IO]         0.2 s
        ctorGroup            [CPU]             0.3 s
        (other)              [CPU]             0.5 s
    decimate                 [CPU]             1.5 s
      rho (dist)             [CPU]             0.1 s
      eigh (dist)            [CPU]             0.5 s
      share (MPI wait)       [CPU·IO]         0.9 s
    grow                     [GPU·CPU·IO]     1.3 s   (GPU 0.2 · IO 0.1 · CPU 1.0) · 15.17 TFLOPS total · 3.79/GPU
      gpu_proj (project)     [GPU·CPU·IO]     0.9 s
        fap_exec             [GPU·IO]         0.6 s
      reduceSH (MPI)         [CPU·IO]         0.1 s
      (other)                [CPU]             0.3 s
    predict                  [CPU]             0.1 s
    ooc                      [IO]              0.0 s

################## Sweep 8/10 (forward) summary ##################
  Energy       -2987.4194459004 Ha
  dE vs prev sweep  -1.821e-08 Ha
  Discarded weight  7.682e-05  (max over this sweep's decimations)
  Rank 0: Host RAM sweep-peak 2116 MB · VmHWM 2454 MB   VRAM op-pool peak 499 MB · total peak 15542 MB
  Rank 1: Host RAM sweep-peak 2119 MB · VmHWM 2419 MB   VRAM op-pool peak 505 MB · total peak 15522 MB
  Rank 2: Host RAM sweep-peak 2036 MB · VmHWM 2332 MB   VRAM op-pool peak 490 MB · total peak 15478 MB
  Rank 3: Host RAM sweep-peak 2085 MB · VmHWM 2380 MB   VRAM op-pool peak 498 MB · total peak 15656 MB
  Block stores (peak bond, per rank): distributed A/B share 169 MB (~K²M²/np) · owner cre/des 12 · S 6 MB (~KM²/np) · replicated floor 2 MB [stubs 0 (~KM) · H 2 (~M²)]
  OOC scratch  10630 MB on disk  (sum over all ranks)
  Timings (wall 9.0 s)
    build                    [CPU]             1.5 s
      formPQ                 [GPU·CPU·IO]     0.6 s   (GPU 0.1 · IO 0.1 · CPU 0.5)
        transfer             [IO]              0.1 s
        exec-hostprep        [CPU]             0.3 s
        complete (MPI)       [IO]              0.1 s
        (other)              [CPU]             0.1 s
      [kern] executor reductions (all phases): res-zero 0.0 · gather 0.0 · reduce 0.1 · accumulate 0.0 s
      compS-form-gpu (MPI)   [GPU·CPU·IO]     0.7 s   (GPU 0.0 · IO 0.1 · CPU 0.6)
        recipe (host,replic) [CPU]             0.1 s
        form (gpu+D2H)       [GPU·IO]         0.3 s
        reduce (NCCL/host)   [IO]              0.1 s
        unpack (D2H)         [CPU·IO]         0.2 s
    matvec                   [GPU·CPU·IO]     3.7 s   (GPU 2.3 · IO 0.0 · CPU 1.4)
      gemm                   [GPU]             2.1 s   (17.93 TFLOPS total · 4.48/GPU)
      kern                   [GPU]             0.3 s
      host                   [CPU]             1.4 s
        planEnum             [CPU]             0.4 s
        ctorAlloc(upload)    [CPU·IO]         0.2 s
        ctorGroup            [CPU]             0.3 s
        (other)              [CPU]             0.5 s
    decimate                 [CPU]             1.2 s
      rho (dist)             [CPU]             0.1 s
      eigh (dist)            [CPU]             0.4 s
      share (MPI wait)       [CPU·IO]         0.6 s
    grow                     [GPU·CPU·IO]     1.4 s   (GPU 0.2 · IO 0.1 · CPU 1.0) · 15.10 TFLOPS total · 3.77/GPU
      gpu_proj (project)     [GPU·CPU·IO]     1.0 s
        fap_exec             [GPU·IO]         0.6 s
      reduceSH (MPI)         [CPU·IO]         0.1 s
      (other)                [CPU]             0.3 s
    predict                  [CPU]             0.1 s
    ooc                      [IO]              0.0 s

################## Sweep 9/10 (backward) summary ##################
  Energy       -2987.4194459004 Ha
  dE vs prev sweep  +9.380e-08 Ha
  Discarded weight  7.674e-05  (max over this sweep's decimations)
  Rank 0: Host RAM sweep-peak 2116 MB · VmHWM 2454 MB   VRAM op-pool peak 499 MB · total peak 15542 MB
  Rank 1: Host RAM sweep-peak 2134 MB · VmHWM 2419 MB   VRAM op-pool peak 505 MB · total peak 15522 MB
  Rank 2: Host RAM sweep-peak 2050 MB · VmHWM 2332 MB   VRAM op-pool peak 490 MB · total peak 15478 MB
  Rank 3: Host RAM sweep-peak 2111 MB · VmHWM 2380 MB   VRAM op-pool peak 498 MB · total peak 15656 MB
  Block stores (peak bond, per rank): distributed A/B share 169 MB (~K²M²/np) · owner cre/des 12 · S 6 MB (~KM²/np) · replicated floor 2 MB [stubs 0 (~KM) · H 2 (~M²)]
  OOC scratch  10583 MB on disk  (sum over all ranks)
  Timings (wall 9.2 s)
    build                    [CPU]             1.5 s
      formPQ                 [GPU·CPU·IO]     0.6 s   (GPU 0.1 · IO 0.1 · CPU 0.4)
        transfer             [IO]              0.1 s
        exec-hostprep        [CPU]             0.2 s
        complete (MPI)       [IO]              0.1 s
        (other)              [CPU]             0.1 s
      [kern] executor reductions (all phases): res-zero 0.0 · gather 0.0 · reduce 0.1 · accumulate 0.0 s
      compS-form-gpu (MPI)   [GPU·CPU·IO]     0.7 s   (GPU 0.0 · IO 0.1 · CPU 0.6)
        recipe (host,replic) [CPU]             0.1 s
        form (gpu+D2H)       [GPU·IO]         0.3 s
        unpack (D2H)         [CPU·IO]         0.2 s
    matvec                   [GPU·CPU·IO]     3.7 s   (GPU 2.4 · IO 0.0 · CPU 1.4)
      gemm                   [GPU]             2.1 s   (18.18 TFLOPS total · 4.55/GPU)
      kern                   [GPU]             0.3 s
      host                   [CPU]             1.4 s
        planEnum             [CPU]             0.4 s
        ctorAlloc(upload)    [CPU·IO]         0.2 s
        ctorGroup            [CPU]             0.3 s
        (other)              [CPU]             0.5 s
    decimate                 [CPU]             1.5 s
      rho (dist)             [CPU]             0.1 s
      eigh (dist)            [CPU]             0.5 s
      share (MPI wait)       [CPU·IO]         0.9 s
    grow                     [GPU·CPU·IO]     1.3 s   (GPU 0.2 · IO 0.1 · CPU 1.0) · 15.03 TFLOPS total · 3.76/GPU
      gpu_proj (project)     [GPU·CPU·IO]     0.9 s
        fap_exec             [GPU·IO]         0.6 s
      reduceSH (MPI)         [CPU·IO]         0.1 s
      (other)                [CPU]             0.3 s
    predict                  [CPU]             0.1 s
    ooc                      [IO]              0.0 s

################## Sweep 10/10 (forward) summary ##################
  Energy       -2987.4194459004 Ha
  dE vs prev sweep  -1.412e-08 Ha
  Discarded weight  7.675e-05  (max over this sweep's decimations)
  Rank 0: Host RAM sweep-peak 2137 MB · VmHWM 2454 MB   VRAM op-pool peak 499 MB · total peak 15542 MB
  Rank 1: Host RAM sweep-peak 2098 MB · VmHWM 2419 MB   VRAM op-pool peak 505 MB · total peak 15522 MB
  Rank 2: Host RAM sweep-peak 2037 MB · VmHWM 2332 MB   VRAM op-pool peak 490 MB · total peak 15478 MB
  Rank 3: Host RAM sweep-peak 2074 MB · VmHWM 2380 MB   VRAM op-pool peak 498 MB · total peak 15656 MB
  Block stores (peak bond, per rank): distributed A/B share 170 MB (~K²M²/np) · owner cre/des 12 · S 6 MB (~KM²/np) · replicated floor 2 MB [stubs 0 (~KM) · H 2 (~M²)]
  OOC scratch  10546 MB on disk  (sum over all ranks)
  Timings (wall 9.2 s)
    build                    [CPU]             1.5 s
      formPQ                 [GPU·CPU·IO]     0.6 s   (GPU 0.1 · IO 0.1 · CPU 0.5)
        transfer             [IO]              0.1 s
        exec-hostprep        [CPU]             0.2 s
        complete (MPI)       [IO]              0.1 s
        (other)              [CPU]             0.1 s
      [kern] executor reductions (all phases): res-zero 0.0 · gather 0.1 · reduce 0.1 · accumulate 0.0 s
      compS-form-gpu (MPI)   [GPU·CPU·IO]     0.7 s   (GPU 0.0 · IO 0.1 · CPU 0.6)
        recipe (host,replic) [CPU]             0.1 s
        form (gpu+D2H)       [GPU·IO]         0.3 s
        reduce (NCCL/host)   [IO]              0.1 s
        unpack (D2H)         [CPU·IO]         0.2 s
    matvec                   [GPU·CPU·IO]     3.7 s   (GPU 2.3 · IO 0.0 · CPU 1.4)
      gemm                   [GPU]             2.0 s   (17.98 TFLOPS total · 4.49/GPU)
      kern                   [GPU]             0.3 s
      host                   [CPU]             1.4 s
        planEnum             [CPU]             0.4 s
        ctorAlloc(upload)    [CPU·IO]         0.2 s
        ctorGroup            [CPU]             0.3 s
        (other)              [CPU]             0.5 s
    decimate                 [CPU]             1.3 s
      rho (dist)             [CPU]             0.1 s
      eigh (dist)            [CPU]             0.4 s
      share (MPI wait)       [CPU·IO]         0.7 s
    grow                     [GPU·CPU·IO]     1.3 s   (GPU 0.2 · IO 0.1 · CPU 1.0) · 15.15 TFLOPS total · 3.79/GPU
      gpu_proj (project)     [GPU·CPU·IO]     0.9 s
        fap_exec             [GPU·IO]         0.6 s
      reduceSH (MPI)         [CPU·IO]         0.1 s
      (other)                [CPU]             0.3 s
    predict                  [CPU]             0.1 s
    ooc                      [IO]              0.0 s
[qops] WARNING: energy NOT converged after 10 sweeps: |dE| = 1.412e-08 >= e_conv = 1.000e-09

################## Run total ##################
  10 sweep(s) + warmup: 93.2 s wall · final E -2987.4194459004 Ha · VmHWM 2454 MB
  ooc async residual wait (not hidden behind compute): save 0.1 · load 0.5 s (1% of runtime)
[rc] ladder BD=1000 done
[qops] MPI np=4 · GPU=on · device collectives: NCCL (NVLink/GPUDirect)
[qops] A/B host-offload: ON (stubs + pager spill)

################## Sweep 1/10 (backward) summary ##################
  Energy       -2987.4193679546 Ha
  Discarded weight  1.818e-04  (max over this sweep's decimations)
  Rank 0: Host RAM sweep-peak 1899 MB · VmHWM 2454 MB   VRAM op-pool peak 499 MB · total peak 15542 MB
  Rank 1: Host RAM sweep-peak 1935 MB · VmHWM 2419 MB   VRAM op-pool peak 505 MB · total peak 15522 MB
  Rank 2: Host RAM sweep-peak 1863 MB · VmHWM 2332 MB   VRAM op-pool peak 490 MB · total peak 15478 MB
  Rank 3: Host RAM sweep-peak 1897 MB · VmHWM 2380 MB   VRAM op-pool peak 498 MB · total peak 15656 MB
  Block stores (peak bond, per rank): distributed A/B share 169 MB (~K²M²/np) · owner cre/des 10 · S 5 MB (~KM²/np) · replicated floor 2 MB [stubs 0 (~KM) · H 2 (~M²)]
  OOC scratch  8876 MB on disk  (sum over all ranks)
  Timings (wall 7.3 s)
    build                    [CPU]             1.4 s
      formPQ                 [GPU·CPU·IO]     0.5 s   (GPU 0.1 · IO 0.1 · CPU 0.4)
        transfer             [IO]              0.1 s
        exec-hostprep        [CPU]             0.2 s
        (other)              [CPU]             0.1 s
      [kern] executor reductions (all phases): res-zero 0.0 · gather 0.0 · reduce 0.1 · accumulate 0.0 s
      compS-form-gpu (MPI)   [GPU·CPU·IO]     0.7 s   (GPU 0.0 · IO 0.1 · CPU 0.5)
        recipe (host,replic) [CPU]             0.1 s
        form (gpu+D2H)       [GPU·IO]         0.3 s
        reduce (NCCL/host)   [IO]              0.1 s
        unpack (D2H)         [CPU·IO]         0.2 s
    matvec                   [GPU·CPU·IO]     3.5 s   (GPU 2.2 · IO 0.0 · CPU 1.3)
      gemm                   [GPU]             1.9 s   (13.96 TFLOPS total · 3.49/GPU)
      kern                   [GPU]             0.3 s
      host                   [CPU]             1.3 s
        planEnum             [CPU]             0.4 s
        ctorAlloc(upload)    [CPU·IO]         0.1 s
        ctorGroup            [CPU]             0.3 s
        (other)              [CPU]             0.5 s
    decimate                 [CPU]             0.4 s
      eigh (dist)            [CPU]             0.2 s
      share (MPI wait)       [CPU·IO]         0.1 s
    grow                     [GPU·CPU·IO]     1.0 s   (GPU 0.2 · IO 0.1 · CPU 0.7) · 8.74 TFLOPS total · 2.19/GPU
      gpu_proj (project)     [GPU·CPU·IO]     0.7 s
        fap_exec             [GPU·IO]         0.5 s
      reduceSH (MPI)         [CPU·IO]         0.1 s
        sync (hash+wait)     [CPU·IO]         0.1 s
      (other)                [CPU]             0.2 s
    predict                  [CPU]             0.1 s
    ooc                      [IO]              0.0 s

################## Sweep 2/10 (forward) summary ##################
  Energy       -2987.4191365437 Ha
  dE vs prev sweep  +2.314e-04 Ha
  Discarded weight  1.279e-04  (max over this sweep's decimations)
  Rank 0: Host RAM sweep-peak 1923 MB · VmHWM 2454 MB   VRAM op-pool peak 499 MB · total peak 15542 MB
  Rank 1: Host RAM sweep-peak 1930 MB · VmHWM 2419 MB   VRAM op-pool peak 505 MB · total peak 15522 MB
  Rank 2: Host RAM sweep-peak 1877 MB · VmHWM 2332 MB   VRAM op-pool peak 490 MB · total peak 15478 MB
  Rank 3: Host RAM sweep-peak 1893 MB · VmHWM 2380 MB   VRAM op-pool peak 498 MB · total peak 15656 MB
  Block stores (peak bond, per rank): distributed A/B share 109 MB (~K²M²/np) · owner cre/des 8 · S 4 MB (~KM²/np) · replicated floor 1 MB [stubs 0 (~KM) · H 1 (~M²)]
  OOC scratch  6972 MB on disk  (sum over all ranks)
  Timings (wall 6.7 s)
    build                    [CPU]             1.2 s
      formPQ                 [GPU·CPU·IO]     0.5 s   (GPU 0.1 · IO 0.1 · CPU 0.4)
        transfer             [IO]              0.1 s
        exec-hostprep        [CPU]             0.2 s
        complete (MPI)       [IO]              0.1 s
        (other)              [CPU]             0.1 s
      [kern] executor reductions (all phases): res-zero 0.0 · gather 0.0 · reduce 0.0 · accumulate 0.0 s
      compS-form-gpu (MPI)   [GPU·CPU·IO]     0.6 s   (GPU 0.0 · IO 0.1 · CPU 0.5)
        recipe (host,replic) [CPU]             0.1 s
        form (gpu+D2H)       [GPU·IO]         0.2 s
        reduce (NCCL/host)   [IO]              0.1 s
        unpack (D2H)         [CPU·IO]         0.2 s
    matvec                   [GPU·CPU·IO]     3.3 s   (GPU 2.1 · IO 0.0 · CPU 1.2)
      gemm                   [GPU]             1.9 s   (11.30 TFLOPS total · 2.83/GPU)
      kern                   [GPU]             0.3 s
      host                   [CPU]             1.2 s
        planEnum             [CPU]             0.4 s
        ctorAlloc(upload)    [CPU·IO]         0.1 s
        ctorGroup            [CPU]             0.2 s
        (other)              [CPU]             0.4 s
    decimate                 [CPU]             0.4 s
      eigh (dist)            [CPU]             0.2 s
      share (MPI wait)       [CPU·IO]         0.1 s
    grow                     [GPU·CPU·IO]     0.9 s   (GPU 0.2 · IO 0.1 · CPU 0.7) · 9.55 TFLOPS total · 2.39/GPU
      gpu_proj (project)     [GPU·CPU·IO]     0.7 s
        fap_exec             [GPU·IO]         0.4 s
      reduceSH (MPI)         [CPU·IO]         0.1 s
      (other)                [CPU]             0.2 s
    predict                  [CPU]             0.1 s
    ooc                      [IO]              0.0 s

################## Sweep 3/10 (backward) summary ##################
  Energy       -2987.4191438253 Ha
  dE vs prev sweep  -7.282e-06 Ha
  Discarded weight  1.142e-04  (max over this sweep's decimations)
  Rank 0: Host RAM sweep-peak 1913 MB · VmHWM 2454 MB   VRAM op-pool peak 499 MB · total peak 15542 MB
  Rank 1: Host RAM sweep-peak 1937 MB · VmHWM 2419 MB   VRAM op-pool peak 505 MB · total peak 15522 MB
  Rank 2: Host RAM sweep-peak 1863 MB · VmHWM 2332 MB   VRAM op-pool peak 490 MB · total peak 15478 MB
  Rank 3: Host RAM sweep-peak 1893 MB · VmHWM 2380 MB   VRAM op-pool peak 498 MB · total peak 15656 MB
  Block stores (peak bond, per rank): distributed A/B share 109 MB (~K²M²/np) · owner cre/des 8 · S 4 MB (~KM²/np) · replicated floor 1 MB [stubs 0 (~KM) · H 1 (~M²)]
  OOC scratch  6888 MB on disk  (sum over all ranks)
  Timings (wall 6.5 s)
    build                    [CPU]             1.2 s
      formPQ                 [GPU·CPU·IO]     0.5 s   (GPU 0.1 · IO 0.1 · CPU 0.4)
        transfer             [IO]              0.1 s
        exec-hostprep        [CPU]             0.2 s
        complete (MPI)       [IO]              0.1 s
        (other)              [CPU]             0.1 s
      [kern] executor reductions (all phases): res-zero 0.0 · gather 0.0 · reduce 0.0 · accumulate 0.0 s
      compS-form-gpu (MPI)   [GPU·CPU·IO]     0.5 s   (GPU 0.0 · IO 0.1 · CPU 0.4)
        recipe (host,replic) [CPU]             0.1 s
        form (gpu+D2H)       [GPU·IO]         0.2 s
        unpack (D2H)         [CPU·IO]         0.2 s
    matvec                   [GPU·CPU·IO]     3.0 s   (GPU 1.9 · IO 0.0 · CPU 1.1)
      gemm                   [GPU]             1.7 s   (12.30 TFLOPS total · 3.08/GPU)
      kern                   [GPU]             0.2 s
      host                   [CPU]             1.1 s
        planEnum             [CPU]             0.4 s
        ctorAlloc(upload)    [CPU·IO]         0.1 s
        ctorGroup            [CPU]             0.2 s
        (other)              [CPU]             0.4 s
    decimate                 [CPU]             0.5 s
      eigh (dist)            [CPU]             0.3 s
      share (MPI wait)       [CPU·IO]         0.1 s
    grow                     [GPU·CPU·IO]     0.9 s   (GPU 0.2 · IO 0.1 · CPU 0.7) · 9.97 TFLOPS total · 2.49/GPU
      gpu_proj (project)     [GPU·CPU·IO]     0.7 s
        fap_exec             [GPU·IO]         0.4 s
      reduceSH (MPI)         [CPU·IO]         0.1 s
      (other)                [CPU]             0.2 s
    predict                  [CPU]             0.1 s
    ooc                      [IO]              0.0 s

################## Sweep 4/10 (forward) summary ##################
  Energy       -2987.4191438253 Ha
  dE vs prev sweep  +5.009e-07 Ha
  Discarded weight  1.132e-04  (max over this sweep's decimations)
  Rank 0: Host RAM sweep-peak 1911 MB · VmHWM 2454 MB   VRAM op-pool peak 499 MB · total peak 15542 MB
  Rank 1: Host RAM sweep-peak 1919 MB · VmHWM 2419 MB   VRAM op-pool peak 505 MB · total peak 15522 MB
  Rank 2: Host RAM sweep-peak 1854 MB · VmHWM 2332 MB   VRAM op-pool peak 490 MB · total peak 15478 MB
  Rank 3: Host RAM sweep-peak 1879 MB · VmHWM 2380 MB   VRAM op-pool peak 498 MB · total peak 15656 MB
  Block stores (peak bond, per rank): distributed A/B share 110 MB (~K²M²/np) · owner cre/des 8 · S 4 MB (~KM²/np) · replicated floor 1 MB [stubs 0 (~KM) · H 1 (~M²)]
  OOC scratch  6956 MB on disk  (sum over all ranks)
  Timings (wall 6.6 s)
    build                    [CPU]             1.2 s
      formPQ                 [GPU·CPU·IO]     0.5 s   (GPU 0.1 · IO 0.1 · CPU 0.4)
        transfer             [IO]              0.1 s
        exec-hostprep        [CPU]             0.2 s
        complete (MPI)       [IO]              0.1 s
        (other)              [CPU]             0.1 s
      [kern] executor reductions (all phases): res-zero 0.0 · gather 0.0 · reduce 0.0 · accumulate 0.0 s
      compS-form-gpu (MPI)   [GPU·CPU·IO]     0.5 s   (GPU 0.0 · IO 0.1 · CPU 0.5)
        recipe (host,replic) [CPU]             0.1 s
        form (gpu+D2H)       [GPU·IO]         0.2 s
        reduce (NCCL/host)   [IO]              0.1 s
        unpack (D2H)         [CPU·IO]         0.2 s
    matvec                   [GPU·CPU·IO]     3.1 s   (GPU 1.9 · IO 0.0 · CPU 1.1)
      gemm                   [GPU]             1.7 s   (12.21 TFLOPS total · 3.05/GPU)
      kern                   [GPU]             0.2 s
      host                   [CPU]             1.1 s
        planEnum             [CPU]             0.4 s
        ctorAlloc(upload)    [CPU·IO]         0.1 s
        ctorGroup            [CPU]             0.2 s
        (other)              [CPU]             0.4 s
    decimate                 [CPU]             0.5 s
      eigh (dist)            [CPU]             0.3 s
      share (MPI wait)       [CPU·IO]         0.2 s
    grow                     [GPU·CPU·IO]     0.9 s   (GPU 0.2 · IO 0.1 · CPU 0.7) · 9.77 TFLOPS total · 2.44/GPU
      gpu_proj (project)     [GPU·CPU·IO]     0.7 s
        fap_exec             [GPU·IO]         0.4 s
      reduceSH (MPI)         [CPU·IO]         0.1 s
      (other)                [CPU]             0.2 s
    predict                  [CPU]             0.1 s
    ooc                      [IO]              0.0 s

################## Sweep 5/10 (backward) summary ##################
  Energy       -2987.4191438253 Ha
  dE vs prev sweep  +5.855e-07 Ha
  Discarded weight  1.122e-04  (max over this sweep's decimations)
  Rank 0: Host RAM sweep-peak 1912 MB · VmHWM 2454 MB   VRAM op-pool peak 499 MB · total peak 15542 MB
  Rank 1: Host RAM sweep-peak 1941 MB · VmHWM 2419 MB   VRAM op-pool peak 505 MB · total peak 15522 MB
  Rank 2: Host RAM sweep-peak 1864 MB · VmHWM 2332 MB   VRAM op-pool peak 490 MB · total peak 15478 MB
  Rank 3: Host RAM sweep-peak 1908 MB · VmHWM 2380 MB   VRAM op-pool peak 498 MB · total peak 15656 MB
  Block stores (peak bond, per rank): distributed A/B share 109 MB (~K²M²/np) · owner cre/des 8 · S 4 MB (~KM²/np) · replicated floor 1 MB [stubs 0 (~KM) · H 1 (~M²)]
  OOC scratch  6896 MB on disk  (sum over all ranks)
  Timings (wall 6.4 s)
    build                    [CPU]             1.2 s
      formPQ                 [GPU·CPU·IO]     0.5 s   (GPU 0.1 · IO 0.1 · CPU 0.4)
        transfer             [IO]              0.1 s
        exec-hostprep        [CPU]             0.2 s
        complete (MPI)       [IO]              0.1 s
        (other)              [CPU]             0.1 s
      [kern] executor reductions (all phases): res-zero 0.0 · gather 0.0 · reduce 0.0 · accumulate 0.0 s
      compS-form-gpu (MPI)   [GPU·CPU·IO]     0.5 s   (GPU 0.0 · IO 0.1 · CPU 0.5)
        recipe (host,replic) [CPU]             0.1 s
        form (gpu+D2H)       [GPU·IO]         0.2 s
        reduce (NCCL/host)   [IO]              0.1 s
        unpack (D2H)         [CPU·IO]         0.2 s
    matvec                   [GPU·CPU·IO]     3.0 s   (GPU 1.9 · IO 0.0 · CPU 1.1)
      gemm                   [GPU]             1.7 s   (12.43 TFLOPS total · 3.11/GPU)
      kern                   [GPU]             0.2 s
      host                   [CPU]             1.1 s
        planEnum             [CPU]             0.4 s
        ctorAlloc(upload)    [CPU·IO]         0.1 s
        ctorGroup            [CPU]             0.2 s
        (other)              [CPU]             0.4 s
    decimate                 [CPU]             0.4 s
      eigh (dist)            [CPU]             0.2 s
      share (MPI wait)       [CPU·IO]         0.1 s
    grow                     [GPU·CPU·IO]     1.0 s   (GPU 0.2 · IO 0.1 · CPU 0.7) · 9.97 TFLOPS total · 2.49/GPU
      gpu_proj (project)     [GPU·CPU·IO]     0.7 s
        fap_exec             [GPU·IO]         0.5 s
      reduceSH (MPI)         [CPU·IO]         0.1 s
      (other)                [CPU]             0.2 s
    predict                  [CPU]             0.1 s
    ooc                      [IO]              0.0 s

################## Sweep 6/10 (forward) summary ##################
  Energy       -2987.4191438253 Ha
  dE vs prev sweep  +4.230e-08 Ha
  Discarded weight  1.122e-04  (max over this sweep's decimations)
  Rank 0: Host RAM sweep-peak 1907 MB · VmHWM 2454 MB   VRAM op-pool peak 499 MB · total peak 15542 MB
  Rank 1: Host RAM sweep-peak 1922 MB · VmHWM 2419 MB   VRAM op-pool peak 505 MB · total peak 15522 MB
  Rank 2: Host RAM sweep-peak 1856 MB · VmHWM 2332 MB   VRAM op-pool peak 490 MB · total peak 15478 MB
  Rank 3: Host RAM sweep-peak 1887 MB · VmHWM 2380 MB   VRAM op-pool peak 498 MB · total peak 15656 MB
  Block stores (peak bond, per rank): distributed A/B share 110 MB (~K²M²/np) · owner cre/des 8 · S 4 MB (~KM²/np) · replicated floor 1 MB [stubs 0 (~KM) · H 1 (~M²)]
  OOC scratch  6932 MB on disk  (sum over all ranks)
  Timings (wall 6.5 s)
    build                    [CPU]             1.2 s
      formPQ                 [GPU·CPU·IO]     0.5 s   (GPU 0.1 · IO 0.1 · CPU 0.4)
        transfer             [IO]              0.1 s
        exec-hostprep        [CPU]             0.2 s
        (other)              [CPU]             0.1 s
      [kern] executor reductions (all phases): res-zero 0.0 · gather 0.0 · reduce 0.0 · accumulate 0.0 s
      compS-form-gpu (MPI)   [GPU·CPU·IO]     0.5 s   (GPU 0.0 · IO 0.1 · CPU 0.5)
        recipe (host,replic) [CPU]             0.1 s
        form (gpu+D2H)       [GPU·IO]         0.2 s
        reduce (NCCL/host)   [IO]              0.1 s
        unpack (D2H)         [CPU·IO]         0.2 s
    matvec                   [GPU·CPU·IO]     3.1 s   (GPU 1.9 · IO 0.0 · CPU 1.1)
      gemm                   [GPU]             1.7 s   (12.26 TFLOPS total · 3.07/GPU)
      kern                   [GPU]             0.2 s
      host                   [CPU]             1.1 s
        planEnum             [CPU]             0.4 s
        ctorAlloc(upload)    [CPU·IO]         0.1 s
        ctorGroup            [CPU]             0.2 s
        (other)              [CPU]             0.4 s
    decimate                 [CPU]             0.5 s
      eigh (dist)            [CPU]             0.3 s
      share (MPI wait)       [CPU·IO]         0.2 s
    grow                     [GPU·CPU·IO]     0.9 s   (GPU 0.2 · IO 0.1 · CPU 0.7) · 9.84 TFLOPS total · 2.46/GPU
      gpu_proj (project)     [GPU·CPU·IO]     0.7 s
        fap_exec             [GPU·IO]         0.4 s
      reduceSH (MPI)         [CPU·IO]         0.1 s
      (other)                [CPU]             0.2 s
    predict                  [CPU]             0.1 s
    ooc                      [IO]              0.0 s

################## Sweep 7/10 (backward) summary ##################
  Energy       -2987.4191438253 Ha
  dE vs prev sweep  +2.790e-07 Ha
  Discarded weight  1.119e-04  (max over this sweep's decimations)
  Rank 0: Host RAM sweep-peak 1913 MB · VmHWM 2454 MB   VRAM op-pool peak 499 MB · total peak 15542 MB
  Rank 1: Host RAM sweep-peak 1941 MB · VmHWM 2419 MB   VRAM op-pool peak 505 MB · total peak 15522 MB
  Rank 2: Host RAM sweep-peak 1867 MB · VmHWM 2332 MB   VRAM op-pool peak 490 MB · total peak 15478 MB
  Rank 3: Host RAM sweep-peak 1910 MB · VmHWM 2380 MB   VRAM op-pool peak 498 MB · total peak 15656 MB
  Block stores (peak bond, per rank): distributed A/B share 109 MB (~K²M²/np) · owner cre/des 8 · S 4 MB (~KM²/np) · replicated floor 1 MB [stubs 0 (~KM) · H 1 (~M²)]
  OOC scratch  6913 MB on disk  (sum over all ranks)
  Timings (wall 6.4 s)
    build                    [CPU]             1.2 s
      formPQ                 [GPU·CPU·IO]     0.5 s   (GPU 0.1 · IO 0.1 · CPU 0.3)
        transfer             [IO]              0.1 s
        exec-hostprep        [CPU]             0.2 s
        (other)              [CPU]             0.1 s
      [kern] executor reductions (all phases): res-zero 0.0 · gather 0.0 · reduce 0.0 · accumulate 0.0 s
      compS-form-gpu (MPI)   [GPU·CPU·IO]     0.5 s   (GPU 0.0 · IO 0.1 · CPU 0.5)
        recipe (host,replic) [CPU]             0.1 s
        form (gpu+D2H)       [GPU·IO]         0.2 s
        unpack (D2H)         [CPU·IO]         0.2 s
    matvec                   [GPU·CPU·IO]     3.0 s   (GPU 1.9 · IO 0.0 · CPU 1.1)
      gemm                   [GPU]             1.6 s   (12.50 TFLOPS total · 3.12/GPU)
      kern                   [GPU]             0.2 s
      host                   [CPU]             1.1 s
        planEnum             [CPU]             0.4 s
        ctorAlloc(upload)    [CPU·IO]         0.1 s
        ctorGroup            [CPU]             0.2 s
        (other)              [CPU]             0.4 s
    decimate                 [CPU]             0.5 s
      eigh (dist)            [CPU]             0.2 s
      share (MPI wait)       [CPU·IO]         0.2 s
    grow                     [GPU·CPU·IO]     0.9 s   (GPU 0.2 · IO 0.1 · CPU 0.7) · 10.12 TFLOPS total · 2.53/GPU
      gpu_proj (project)     [GPU·CPU·IO]     0.7 s
        fap_exec             [GPU·IO]         0.4 s
      reduceSH (MPI)         [CPU·IO]         0.1 s
      (other)                [CPU]             0.2 s
    predict                  [CPU]             0.1 s
    ooc                      [IO]              0.0 s

################## Sweep 8/10 (forward) summary ##################
  Energy       -2987.4191438253 Ha
  dE vs prev sweep  +1.320e-08 Ha
  Discarded weight  1.119e-04  (max over this sweep's decimations)
  Rank 0: Host RAM sweep-peak 1914 MB · VmHWM 2454 MB   VRAM op-pool peak 499 MB · total peak 15542 MB
  Rank 1: Host RAM sweep-peak 1919 MB · VmHWM 2419 MB   VRAM op-pool peak 505 MB · total peak 15522 MB
  Rank 2: Host RAM sweep-peak 1856 MB · VmHWM 2332 MB   VRAM op-pool peak 490 MB · total peak 15478 MB
  Rank 3: Host RAM sweep-peak 1888 MB · VmHWM 2380 MB   VRAM op-pool peak 498 MB · total peak 15656 MB
  Block stores (peak bond, per rank): distributed A/B share 110 MB (~K²M²/np) · owner cre/des 8 · S 4 MB (~KM²/np) · replicated floor 1 MB [stubs 0 (~KM) · H 1 (~M²)]
  OOC scratch  6934 MB on disk  (sum over all ranks)
  Timings (wall 7.0 s)
    build                    [CPU]             1.2 s
      formPQ                 [GPU·CPU·IO]     0.5 s   (GPU 0.1 · IO 0.1 · CPU 0.4)
        transfer             [IO]              0.1 s
        exec-hostprep        [CPU]             0.2 s
        complete (MPI)       [IO]              0.1 s
        (other)              [CPU]             0.1 s
      [kern] executor reductions (all phases): res-zero 0.0 · gather 0.0 · reduce 0.0 · accumulate 0.0 s
      compS-form-gpu (MPI)   [GPU·CPU·IO]     0.5 s   (GPU 0.0 · IO 0.1 · CPU 0.5)
        recipe (host,replic) [CPU]             0.1 s
        form (gpu+D2H)       [GPU·IO]         0.2 s
        reduce (NCCL/host)   [IO]              0.1 s
        unpack (D2H)         [CPU·IO]         0.2 s
    matvec                   [GPU·CPU·IO]     3.0 s   (GPU 1.9 · IO 0.0 · CPU 1.1)
      gemm                   [GPU]             1.6 s   (12.45 TFLOPS total · 3.11/GPU)
      kern                   [GPU]             0.2 s
      host                   [CPU]             1.1 s
        planEnum             [CPU]             0.4 s
        ctorAlloc(upload)    [CPU·IO]         0.1 s
        ctorGroup            [CPU]             0.2 s
        (other)              [CPU]             0.4 s
    decimate                 [CPU]             0.4 s
      eigh (dist)            [CPU]             0.2 s
      share (MPI wait)       [CPU·IO]         0.1 s
    grow                     [GPU·CPU·IO]     1.0 s   (GPU 0.2 · IO 0.1 · CPU 0.7) · 9.82 TFLOPS total · 2.45/GPU
      gpu_proj (project)     [GPU·CPU·IO]     0.7 s
        fap_exec             [GPU·IO]         0.5 s
      reduceSH (MPI)         [CPU·IO]         0.1 s
      (other)                [CPU]             0.2 s
    predict                  [CPU]             0.1 s
    ooc                      [IO]              0.0 s

################## Sweep 9/10 (backward) summary ##################
  Energy       -2987.4191438253 Ha
  dE vs prev sweep  +1.335e-07 Ha
  Discarded weight  1.117e-04  (max over this sweep's decimations)
  Rank 0: Host RAM sweep-peak 1913 MB · VmHWM 2454 MB   VRAM op-pool peak 499 MB · total peak 15542 MB
  Rank 1: Host RAM sweep-peak 1938 MB · VmHWM 2419 MB   VRAM op-pool peak 505 MB · total peak 15522 MB
  Rank 2: Host RAM sweep-peak 1865 MB · VmHWM 2332 MB   VRAM op-pool peak 490 MB · total peak 15478 MB
  Rank 3: Host RAM sweep-peak 1904 MB · VmHWM 2380 MB   VRAM op-pool peak 498 MB · total peak 15656 MB
  Block stores (peak bond, per rank): distributed A/B share 109 MB (~K²M²/np) · owner cre/des 8 · S 4 MB (~KM²/np) · replicated floor 1 MB [stubs 0 (~KM) · H 1 (~M²)]
  OOC scratch  6917 MB on disk  (sum over all ranks)
  Timings (wall 6.4 s)
    build                    [CPU]             1.2 s
      formPQ                 [GPU·CPU·IO]     0.5 s   (GPU 0.1 · IO 0.1 · CPU 0.4)
        transfer             [IO]              0.1 s
        exec-hostprep        [CPU]             0.2 s
        complete (MPI)       [IO]              0.1 s
        (other)              [CPU]             0.1 s
      [kern] executor reductions (all phases): res-zero 0.0 · gather 0.0 · reduce 0.0 · accumulate 0.0 s
      compS-form-gpu (MPI)   [GPU·CPU·IO]     0.5 s   (GPU 0.0 · IO 0.1 · CPU 0.4)
        recipe (host,replic) [CPU]             0.1 s
        form (gpu+D2H)       [GPU·IO]         0.2 s
        unpack (D2H)         [CPU·IO]         0.2 s
    matvec                   [GPU·CPU·IO]     3.0 s   (GPU 1.9 · IO 0.0 · CPU 1.1)
      gemm                   [GPU]             1.6 s   (12.61 TFLOPS total · 3.15/GPU)
      kern                   [GPU]             0.2 s
      host                   [CPU]             1.1 s
        planEnum             [CPU]             0.4 s
        ctorAlloc(upload)    [CPU·IO]         0.1 s
        ctorGroup            [CPU]             0.2 s
        (other)              [CPU]             0.4 s
    decimate                 [CPU]             0.5 s
      eigh (dist)            [CPU]             0.3 s
      share (MPI wait)       [CPU·IO]         0.2 s
    grow                     [GPU·CPU·IO]     0.9 s   (GPU 0.2 · IO 0.1 · CPU 0.7) · 9.89 TFLOPS total · 2.47/GPU
      gpu_proj (project)     [GPU·CPU·IO]     0.7 s
        fap_exec             [GPU·IO]         0.4 s
      reduceSH (MPI)         [CPU·IO]         0.1 s
      (other)                [CPU]             0.2 s
    predict                  [CPU]             0.1 s
    ooc                      [IO]              0.0 s

################## Sweep 10/10 (forward) summary ##################
  Energy       -2987.4191438253 Ha
  dE vs prev sweep  +4.770e-09 Ha
  Discarded weight  1.117e-04  (max over this sweep's decimations)
  Rank 0: Host RAM sweep-peak 1908 MB · VmHWM 2454 MB   VRAM op-pool peak 499 MB · total peak 15542 MB
  Rank 1: Host RAM sweep-peak 1918 MB · VmHWM 2419 MB   VRAM op-pool peak 505 MB · total peak 15522 MB
  Rank 2: Host RAM sweep-peak 1858 MB · VmHWM 2332 MB   VRAM op-pool peak 490 MB · total peak 15478 MB
  Rank 3: Host RAM sweep-peak 1887 MB · VmHWM 2380 MB   VRAM op-pool peak 498 MB · total peak 15656 MB
  Block stores (peak bond, per rank): distributed A/B share 110 MB (~K²M²/np) · owner cre/des 8 · S 4 MB (~KM²/np) · replicated floor 1 MB [stubs 0 (~KM) · H 1 (~M²)]
  OOC scratch  6886 MB on disk  (sum over all ranks)
  Timings (wall 6.5 s)
    build                    [CPU]             1.2 s
      formPQ                 [GPU·CPU·IO]     0.5 s   (GPU 0.1 · IO 0.1 · CPU 0.4)
        transfer             [IO]              0.1 s
        exec-hostprep        [CPU]             0.2 s
        complete (MPI)       [IO]              0.1 s
        (other)              [CPU]             0.1 s
      [kern] executor reductions (all phases): res-zero 0.0 · gather 0.0 · reduce 0.1 · accumulate 0.0 s
      compS-form-gpu (MPI)   [GPU·CPU·IO]     0.5 s   (GPU 0.0 · IO 0.1 · CPU 0.5)
        recipe (host,replic) [CPU]             0.1 s
        form (gpu+D2H)       [GPU·IO]         0.2 s
        reduce (NCCL/host)   [IO]              0.1 s
        unpack (D2H)         [CPU·IO]         0.2 s
    matvec                   [GPU·CPU·IO]     3.0 s   (GPU 1.9 · IO 0.0 · CPU 1.1)
      gemm                   [GPU]             1.7 s   (12.37 TFLOPS total · 3.09/GPU)
      kern                   [GPU]             0.2 s
      host                   [CPU]             1.1 s
        planEnum             [CPU]             0.4 s
        ctorAlloc(upload)    [CPU·IO]         0.1 s
        ctorGroup            [CPU]             0.2 s
        (other)              [CPU]             0.4 s
    decimate                 [CPU]             0.4 s
      eigh (dist)            [CPU]             0.3 s
      share (MPI wait)       [CPU·IO]         0.1 s
    grow                     [GPU·CPU·IO]     1.0 s   (GPU 0.2 · IO 0.1 · CPU 0.7) · 9.82 TFLOPS total · 2.45/GPU
      gpu_proj (project)     [GPU·CPU·IO]     0.7 s
        fap_exec             [GPU·IO]         0.5 s
      reduceSH (MPI)         [CPU·IO]         0.1 s
      (other)                [CPU]             0.2 s
    predict                  [CPU]             0.1 s
    ooc                      [IO]              0.0 s
[qops] WARNING: energy NOT converged after 10 sweeps: |dE| = 4.770e-09 >= e_conv = 1.000e-09

################## Run total ##################
  10 sweep(s) + warmup: 66.4 s wall · final E -2987.4191438253 Ha · VmHWM 2454 MB
  ooc async residual wait (not hidden behind compute): save 0.1 · load 0.6 s (1% of runtime)
[rc] ladder BD=800 done
[qops] MPI np=4 · GPU=on · device collectives: NCCL (NVLink/GPUDirect)
[qops] A/B host-offload: ON (stubs + pager spill)

################## Sweep 1/10 (backward) summary ##################
  Energy       -2987.4189939302 Ha
  Discarded weight  3.040e-04  (max over this sweep's decimations)
  Rank 0: Host RAM sweep-peak 1775 MB · VmHWM 2454 MB   VRAM op-pool peak 499 MB · total peak 15542 MB
  Rank 1: Host RAM sweep-peak 1777 MB · VmHWM 2419 MB   VRAM op-pool peak 505 MB · total peak 15522 MB
  Rank 2: Host RAM sweep-peak 1720 MB · VmHWM 2332 MB   VRAM op-pool peak 490 MB · total peak 15478 MB
  Rank 3: Host RAM sweep-peak 1765 MB · VmHWM 2380 MB   VRAM op-pool peak 498 MB · total peak 15656 MB
  Block stores (peak bond, per rank): distributed A/B share 109 MB (~K²M²/np) · owner cre/des 6 · S 3 MB (~KM²/np) · replicated floor 1 MB [stubs 0 (~KM) · H 1 (~M²)]
  OOC scratch  5437 MB on disk  (sum over all ranks)
  Timings (wall 5.5 s)
    build                    [CPU]             1.1 s
      formPQ                 [GPU·CPU·IO]     0.4 s   (GPU 0.1 · IO 0.1 · CPU 0.3)
        transfer             [IO]              0.1 s
        exec-hostprep        [CPU]             0.2 s
        (other)              [CPU]             0.1 s
      [kern] executor reductions (all phases): res-zero 0.0 · gather 0.0 · reduce 0.0 · accumulate 0.0 s
      compS-form-gpu (MPI)   [GPU·CPU·IO]     0.5 s   (GPU 0.0 · IO 0.1 · CPU 0.4)
        recipe (host,replic) [CPU]             0.1 s
        form (gpu+D2H)       [GPU·IO]         0.2 s
        unpack (D2H)         [CPU·IO]         0.1 s
    matvec                   [GPU·CPU·IO]     2.6 s   (GPU 1.6 · IO 0.0 · CPU 1.0)
      gemm                   [GPU]             1.4 s   (8.81 TFLOPS total · 2.20/GPU)
      kern                   [GPU]             0.2 s
      host                   [CPU]             1.0 s
        planEnum             [CPU]             0.3 s
        ctorAlloc(upload)    [CPU·IO]         0.1 s
        ctorGroup            [CPU]             0.2 s
        (other)              [CPU]             0.3 s
    decimate                 [CPU]             0.2 s
      eigh (dist)            [CPU]             0.1 s
    grow                     [GPU·CPU·IO]     0.7 s   (GPU 0.1 · IO 0.0 · CPU 0.6) · 4.37 TFLOPS total · 1.09/GPU
      gpu_proj (project)     [GPU·CPU·IO]     0.6 s
        fap_exec             [GPU·IO]         0.4 s
      (other)                [CPU]             0.1 s
    predict                  [CPU]             0.1 s
    ooc                      [IO]              0.0 s

################## Sweep 2/10 (forward) summary ##################
  Energy       -2987.4185325734 Ha
  dE vs prev sweep  +4.614e-04 Ha
  Discarded weight  1.874e-04  (max over this sweep's decimations)
  Rank 0: Host RAM sweep-peak 1774 MB · VmHWM 2454 MB   VRAM op-pool peak 499 MB · total peak 15542 MB
  Rank 1: Host RAM sweep-peak 1769 MB · VmHWM 2419 MB   VRAM op-pool peak 505 MB · total peak 15522 MB
  Rank 2: Host RAM sweep-peak 1712 MB · VmHWM 2332 MB   VRAM op-pool peak 490 MB · total peak 15478 MB
  Rank 3: Host RAM sweep-peak 1763 MB · VmHWM 2380 MB   VRAM op-pool peak 498 MB · total peak 15656 MB
  Block stores (peak bond, per rank): distributed A/B share 60 MB (~K²M²/np) · owner cre/des 4 · S 2 MB (~KM²/np) · replicated floor 1 MB [stubs 0 (~KM) · H 1 (~M²)]
  OOC scratch  3807 MB on disk  (sum over all ranks)
  Timings (wall 5.0 s)
    build                    [CPU]             0.9 s
      formPQ                 [GPU·CPU·IO]     0.4 s   (GPU 0.1 · IO 0.0 · CPU 0.3)
        exec-hostprep        [CPU]             0.2 s
        (other)              [CPU]             0.1 s
      [kern] executor reductions (all phases): res-zero 0.0 · gather 0.0 · reduce 0.0 · accumulate 0.0 s
      compS-form-gpu (MPI)   [GPU·CPU·IO]     0.4 s   (GPU 0.0 · IO 0.0 · CPU 0.3)
        recipe (host,replic) [CPU]             0.1 s
        form (gpu+D2H)       [GPU·IO]         0.2 s
        unpack (D2H)         [CPU·IO]         0.1 s
    matvec                   [GPU·CPU·IO]     2.6 s   (GPU 1.6 · IO 0.0 · CPU 0.9)
      gemm                   [GPU]             1.4 s   (6.35 TFLOPS total · 1.59/GPU)
      kern                   [GPU]             0.2 s
      host                   [CPU]             0.9 s
        planEnum             [CPU]             0.3 s
        ctorAlloc(upload)    [CPU·IO]         0.1 s
        ctorGroup            [CPU]             0.2 s
        (other)              [CPU]             0.3 s
    decimate                 [CPU]             0.2 s
      eigh (dist)            [CPU]             0.1 s
    grow                     [GPU·CPU·IO]     0.7 s   (GPU 0.1 · IO 0.0 · CPU 0.5) · 4.60 TFLOPS total · 1.15/GPU
      gpu_proj (project)     [GPU·CPU·IO]     0.6 s
        fap_exec             [GPU·IO]         0.4 s
      (other)                [CPU]             0.1 s
    predict                  [CPU]             0.1 s
    ooc                      [IO]              0.0 s

################## Sweep 3/10 (backward) summary ##################
  Energy       -2987.4185642797 Ha
  dE vs prev sweep  -3.171e-05 Ha
  Discarded weight  1.628e-04  (max over this sweep's decimations)
  Rank 0: Host RAM sweep-peak 1777 MB · VmHWM 2454 MB   VRAM op-pool peak 499 MB · total peak 15542 MB
  Rank 1: Host RAM sweep-peak 1779 MB · VmHWM 2419 MB   VRAM op-pool peak 505 MB · total peak 15522 MB
  Rank 2: Host RAM sweep-peak 1717 MB · VmHWM 2332 MB   VRAM op-pool peak 490 MB · total peak 15478 MB
  Rank 3: Host RAM sweep-peak 1770 MB · VmHWM 2380 MB   VRAM op-pool peak 498 MB · total peak 15656 MB
  Block stores (peak bond, per rank): distributed A/B share 60 MB (~K²M²/np) · owner cre/des 4 · S 2 MB (~KM²/np) · replicated floor 1 MB [stubs 0 (~KM) · H 1 (~M²)]
  OOC scratch  3838 MB on disk  (sum over all ranks)
  Timings (wall 5.0 s)
    build                    [CPU]             0.9 s
      formPQ                 [GPU·CPU·IO]     0.4 s   (GPU 0.1 · IO 0.0 · CPU 0.3)
        exec-hostprep        [CPU]             0.2 s
        (other)              [CPU]             0.1 s
      [kern] executor reductions (all phases): res-zero 0.0 · gather 0.0 · reduce 0.0 · accumulate 0.0 s
      compS-form-gpu (MPI)   [GPU·CPU·IO]     0.4 s   (GPU 0.0 · IO 0.0 · CPU 0.4)
        recipe (host,replic) [CPU]             0.1 s
        form (gpu+D2H)       [GPU·IO]         0.2 s
        unpack (D2H)         [CPU·IO]         0.1 s
    matvec                   [GPU·CPU·IO]     2.5 s   (GPU 1.6 · IO 0.0 · CPU 0.9)
      gemm                   [GPU]             1.4 s   (6.65 TFLOPS total · 1.66/GPU)
      kern                   [GPU]             0.2 s
      host                   [CPU]             0.9 s
        planEnum             [CPU]             0.3 s
        ctorAlloc(upload)    [CPU·IO]         0.1 s
        ctorGroup            [CPU]             0.2 s
        (other)              [CPU]             0.3 s
    decimate                 [CPU]             0.2 s
      eigh (dist)            [CPU]             0.1 s
      share (MPI wait)       [CPU·IO]         0.1 s
    grow                     [GPU·CPU·IO]     0.7 s   (GPU 0.1 · IO 0.0 · CPU 0.6) · 4.40 TFLOPS total · 1.10/GPU
      gpu_proj (project)     [GPU·CPU·IO]     0.6 s
        fap_exec             [GPU·IO]         0.4 s
      (other)                [CPU]             0.1 s
    predict                  [CPU]             0.0 s
    ooc                      [IO]              0.0 s

################## Sweep 4/10 (forward) summary ##################
  Energy       -2987.4185652873 Ha
  dE vs prev sweep  -1.008e-06 Ha
  Discarded weight  1.622e-04  (max over this sweep's decimations)
  Rank 0: Host RAM sweep-peak 1789 MB · VmHWM 2454 MB   VRAM op-pool peak 499 MB · total peak 15542 MB
  Rank 1: Host RAM sweep-peak 1778 MB · VmHWM 2419 MB   VRAM op-pool peak 505 MB · total peak 15522 MB
  Rank 2: Host RAM sweep-peak 1720 MB · VmHWM 2332 MB   VRAM op-pool peak 490 MB · total peak 15478 MB
  Rank 3: Host RAM sweep-peak 1770 MB · VmHWM 2380 MB   VRAM op-pool peak 498 MB · total peak 15656 MB
  Block stores (peak bond, per rank): distributed A/B share 60 MB (~K²M²/np) · owner cre/des 4 · S 2 MB (~KM²/np) · replicated floor 1 MB [stubs 0 (~KM) · H 1 (~M²)]
  OOC scratch  3813 MB on disk  (sum over all ranks)
  Timings (wall 5.6 s)
    build                    [CPU]             0.9 s
      formPQ                 [GPU·CPU·IO]     0.4 s   (GPU 0.1 · IO 0.0 · CPU 0.3)
        exec-hostprep        [CPU]             0.2 s
        (other)              [CPU]             0.1 s
      [kern] executor reductions (all phases): res-zero 0.0 · gather 0.0 · reduce 0.0 · accumulate 0.0 s
      compS-form-gpu (MPI)   [GPU·CPU·IO]     0.4 s   (GPU 0.0 · IO 0.0 · CPU 0.4)
        recipe (host,replic) [CPU]             0.1 s
        form (gpu+D2H)       [GPU·IO]         0.2 s
        unpack (D2H)         [CPU·IO]         0.1 s
    matvec                   [GPU·CPU·IO]     2.5 s   (GPU 1.6 · IO 0.0 · CPU 0.9)
      gemm                   [GPU]             1.4 s   (6.51 TFLOPS total · 1.63/GPU)
      kern                   [GPU]             0.2 s
      host                   [CPU]             0.9 s
        planEnum             [CPU]             0.3 s
        ctorAlloc(upload)    [CPU·IO]         0.1 s
        ctorGroup            [CPU]             0.2 s
        (other)              [CPU]             0.3 s
    decimate                 [CPU]             0.2 s
      eigh (dist)            [CPU]             0.1 s
    grow                     [GPU·CPU·IO]     0.7 s   (GPU 0.1 · IO 0.0 · CPU 0.6) · 4.57 TFLOPS total · 1.14/GPU
      gpu_proj (project)     [GPU·CPU·IO]     0.6 s
        fap_exec             [GPU·IO]         0.4 s
      (other)                [CPU]             0.1 s
    predict                  [CPU]             0.1 s
    ooc                      [IO]              0.0 s

################## Sweep 5/10 (backward) summary ##################
  Energy       -2987.4185654470 Ha
  dE vs prev sweep  -1.597e-07 Ha
  Discarded weight  1.600e-04  (max over this sweep's decimations)
  Rank 0: Host RAM sweep-peak 1778 MB · VmHWM 2454 MB   VRAM op-pool peak 499 MB · total peak 15542 MB
  Rank 1: Host RAM sweep-peak 1783 MB · VmHWM 2419 MB   VRAM op-pool peak 505 MB · total peak 15522 MB
  Rank 2: Host RAM sweep-peak 1717 MB · VmHWM 2332 MB   VRAM op-pool peak 490 MB · total peak 15478 MB
  Rank 3: Host RAM sweep-peak 1771 MB · VmHWM 2380 MB   VRAM op-pool peak 498 MB · total peak 15656 MB
  Block stores (peak bond, per rank): distributed A/B share 60 MB (~K²M²/np) · owner cre/des 4 · S 2 MB (~KM²/np) · replicated floor 1 MB [stubs 0 (~KM) · H 1 (~M²)]
  OOC scratch  3789 MB on disk  (sum over all ranks)
  Timings (wall 5.0 s)
    build                    [CPU]             0.9 s
      formPQ                 [GPU·CPU·IO]     0.4 s   (GPU 0.1 · IO 0.0 · CPU 0.3)
        exec-hostprep        [CPU]             0.2 s
        (other)              [CPU]             0.1 s
      [kern] executor reductions (all phases): res-zero 0.0 · gather 0.0 · reduce 0.0 · accumulate 0.0 s
      compS-form-gpu (MPI)   [GPU·CPU·IO]     0.4 s   (GPU 0.0 · IO 0.0 · CPU 0.4)
        recipe (host,replic) [CPU]             0.1 s
        form (gpu+D2H)       [GPU·IO]         0.2 s
        unpack (D2H)         [CPU·IO]         0.1 s
    matvec                   [GPU·CPU·IO]     2.5 s   (GPU 1.6 · IO 0.0 · CPU 0.9)
      gemm                   [GPU]             1.4 s   (6.75 TFLOPS total · 1.69/GPU)
      kern                   [GPU]             0.2 s
      host                   [CPU]             0.9 s
        planEnum             [CPU]             0.3 s
        ctorAlloc(upload)    [CPU·IO]         0.1 s
        ctorGroup            [CPU]             0.2 s
        (other)              [CPU]             0.3 s
    decimate                 [CPU]             0.2 s
      eigh (dist)            [CPU]             0.1 s
    grow                     [GPU·CPU·IO]     0.7 s   (GPU 0.1 · IO 0.0 · CPU 0.6) · 4.34 TFLOPS total · 1.09/GPU
      gpu_proj (project)     [GPU·CPU·IO]     0.6 s
        fap_exec             [GPU·IO]         0.4 s
      (other)                [CPU]             0.1 s
    predict                  [CPU]             0.0 s
    ooc                      [IO]              0.0 s

################## Sweep 6/10 (forward) summary ##################
  Energy       -2987.4185654470 Ha
  dE vs prev sweep  +4.296e-08 Ha
  Discarded weight  1.599e-04  (max over this sweep's decimations)
  Rank 0: Host RAM sweep-peak 1772 MB · VmHWM 2454 MB   VRAM op-pool peak 499 MB · total peak 15542 MB
  Rank 1: Host RAM sweep-peak 1767 MB · VmHWM 2419 MB   VRAM op-pool peak 505 MB · total peak 15522 MB
  Rank 2: Host RAM sweep-peak 1713 MB · VmHWM 2332 MB   VRAM op-pool peak 490 MB · total peak 15478 MB
  Rank 3: Host RAM sweep-peak 1759 MB · VmHWM 2380 MB   VRAM op-pool peak 498 MB · total peak 15656 MB
  Block stores (peak bond, per rank): distributed A/B share 61 MB (~K²M²/np) · owner cre/des 4 · S 2 MB (~KM²/np) · replicated floor 1 MB [stubs 0 (~KM) · H 1 (~M²)]
  OOC scratch  3868 MB on disk  (sum over all ranks)
  Timings (wall 5.0 s)
    build                    [CPU]             0.9 s
      formPQ                 [GPU·CPU·IO]     0.4 s   (GPU 0.1 · IO 0.0 · CPU 0.3)
        exec-hostprep        [CPU]             0.2 s
        (other)              [CPU]             0.1 s
      [kern] executor reductions (all phases): res-zero 0.0 · gather 0.0 · reduce 0.0 · accumulate 0.0 s
      compS-form-gpu (MPI)   [GPU·CPU·IO]     0.4 s   (GPU 0.0 · IO 0.0 · CPU 0.4)
        recipe (host,replic) [CPU]             0.1 s
        form (gpu+D2H)       [GPU·IO]         0.2 s
        unpack (D2H)         [CPU·IO]         0.1 s
    matvec                   [GPU·CPU·IO]     2.5 s   (GPU 1.6 · IO 0.0 · CPU 0.9)
      gemm                   [GPU]             1.4 s   (6.56 TFLOPS total · 1.64/GPU)
      kern                   [GPU]             0.2 s
      host                   [CPU]             0.9 s
        planEnum             [CPU]             0.3 s
        ctorAlloc(upload)    [CPU·IO]         0.1 s
        ctorGroup            [CPU]             0.2 s
        (other)              [CPU]             0.3 s
    decimate                 [CPU]             0.2 s
      eigh (dist)            [CPU]             0.1 s
    grow                     [GPU·CPU·IO]     0.7 s   (GPU 0.1 · IO 0.0 · CPU 0.6) · 4.48 TFLOPS total · 1.12/GPU
      gpu_proj (project)     [GPU·CPU·IO]     0.6 s
        fap_exec             [GPU·IO]         0.4 s
      (other)                [CPU]             0.1 s
    predict                  [CPU]             0.1 s
    ooc                      [IO]              0.0 s

################## Sweep 7/10 (backward) summary ##################
  Energy       -2987.4185654470 Ha
  dE vs prev sweep  +2.371e-07 Ha
  Discarded weight  1.587e-04  (max over this sweep's decimations)
  Rank 0: Host RAM sweep-peak 1776 MB · VmHWM 2454 MB   VRAM op-pool peak 499 MB · total peak 15542 MB
  Rank 1: Host RAM sweep-peak 1776 MB · VmHWM 2419 MB   VRAM op-pool peak 505 MB · total peak 15522 MB
  Rank 2: Host RAM sweep-peak 1718 MB · VmHWM 2332 MB   VRAM op-pool peak 490 MB · total peak 15478 MB
  Rank 3: Host RAM sweep-peak 1764 MB · VmHWM 2380 MB   VRAM op-pool peak 498 MB · total peak 15656 MB
  Block stores (peak bond, per rank): distributed A/B share 60 MB (~K²M²/np) · owner cre/des 4 · S 2 MB (~KM²/np) · replicated floor 1 MB [stubs 0 (~KM) · H 1 (~M²)]
  OOC scratch  3855 MB on disk  (sum over all ranks)
  Timings (wall 5.0 s)
    build                    [CPU]             0.9 s
      formPQ                 [GPU·CPU·IO]     0.4 s   (GPU 0.1 · IO 0.0 · CPU 0.3)
        exec-hostprep        [CPU]             0.2 s
        (other)              [CPU]             0.1 s
      [kern] executor reductions (all phases): res-zero 0.0 · gather 0.0 · reduce 0.0 · accumulate 0.0 s
      compS-form-gpu (MPI)   [GPU·CPU·IO]     0.4 s   (GPU 0.0 · IO 0.0 · CPU 0.4)
        recipe (host,replic) [CPU]             0.1 s
        form (gpu+D2H)       [GPU·IO]         0.2 s
        unpack (D2H)         [CPU·IO]         0.1 s
    matvec                   [GPU·CPU·IO]     2.5 s   (GPU 1.6 · IO 0.0 · CPU 0.9)
      gemm                   [GPU]             1.4 s   (6.74 TFLOPS total · 1.69/GPU)
      kern                   [GPU]             0.2 s
      host                   [CPU]             0.9 s
        planEnum             [CPU]             0.3 s
        ctorAlloc(upload)    [CPU·IO]         0.1 s
        ctorGroup            [CPU]             0.2 s
        (other)              [CPU]             0.3 s
    decimate                 [CPU]             0.2 s
      eigh (dist)            [CPU]             0.1 s
    grow                     [GPU·CPU·IO]     0.7 s   (GPU 0.1 · IO 0.0 · CPU 0.6) · 4.42 TFLOPS total · 1.10/GPU
      gpu_proj (project)     [GPU·CPU·IO]     0.6 s
        fap_exec             [GPU·IO]         0.4 s
      (other)                [CPU]             0.1 s
    predict                  [CPU]             0.0 s
    ooc                      [IO]              0.0 s

################## Sweep 8/10 (forward) summary ##################
  Energy       -2987.4185654470 Ha
  dE vs prev sweep  +2.622e-08 Ha
  Discarded weight  1.587e-04  (max over this sweep's decimations)
  Rank 0: Host RAM sweep-peak 1783 MB · VmHWM 2454 MB   VRAM op-pool peak 499 MB · total peak 15542 MB
  Rank 1: Host RAM sweep-peak 1777 MB · VmHWM 2419 MB   VRAM op-pool peak 505 MB · total peak 15522 MB
  Rank 2: Host RAM sweep-peak 1730 MB · VmHWM 2332 MB   VRAM op-pool peak 490 MB · total peak 15478 MB
  Rank 3: Host RAM sweep-peak 1770 MB · VmHWM 2380 MB   VRAM op-pool peak 498 MB · total peak 15656 MB
  Block stores (peak bond, per rank): distributed A/B share 60 MB (~K²M²/np) · owner cre/des 4 · S 2 MB (~KM²/np) · replicated floor 1 MB [stubs 0 (~KM) · H 1 (~M²)]
  OOC scratch  3887 MB on disk  (sum over all ranks)
  Timings (wall 5.0 s)
    build                    [CPU]             0.9 s
      formPQ                 [GPU·CPU·IO]     0.4 s   (GPU 0.1 · IO 0.0 · CPU 0.3)
        exec-hostprep        [CPU]             0.2 s
        (other)              [CPU]             0.1 s
      [kern] executor reductions (all phases): res-zero 0.0 · gather 0.0 · reduce 0.0 · accumulate 0.0 s
      compS-form-gpu (MPI)   [GPU·CPU·IO]     0.4 s   (GPU 0.0 · IO 0.0 · CPU 0.3)
        recipe (host,replic) [CPU]             0.1 s
        form (gpu+D2H)       [GPU·IO]         0.2 s
        unpack (D2H)         [CPU·IO]         0.1 s
    matvec                   [GPU·CPU·IO]     2.5 s   (GPU 1.6 · IO 0.0 · CPU 0.9)
      gemm                   [GPU]             1.4 s   (6.56 TFLOPS total · 1.64/GPU)
      kern                   [GPU]             0.2 s
      host                   [CPU]             0.9 s
        planEnum             [CPU]             0.3 s
        ctorAlloc(upload)    [CPU·IO]         0.1 s
        ctorGroup            [CPU]             0.2 s
        (other)              [CPU]             0.3 s
    decimate                 [CPU]             0.2 s
      eigh (dist)            [CPU]             0.1 s
    grow                     [GPU·CPU·IO]     0.7 s   (GPU 0.1 · IO 0.0 · CPU 0.6) · 4.56 TFLOPS total · 1.14/GPU
      gpu_proj (project)     [GPU·CPU·IO]     0.6 s
        fap_exec             [GPU·IO]         0.4 s
      (other)                [CPU]             0.1 s
    predict                  [CPU]             0.1 s
    ooc                      [IO]              0.0 s

################## Sweep 9/10 (backward) summary ##################
  Energy       -2987.4185654470 Ha
  dE vs prev sweep  -1.197e-07 Ha
  Discarded weight  1.576e-04  (max over this sweep's decimations)
  Rank 0: Host RAM sweep-peak 1777 MB · VmHWM 2454 MB   VRAM op-pool peak 499 MB · total peak 15542 MB
  Rank 1: Host RAM sweep-peak 1786 MB · VmHWM 2419 MB   VRAM op-pool peak 505 MB · total peak 15522 MB
  Rank 2: Host RAM sweep-peak 1717 MB · VmHWM 2332 MB   VRAM op-pool peak 490 MB · total peak 15478 MB
  Rank 3: Host RAM sweep-peak 1770 MB · VmHWM 2380 MB   VRAM op-pool peak 498 MB · total peak 15656 MB
  Block stores (peak bond, per rank): distributed A/B share 60 MB (~K²M²/np) · owner cre/des 4 · S 2 MB (~KM²/np) · replicated floor 1 MB [stubs 0 (~KM) · H 1 (~M²)]
  OOC scratch  3796 MB on disk  (sum over all ranks)
  Timings (wall 5.6 s)
    build                    [CPU]             0.9 s
      formPQ                 [GPU·CPU·IO]     0.4 s   (GPU 0.1 · IO 0.0 · CPU 0.3)
        exec-hostprep        [CPU]             0.2 s
        (other)              [CPU]             0.1 s
      [kern] executor reductions (all phases): res-zero 0.0 · gather 0.0 · reduce 0.0 · accumulate 0.0 s
      compS-form-gpu (MPI)   [GPU·CPU·IO]     0.4 s   (GPU 0.0 · IO 0.0 · CPU 0.4)
        recipe (host,replic) [CPU]             0.1 s
        form (gpu+D2H)       [GPU·IO]         0.2 s
        unpack (D2H)         [CPU·IO]         0.1 s
    matvec                   [GPU·CPU·IO]     2.5 s   (GPU 1.5 · IO 0.0 · CPU 0.9)
      gemm                   [GPU]             1.3 s   (6.75 TFLOPS total · 1.69/GPU)
      kern                   [GPU]             0.2 s
      host                   [CPU]             0.9 s
        planEnum             [CPU]             0.3 s
        ctorAlloc(upload)    [CPU·IO]         0.1 s
        ctorGroup            [CPU]             0.2 s
        (other)              [CPU]             0.3 s
    decimate                 [CPU]             0.2 s
      eigh (dist)            [CPU]             0.1 s
    grow                     [GPU·CPU·IO]     0.7 s   (GPU 0.1 · IO 0.0 · CPU 0.6) · 4.38 TFLOPS total · 1.10/GPU
      gpu_proj (project)     [GPU·CPU·IO]     0.6 s
        fap_exec             [GPU·IO]         0.4 s
      (other)                [CPU]             0.1 s
    predict                  [CPU]             0.0 s
    ooc                      [IO]              0.0 s

################## Sweep 10/10 (forward) summary ##################
  Energy       -2987.4185662888 Ha
  dE vs prev sweep  -1.028e-06 Ha
  Discarded weight  1.579e-04  (max over this sweep's decimations)
  Rank 0: Host RAM sweep-peak 1768 MB · VmHWM 2454 MB   VRAM op-pool peak 499 MB · total peak 15542 MB
  Rank 1: Host RAM sweep-peak 1774 MB · VmHWM 2419 MB   VRAM op-pool peak 505 MB · total peak 15522 MB
  Rank 2: Host RAM sweep-peak 1714 MB · VmHWM 2332 MB   VRAM op-pool peak 490 MB · total peak 15478 MB
  Rank 3: Host RAM sweep-peak 1764 MB · VmHWM 2380 MB   VRAM op-pool peak 498 MB · total peak 15656 MB
  Block stores (peak bond, per rank): distributed A/B share 60 MB (~K²M²/np) · owner cre/des 4 · S 2 MB (~KM²/np) · replicated floor 1 MB [stubs 0 (~KM) · H 1 (~M²)]
  OOC scratch  3797 MB on disk  (sum over all ranks)
  Timings (wall 5.0 s)
    build                    [CPU]             0.9 s
      formPQ                 [GPU·CPU·IO]     0.4 s   (GPU 0.1 · IO 0.0 · CPU 0.3)
        exec-hostprep        [CPU]             0.2 s
        (other)              [CPU]             0.1 s
      [kern] executor reductions (all phases): res-zero 0.0 · gather 0.0 · reduce 0.0 · accumulate 0.0 s
      compS-form-gpu (MPI)   [GPU·CPU·IO]     0.4 s   (GPU 0.0 · IO 0.0 · CPU 0.4)
        recipe (host,replic) [CPU]             0.1 s
        form (gpu+D2H)       [GPU·IO]         0.2 s
        unpack (D2H)         [CPU·IO]         0.1 s
    matvec                   [GPU·CPU·IO]     2.5 s   (GPU 1.6 · IO 0.0 · CPU 0.9)
      gemm                   [GPU]             1.4 s   (6.59 TFLOPS total · 1.65/GPU)
      kern                   [GPU]             0.2 s
      host                   [CPU]             0.9 s
        planEnum             [CPU]             0.3 s
        ctorAlloc(upload)    [CPU·IO]         0.1 s
        ctorGroup            [CPU]             0.2 s
        (other)              [CPU]             0.3 s
    decimate                 [CPU]             0.2 s
      eigh (dist)            [CPU]             0.1 s
    grow                     [GPU·CPU·IO]     0.7 s   (GPU 0.1 · IO 0.0 · CPU 0.6) · 4.43 TFLOPS total · 1.11/GPU
      gpu_proj (project)     [GPU·CPU·IO]     0.6 s
        fap_exec             [GPU·IO]         0.4 s
      (other)                [CPU]             0.1 s
    predict                  [CPU]             0.0 s
    ooc                      [IO]              0.0 s
[qops] WARNING: energy NOT converged after 10 sweeps: |dE| = 1.028e-06 >= e_conv = 1.000e-09

################## Run total ##################
  10 sweep(s) + warmup: 51.7 s wall · final E -2987.4185662888 Ha · VmHWM 2454 MB
  ooc async residual wait (not hidden behind compute): save 0.1 · load 0.6 s (1% of runtime)
[rc] ladder BD=600 done
[qops] MPI np=4 · GPU=on · device collectives: NCCL (NVLink/GPUDirect)
[qops] A/B host-offload: ON (stubs + pager spill)

################## Sweep 1/10 (backward) summary ##################
  Energy       -2987.4183683587 Ha
  Discarded weight  4.625e-04  (max over this sweep's decimations)
  Rank 0: Host RAM sweep-peak 1675 MB · VmHWM 2454 MB   VRAM op-pool peak 499 MB · total peak 15542 MB
  Rank 1: Host RAM sweep-peak 1675 MB · VmHWM 2419 MB   VRAM op-pool peak 505 MB · total peak 15522 MB
  Rank 2: Host RAM sweep-peak 1607 MB · VmHWM 2332 MB   VRAM op-pool peak 490 MB · total peak 15478 MB
  Rank 3: Host RAM sweep-peak 1659 MB · VmHWM 2380 MB   VRAM op-pool peak 498 MB · total peak 15656 MB
  Block stores (peak bond, per rank): distributed A/B share 60 MB (~K²M²/np) · owner cre/des 3 · S 2 MB (~KM²/np) · replicated floor 1 MB [stubs 0 (~KM) · H 1 (~M²)]
  OOC scratch  2948 MB on disk  (sum over all ranks)
  Timings (wall 4.5 s)
    build                    [CPU]             0.9 s
      formPQ                 [GPU·CPU·IO]     0.4 s   (GPU 0.1 · IO 0.0 · CPU 0.3)
        exec-hostprep        [CPU]             0.2 s
        (other)              [CPU]             0.1 s
      [kern] executor reductions (all phases): res-zero 0.0 · gather 0.0 · reduce 0.0 · accumulate 0.0 s
      compS-form-gpu (MPI)   [GPU·CPU·IO]     0.4 s   (GPU 0.0 · IO 0.0 · CPU 0.3)
        recipe (host,replic) [CPU]             0.1 s
        form (gpu+D2H)       [GPU·IO]         0.2 s
        unpack (D2H)         [CPU·IO]         0.1 s
    matvec                   [GPU·CPU·IO]     2.3 s   (GPU 1.5 · IO 0.0 · CPU 0.9)
      gemm                   [GPU]             1.3 s   (4.03 TFLOPS total · 1.01/GPU)
      kern                   [GPU]             0.2 s
      host                   [CPU]             0.9 s
        planEnum             [CPU]             0.3 s
        ctorAlloc(upload)    [CPU·IO]         0.1 s
        ctorGroup            [CPU]             0.2 s
        (other)              [CPU]             0.3 s
    decimate                 [CPU]             0.1 s
      eigh (dist)            [CPU]             0.1 s
    grow                     [GPU·CPU·IO]     0.6 s   (GPU 0.1 · IO 0.0 · CPU 0.5) · 1.73 TFLOPS total · 0.43/GPU
      gpu_proj (project)     [GPU·CPU·IO]     0.5 s
        fap_exec             [GPU·IO]         0.3 s
      (other)                [CPU]             0.1 s
    predict                  [CPU]             0.0 s
    ooc                      [IO]              0.0 s

################## Sweep 2/10 (forward) summary ##################
  Energy       -2987.4173237953 Ha
  dE vs prev sweep  +1.045e-03 Ha
  Discarded weight  2.211e-04  (max over this sweep's decimations)
  Rank 0: Host RAM sweep-peak 1657 MB · VmHWM 2454 MB   VRAM op-pool peak 499 MB · total peak 15542 MB
  Rank 1: Host RAM sweep-peak 1657 MB · VmHWM 2419 MB   VRAM op-pool peak 505 MB · total peak 15522 MB
  Rank 2: Host RAM sweep-peak 1597 MB · VmHWM 2332 MB   VRAM op-pool peak 490 MB · total peak 15478 MB
  Rank 3: Host RAM sweep-peak 1650 MB · VmHWM 2380 MB   VRAM op-pool peak 498 MB · total peak 15656 MB
  Block stores (peak bond, per rank): distributed A/B share 27 MB (~K²M²/np) · owner cre/des 2 · S 1 MB (~KM²/np) · replicated floor 0 MB [stubs 0 (~KM) · H 0 (~M²)]
  OOC scratch  1941 MB on disk  (sum over all ranks)
  Timings (wall 4.3 s)
    build                    [CPU]             0.7 s
      formPQ                 [GPU·CPU·IO]     0.3 s   (GPU 0.0 · IO 0.0 · CPU 0.3)
        exec-hostprep        [CPU]             0.2 s
        (other)              [CPU]             0.1 s
      [kern] executor reductions (all phases): res-zero 0.0 · gather 0.0 · reduce 0.0 · accumulate 0.0 s
      compS-form-gpu (MPI)   [GPU·CPU·IO]     0.3 s   (GPU 0.0 · IO 0.0 · CPU 0.2)
        recipe (host,replic) [CPU]             0.1 s
        form (gpu+D2H)       [GPU·IO]         0.1 s
    matvec                   [GPU·CPU·IO]     2.4 s   (GPU 1.6 · IO 0.0 · CPU 0.8)
      gemm                   [GPU]             1.4 s   (2.29 TFLOPS total · 0.57/GPU)
      kern                   [GPU]             0.2 s
      host                   [CPU]             0.8 s
        planEnum             [CPU]             0.3 s
        ctorAlloc(upload)    [CPU·IO]         0.1 s
        ctorGroup            [CPU]             0.2 s
        (other)              [CPU]             0.2 s
    decimate                 [CPU]             0.1 s
      eigh (dist)            [CPU]             0.1 s
    grow                     [GPU·CPU·IO]     0.6 s   (GPU 0.1 · IO 0.0 · CPU 0.5) · 1.71 TFLOPS total · 0.43/GPU
      gpu_proj (project)     [GPU·CPU·IO]     0.5 s
        fap_exec             [GPU·IO]         0.3 s
      (other)                [CPU]             0.1 s
    predict                  [CPU]             0.0 s
    ooc                      [IO]              0.0 s

################## Sweep 3/10 (backward) summary ##################
  Energy       -2987.4173988940 Ha
  dE vs prev sweep  -7.510e-05 Ha
  Discarded weight  1.955e-04  (max over this sweep's decimations)
  Rank 0: Host RAM sweep-peak 1657 MB · VmHWM 2454 MB   VRAM op-pool peak 499 MB · total peak 15542 MB
  Rank 1: Host RAM sweep-peak 1652 MB · VmHWM 2419 MB   VRAM op-pool peak 505 MB · total peak 15522 MB
  Rank 2: Host RAM sweep-peak 1592 MB · VmHWM 2332 MB   VRAM op-pool peak 490 MB · total peak 15478 MB
  Rank 3: Host RAM sweep-peak 1644 MB · VmHWM 2380 MB   VRAM op-pool peak 498 MB · total peak 15656 MB
  Block stores (peak bond, per rank): distributed A/B share 27 MB (~K²M²/np) · owner cre/des 2 · S 1 MB (~KM²/np) · replicated floor 0 MB [stubs 0 (~KM) · H 0 (~M²)]
  OOC scratch  1890 MB on disk  (sum over all ranks)
  Timings (wall 4.2 s)
    build                    [CPU]             0.7 s
      formPQ                 [GPU·CPU·IO]     0.3 s   (GPU 0.0 · IO 0.0 · CPU 0.3)
        exec-hostprep        [CPU]             0.2 s
        (other)              [CPU]             0.1 s
      [kern] executor reductions (all phases): res-zero 0.0 · gather 0.0 · reduce 0.0 · accumulate 0.0 s
      compS-form-gpu (MPI)   [GPU·CPU·IO]     0.3 s   (GPU 0.0 · IO 0.0 · CPU 0.3)
        recipe (host,replic) [CPU]             0.1 s
        form (gpu+D2H)       [GPU·IO]         0.1 s
        unpack (D2H)         [CPU·IO]         0.1 s
    matvec                   [GPU·CPU·IO]     2.4 s   (GPU 1.6 · IO 0.0 · CPU 0.8)
      gemm                   [GPU]             1.4 s   (2.34 TFLOPS total · 0.59/GPU)
      kern                   [GPU]             0.2 s
      host                   [CPU]             0.8 s
        planEnum             [CPU]             0.3 s
        ctorAlloc(upload)    [CPU·IO]         0.1 s
        ctorGroup            [CPU]             0.2 s
        (other)              [CPU]             0.2 s
    decimate                 [CPU]             0.1 s
      eigh (dist)            [CPU]             0.1 s
    grow                     [GPU·CPU·IO]     0.6 s   (GPU 0.1 · IO 0.0 · CPU 0.5) · 1.73 TFLOPS total · 0.43/GPU
      gpu_proj (project)     [GPU·CPU·IO]     0.5 s
        fap_exec             [GPU·IO]         0.3 s
      (other)                [CPU]             0.1 s
    predict                  [CPU]             0.0 s
    ooc                      [IO]              0.0 s

################## Sweep 4/10 (forward) summary ##################
  Energy       -2987.4174065791 Ha
  dE vs prev sweep  -7.685e-06 Ha
  Discarded weight  1.934e-04  (max over this sweep's decimations)
  Rank 0: Host RAM sweep-peak 1652 MB · VmHWM 2454 MB   VRAM op-pool peak 499 MB · total peak 15542 MB
  Rank 1: Host RAM sweep-peak 1642 MB · VmHWM 2419 MB   VRAM op-pool peak 505 MB · total peak 15522 MB
  Rank 2: Host RAM sweep-peak 1588 MB · VmHWM 2332 MB   VRAM op-pool peak 490 MB · total peak 15478 MB
  Rank 3: Host RAM sweep-peak 1644 MB · VmHWM 2380 MB   VRAM op-pool peak 498 MB · total peak 15656 MB
  Block stores (peak bond, per rank): distributed A/B share 27 MB (~K²M²/np) · owner cre/des 2 · S 1 MB (~KM²/np) · replicated floor 0 MB [stubs 0 (~KM) · H 0 (~M²)]
  OOC scratch  1897 MB on disk  (sum over all ranks)
  Timings (wall 4.2 s)
    build                    [CPU]             0.7 s
      formPQ                 [GPU·CPU·IO]     0.3 s   (GPU 0.0 · IO 0.0 · CPU 0.3)
        exec-hostprep        [CPU]             0.2 s
        (other)              [CPU]             0.1 s
      [kern] executor reductions (all phases): res-zero 0.0 · gather 0.0 · reduce 0.0 · accumulate 0.0 s
      compS-form-gpu (MPI)   [GPU·CPU·IO]     0.3 s   (GPU 0.0 · IO 0.0 · CPU 0.2)
        recipe (host,replic) [CPU]             0.1 s
        form (gpu+D2H)       [GPU·IO]         0.1 s
    matvec                   [GPU·CPU·IO]     2.4 s   (GPU 1.5 · IO 0.0 · CPU 0.8)
      gemm                   [GPU]             1.4 s   (2.37 TFLOPS total · 0.59/GPU)
      kern                   [GPU]             0.2 s
      host                   [CPU]             0.8 s
        planEnum             [CPU]             0.3 s
        ctorAlloc(upload)    [CPU·IO]         0.1 s
        ctorGroup            [CPU]             0.2 s
        (other)              [CPU]             0.2 s
    decimate                 [CPU]             0.1 s
      eigh (dist)            [CPU]             0.1 s
    grow                     [GPU·CPU·IO]     0.6 s   (GPU 0.1 · IO 0.0 · CPU 0.5) · 1.70 TFLOPS total · 0.43/GPU
      gpu_proj (project)     [GPU·CPU·IO]     0.5 s
        fap_exec             [GPU·IO]         0.3 s
      (other)                [CPU]             0.1 s
    predict                  [CPU]             0.0 s
    ooc                      [IO]              0.0 s

################## Sweep 5/10 (backward) summary ##################
  Energy       -2987.4174076389 Ha
  dE vs prev sweep  -1.060e-06 Ha
  Discarded weight  1.897e-04  (max over this sweep's decimations)
  Rank 0: Host RAM sweep-peak 1660 MB · VmHWM 2454 MB   VRAM op-pool peak 499 MB · total peak 15542 MB
  Rank 1: Host RAM sweep-peak 1650 MB · VmHWM 2419 MB   VRAM op-pool peak 505 MB · total peak 15522 MB
  Rank 2: Host RAM sweep-peak 1598 MB · VmHWM 2332 MB   VRAM op-pool peak 490 MB · total peak 15478 MB
  Rank 3: Host RAM sweep-peak 1654 MB · VmHWM 2380 MB   VRAM op-pool peak 498 MB · total peak 15656 MB
  Block stores (peak bond, per rank): distributed A/B share 27 MB (~K²M²/np) · owner cre/des 2 · S 1 MB (~KM²/np) · replicated floor 0 MB [stubs 0 (~KM) · H 0 (~M²)]
  OOC scratch  1890 MB on disk  (sum over all ranks)
  Timings (wall 4.2 s)
    build                    [CPU]             0.7 s
      formPQ                 [GPU·CPU·IO]     0.3 s   (GPU 0.0 · IO 0.0 · CPU 0.2)
        exec-hostprep        [CPU]             0.2 s
        (other)              [CPU]             0.1 s
      [kern] executor reductions (all phases): res-zero 0.0 · gather 0.0 · reduce 0.0 · accumulate 0.0 s
      compS-form-gpu (MPI)   [GPU·CPU·IO]     0.3 s   (GPU 0.0 · IO 0.0 · CPU 0.3)
        recipe (host,replic) [CPU]             0.1 s
        form (gpu+D2H)       [GPU·IO]         0.1 s
        unpack (D2H)         [CPU·IO]         0.1 s
    matvec                   [GPU·CPU·IO]     2.3 s   (GPU 1.5 · IO 0.0 · CPU 0.8)
      gemm                   [GPU]             1.3 s   (2.43 TFLOPS total · 0.61/GPU)
      kern                   [GPU]             0.2 s
      host                   [CPU]             0.8 s
        planEnum             [CPU]             0.3 s
        ctorAlloc(upload)    [CPU·IO]         0.1 s
        ctorGroup            [CPU]             0.2 s
        (other)              [CPU]             0.2 s
    decimate                 [CPU]             0.1 s
      eigh (dist)            [CPU]             0.1 s
    grow                     [GPU·CPU·IO]     0.6 s   (GPU 0.1 · IO 0.0 · CPU 0.5) · 1.74 TFLOPS total · 0.43/GPU
      gpu_proj (project)     [GPU·CPU·IO]     0.5 s
        fap_exec             [GPU·IO]         0.3 s
      (other)                [CPU]             0.1 s
    predict                  [CPU]             0.0 s
    ooc                      [IO]              0.0 s

################## Sweep 6/10 (forward) summary ##################
  Energy       -2987.4174083450 Ha
  dE vs prev sweep  -7.062e-07 Ha
  Discarded weight  1.895e-04  (max over this sweep's decimations)
  Rank 0: Host RAM sweep-peak 1656 MB · VmHWM 2454 MB   VRAM op-pool peak 499 MB · total peak 15542 MB
  Rank 1: Host RAM sweep-peak 1644 MB · VmHWM 2419 MB   VRAM op-pool peak 505 MB · total peak 15522 MB
  Rank 2: Host RAM sweep-peak 1596 MB · VmHWM 2332 MB   VRAM op-pool peak 490 MB · total peak 15478 MB
  Rank 3: Host RAM sweep-peak 1650 MB · VmHWM 2380 MB   VRAM op-pool peak 498 MB · total peak 15656 MB
  Block stores (peak bond, per rank): distributed A/B share 27 MB (~K²M²/np) · owner cre/des 2 · S 1 MB (~KM²/np) · replicated floor 0 MB [stubs 0 (~KM) · H 0 (~M²)]
  OOC scratch  1905 MB on disk  (sum over all ranks)
  Timings (wall 4.9 s)
    build                    [CPU]             0.8 s
      formPQ                 [GPU·CPU·IO]     0.4 s   (GPU 0.0 · IO 0.0 · CPU 0.3)
        exec-hostprep        [CPU]             0.2 s
        (other)              [CPU]             0.1 s
      [kern] executor reductions (all phases): res-zero 0.0 · gather 0.0 · reduce 0.0 · accumulate 0.0 s
      compS-form-gpu (MPI)   [GPU·CPU·IO]     0.3 s   (GPU 0.0 · IO 0.0 · CPU 0.3)
        recipe (host,replic) [CPU]             0.1 s
        form (gpu+D2H)       [GPU·IO]         0.1 s
    matvec                   [GPU·CPU·IO]     2.4 s   (GPU 1.5 · IO 0.0 · CPU 0.8)
      gemm                   [GPU]             1.3 s   (2.38 TFLOPS total · 0.60/GPU)
      kern                   [GPU]             0.2 s
      host                   [CPU]             0.8 s
        planEnum             [CPU]             0.3 s
        ctorAlloc(upload)    [CPU·IO]         0.1 s
        ctorGroup            [CPU]             0.2 s
        (other)              [CPU]             0.3 s
    decimate                 [CPU]             0.1 s
      eigh (dist)            [CPU]             0.1 s
    grow                     [GPU·CPU·IO]     0.6 s   (GPU 0.1 · IO 0.0 · CPU 0.5) · 1.72 TFLOPS total · 0.43/GPU
      gpu_proj (project)     [GPU·CPU·IO]     0.5 s
        fap_exec             [GPU·IO]         0.3 s
      (other)                [CPU]             0.1 s
    predict                  [CPU]             0.0 s
    ooc                      [IO]              0.0 s

################## Sweep 7/10 (backward) summary ##################
  Energy       -2987.4174083450 Ha
  dE vs prev sweep  +3.548e-07 Ha
  Discarded weight  1.885e-04  (max over this sweep's decimations)
  Rank 0: Host RAM sweep-peak 1664 MB · VmHWM 2454 MB   VRAM op-pool peak 499 MB · total peak 15542 MB
  Rank 1: Host RAM sweep-peak 1655 MB · VmHWM 2419 MB   VRAM op-pool peak 505 MB · total peak 15522 MB
  Rank 2: Host RAM sweep-peak 1598 MB · VmHWM 2332 MB   VRAM op-pool peak 490 MB · total peak 15478 MB
  Rank 3: Host RAM sweep-peak 1649 MB · VmHWM 2380 MB   VRAM op-pool peak 498 MB · total peak 15656 MB
  Block stores (peak bond, per rank): distributed A/B share 27 MB (~K²M²/np) · owner cre/des 2 · S 1 MB (~KM²/np) · replicated floor 0 MB [stubs 0 (~KM) · H 0 (~M²)]
  OOC scratch  1924 MB on disk  (sum over all ranks)
  Timings (wall 4.2 s)
    build                    [CPU]             0.7 s
      formPQ                 [GPU·CPU·IO]     0.3 s   (GPU 0.0 · IO 0.0 · CPU 0.3)
        exec-hostprep        [CPU]             0.2 s
        (other)              [CPU]             0.1 s
      [kern] executor reductions (all phases): res-zero 0.0 · gather 0.0 · reduce 0.0 · accumulate 0.0 s
      compS-form-gpu (MPI)   [GPU·CPU·IO]     0.3 s   (GPU 0.0 · IO 0.0 · CPU 0.3)
        recipe (host,replic) [CPU]             0.1 s
        form (gpu+D2H)       [GPU·IO]         0.1 s
        unpack (D2H)         [CPU·IO]         0.1 s
    matvec                   [GPU·CPU·IO]     2.3 s   (GPU 1.5 · IO 0.0 · CPU 0.8)
      gemm                   [GPU]             1.3 s   (2.44 TFLOPS total · 0.61/GPU)
      kern                   [GPU]             0.2 s
      host                   [CPU]             0.8 s
        planEnum             [CPU]             0.3 s
        ctorAlloc(upload)    [CPU·IO]         0.1 s
        ctorGroup            [CPU]             0.2 s
        (other)              [CPU]             0.2 s
    decimate                 [CPU]             0.1 s
      eigh (dist)            [CPU]             0.1 s
    grow                     [GPU·CPU·IO]     0.6 s   (GPU 0.1 · IO 0.0 · CPU 0.5) · 1.81 TFLOPS total · 0.45/GPU
      gpu_proj (project)     [GPU·CPU·IO]     0.5 s
        fap_exec             [GPU·IO]         0.3 s
      (other)                [CPU]             0.1 s
    predict                  [CPU]             0.0 s
    ooc                      [IO]              0.0 s

################## Sweep 8/10 (forward) summary ##################
  Energy       -2987.4174083450 Ha
  dE vs prev sweep  -2.277e-07 Ha
  Discarded weight  1.885e-04  (max over this sweep's decimations)
  Rank 0: Host RAM sweep-peak 1657 MB · VmHWM 2454 MB   VRAM op-pool peak 499 MB · total peak 15542 MB
  Rank 1: Host RAM sweep-peak 1644 MB · VmHWM 2419 MB   VRAM op-pool peak 505 MB · total peak 15522 MB
  Rank 2: Host RAM sweep-peak 1596 MB · VmHWM 2332 MB   VRAM op-pool peak 490 MB · total peak 15478 MB
  Rank 3: Host RAM sweep-peak 1648 MB · VmHWM 2380 MB   VRAM op-pool peak 498 MB · total peak 15656 MB
  Block stores (peak bond, per rank): distributed A/B share 28 MB (~K²M²/np) · owner cre/des 2 · S 1 MB (~KM²/np) · replicated floor 0 MB [stubs 0 (~KM) · H 0 (~M²)]
  OOC scratch  1911 MB on disk  (sum over all ranks)
  Timings (wall 4.2 s)
    build                    [CPU]             0.7 s
      formPQ                 [GPU·CPU·IO]     0.3 s   (GPU 0.0 · IO 0.0 · CPU 0.3)
        exec-hostprep        [CPU]             0.2 s
        (other)              [CPU]             0.1 s
      [kern] executor reductions (all phases): res-zero 0.0 · gather 0.0 · reduce 0.0 · accumulate 0.0 s
      compS-form-gpu (MPI)   [GPU·CPU·IO]     0.3 s   (GPU 0.0 · IO 0.0 · CPU 0.3)
        recipe (host,replic) [CPU]             0.1 s
        form (gpu+D2H)       [GPU·IO]         0.1 s
    matvec                   [GPU·CPU·IO]     2.3 s   (GPU 1.5 · IO 0.0 · CPU 0.8)
      gemm                   [GPU]             1.3 s   (2.39 TFLOPS total · 0.60/GPU)
      kern                   [GPU]             0.2 s
      host                   [CPU]             0.8 s
        planEnum             [CPU]             0.3 s
        ctorAlloc(upload)    [CPU·IO]         0.1 s
        ctorGroup            [CPU]             0.2 s
        (other)              [CPU]             0.2 s
    decimate                 [CPU]             0.1 s
      eigh (dist)            [CPU]             0.1 s
    grow                     [GPU·CPU·IO]     0.6 s   (GPU 0.1 · IO 0.0 · CPU 0.5) · 1.74 TFLOPS total · 0.44/GPU
      gpu_proj (project)     [GPU·CPU·IO]     0.5 s
        fap_exec             [GPU·IO]         0.3 s
      (other)                [CPU]             0.1 s
    predict                  [CPU]             0.0 s
    ooc                      [IO]              0.0 s

################## Sweep 9/10 (backward) summary ##################
  Energy       -2987.4174083450 Ha
  dE vs prev sweep  +4.566e-09 Ha
  Discarded weight  1.881e-04  (max over this sweep's decimations)
  Rank 0: Host RAM sweep-peak 1660 MB · VmHWM 2454 MB   VRAM op-pool peak 499 MB · total peak 15542 MB
  Rank 1: Host RAM sweep-peak 1645 MB · VmHWM 2419 MB   VRAM op-pool peak 505 MB · total peak 15522 MB
  Rank 2: Host RAM sweep-peak 1589 MB · VmHWM 2332 MB   VRAM op-pool peak 490 MB · total peak 15478 MB
  Rank 3: Host RAM sweep-peak 1640 MB · VmHWM 2380 MB   VRAM op-pool peak 498 MB · total peak 15656 MB
  Block stores (peak bond, per rank): distributed A/B share 27 MB (~K²M²/np) · owner cre/des 2 · S 1 MB (~KM²/np) · replicated floor 0 MB [stubs 0 (~KM) · H 0 (~M²)]
  OOC scratch  1922 MB on disk  (sum over all ranks)
  Timings (wall 4.2 s)
    build                    [CPU]             0.7 s
      formPQ                 [GPU·CPU·IO]     0.3 s   (GPU 0.0 · IO 0.0 · CPU 0.3)
        exec-hostprep        [CPU]             0.2 s
        (other)              [CPU]             0.1 s
      [kern] executor reductions (all phases): res-zero 0.0 · gather 0.0 · reduce 0.0 · accumulate 0.0 s
      compS-form-gpu (MPI)   [GPU·CPU·IO]     0.3 s   (GPU 0.0 · IO 0.0 · CPU 0.3)
        recipe (host,replic) [CPU]             0.1 s
        form (gpu+D2H)       [GPU·IO]         0.1 s
        unpack (D2H)         [CPU·IO]         0.1 s
    matvec                   [GPU·CPU·IO]     2.3 s   (GPU 1.5 · IO 0.0 · CPU 0.8)
      gemm                   [GPU]             1.3 s   (2.45 TFLOPS total · 0.61/GPU)
      kern                   [GPU]             0.2 s
      host                   [CPU]             0.8 s
        planEnum             [CPU]             0.3 s
        ctorAlloc(upload)    [CPU·IO]         0.1 s
        ctorGroup            [CPU]             0.2 s
        (other)              [CPU]             0.2 s
    decimate                 [CPU]             0.1 s
      eigh (dist)            [CPU]             0.1 s
    grow                     [GPU·CPU·IO]     0.6 s   (GPU 0.1 · IO 0.0 · CPU 0.5) · 1.73 TFLOPS total · 0.43/GPU
      gpu_proj (project)     [GPU·CPU·IO]     0.5 s
        fap_exec             [GPU·IO]         0.3 s
      (other)                [CPU]             0.1 s
    predict                  [CPU]             0.0 s
    ooc                      [IO]              0.0 s

################## Sweep 10/10 (forward) summary ##################
  Energy       -2987.4174087263 Ha
  dE vs prev sweep  -5.128e-07 Ha
  Discarded weight  1.883e-04  (max over this sweep's decimations)
  Rank 0: Host RAM sweep-peak 1659 MB · VmHWM 2454 MB   VRAM op-pool peak 499 MB · total peak 15542 MB
  Rank 1: Host RAM sweep-peak 1643 MB · VmHWM 2419 MB   VRAM op-pool peak 505 MB · total peak 15522 MB
  Rank 2: Host RAM sweep-peak 1585 MB · VmHWM 2332 MB   VRAM op-pool peak 490 MB · total peak 15478 MB
  Rank 3: Host RAM sweep-peak 1643 MB · VmHWM 2380 MB   VRAM op-pool peak 498 MB · total peak 15656 MB
  Block stores (peak bond, per rank): distributed A/B share 27 MB (~K²M²/np) · owner cre/des 2 · S 1 MB (~KM²/np) · replicated floor 0 MB [stubs 0 (~KM) · H 0 (~M²)]
  OOC scratch  1896 MB on disk  (sum over all ranks)
  Timings (wall 4.2 s)
    build                    [CPU]             0.7 s
      formPQ                 [GPU·CPU·IO]     0.3 s   (GPU 0.0 · IO 0.0 · CPU 0.3)
        exec-hostprep        [CPU]             0.2 s
        (other)              [CPU]             0.1 s
      [kern] executor reductions (all phases): res-zero 0.0 · gather 0.0 · reduce 0.0 · accumulate 0.0 s
      compS-form-gpu (MPI)   [GPU·CPU·IO]     0.3 s   (GPU 0.0 · IO 0.0 · CPU 0.3)
        recipe (host,replic) [CPU]             0.1 s
        form (gpu+D2H)       [GPU·IO]         0.1 s
    matvec                   [GPU·CPU·IO]     2.3 s   (GPU 1.5 · IO 0.0 · CPU 0.8)
      gemm                   [GPU]             1.3 s   (2.40 TFLOPS total · 0.60/GPU)
      kern                   [GPU]             0.2 s
      host                   [CPU]             0.8 s
        planEnum             [CPU]             0.3 s
        ctorAlloc(upload)    [CPU·IO]         0.1 s
        ctorGroup            [CPU]             0.2 s
        (other)              [CPU]             0.2 s
    decimate                 [CPU]             0.1 s
      eigh (dist)            [CPU]             0.1 s
    grow                     [GPU·CPU·IO]     0.6 s   (GPU 0.1 · IO 0.0 · CPU 0.5) · 1.75 TFLOPS total · 0.44/GPU
      gpu_proj (project)     [GPU·CPU·IO]     0.5 s
        fap_exec             [GPU·IO]         0.3 s
      (other)                [CPU]             0.1 s
    predict                  [CPU]             0.0 s
    ooc                      [IO]              0.0 s
[qops] WARNING: energy NOT converged after 10 sweeps: |dE| = 5.128e-07 >= e_conv = 1.000e-09

################## Run total ##################
  10 sweep(s) + warmup: 43.0 s wall · final E -2987.4174087263 Ha · VmHWM 2454 MB
  ooc async residual wait (not hidden behind compute): save 0.1 · load 0.6 s (2% of runtime)
[rc] ladder BD=400 done

==============================================================================
RESULTS  P450 RC  CAS(21,20)  2Sz=1  ecore=-2952.7044877295
          ranks = 4   threads/rank = 16   ooc = True
==============================================================================

Main run   BD = 1200
  E            = -2987.4195963638 Ha
  DW           = 5.569e-05
  sweeps       = 30   converged = False

<S^2>
  physical (with alpha/beta overlap) = 3.270955   (S = 1.3764; exact doublet 0.75)
  same-basis convention (comparison) = 0.988994

1-RDM      Tr dm1a = 11.000000   Tr dm1b = 10.000000
RDM energy check (E = ecore + h.dm1 + 1/2 g.dm2):
  reconstructed E = -2987.4195168882 Ha
  DMRG E          = -2987.4195963638 Ha
  difference      = 7.948e-05 Ha   (truncation-bounded; large => corrupt RDMs)
NO occupations (total: eigenvalues of dm1a+dm1b, sum = 21.000000; alpha/beta: of dm1a / dm1b, sums = 11.000000 / 10.000000;
                each set in its own eigenbasis -> per row total != alpha + beta):
            total       alpha        beta
  NO  1:  1.988305    0.999985    0.996088
  NO  2:  1.984942    0.999563    0.993268
  NO  3:  1.980951    0.992976    0.990743
  NO  4:  1.976434    0.989993    0.985576
  NO  5:  1.972242    0.985892    0.984741
  NO  6:  1.968359    0.985075    0.984148
  NO  7:  1.963648    0.984430    0.980150
  NO  8:  1.959629    0.979302    0.979507
  NO  9:  1.957977    0.978972    0.977949
  NO 10:  1.952596    0.977999    0.977674
  NO 11:  1.002038    0.977846    0.022986
  NO 12:  0.046685    0.023529    0.022226
  NO 13:  0.045105    0.022112    0.022149
  NO 14:  0.043574    0.021978    0.020426
  NO 15:  0.042103    0.019877    0.018212
  NO 16:  0.034335    0.018920    0.013057
  NO 17:  0.025950    0.013428    0.010448
  NO 18:  0.023980    0.010824    0.008643
  NO 19:  0.018180    0.008869    0.008340
  NO 20:  0.012966    0.008429    0.003668

Bond-dimension ladder:
      BD              E (Ha)          DW
    1200   -2987.4195963638   5.569e-05
    1000   -2987.4194459004   7.675e-05
     800   -2987.4191438253   1.117e-04
     600   -2987.4185662888   1.579e-04
     400   -2987.4174087263   1.883e-04

Extrapolation (linear E(DW) -> 0, 5 points with DW > 0):
  E(DW->0)           = -2987.4206345531 Ha
  slope              = 1.5265e+01 Ha/DW
  max |residual|     = 3.510e-04 Ha
  best variational E = -2987.4195963638 Ha   (extrapolation gain = 1.038e-03 Ha)

Per-rank peaks:
  rank 0:  VmHWM 2453 MB · VRAM peak 15542 MiB
  rank 1:  VmHWM 2419 MB · VRAM peak 15522 MiB
  rank 2:  VmHWM 2331 MB · VRAM peak 15478 MiB
  rank 3:  VmHWM 2380 MB · VRAM peak 15656 MiB

Files written:
  dm1a.npy
  dm1b.npy
  dm2aa.npy
  dm2ab.npy
  dm2bb.npy
  no_occ.npy
  no_occ_a.npy
  no_occ_b.npy
==============================================================================
