    Apptainer 1.4.5 loaded. This package was installed with spack using gcc
11.4.1.

    Spack options were:
    +libsubid+network~suid

-------------------------------------------------------------------------------
There are messages associated with the following module(s):
-------------------------------------------------------------------------------

use.spack-core:
spack modules loaded. Full unload maybe required via: unload use.spack-core
Any other use.spack modules will also need to be unloaded in a similar manner

-------------------------------------------------------------------------------

[rc] CAS(31,30)  2Sz=1  ecore=-2911.8942891598  ranks=4 threads/rank=16 ooc=True
[qops] MPI np=4 · GPU=on · device collectives: NCCL (NVLink/GPUDirect)
[qops] A/B host-offload: ON (stubs + pager spill)

################## Warmup summary ##################
  Rank 0: Host RAM sweep-peak 0 MB · VmHWM 2980 MB   VRAM op-pool peak 0 MB · total peak 0 MB
  Rank 1: Host RAM sweep-peak 0 MB · VmHWM 2917 MB   VRAM op-pool peak 0 MB · total peak 0 MB
  Rank 2: Host RAM sweep-peak 0 MB · VmHWM 2917 MB   VRAM op-pool peak 0 MB · total peak 0 MB
  Rank 3: Host RAM sweep-peak 0 MB · VmHWM 2917 MB   VRAM op-pool peak 0 MB · total peak 0 MB
  OOC scratch  24882 MB on disk  (sum over all ranks)
  Timings (wall 18.8 s)
    build                    [CPU]             2.3 s
      (other)                [CPU]             2.3 s
    matvec                   [GPU·CPU·IO]     0.0 s   (GPU 0.0 · IO 0.0 · CPU 0.0)
    decimate                 [CPU]             3.7 s
    grow                     [GPU·CPU·IO]    11.4 s   (GPU 0.0 · IO 0.0 · CPU 11.4)
      gpu_proj (project)     [GPU·CPU·IO]     0.0 s
      construct (cpu path)   [CPU]            10.5 s
      reduceSH (MPI)         [CPU·IO]         0.9 s
        sync (hash+wait)     [CPU·IO]         0.2 s
        xfer (NCCL/host)     [IO]              0.7 s
    predict                  [CPU]             0.0 s
    ooc                      [IO]              0.1 s
      save                   [IO]              0.1 s

################## Sweep 1/30 (forward) summary ##################
  Energy       -2987.4089761894 Ha
  Discarded weight  0.000e+00  (max over this sweep's decimations)
  Rank 0: Host RAM sweep-peak 8885 MB · VmHWM 8989 MB   VRAM op-pool peak 2301 MB · total peak 16062 MB
  Rank 1: Host RAM sweep-peak 8938 MB · VmHWM 9047 MB   VRAM op-pool peak 2339 MB · total peak 16310 MB
  Rank 2: Host RAM sweep-peak 8873 MB · VmHWM 8938 MB   VRAM op-pool peak 2275 MB · total peak 15812 MB
  Rank 3: Host RAM sweep-peak 8624 MB · VmHWM 8957 MB   VRAM op-pool peak 2274 MB · total peak 15634 MB
  Block stores (peak bond, per rank): distributed A/B share 1150 MB (~K²M²/np) · owner cre/des 161 · S 11 MB (~KM²/np) · replicated floor 9 MB [stubs 1 (~KM) · H 8 (~M²)]
  OOC scratch  126084 MB on disk  (sum over all ranks)
  Timings (wall 95.2 s)
    build                    [CPU]            12.8 s
      formPQ                 [GPU·CPU·IO]     2.0 s   (GPU 0.3 · IO 0.0 · CPU 1.6)
        exec-gemm            [GPU]             0.1 s   (20.02 TFLOPS total · 5.00/GPU)
        exec-kern            [GPU]             0.2 s
        exec-hostprep        [CPU]             0.8 s
        complete (MPI)       [IO]              0.5 s
        wdesc (Wsub+reds)    [CPU]             0.1 s
        (other)              [CPU]             0.2 s
      [kern] executor reductions (all phases): res-zero 0.0 · gather 1.6 · reduce 1.5 · accumulate 0.1 s
      sys                    [CPU]             0.5 s
      env                    [CPU]             1.0 s
      compPQ-form            [CPU]             1.5 s
        match                [CPU]             1.2 s
          emit (owned)       [CPU]             0.3 s
          (other)            [CPU]             0.8 s
      assembly               [CPU]             1.2 s
      compS-form-gpu (MPI)   [GPU·CPU·IO]     6.5 s   (GPU 1.2 · IO 0.2 · CPU 5.1)
        recipe (host,replic) [CPU]             0.5 s
        form (gpu+D2H)       [GPU·IO]         4.1 s
        reduce (NCCL/host)   [IO]              0.6 s
        unpack (D2H)         [CPU·IO]         1.3 s
        (other)              [CPU]             0.1 s
      (other)                [CPU]             0.2 s
    matvec                   [GPU·CPU·IO]    48.3 s   (GPU 35.1 · IO 0.0 · CPU 13.2)
      gemm                   [GPU]            33.2 s   (4.19 TFLOPS total · 1.05/GPU)
      kern                   [GPU]             1.9 s
      host                   [CPU]            13.2 s
        planEnum             [CPU]             5.4 s
        ctorAlloc(upload)    [CPU·IO]         1.2 s
        ctorGroup            [CPU]             3.5 s
        ctorForm             [GPU]             0.1 s
        (other)              [CPU]             3.0 s
    decimate                 [CPU]             6.0 s
      rho (dist)             [CPU]             0.3 s
      eigh (dist)            [CPU]             2.2 s
      share (MPI wait)       [CPU·IO]         3.2 s
      select+assemble        [CPU]             0.1 s
      (other)                [CPU]             0.2 s
    grow                     [GPU·CPU·IO]    21.7 s   (GPU 4.6 · IO 5.0 · CPU 12.1) · 41.55 TFLOPS total · 10.39/GPU
      gpu_proj (project)     [GPU·CPU·IO]    12.6 s
        recipe               [CPU]             0.2 s
        fap_exec             [GPU·IO]        10.6 s
        fap_merge            [CPU]             0.4 s
        fap_ctx              [CPU]             0.2 s
        fap_unpack           [CPU]             0.1 s
      reduceSH (MPI)         [CPU·IO]         1.0 s
        sync (hash+wait)     [CPU·IO]         0.7 s
        pack                 [CPU]             0.1 s
        xfer (NCCL/host)     [IO]              0.2 s
      (other)                [CPU]             8.0 s
    predict                  [CPU]             0.7 s
    ooc                      [IO]              0.2 s
      load                   [IO]              0.2 s

################## Sweep 2/30 (backward) summary ##################
  Energy       -2987.4751216971 Ha
  dE vs prev sweep  -6.615e-02 Ha
  Discarded weight  2.335e-06  (max over this sweep's decimations)
  Rank 0: Host RAM sweep-peak 11549 MB · VmHWM 11893 MB   VRAM op-pool peak 5724 MB · total peak 28838 MB
  Rank 1: Host RAM sweep-peak 11437 MB · VmHWM 11788 MB   VRAM op-pool peak 5634 MB · total peak 28730 MB
  Rank 2: Host RAM sweep-peak 11547 MB · VmHWM 11888 MB   VRAM op-pool peak 5681 MB · total peak 28786 MB
  Rank 3: Host RAM sweep-peak 11397 MB · VmHWM 11767 MB   VRAM op-pool peak 5563 MB · total peak 28650 MB
  Block stores (peak bond, per rank): distributed A/B share 3654 MB (~K²M²/np) · owner cre/des 130 · S 65 MB (~KM²/np) · replicated floor 13 MB [stubs 2 (~KM) · H 12 (~M²)]
  OOC scratch  248032 MB on disk  (sum over all ranks)
  Timings (wall 126.6 s)
    build                    [CPU]            18.9 s
      formPQ                 [GPU·CPU·IO]     6.3 s   (GPU 0.7 · IO 1.7 · CPU 3.9)
        exec-gemm            [GPU]             0.2 s   (28.06 TFLOPS total · 7.01/GPU)
        exec-kern            [GPU]             0.5 s
        transfer             [IO]              1.7 s
        exec-hostprep        [CPU]             2.6 s
        complete (MPI)       [IO]              0.7 s
        wdesc (Wsub+reds)    [CPU]             0.1 s
        (other)              [CPU]             0.3 s
      [kern] executor reductions (all phases): res-zero 0.0 · gather 2.2 · reduce 3.2 · accumulate 0.2 s
      sys                    [CPU]             0.3 s
      env                    [CPU]             0.3 s
      compPQ-form            [CPU]             0.3 s
        match                [CPU]             0.2 s
          pump (src dedup)   [CPU]             0.1 s
          emit (owned)       [CPU]             0.1 s
          (other)            [CPU]             0.1 s
      assembly               [CPU]             0.2 s
      compS-form-gpu (MPI)   [GPU·CPU·IO]    11.4 s   (GPU 2.9 · IO 2.3 · CPU 6.3)
        recipe (host,replic) [CPU]             0.4 s
        form (gpu+D2H)       [GPU·IO]         8.4 s
        reduce (NCCL/host)   [IO]              0.7 s
        unpack (D2H)         [CPU·IO]         1.9 s
        (other)              [CPU]             0.1 s
      (other)                [CPU]             0.2 s
    matvec                   [GPU·CPU·IO]    56.7 s   (GPU 46.2 · IO 0.0 · CPU 10.5)
      gemm                   [GPU]            39.3 s   (53.70 TFLOPS total · 13.42/GPU)
      kern                   [GPU]             6.9 s
      host                   [CPU]            10.5 s
        planEnum             [CPU]             2.7 s
        ctorAlloc(upload)    [CPU·IO]         1.7 s
        ctorGroup            [CPU]             0.9 s
        ctorForm             [GPU]             0.1 s
        (other)              [CPU]             5.0 s
    decimate                 [CPU]             7.6 s
      rho (dist)             [CPU]             0.9 s
      eigh (dist)            [CPU]             3.0 s
      share (MPI wait)       [CPU·IO]         3.4 s
      select+assemble        [CPU]             0.1 s
      (other)                [CPU]             0.2 s
    grow                     [GPU·CPU·IO]    22.8 s   (GPU 4.6 · IO 6.7 · CPU 11.5) · 71.92 TFLOPS total · 17.98/GPU
      gpu_proj (project)     [GPU·CPU·IO]    13.6 s
        recipe               [CPU]             0.2 s
        fap_exec             [GPU·IO]        12.0 s
        fap_merge            [CPU]             0.2 s
        fap_ctx              [CPU]             0.1 s
        fap_unpack           [CPU]             0.2 s
      reduceSH (MPI)         [CPU·IO]         1.5 s
        sync (hash+wait)     [CPU·IO]         1.0 s
        pack                 [CPU]             0.1 s
        xfer (NCCL/host)     [IO]              0.3 s
        unpack               [CPU]             0.1 s
      (other)                [CPU]             7.6 s
    predict                  [CPU]             1.7 s
    ooc                      [IO]              0.1 s
      load                   [IO]              0.1 s

################## Sweep 3/30 (forward) summary ##################
  Energy       -2987.4854796292 Ha
  dE vs prev sweep  -1.036e-02 Ha
  Discarded weight  1.168e-04  (max over this sweep's decimations)
  Rank 0: Host RAM sweep-peak 13251 MB · VmHWM 13282 MB   VRAM op-pool peak 5724 MB · total peak 29664 MB
  Rank 1: Host RAM sweep-peak 12557 MB · VmHWM 13042 MB   VRAM op-pool peak 5634 MB · total peak 29568 MB
  Rank 2: Host RAM sweep-peak 12749 MB · VmHWM 13006 MB   VRAM op-pool peak 5681 MB · total peak 29606 MB
  Rank 3: Host RAM sweep-peak 12541 MB · VmHWM 13026 MB   VRAM op-pool peak 5563 MB · total peak 29486 MB
  Block stores (peak bond, per rank): distributed A/B share 3730 MB (~K²M²/np) · owner cre/des 160 · S 80 MB (~KM²/np) · replicated floor 17 MB [stubs 1 (~KM) · H 16 (~M²)]
  OOC scratch  287936 MB on disk  (sum over all ranks)
  Timings (wall 160.4 s)
    build                    [CPU]            22.2 s
      formPQ                 [GPU·CPU·IO]     7.5 s   (GPU 0.8 · IO 2.2 · CPU 4.5)
        exec-gemm            [GPU]             0.2 s   (36.47 TFLOPS total · 9.12/GPU)
        exec-kern            [GPU]             0.6 s
        transfer             [IO]              2.2 s
        exec-hostprep        [CPU]             3.3 s
        complete (MPI)       [IO]              0.8 s
        wdesc (Wsub+reds)    [CPU]             0.1 s
        (other)              [CPU]             0.3 s
      [kern] executor reductions (all phases): res-zero 0.0 · gather 2.5 · reduce 4.0 · accumulate 0.2 s
      sys                    [CPU]             0.3 s
      env                    [CPU]             0.4 s
      compPQ-form            [CPU]             0.2 s
        match                [CPU]             0.2 s
          pump (src dedup)   [CPU]             0.1 s
          emit (owned)       [CPU]             0.1 s
      assembly               [CPU]             0.1 s
      compS-form-gpu (MPI)   [GPU·CPU·IO]    13.6 s   (GPU 3.6 · IO 2.9 · CPU 7.1)
        bsblock (store walk) [CPU]             0.1 s
        recipe (host,replic) [CPU]             0.3 s
        form (gpu+D2H)       [GPU·IO]        10.0 s
        reduce (NCCL/host)   [IO]              0.9 s
        unpack (D2H)         [CPU·IO]         2.1 s
        (other)              [CPU]             0.1 s
      (other)                [CPU]             0.2 s
    matvec                   [GPU·CPU·IO]    80.8 s   (GPU 68.6 · IO 0.0 · CPU 12.3)
      gemm                   [GPU]            57.1 s   (86.80 TFLOPS total · 21.70/GPU)
      kern                   [GPU]            11.5 s
      host                   [CPU]            12.3 s
        planEnum             [CPU]             1.9 s
        ctorAlloc(upload)    [CPU·IO]         2.0 s
        ctorGroup            [CPU]             0.5 s
        ctorForm             [GPU]             0.2 s
        (other)              [CPU]             7.8 s
    decimate                 [CPU]             9.3 s
      rho (dist)             [CPU]             1.1 s
      eigh (dist)            [CPU]             3.6 s
      share (MPI wait)       [CPU·IO]         4.2 s
      select+assemble        [CPU]             0.2 s
      (other)                [CPU]             0.2 s
    grow                     [GPU·CPU·IO]    22.9 s   (GPU 5.1 · IO 5.7 · CPU 12.1) · 77.25 TFLOPS total · 19.31/GPU
      gpu_proj (project)     [GPU·CPU·IO]    13.2 s
        recipe               [CPU]             0.2 s
        fap_exec             [GPU·IO]        11.5 s
        fap_merge            [CPU]             0.2 s
        fap_ctx              [CPU]             0.1 s
        fap_unpack           [CPU]             0.2 s
      reduceSH (MPI)         [CPU·IO]         1.2 s
        sync (hash+wait)     [CPU·IO]         0.6 s
        pack                 [CPU]             0.2 s
        xfer (NCCL/host)     [IO]              0.3 s
        unpack               [CPU]             0.1 s
      (other)                [CPU]             8.5 s
    predict                  [CPU]             3.4 s
    ooc                      [IO]              0.1 s
      load                   [IO]              0.1 s

################## Sweep 4/30 (backward) summary ##################
  Energy       -2987.4862273384 Ha
  dE vs prev sweep  -7.477e-04 Ha
  Discarded weight  1.562e-04  (max over this sweep's decimations)
  Rank 0: Host RAM sweep-peak 12300 MB · VmHWM 13282 MB   VRAM op-pool peak 6375 MB · total peak 30274 MB
  Rank 1: Host RAM sweep-peak 12188 MB · VmHWM 13042 MB   VRAM op-pool peak 6296 MB · total peak 30178 MB
  Rank 2: Host RAM sweep-peak 12075 MB · VmHWM 13006 MB   VRAM op-pool peak 6324 MB · total peak 30216 MB
  Rank 3: Host RAM sweep-peak 12220 MB · VmHWM 13026 MB   VRAM op-pool peak 6220 MB · total peak 30092 MB
  Block stores (peak bond, per rank): distributed A/B share 3716 MB (~K²M²/np) · owner cre/des 166 · S 83 MB (~KM²/np) · replicated floor 18 MB [stubs 1 (~KM) · H 16 (~M²)]
  OOC scratch  299131 MB on disk  (sum over all ranks)
  Timings (wall 152.7 s)
    build                    [CPU]            23.2 s
      formPQ                 [GPU·CPU·IO]     7.8 s   (GPU 0.8 · IO 2.3 · CPU 4.7)
        exec-gemm            [GPU]             0.2 s   (37.40 TFLOPS total · 9.35/GPU)
        exec-kern            [GPU]             0.6 s
        transfer             [IO]              2.3 s
        exec-hostprep        [CPU]             3.5 s
        complete (MPI)       [IO]              0.8 s
        wdesc (Wsub+reds)    [CPU]             0.1 s
        (other)              [CPU]             0.3 s
      [kern] executor reductions (all phases): res-zero 0.0 · gather 2.5 · reduce 4.2 · accumulate 0.2 s
      sys                    [CPU]             0.4 s
      env                    [CPU]             0.3 s
      compPQ-form            [CPU]             0.3 s
        match                [CPU]             0.2 s
          pump (src dedup)   [CPU]             0.1 s
          emit (owned)       [CPU]             0.1 s
      assembly               [CPU]             0.1 s
      compS-form-gpu (MPI)   [GPU·CPU·IO]    14.2 s   (GPU 3.8 · IO 3.1 · CPU 7.2)
        bsblock (store walk) [CPU]             0.1 s
        recipe (host,replic) [CPU]             0.3 s
        form (gpu+D2H)       [GPU·IO]        10.5 s
        reduce (NCCL/host)   [IO]              0.8 s
        unpack (D2H)         [CPU·IO]         2.4 s
      (other)                [CPU]             0.2 s
    matvec                   [GPU·CPU·IO]    70.0 s   (GPU 58.3 · IO 0.0 · CPU 11.7)
      gemm                   [GPU]            48.5 s   (86.10 TFLOPS total · 21.52/GPU)
      kern                   [GPU]             9.7 s
      host                   [CPU]            11.7 s
        planEnum             [CPU]             1.8 s
        ctorAlloc(upload)    [CPU·IO]         2.2 s
        ctorGroup            [CPU]             0.5 s
        ctorForm             [GPU]             0.2 s
        (other)              [CPU]             7.0 s
    decimate                 [CPU]             9.4 s
      rho (dist)             [CPU]             1.1 s
      eigh (dist)            [CPU]             3.7 s
      share (MPI wait)       [CPU·IO]         4.3 s
      select+assemble        [CPU]             0.2 s
      (other)                [CPU]             0.2 s
    grow                     [GPU·CPU·IO]    23.5 s   (GPU 5.0 · IO 6.4 · CPU 12.1) · 79.99 TFLOPS total · 20.00/GPU
      gpu_proj (project)     [GPU·CPU·IO]    13.9 s
        recipe               [CPU]             0.2 s
        fap_exec             [GPU·IO]        12.3 s
        fap_merge            [CPU]             0.2 s
        fap_ctx              [CPU]             0.1 s
        fap_unpack           [CPU]             0.2 s
      reduceSH (MPI)         [CPU·IO]         1.2 s
        sync (hash+wait)     [CPU·IO]         0.6 s
        pack                 [CPU]             0.2 s
        xfer (NCCL/host)     [IO]              0.3 s
        unpack               [CPU]             0.1 s
      (other)                [CPU]             8.4 s
    predict                  [CPU]             3.4 s
    ooc                      [IO]              0.7 s
      load                   [IO]              0.7 s

################## Sweep 5/30 (forward) summary ##################
  Energy       -2987.4865984593 Ha
  dE vs prev sweep  -3.711e-04 Ha
  Discarded weight  1.696e-04  (max over this sweep's decimations)
  Rank 0: Host RAM sweep-peak 11374 MB · VmHWM 13282 MB   VRAM op-pool peak 6375 MB · total peak 30318 MB
  Rank 1: Host RAM sweep-peak 11399 MB · VmHWM 13149 MB   VRAM op-pool peak 6296 MB · total peak 30218 MB
  Rank 2: Host RAM sweep-peak 11352 MB · VmHWM 13112 MB   VRAM op-pool peak 6324 MB · total peak 30256 MB
  Rank 3: Host RAM sweep-peak 11268 MB · VmHWM 13163 MB   VRAM op-pool peak 6220 MB · total peak 30138 MB
  Block stores (peak bond, per rank): distributed A/B share 3766 MB (~K²M²/np) · owner cre/des 167 · S 83 MB (~KM²/np) · replicated floor 18 MB [stubs 1 (~KM) · H 16 (~M²)]
  OOC scratch  301230 MB on disk  (sum over all ranks)
  Timings (wall 152.2 s)
    build                    [CPU]            23.5 s
      formPQ                 [GPU·CPU·IO]     7.8 s   (GPU 0.8 · IO 2.3 · CPU 4.7)
        exec-gemm            [GPU]             0.2 s   (37.50 TFLOPS total · 9.38/GPU)
        exec-kern            [GPU]             0.6 s
        transfer             [IO]              2.3 s
        exec-hostprep        [CPU]             3.6 s
        complete (MPI)       [IO]              0.7 s
        wdesc (Wsub+reds)    [CPU]             0.1 s
        (other)              [CPU]             0.3 s
      [kern] executor reductions (all phases): res-zero 0.0 · gather 2.6 · reduce 4.3 · accumulate 0.2 s
      sys                    [CPU]             0.3 s
      env                    [CPU]             0.3 s
      compPQ-form            [CPU]             0.2 s
        match                [CPU]             0.2 s
          pump (src dedup)   [CPU]             0.1 s
          emit (owned)       [CPU]             0.1 s
      assembly               [CPU]             0.1 s
      compS-form-gpu (MPI)   [GPU·CPU·IO]    14.6 s   (GPU 3.9 · IO 3.1 · CPU 7.5)
        bsblock (store walk) [CPU]             0.1 s
        recipe (host,replic) [CPU]             0.3 s
        form (gpu+D2H)       [GPU·IO]        10.8 s
        reduce (NCCL/host)   [IO]              1.0 s
        unpack (D2H)         [CPU·IO]         2.3 s
      (other)                [CPU]             0.2 s
    matvec                   [GPU·CPU·IO]    68.3 s   (GPU 56.0 · IO 0.0 · CPU 12.3)
      gemm                   [GPU]            46.7 s   (88.33 TFLOPS total · 22.08/GPU)
      kern                   [GPU]             9.3 s
      host                   [CPU]            12.3 s
        planEnum             [CPU]             1.9 s
        ctorAlloc(upload)    [CPU·IO]         2.2 s
        ctorGroup            [CPU]             0.5 s
        ctorForm             [GPU]             0.2 s
        (other)              [CPU]             7.7 s
    decimate                 [CPU]             9.5 s
      rho (dist)             [CPU]             1.2 s
      eigh (dist)            [CPU]             3.9 s
      share (MPI wait)       [CPU·IO]         4.0 s
      select+assemble        [CPU]             0.2 s
      (other)                [CPU]             0.2 s
    grow                     [GPU·CPU·IO]    24.1 s   (GPU 5.2 · IO 6.4 · CPU 12.5) · 79.33 TFLOPS total · 19.83/GPU
      gpu_proj (project)     [GPU·CPU·IO]    14.0 s
        recipe               [CPU]             0.2 s
        fap_exec             [GPU·IO]        12.4 s
        fap_merge            [CPU]             0.2 s
        fap_ctx              [CPU]             0.1 s
        fap_unpack           [CPU]             0.2 s
      reduceSH (MPI)         [CPU·IO]         1.2 s
        sync (hash+wait)     [CPU·IO]         0.7 s
        pack                 [CPU]             0.2 s
        xfer (NCCL/host)     [IO]              0.3 s
        unpack               [CPU]             0.1 s
      (other)                [CPU]             8.9 s
    predict                  [CPU]             3.8 s
    ooc                      [IO]              0.1 s
      load                   [IO]              0.1 s

################## Sweep 6/30 (backward) summary ##################
  Energy       -2987.4867447336 Ha
  dE vs prev sweep  -1.463e-04 Ha
  Discarded weight  1.732e-04  (max over this sweep's decimations)
  Rank 0: Host RAM sweep-peak 13208 MB · VmHWM 13282 MB   VRAM op-pool peak 6382 MB · total peak 30330 MB
  Rank 1: Host RAM sweep-peak 13320 MB · VmHWM 13402 MB   VRAM op-pool peak 6305 MB · total peak 30232 MB
  Rank 2: Host RAM sweep-peak 13041 MB · VmHWM 13120 MB   VRAM op-pool peak 6331 MB · total peak 30266 MB
  Rank 3: Host RAM sweep-peak 13327 MB · VmHWM 13381 MB   VRAM op-pool peak 6229 MB · total peak 30148 MB
  Block stores (peak bond, per rank): distributed A/B share 3751 MB (~K²M²/np) · owner cre/des 168 · S 84 MB (~KM²/np) · replicated floor 18 MB [stubs 1 (~KM) · H 17 (~M²)]
  OOC scratch  302521 MB on disk  (sum over all ranks)
  Timings (wall 147.7 s)
    build                    [CPU]            23.3 s
      formPQ                 [GPU·CPU·IO]     7.5 s   (GPU 0.8 · IO 2.3 · CPU 4.4)
        exec-gemm            [GPU]             0.2 s   (37.49 TFLOPS total · 9.37/GPU)
        exec-kern            [GPU]             0.6 s
        transfer             [IO]              2.3 s
        exec-hostprep        [CPU]             3.3 s
        complete (MPI)       [IO]              0.6 s
        wdesc (Wsub+reds)    [CPU]             0.1 s
        (other)              [CPU]             0.3 s
      [kern] executor reductions (all phases): res-zero 0.0 · gather 2.6 · reduce 4.3 · accumulate 0.2 s
      sys                    [CPU]             0.4 s
      env                    [CPU]             0.3 s
      compPQ-form            [CPU]             0.3 s
        match                [CPU]             0.2 s
          pump (src dedup)   [CPU]             0.1 s
          emit (owned)       [CPU]             0.1 s
      assembly               [CPU]             0.1 s
      compS-form-gpu (MPI)   [GPU·CPU·IO]    14.5 s   (GPU 3.9 · IO 3.2 · CPU 7.4)
        bsblock (store walk) [CPU]             0.1 s
        recipe (host,replic) [CPU]             0.3 s
        form (gpu+D2H)       [GPU·IO]        10.8 s
        reduce (NCCL/host)   [IO]              1.0 s
        unpack (D2H)         [CPU·IO]         2.3 s
      (other)                [CPU]             0.2 s
    matvec                   [GPU·CPU·IO]    66.2 s   (GPU 54.0 · IO 0.0 · CPU 12.2)
      gemm                   [GPU]            44.9 s   (89.52 TFLOPS total · 22.38/GPU)
      kern                   [GPU]             9.1 s
      host                   [CPU]            12.2 s
        planEnum             [CPU]             1.8 s
        ctorAlloc(upload)    [CPU·IO]         2.3 s
        ctorGroup            [CPU]             0.5 s
        ctorForm             [GPU]             0.2 s
        (other)              [CPU]             7.4 s
    decimate                 [CPU]             9.8 s
      rho (dist)             [CPU]             1.1 s
      eigh (dist)            [CPU]             3.8 s
      share (MPI wait)       [CPU·IO]         4.4 s
      select+assemble        [CPU]             0.2 s
      (other)                [CPU]             0.3 s
    grow                     [GPU·CPU·IO]    22.6 s   (GPU 5.0 · IO 5.5 · CPU 12.0) · 80.55 TFLOPS total · 20.14/GPU
      gpu_proj (project)     [GPU·CPU·IO]    13.0 s
        recipe               [CPU]             0.2 s
        fap_exec             [GPU·IO]        11.3 s
        fap_merge            [CPU]             0.2 s
        fap_ctx              [CPU]             0.1 s
        fap_unpack           [CPU]             0.2 s
      reduceSH (MPI)         [CPU·IO]         1.3 s
        sync (hash+wait)     [CPU·IO]         0.8 s
        pack                 [CPU]             0.2 s
        xfer (NCCL/host)     [IO]              0.3 s
        unpack               [CPU]             0.1 s
      (other)                [CPU]             8.3 s
    predict                  [CPU]             3.0 s
    ooc                      [IO]              0.1 s
      load                   [IO]              0.1 s

################## Sweep 7/30 (forward) summary ##################
  Energy       -2987.4868241039 Ha
  dE vs prev sweep  -7.937e-05 Ha
  Discarded weight  1.750e-04  (max over this sweep's decimations)
  Rank 0: Host RAM sweep-peak 13056 MB · VmHWM 13333 MB   VRAM op-pool peak 6382 MB · total peak 30334 MB
  Rank 1: Host RAM sweep-peak 12767 MB · VmHWM 13402 MB   VRAM op-pool peak 6305 MB · total peak 30240 MB
  Rank 2: Host RAM sweep-peak 12907 MB · VmHWM 13241 MB   VRAM op-pool peak 6331 MB · total peak 30272 MB
  Rank 3: Host RAM sweep-peak 12493 MB · VmHWM 13381 MB   VRAM op-pool peak 6229 MB · total peak 30158 MB
  Block stores (peak bond, per rank): distributed A/B share 3717 MB (~K²M²/np) · owner cre/des 168 · S 84 MB (~KM²/np) · replicated floor 18 MB [stubs 1 (~KM) · H 17 (~M²)]
  OOC scratch  302227 MB on disk  (sum over all ranks)
  Timings (wall 149.6 s)
    build                    [CPU]            23.3 s
      formPQ                 [GPU·CPU·IO]     7.7 s   (GPU 0.8 · IO 2.3 · CPU 4.5)
        exec-gemm            [GPU]             0.2 s   (37.70 TFLOPS total · 9.42/GPU)
        exec-kern            [GPU]             0.6 s
        transfer             [IO]              2.3 s
        exec-hostprep        [CPU]             3.4 s
        complete (MPI)       [IO]              0.7 s
        wdesc (Wsub+reds)    [CPU]             0.1 s
        (other)              [CPU]             0.3 s
      [kern] executor reductions (all phases): res-zero 0.0 · gather 2.6 · reduce 4.3 · accumulate 0.2 s
      sys                    [CPU]             0.4 s
      env                    [CPU]             0.3 s
      compPQ-form            [CPU]             0.2 s
        match                [CPU]             0.2 s
          pump (src dedup)   [CPU]             0.1 s
          emit (owned)       [CPU]             0.1 s
      assembly               [CPU]             0.1 s
      compS-form-gpu (MPI)   [GPU·CPU·IO]    14.4 s   (GPU 3.9 · IO 3.1 · CPU 7.3)
        bsblock (store walk) [CPU]             0.1 s
        recipe (host,replic) [CPU]             0.3 s
        form (gpu+D2H)       [GPU·IO]        10.7 s
        reduce (NCCL/host)   [IO]              0.9 s
        unpack (D2H)         [CPU·IO]         2.4 s
      (other)                [CPU]             0.2 s
    matvec                   [GPU·CPU·IO]    66.7 s   (GPU 54.3 · IO 0.0 · CPU 12.4)
      gemm                   [GPU]            45.2 s   (89.31 TFLOPS total · 22.33/GPU)
      kern                   [GPU]             9.1 s
      host                   [CPU]            12.4 s
        planEnum             [CPU]             1.9 s
        ctorAlloc(upload)    [CPU·IO]         2.2 s
        ctorGroup            [CPU]             0.5 s
        ctorForm             [GPU]             0.2 s
        (other)              [CPU]             7.6 s
    decimate                 [CPU]             9.4 s
      rho (dist)             [CPU]             1.3 s
      eigh (dist)            [CPU]             3.8 s
      share (MPI wait)       [CPU·IO]         3.9 s
      select+assemble        [CPU]             0.2 s
      (other)                [CPU]             0.3 s
    grow                     [GPU·CPU·IO]    23.3 s   (GPU 5.2 · IO 5.8 · CPU 12.3) · 79.52 TFLOPS total · 19.88/GPU
      gpu_proj (project)     [GPU·CPU·IO]    13.4 s
        recipe               [CPU]             0.2 s
        fap_exec             [GPU·IO]        11.8 s
        fap_merge            [CPU]             0.2 s
        fap_ctx              [CPU]             0.1 s
        fap_unpack           [CPU]             0.2 s
      reduceSH (MPI)         [CPU·IO]         1.4 s
        sync (hash+wait)     [CPU·IO]         0.8 s
        pack                 [CPU]             0.2 s
        xfer (NCCL/host)     [IO]              0.3 s
        unpack               [CPU]             0.1 s
      (other)                [CPU]             8.6 s
    predict                  [CPU]             3.8 s
    ooc                      [IO]              0.1 s
      load                   [IO]              0.1 s

################## Sweep 8/30 (backward) summary ##################
  Energy       -2987.4868689888 Ha
  dE vs prev sweep  -4.488e-05 Ha
  Discarded weight  1.768e-04  (max over this sweep's decimations)
  Rank 0: Host RAM sweep-peak 12423 MB · VmHWM 13333 MB   VRAM op-pool peak 6382 MB · total peak 30334 MB
  Rank 1: Host RAM sweep-peak 12515 MB · VmHWM 13402 MB   VRAM op-pool peak 6305 MB · total peak 30240 MB
  Rank 2: Host RAM sweep-peak 12418 MB · VmHWM 13241 MB   VRAM op-pool peak 6331 MB · total peak 30272 MB
  Rank 3: Host RAM sweep-peak 12553 MB · VmHWM 13381 MB   VRAM op-pool peak 6229 MB · total peak 30158 MB
  Block stores (peak bond, per rank): distributed A/B share 3724 MB (~K²M²/np) · owner cre/des 168 · S 85 MB (~KM²/np) · replicated floor 18 MB [stubs 1 (~KM) · H 17 (~M²)]
  OOC scratch  302462 MB on disk  (sum over all ranks)
  Timings (wall 148.6 s)
    build                    [CPU]            23.4 s
      formPQ                 [GPU·CPU·IO]     7.6 s   (GPU 0.8 · IO 2.4 · CPU 4.4)
        exec-gemm            [GPU]             0.2 s   (37.63 TFLOPS total · 9.41/GPU)
        exec-kern            [GPU]             0.6 s
        transfer             [IO]              2.4 s
        exec-hostprep        [CPU]             3.4 s
        complete (MPI)       [IO]              0.6 s
        wdesc (Wsub+reds)    [CPU]             0.1 s
        (other)              [CPU]             0.3 s
      [kern] executor reductions (all phases): res-zero 0.0 · gather 2.6 · reduce 4.3 · accumulate 0.2 s
      sys                    [CPU]             0.5 s
      env                    [CPU]             0.3 s
      compPQ-form            [CPU]             0.3 s
        match                [CPU]             0.2 s
          pump (src dedup)   [CPU]             0.1 s
          emit (owned)       [CPU]             0.1 s
      assembly               [CPU]             0.1 s
      compS-form-gpu (MPI)   [GPU·CPU·IO]    14.5 s   (GPU 3.9 · IO 3.2 · CPU 7.3)
        bsblock (store walk) [CPU]             0.1 s
        recipe (host,replic) [CPU]             0.3 s
        form (gpu+D2H)       [GPU·IO]        10.8 s
        reduce (NCCL/host)   [IO]              0.9 s
        unpack (D2H)         [CPU·IO]         2.3 s
      (other)                [CPU]             0.2 s
    matvec                   [GPU·CPU·IO]    65.6 s   (GPU 53.5 · IO 0.0 · CPU 12.1)
      gemm                   [GPU]            44.5 s   (90.06 TFLOPS total · 22.52/GPU)
      kern                   [GPU]             9.0 s
      host                   [CPU]            12.1 s
        planEnum             [CPU]             1.8 s
        ctorAlloc(upload)    [CPU·IO]         2.3 s
        ctorGroup            [CPU]             0.5 s
        ctorForm             [GPU]             0.2 s
        (other)              [CPU]             7.3 s
    decimate                 [CPU]             9.6 s
      rho (dist)             [CPU]             1.1 s
      eigh (dist)            [CPU]             3.9 s
      share (MPI wait)       [CPU·IO]         4.2 s
      select+assemble        [CPU]             0.1 s
      (other)                [CPU]             0.3 s
    grow                     [GPU·CPU·IO]    23.8 s   (GPU 5.0 · IO 6.3 · CPU 12.5) · 81.09 TFLOPS total · 20.27/GPU
      gpu_proj (project)     [GPU·CPU·IO]    13.8 s
        recipe               [CPU]             0.2 s
        fap_exec             [GPU·IO]        12.2 s
        fap_merge            [CPU]             0.2 s
        fap_ctx              [CPU]             0.1 s
        fap_unpack           [CPU]             0.2 s
      reduceSH (MPI)         [CPU·IO]         1.4 s
        sync (hash+wait)     [CPU·IO]         0.8 s
        pack                 [CPU]             0.2 s
        xfer (NCCL/host)     [IO]              0.3 s
        unpack               [CPU]             0.1 s
      (other)                [CPU]             8.7 s
    predict                  [CPU]             3.1 s
    ooc                      [IO]              0.1 s
      load                   [IO]              0.1 s

################## Sweep 9/30 (forward) summary ##################
  Energy       -2987.4869079544 Ha
  dE vs prev sweep  -3.897e-05 Ha
  Discarded weight  1.778e-04  (max over this sweep's decimations)
  Rank 0: Host RAM sweep-peak 11763 MB · VmHWM 13333 MB   VRAM op-pool peak 6382 MB · total peak 30340 MB
  Rank 1: Host RAM sweep-peak 11659 MB · VmHWM 13402 MB   VRAM op-pool peak 6305 MB · total peak 30244 MB
  Rank 2: Host RAM sweep-peak 11683 MB · VmHWM 13241 MB   VRAM op-pool peak 6331 MB · total peak 30278 MB
  Rank 3: Host RAM sweep-peak 11551 MB · VmHWM 13381 MB   VRAM op-pool peak 6229 MB · total peak 30160 MB
  Block stores (peak bond, per rank): distributed A/B share 3769 MB (~K²M²/np) · owner cre/des 168 · S 85 MB (~KM²/np) · replicated floor 18 MB [stubs 1 (~KM) · H 17 (~M²)]
  OOC scratch  302081 MB on disk  (sum over all ranks)
  Timings (wall 149.1 s)
    build                    [CPU]            23.3 s
      formPQ                 [GPU·CPU·IO]     7.5 s   (GPU 0.8 · IO 2.3 · CPU 4.3)
        exec-gemm            [GPU]             0.2 s   (37.99 TFLOPS total · 9.50/GPU)
        exec-kern            [GPU]             0.6 s
        transfer             [IO]              2.3 s
        exec-hostprep        [CPU]             3.3 s
        complete (MPI)       [IO]              0.6 s
        wdesc (Wsub+reds)    [CPU]             0.1 s
        (other)              [CPU]             0.3 s
      [kern] executor reductions (all phases): res-zero 0.0 · gather 2.6 · reduce 4.3 · accumulate 0.2 s
      sys                    [CPU]             0.3 s
      env                    [CPU]             0.4 s
      compPQ-form            [CPU]             0.2 s
        match                [CPU]             0.2 s
          pump (src dedup)   [CPU]             0.1 s
          emit (owned)       [CPU]             0.1 s
      assembly               [CPU]             0.1 s
      compS-form-gpu (MPI)   [GPU·CPU·IO]    14.6 s   (GPU 3.9 · IO 3.1 · CPU 7.5)
        bsblock (store walk) [CPU]             0.1 s
        recipe (host,replic) [CPU]             0.3 s
        form (gpu+D2H)       [GPU·IO]        10.9 s
        reduce (NCCL/host)   [IO]              0.9 s
        unpack (D2H)         [CPU·IO]         2.3 s
      (other)                [CPU]             0.2 s
    matvec                   [GPU·CPU·IO]    65.0 s   (GPU 52.9 · IO 0.0 · CPU 12.1)
      gemm                   [GPU]            44.0 s   (90.28 TFLOPS total · 22.57/GPU)
      kern                   [GPU]             8.9 s
      host                   [CPU]            12.1 s
        planEnum             [CPU]             1.8 s
        ctorAlloc(upload)    [CPU·IO]         2.2 s
        ctorGroup            [CPU]             0.5 s
        ctorForm             [GPU]             0.2 s
        (other)              [CPU]             7.5 s
    decimate                 [CPU]             9.4 s
      rho (dist)             [CPU]             1.3 s
      eigh (dist)            [CPU]             4.0 s
      share (MPI wait)       [CPU·IO]         3.7 s
      select+assemble        [CPU]             0.2 s
      (other)                [CPU]             0.3 s
    grow                     [GPU·CPU·IO]    23.8 s   (GPU 5.1 · IO 6.3 · CPU 12.4) · 81.80 TFLOPS total · 20.45/GPU
      gpu_proj (project)     [GPU·CPU·IO]    13.9 s
        recipe               [CPU]             0.2 s
        fap_exec             [GPU·IO]        12.3 s
        fap_merge            [CPU]             0.2 s
        fap_ctx              [CPU]             0.1 s
        fap_unpack           [CPU]             0.2 s
      reduceSH (MPI)         [CPU·IO]         1.0 s
        sync (hash+wait)     [CPU·IO]         0.4 s
        pack                 [CPU]             0.2 s
        xfer (NCCL/host)     [IO]              0.3 s
        unpack               [CPU]             0.1 s
      (other)                [CPU]             9.0 s
    predict                  [CPU]             3.9 s
    ooc                      [IO]              0.1 s
      load                   [IO]              0.1 s

################## Sweep 10/30 (backward) summary ##################
  Energy       -2987.4869326924 Ha
  dE vs prev sweep  -2.474e-05 Ha
  Discarded weight  1.782e-04  (max over this sweep's decimations)
  Rank 0: Host RAM sweep-peak 11863 MB · VmHWM 13333 MB   VRAM op-pool peak 6382 MB · total peak 30352 MB
  Rank 1: Host RAM sweep-peak 11612 MB · VmHWM 13402 MB   VRAM op-pool peak 6305 MB · total peak 30256 MB
  Rank 2: Host RAM sweep-peak 11631 MB · VmHWM 13241 MB   VRAM op-pool peak 6331 MB · total peak 30290 MB
  Rank 3: Host RAM sweep-peak 11566 MB · VmHWM 13381 MB   VRAM op-pool peak 6229 MB · total peak 30172 MB
  Block stores (peak bond, per rank): distributed A/B share 3748 MB (~K²M²/np) · owner cre/des 169 · S 84 MB (~KM²/np) · replicated floor 19 MB [stubs 1 (~KM) · H 17 (~M²)]
  OOC scratch  302050 MB on disk  (sum over all ranks)
  Timings (wall 148.5 s)
    build                    [CPU]            23.3 s
      formPQ                 [GPU·CPU·IO]     7.7 s   (GPU 0.8 · IO 2.3 · CPU 4.5)
        exec-gemm            [GPU]             0.2 s   (38.06 TFLOPS total · 9.52/GPU)
        exec-kern            [GPU]             0.6 s
        transfer             [IO]              2.3 s
        exec-hostprep        [CPU]             3.2 s
        complete (MPI)       [IO]              0.9 s
        wdesc (Wsub+reds)    [CPU]             0.1 s
        (other)              [CPU]             0.3 s
      [kern] executor reductions (all phases): res-zero 0.0 · gather 2.6 · reduce 4.3 · accumulate 0.2 s
      sys                    [CPU]             0.4 s
      env                    [CPU]             0.3 s
      compPQ-form            [CPU]             0.3 s
        match                [CPU]             0.2 s
          pump (src dedup)   [CPU]             0.1 s
          emit (owned)       [CPU]             0.1 s
      assembly               [CPU]             0.1 s
      compS-form-gpu (MPI)   [GPU·CPU·IO]    14.4 s   (GPU 3.9 · IO 3.2 · CPU 7.3)
        bsblock (store walk) [CPU]             0.1 s
        recipe (host,replic) [CPU]             0.3 s
        form (gpu+D2H)       [GPU·IO]        10.7 s
        reduce (NCCL/host)   [IO]              0.8 s
        unpack (D2H)         [CPU·IO]         2.4 s
      (other)                [CPU]             0.2 s
    matvec                   [GPU·CPU·IO]    65.3 s   (GPU 53.1 · IO 0.0 · CPU 12.2)
      gemm                   [GPU]            44.2 s   (90.24 TFLOPS total · 22.56/GPU)
      kern                   [GPU]             8.9 s
      host                   [CPU]            12.2 s
        planEnum             [CPU]             1.8 s
        ctorAlloc(upload)    [CPU·IO]         2.3 s
        ctorGroup            [CPU]             0.5 s
        ctorForm             [GPU]             0.2 s
        (other)              [CPU]             7.5 s
    decimate                 [CPU]             9.9 s
      rho (dist)             [CPU]             1.1 s
      eigh (dist)            [CPU]             3.8 s
      share (MPI wait)       [CPU·IO]         4.6 s
      select+assemble        [CPU]             0.2 s
      (other)                [CPU]             0.3 s
    grow                     [GPU·CPU·IO]    23.5 s   (GPU 5.0 · IO 6.2 · CPU 12.3) · 81.70 TFLOPS total · 20.43/GPU
      gpu_proj (project)     [GPU·CPU·IO]    13.6 s
        recipe               [CPU]             0.2 s
        fap_exec             [GPU·IO]        12.0 s
        fap_merge            [CPU]             0.2 s
        fap_ctx              [CPU]             0.1 s
        fap_unpack           [CPU]             0.2 s
      reduceSH (MPI)         [CPU·IO]         1.5 s
        sync (hash+wait)     [CPU·IO]         0.9 s
        pack                 [CPU]             0.2 s
        xfer (NCCL/host)     [IO]              0.3 s
        unpack               [CPU]             0.1 s
      (other)                [CPU]             8.5 s
    predict                  [CPU]             3.1 s
    ooc                      [IO]              0.1 s
      load                   [IO]              0.1 s

################## Sweep 11/30 (forward) summary ##################
  Energy       -2987.4869630826 Ha
  dE vs prev sweep  -3.039e-05 Ha
  Discarded weight  1.791e-04  (max over this sweep's decimations)
  Rank 0: Host RAM sweep-peak 12965 MB · VmHWM 13333 MB   VRAM op-pool peak 6382 MB · total peak 30352 MB
  Rank 1: Host RAM sweep-peak 12783 MB · VmHWM 13402 MB   VRAM op-pool peak 6305 MB · total peak 30258 MB
  Rank 2: Host RAM sweep-peak 13212 MB · VmHWM 13535 MB   VRAM op-pool peak 6331 MB · total peak 30292 MB
  Rank 3: Host RAM sweep-peak 12932 MB · VmHWM 13381 MB   VRAM op-pool peak 6229 MB · total peak 30172 MB
  Block stores (peak bond, per rank): distributed A/B share 3702 MB (~K²M²/np) · owner cre/des 169 · S 84 MB (~KM²/np) · replicated floor 19 MB [stubs 1 (~KM) · H 17 (~M²)]
  OOC scratch  302872 MB on disk  (sum over all ranks)
  Timings (wall 149.1 s)
    build                    [CPU]            23.2 s
      formPQ                 [GPU·CPU·IO]     7.6 s   (GPU 0.8 · IO 2.3 · CPU 4.5)
        exec-gemm            [GPU]             0.2 s   (38.06 TFLOPS total · 9.51/GPU)
        exec-kern            [GPU]             0.6 s
        transfer             [IO]              2.3 s
        exec-hostprep        [CPU]             3.2 s
        complete (MPI)       [IO]              0.8 s
        wdesc (Wsub+reds)    [CPU]             0.1 s
        (other)              [CPU]             0.3 s
      [kern] executor reductions (all phases): res-zero 0.0 · gather 2.6 · reduce 4.3 · accumulate 0.2 s
      sys                    [CPU]             0.3 s
      env                    [CPU]             0.3 s
      compPQ-form            [CPU]             0.2 s
        match                [CPU]             0.2 s
          pump (src dedup)   [CPU]             0.1 s
          emit (owned)       [CPU]             0.1 s
      assembly               [CPU]             0.1 s
      compS-form-gpu (MPI)   [GPU·CPU·IO]    14.4 s   (GPU 3.9 · IO 3.1 · CPU 7.4)
        bsblock (store walk) [CPU]             0.1 s
        recipe (host,replic) [CPU]             0.3 s
        form (gpu+D2H)       [GPU·IO]        10.6 s
        reduce (NCCL/host)   [IO]              1.1 s
        unpack (D2H)         [CPU·IO]         2.3 s
      (other)                [CPU]             0.2 s
    matvec                   [GPU·CPU·IO]    65.4 s   (GPU 53.3 · IO 0.0 · CPU 12.1)
      gemm                   [GPU]            44.4 s   (89.64 TFLOPS total · 22.41/GPU)
      kern                   [GPU]             8.9 s
      host                   [CPU]            12.1 s
        planEnum             [CPU]             1.8 s
        ctorAlloc(upload)    [CPU·IO]         2.2 s
        ctorGroup            [CPU]             0.5 s
        ctorForm             [GPU]             0.2 s
        (other)              [CPU]             7.5 s
    decimate                 [CPU]             9.5 s
      rho (dist)             [CPU]             1.3 s
      eigh (dist)            [CPU]             4.0 s
      share (MPI wait)       [CPU·IO]         3.7 s
      select+assemble        [CPU]             0.2 s
      (other)                [CPU]             0.3 s
    grow                     [GPU·CPU·IO]    23.4 s   (GPU 5.1 · IO 5.8 · CPU 12.5) · 81.85 TFLOPS total · 20.46/GPU
      gpu_proj (project)     [GPU·CPU·IO]    13.3 s
        recipe               [CPU]             0.2 s
        fap_exec             [GPU·IO]        11.7 s
        fap_merge            [CPU]             0.2 s
        fap_ctx              [CPU]             0.1 s
        fap_unpack           [CPU]             0.2 s
      reduceSH (MPI)         [CPU·IO]         1.1 s
        sync (hash+wait)     [CPU·IO]         0.6 s
        pack                 [CPU]             0.2 s
        xfer (NCCL/host)     [IO]              0.3 s
        unpack               [CPU]             0.1 s
      (other)                [CPU]             9.0 s
    predict                  [CPU]             3.9 s
    ooc                      [IO]              0.1 s
      load                   [IO]              0.1 s

################## Sweep 12/30 (backward) summary ##################
  Energy       -2987.4869817769 Ha
  dE vs prev sweep  -1.869e-05 Ha
  Discarded weight  1.797e-04  (max over this sweep's decimations)
  Rank 0: Host RAM sweep-peak 11849 MB · VmHWM 13333 MB   VRAM op-pool peak 6382 MB · total peak 30362 MB
  Rank 1: Host RAM sweep-peak 11651 MB · VmHWM 13402 MB   VRAM op-pool peak 6305 MB · total peak 30264 MB
  Rank 2: Host RAM sweep-peak 11779 MB · VmHWM 13535 MB   VRAM op-pool peak 6331 MB · total peak 30300 MB
  Rank 3: Host RAM sweep-peak 11695 MB · VmHWM 13381 MB   VRAM op-pool peak 6229 MB · total peak 30182 MB
  Block stores (peak bond, per rank): distributed A/B share 3725 MB (~K²M²/np) · owner cre/des 169 · S 84 MB (~KM²/np) · replicated floor 19 MB [stubs 1 (~KM) · H 17 (~M²)]
  OOC scratch  302660 MB on disk  (sum over all ranks)
  Timings (wall 148.2 s)
    build                    [CPU]            23.4 s
      formPQ                 [GPU·CPU·IO]     7.7 s   (GPU 0.8 · IO 2.3 · CPU 4.5)
        exec-gemm            [GPU]             0.2 s   (37.99 TFLOPS total · 9.50/GPU)
        exec-kern            [GPU]             0.6 s
        transfer             [IO]              2.3 s
        exec-hostprep        [CPU]             3.3 s
        complete (MPI)       [IO]              0.8 s
        wdesc (Wsub+reds)    [CPU]             0.1 s
        (other)              [CPU]             0.3 s
      [kern] executor reductions (all phases): res-zero 0.0 · gather 2.6 · reduce 4.3 · accumulate 0.2 s
      sys                    [CPU]             0.5 s
      env                    [CPU]             0.3 s
      compPQ-form            [CPU]             0.3 s
        match                [CPU]             0.2 s
          pump (src dedup)   [CPU]             0.1 s
          emit (owned)       [CPU]             0.1 s
      assembly               [CPU]             0.1 s
      compS-form-gpu (MPI)   [GPU·CPU·IO]    14.4 s   (GPU 3.9 · IO 3.2 · CPU 7.3)
        bsblock (store walk) [CPU]             0.1 s
        recipe (host,replic) [CPU]             0.3 s
        form (gpu+D2H)       [GPU·IO]        10.7 s
        reduce (NCCL/host)   [IO]              0.7 s
        unpack (D2H)         [CPU·IO]         2.4 s
      (other)                [CPU]             0.2 s
    matvec                   [GPU·CPU·IO]    65.3 s   (GPU 53.1 · IO 0.0 · CPU 12.2)
      gemm                   [GPU]            44.2 s   (89.88 TFLOPS total · 22.47/GPU)
      kern                   [GPU]             8.9 s
      host                   [CPU]            12.2 s
        planEnum             [CPU]             1.8 s
        ctorAlloc(upload)    [CPU·IO]         2.3 s
        ctorGroup            [CPU]             0.5 s
        ctorForm             [GPU]             0.2 s
        (other)              [CPU]             7.5 s
    decimate                 [CPU]             9.7 s
      rho (dist)             [CPU]             1.1 s
      eigh (dist)            [CPU]             3.9 s
      share (MPI wait)       [CPU·IO]         4.3 s
      select+assemble        [CPU]             0.2 s
      (other)                [CPU]             0.3 s
    grow                     [GPU·CPU·IO]    23.8 s   (GPU 5.0 · IO 6.2 · CPU 12.6) · 81.64 TFLOPS total · 20.41/GPU
      gpu_proj (project)     [GPU·CPU·IO]    13.6 s
        recipe               [CPU]             0.2 s
        fap_exec             [GPU·IO]        12.0 s
        fap_merge            [CPU]             0.2 s
        fap_ctx              [CPU]             0.1 s
        fap_unpack           [CPU]             0.2 s
      reduceSH (MPI)         [CPU·IO]         1.7 s
        sync (hash+wait)     [CPU·IO]         1.1 s
        pack                 [CPU]             0.1 s
        xfer (NCCL/host)     [IO]              0.3 s
        unpack               [CPU]             0.1 s
      (other)                [CPU]             8.5 s
    predict                  [CPU]             3.1 s
    ooc                      [IO]              0.1 s
      load                   [IO]              0.1 s

################## Sweep 13/30 (forward) summary ##################
  Energy       -2987.4870008222 Ha
  dE vs prev sweep  -1.905e-05 Ha
  Discarded weight  1.803e-04  (max over this sweep's decimations)
  Rank 0: Host RAM sweep-peak 11583 MB · VmHWM 13333 MB   VRAM op-pool peak 6382 MB · total peak 30362 MB
  Rank 1: Host RAM sweep-peak 11578 MB · VmHWM 13402 MB   VRAM op-pool peak 6305 MB · total peak 30264 MB
  Rank 2: Host RAM sweep-peak 11542 MB · VmHWM 13535 MB   VRAM op-pool peak 6331 MB · total peak 30300 MB
  Rank 3: Host RAM sweep-peak 11434 MB · VmHWM 13381 MB   VRAM op-pool peak 6229 MB · total peak 30182 MB
  Block stores (peak bond, per rank): distributed A/B share 3755 MB (~K²M²/np) · owner cre/des 169 · S 84 MB (~KM²/np) · replicated floor 19 MB [stubs 1 (~KM) · H 17 (~M²)]
  OOC scratch  302196 MB on disk  (sum over all ranks)
  Timings (wall 150.1 s)
    build                    [CPU]            23.6 s
      formPQ                 [GPU·CPU·IO]     7.9 s   (GPU 0.8 · IO 2.4 · CPU 4.7)
        exec-gemm            [GPU]             0.2 s   (38.03 TFLOPS total · 9.51/GPU)
        exec-kern            [GPU]             0.6 s
        transfer             [IO]              2.4 s
        exec-hostprep        [CPU]             3.6 s
        complete (MPI)       [IO]              0.7 s
        wdesc (Wsub+reds)    [CPU]             0.1 s
        (other)              [CPU]             0.3 s
      [kern] executor reductions (all phases): res-zero 0.0 · gather 2.6 · reduce 4.3 · accumulate 0.2 s
      sys                    [CPU]             0.3 s
      env                    [CPU]             0.3 s
      compPQ-form            [CPU]             0.2 s
        match                [CPU]             0.2 s
          pump (src dedup)   [CPU]             0.1 s
          emit (owned)       [CPU]             0.1 s
      assembly               [CPU]             0.1 s
      compS-form-gpu (MPI)   [GPU·CPU·IO]    14.5 s   (GPU 3.9 · IO 3.2 · CPU 7.4)
        bsblock (store walk) [CPU]             0.1 s
        recipe (host,replic) [CPU]             0.3 s
        form (gpu+D2H)       [GPU·IO]        10.7 s
        reduce (NCCL/host)   [IO]              1.0 s
        unpack (D2H)         [CPU·IO]         2.3 s
      (other)                [CPU]             0.2 s
    matvec                   [GPU·CPU·IO]    65.1 s   (GPU 52.9 · IO 0.0 · CPU 12.2)
      gemm                   [GPU]            44.1 s   (89.46 TFLOPS total · 22.37/GPU)
      kern                   [GPU]             8.8 s
      host                   [CPU]            12.2 s
        planEnum             [CPU]             1.8 s
        ctorAlloc(upload)    [CPU·IO]         2.2 s
        ctorGroup            [CPU]             0.5 s
        ctorForm             [GPU]             0.2 s
        (other)              [CPU]             7.5 s
    decimate                 [CPU]             9.8 s
      rho (dist)             [CPU]             1.3 s
      eigh (dist)            [CPU]             3.8 s
      share (MPI wait)       [CPU·IO]         4.3 s
      select+assemble        [CPU]             0.2 s
      (other)                [CPU]             0.3 s
    grow                     [GPU·CPU·IO]    24.0 s   (GPU 5.1 · IO 6.3 · CPU 12.5) · 80.47 TFLOPS total · 20.12/GPU
      gpu_proj (project)     [GPU·CPU·IO]    13.8 s
        recipe               [CPU]             0.2 s
        fap_exec             [GPU·IO]        12.2 s
        fap_merge            [CPU]             0.2 s
        fap_ctx              [CPU]             0.1 s
        fap_unpack           [CPU]             0.2 s
      reduceSH (MPI)         [CPU·IO]         1.6 s
        sync (hash+wait)     [CPU·IO]         1.1 s
        pack                 [CPU]             0.2 s
        xfer (NCCL/host)     [IO]              0.3 s
        unpack               [CPU]             0.1 s
      (other)                [CPU]             8.6 s
    predict                  [CPU]             3.9 s
    ooc                      [IO]              0.1 s
      load                   [IO]              0.1 s

################## Sweep 14/30 (backward) summary ##################
  Energy       -2987.4870177151 Ha
  dE vs prev sweep  -1.689e-05 Ha
  Discarded weight  1.807e-04  (max over this sweep's decimations)
  Rank 0: Host RAM sweep-peak 11832 MB · VmHWM 13333 MB   VRAM op-pool peak 6382 MB · total peak 30362 MB
  Rank 1: Host RAM sweep-peak 11688 MB · VmHWM 13402 MB   VRAM op-pool peak 6305 MB · total peak 30264 MB
  Rank 2: Host RAM sweep-peak 11827 MB · VmHWM 13535 MB   VRAM op-pool peak 6331 MB · total peak 30300 MB
  Rank 3: Host RAM sweep-peak 11676 MB · VmHWM 13381 MB   VRAM op-pool peak 6229 MB · total peak 30182 MB
  Block stores (peak bond, per rank): distributed A/B share 3685 MB (~K²M²/np) · owner cre/des 169 · S 84 MB (~KM²/np) · replicated floor 19 MB [stubs 1 (~KM) · H 17 (~M²)]
  OOC scratch  302125 MB on disk  (sum over all ranks)
  Timings (wall 148.2 s)
    build                    [CPU]            23.1 s
      formPQ                 [GPU·CPU·IO]     7.6 s   (GPU 0.8 · IO 2.3 · CPU 4.4)
        exec-gemm            [GPU]             0.2 s   (38.01 TFLOPS total · 9.50/GPU)
        exec-kern            [GPU]             0.6 s
        transfer             [IO]              2.3 s
        exec-hostprep        [CPU]             3.3 s
        complete (MPI)       [IO]              0.8 s
        wdesc (Wsub+reds)    [CPU]             0.1 s
        (other)              [CPU]             0.3 s
      [kern] executor reductions (all phases): res-zero 0.0 · gather 2.6 · reduce 4.3 · accumulate 0.2 s
      sys                    [CPU]             0.4 s
      env                    [CPU]             0.3 s
      compPQ-form            [CPU]             0.2 s
        match                [CPU]             0.2 s
          pump (src dedup)   [CPU]             0.1 s
          emit (owned)       [CPU]             0.1 s
      assembly               [CPU]             0.1 s
      compS-form-gpu (MPI)   [GPU·CPU·IO]    14.2 s   (GPU 3.9 · IO 3.2 · CPU 7.1)
        bsblock (store walk) [CPU]             0.1 s
        recipe (host,replic) [CPU]             0.3 s
        form (gpu+D2H)       [GPU·IO]        10.7 s
        reduce (NCCL/host)   [IO]              0.8 s
        unpack (D2H)         [CPU·IO]         2.3 s
      (other)                [CPU]             0.2 s
    matvec                   [GPU·CPU·IO]    65.3 s   (GPU 53.2 · IO 0.0 · CPU 12.1)
      gemm                   [GPU]            44.3 s   (89.84 TFLOPS total · 22.46/GPU)
      kern                   [GPU]             8.9 s
      host                   [CPU]            12.1 s
        planEnum             [CPU]             1.8 s
        ctorAlloc(upload)    [CPU·IO]         2.3 s
        ctorGroup            [CPU]             0.5 s
        ctorForm             [GPU]             0.2 s
        (other)              [CPU]             7.5 s
    decimate                 [CPU]             9.8 s
      rho (dist)             [CPU]             1.1 s
      eigh (dist)            [CPU]             3.9 s
      share (MPI wait)       [CPU·IO]         4.4 s
      select+assemble        [CPU]             0.2 s
      (other)                [CPU]             0.3 s
    grow                     [GPU·CPU·IO]    23.8 s   (GPU 5.1 · IO 6.3 · CPU 12.5) · 81.36 TFLOPS total · 20.34/GPU
      gpu_proj (project)     [GPU·CPU·IO]    13.7 s
        recipe               [CPU]             0.2 s
        fap_exec             [GPU·IO]        12.1 s
        fap_merge            [CPU]             0.2 s
        fap_ctx              [CPU]             0.1 s
        fap_unpack           [CPU]             0.2 s
      reduceSH (MPI)         [CPU·IO]         1.5 s
        sync (hash+wait)     [CPU·IO]         1.0 s
        pack                 [CPU]             0.1 s
        xfer (NCCL/host)     [IO]              0.3 s
        unpack               [CPU]             0.1 s
      (other)                [CPU]             8.6 s
    predict                  [CPU]             3.1 s
    ooc                      [IO]              0.1 s
      load                   [IO]              0.1 s

################## Sweep 15/30 (forward) summary ##################
  Energy       -2987.4870316740 Ha
  dE vs prev sweep  -1.396e-05 Ha
  Discarded weight  1.811e-04  (max over this sweep's decimations)
  Rank 0: Host RAM sweep-peak 12129 MB · VmHWM 13333 MB   VRAM op-pool peak 6382 MB · total peak 30362 MB
  Rank 1: Host RAM sweep-peak 12015 MB · VmHWM 13402 MB   VRAM op-pool peak 6305 MB · total peak 30264 MB
  Rank 2: Host RAM sweep-peak 12048 MB · VmHWM 13535 MB   VRAM op-pool peak 6331 MB · total peak 30300 MB
  Rank 3: Host RAM sweep-peak 11969 MB · VmHWM 13381 MB   VRAM op-pool peak 6229 MB · total peak 30182 MB
  Block stores (peak bond, per rank): distributed A/B share 3751 MB (~K²M²/np) · owner cre/des 169 · S 84 MB (~KM²/np) · replicated floor 19 MB [stubs 1 (~KM) · H 17 (~M²)]
  OOC scratch  303297 MB on disk  (sum over all ranks)
  Timings (wall 150.8 s)
    build                    [CPU]            23.0 s
      formPQ                 [GPU·CPU·IO]     7.5 s   (GPU 0.8 · IO 2.4 · CPU 4.4)
        exec-gemm            [GPU]             0.2 s   (37.90 TFLOPS total · 9.47/GPU)
        exec-kern            [GPU]             0.6 s
        transfer             [IO]              2.4 s
        exec-hostprep        [CPU]             3.2 s
        complete (MPI)       [IO]              0.8 s
        wdesc (Wsub+reds)    [CPU]             0.1 s
        (other)              [CPU]             0.3 s
      [kern] executor reductions (all phases): res-zero 0.0 · gather 2.6 · reduce 4.4 · accumulate 0.2 s
      sys                    [CPU]             0.3 s
      env                    [CPU]             0.3 s
      compPQ-form            [CPU]             0.2 s
        match                [CPU]             0.2 s
          pump (src dedup)   [CPU]             0.1 s
          emit (owned)       [CPU]             0.1 s
      assembly               [CPU]             0.1 s
      compS-form-gpu (MPI)   [GPU·CPU·IO]    14.3 s   (GPU 4.0 · IO 3.1 · CPU 7.2)
        bsblock (store walk) [CPU]             0.1 s
        recipe (host,replic) [CPU]             0.3 s
        form (gpu+D2H)       [GPU·IO]        10.7 s
        reduce (NCCL/host)   [IO]              0.9 s
        unpack (D2H)         [CPU·IO]         2.3 s
        (other)              [CPU]             0.1 s
      (other)                [CPU]             0.2 s
    matvec                   [GPU·CPU·IO]    65.7 s   (GPU 53.6 · IO 0.0 · CPU 12.0)
      gemm                   [GPU]            44.7 s   (89.55 TFLOPS total · 22.39/GPU)
      kern                   [GPU]             9.0 s
      host                   [CPU]            12.0 s
        planEnum             [CPU]             1.8 s
        ctorAlloc(upload)    [CPU·IO]         2.2 s
        ctorGroup            [CPU]             0.5 s
        ctorForm             [GPU]             0.2 s
        (other)              [CPU]             7.4 s
    decimate                 [CPU]             9.7 s
      rho (dist)             [CPU]             1.3 s
      eigh (dist)            [CPU]             4.1 s
      share (MPI wait)       [CPU·IO]         3.9 s
      select+assemble        [CPU]             0.2 s
      (other)                [CPU]             0.3 s
    grow                     [GPU·CPU·IO]    24.0 s   (GPU 5.2 · IO 6.3 · CPU 12.6) · 81.59 TFLOPS total · 20.40/GPU
      gpu_proj (project)     [GPU·CPU·IO]    13.8 s
        recipe               [CPU]             0.2 s
        fap_exec             [GPU·IO]        12.3 s
        fap_merge            [CPU]             0.2 s
        fap_ctx              [CPU]             0.1 s
        fap_unpack           [CPU]             0.2 s
      reduceSH (MPI)         [CPU·IO]         1.2 s
        sync (hash+wait)     [CPU·IO]         0.6 s
        pack                 [CPU]             0.1 s
        xfer (NCCL/host)     [IO]              0.3 s
        unpack               [CPU]             0.1 s
      (other)                [CPU]             9.1 s
    predict                  [CPU]             3.9 s
    ooc                      [IO]              0.1 s
      load                   [IO]              0.1 s

################## Sweep 16/30 (backward) summary ##################
  Energy       -2987.4870426678 Ha
  dE vs prev sweep  -1.099e-05 Ha
  Discarded weight  1.814e-04  (max over this sweep's decimations)
  Rank 0: Host RAM sweep-peak 11878 MB · VmHWM 13333 MB   VRAM op-pool peak 6382 MB · total peak 30362 MB
  Rank 1: Host RAM sweep-peak 11768 MB · VmHWM 13402 MB   VRAM op-pool peak 6305 MB · total peak 30264 MB
  Rank 2: Host RAM sweep-peak 11810 MB · VmHWM 13535 MB   VRAM op-pool peak 6331 MB · total peak 30302 MB
  Rank 3: Host RAM sweep-peak 11744 MB · VmHWM 13381 MB   VRAM op-pool peak 6229 MB · total peak 30184 MB
  Block stores (peak bond, per rank): distributed A/B share 3723 MB (~K²M²/np) · owner cre/des 169 · S 84 MB (~KM²/np) · replicated floor 19 MB [stubs 1 (~KM) · H 17 (~M²)]
  OOC scratch  302892 MB on disk  (sum over all ranks)
  Timings (wall 147.8 s)
    build                    [CPU]            22.8 s
      formPQ                 [GPU·CPU·IO]     7.4 s   (GPU 0.8 · IO 2.3 · CPU 4.3)
        exec-gemm            [GPU]             0.2 s   (38.03 TFLOPS total · 9.51/GPU)
        exec-kern            [GPU]             0.6 s
        transfer             [IO]              2.3 s
        exec-hostprep        [CPU]             3.2 s
        complete (MPI)       [IO]              0.7 s
        wdesc (Wsub+reds)    [CPU]             0.1 s
        (other)              [CPU]             0.3 s
      [kern] executor reductions (all phases): res-zero 0.0 · gather 2.6 · reduce 4.3 · accumulate 0.2 s
      sys                    [CPU]             0.4 s
      env                    [CPU]             0.3 s
      compPQ-form            [CPU]             0.2 s
        match                [CPU]             0.2 s
          pump (src dedup)   [CPU]             0.1 s
          emit (owned)       [CPU]             0.1 s
      assembly               [CPU]             0.1 s
      compS-form-gpu (MPI)   [GPU·CPU·IO]    14.2 s   (GPU 4.0 · IO 3.2 · CPU 7.1)
        bsblock (store walk) [CPU]             0.1 s
        recipe (host,replic) [CPU]             0.3 s
        form (gpu+D2H)       [GPU·IO]        10.7 s
        reduce (NCCL/host)   [IO]              0.8 s
        unpack (D2H)         [CPU·IO]         2.3 s
      (other)                [CPU]             0.2 s
    matvec                   [GPU·CPU·IO]    65.2 s   (GPU 53.0 · IO 0.0 · CPU 12.2)
      gemm                   [GPU]            44.1 s   (90.04 TFLOPS total · 22.51/GPU)
      kern                   [GPU]             8.9 s
      host                   [CPU]            12.2 s
        planEnum             [CPU]             1.8 s
        ctorAlloc(upload)    [CPU·IO]         2.3 s
        ctorGroup            [CPU]             0.5 s
        ctorForm             [GPU]             0.2 s
        (other)              [CPU]             7.5 s
    decimate                 [CPU]             9.7 s
      rho (dist)             [CPU]             1.1 s
      eigh (dist)            [CPU]             3.9 s
      share (MPI wait)       [CPU·IO]         4.3 s
      select+assemble        [CPU]             0.2 s
      (other)                [CPU]             0.3 s
    grow                     [GPU·CPU·IO]    23.8 s   (GPU 5.0 · IO 6.2 · CPU 12.6) · 82.23 TFLOPS total · 20.56/GPU
      gpu_proj (project)     [GPU·CPU·IO]    13.7 s
        recipe               [CPU]             0.2 s
        fap_exec             [GPU·IO]        12.1 s
        fap_merge            [CPU]             0.2 s
        fap_ctx              [CPU]             0.1 s
        fap_unpack           [CPU]             0.2 s
      reduceSH (MPI)         [CPU·IO]         1.6 s
        sync (hash+wait)     [CPU·IO]         1.0 s
        pack                 [CPU]             0.1 s
        xfer (NCCL/host)     [IO]              0.3 s
        unpack               [CPU]             0.1 s
      (other)                [CPU]             8.6 s
    predict                  [CPU]             3.1 s
    ooc                      [IO]              0.1 s
      load                   [IO]              0.1 s

################## Sweep 17/30 (forward) summary ##################
  Energy       -2987.4870502069 Ha
  dE vs prev sweep  -7.539e-06 Ha
  Discarded weight  1.817e-04  (max over this sweep's decimations)
  Rank 0: Host RAM sweep-peak 12989 MB · VmHWM 13422 MB   VRAM op-pool peak 6382 MB · total peak 30362 MB
  Rank 1: Host RAM sweep-peak 12793 MB · VmHWM 13402 MB   VRAM op-pool peak 6305 MB · total peak 30264 MB
  Rank 2: Host RAM sweep-peak 12931 MB · VmHWM 13535 MB   VRAM op-pool peak 6331 MB · total peak 30302 MB
  Rank 3: Host RAM sweep-peak 12847 MB · VmHWM 13381 MB   VRAM op-pool peak 6229 MB · total peak 30184 MB
  Block stores (peak bond, per rank): distributed A/B share 3736 MB (~K²M²/np) · owner cre/des 169 · S 84 MB (~KM²/np) · replicated floor 19 MB [stubs 1 (~KM) · H 17 (~M²)]
  OOC scratch  303631 MB on disk  (sum over all ranks)
  Timings (wall 148.3 s)
    build                    [CPU]            23.1 s
      formPQ                 [GPU·CPU·IO]     7.6 s   (GPU 0.8 · IO 2.3 · CPU 4.5)
        exec-gemm            [GPU]             0.2 s   (37.91 TFLOPS total · 9.48/GPU)
        exec-kern            [GPU]             0.6 s
        transfer             [IO]              2.3 s
        exec-hostprep        [CPU]             3.2 s
        complete (MPI)       [IO]              0.8 s
        wdesc (Wsub+reds)    [CPU]             0.1 s
        (other)              [CPU]             0.3 s
      [kern] executor reductions (all phases): res-zero 0.0 · gather 2.6 · reduce 4.3 · accumulate 0.2 s
      sys                    [CPU]             0.3 s
      env                    [CPU]             0.4 s
      compPQ-form            [CPU]             0.2 s
        match                [CPU]             0.2 s
          pump (src dedup)   [CPU]             0.1 s
          emit (owned)       [CPU]             0.1 s
      assembly               [CPU]             0.1 s
      compS-form-gpu (MPI)   [GPU·CPU·IO]    14.3 s   (GPU 3.9 · IO 3.1 · CPU 7.2)
        bsblock (store walk) [CPU]             0.1 s
        recipe (host,replic) [CPU]             0.3 s
        form (gpu+D2H)       [GPU·IO]        10.6 s
        reduce (NCCL/host)   [IO]              0.9 s
        unpack (D2H)         [CPU·IO]         2.3 s
      (other)                [CPU]             0.2 s
    matvec                   [GPU·CPU·IO]    64.7 s   (GPU 52.6 · IO 0.0 · CPU 12.1)
      gemm                   [GPU]            43.8 s   (89.85 TFLOPS total · 22.46/GPU)
      kern                   [GPU]             8.8 s
      host                   [CPU]            12.1 s
        planEnum             [CPU]             1.8 s
        ctorAlloc(upload)    [CPU·IO]         2.2 s
        ctorGroup            [CPU]             0.5 s
        ctorForm             [GPU]             0.2 s
        (other)              [CPU]             7.5 s
    decimate                 [CPU]             9.7 s
      rho (dist)             [CPU]             1.3 s
      eigh (dist)            [CPU]             4.1 s
      share (MPI wait)       [CPU·IO]         3.8 s
      select+assemble        [CPU]             0.2 s
      (other)                [CPU]             0.3 s
    grow                     [GPU·CPU·IO]    23.4 s   (GPU 5.1 · IO 5.8 · CPU 12.5) · 81.50 TFLOPS total · 20.38/GPU
      gpu_proj (project)     [GPU·CPU·IO]    13.2 s
        recipe               [CPU]             0.2 s
        fap_exec             [GPU·IO]        11.7 s
        fap_merge            [CPU]             0.2 s
        fap_ctx              [CPU]             0.1 s
        fap_unpack           [CPU]             0.2 s
      reduceSH (MPI)         [CPU·IO]         1.4 s
        sync (hash+wait)     [CPU·IO]         0.9 s
        pack                 [CPU]             0.2 s
        xfer (NCCL/host)     [IO]              0.3 s
        unpack               [CPU]             0.1 s
      (other)                [CPU]             8.8 s
    predict                  [CPU]             4.2 s
    ooc                      [IO]              0.1 s
      load                   [IO]              0.1 s

################## Sweep 18/30 (backward) summary ##################
  Energy       -2987.4870548353 Ha
  dE vs prev sweep  -4.628e-06 Ha
  Discarded weight  1.818e-04  (max over this sweep's decimations)
  Rank 0: Host RAM sweep-peak 12006 MB · VmHWM 13422 MB   VRAM op-pool peak 6382 MB · total peak 30362 MB
  Rank 1: Host RAM sweep-peak 12245 MB · VmHWM 13402 MB   VRAM op-pool peak 6305 MB · total peak 30264 MB
  Rank 2: Host RAM sweep-peak 11877 MB · VmHWM 13535 MB   VRAM op-pool peak 6331 MB · total peak 30302 MB
  Rank 3: Host RAM sweep-peak 12355 MB · VmHWM 13381 MB   VRAM op-pool peak 6229 MB · total peak 30184 MB
  Block stores (peak bond, per rank): distributed A/B share 3729 MB (~K²M²/np) · owner cre/des 169 · S 84 MB (~KM²/np) · replicated floor 19 MB [stubs 1 (~KM) · H 17 (~M²)]
  OOC scratch  303277 MB on disk  (sum over all ranks)
  Timings (wall 148.9 s)
    build                    [CPU]            23.1 s
      formPQ                 [GPU·CPU·IO]     7.6 s   (GPU 0.8 · IO 2.3 · CPU 4.5)
        exec-gemm            [GPU]             0.2 s   (38.06 TFLOPS total · 9.51/GPU)
        exec-kern            [GPU]             0.6 s
        transfer             [IO]              2.3 s
        exec-hostprep        [CPU]             3.3 s
        complete (MPI)       [IO]              0.7 s
        wdesc (Wsub+reds)    [CPU]             0.1 s
        (other)              [CPU]             0.3 s
      [kern] executor reductions (all phases): res-zero 0.0 · gather 2.6 · reduce 4.3 · accumulate 0.2 s
      sys                    [CPU]             0.4 s
      env                    [CPU]             0.3 s
      compPQ-form            [CPU]             0.3 s
        match                [CPU]             0.2 s
          pump (src dedup)   [CPU]             0.1 s
          emit (owned)       [CPU]             0.1 s
      assembly               [CPU]             0.1 s
      compS-form-gpu (MPI)   [GPU·CPU·IO]    14.3 s   (GPU 3.9 · IO 3.2 · CPU 7.2)
        bsblock (store walk) [CPU]             0.1 s
        recipe (host,replic) [CPU]             0.3 s
        form (gpu+D2H)       [GPU·IO]        10.7 s
        reduce (NCCL/host)   [IO]              0.8 s
        unpack (D2H)         [CPU·IO]         2.3 s
      (other)                [CPU]             0.2 s
    matvec                   [GPU·CPU·IO]    65.3 s   (GPU 53.1 · IO 0.0 · CPU 12.2)
      gemm                   [GPU]            44.2 s   (89.79 TFLOPS total · 22.45/GPU)
      kern                   [GPU]             8.9 s
      host                   [CPU]            12.2 s
        planEnum             [CPU]             1.8 s
        ctorAlloc(upload)    [CPU·IO]         2.3 s
        ctorGroup            [CPU]             0.5 s
        ctorForm             [GPU]             0.2 s
        (other)              [CPU]             7.5 s
    decimate                 [CPU]             9.7 s
      rho (dist)             [CPU]             1.1 s
      eigh (dist)            [CPU]             3.9 s
      share (MPI wait)       [CPU·IO]         4.2 s
      select+assemble        [CPU]             0.2 s
      (other)                [CPU]             0.3 s
    grow                     [GPU·CPU·IO]    24.0 s   (GPU 5.0 · IO 6.3 · CPU 12.7) · 82.96 TFLOPS total · 20.74/GPU
      gpu_proj (project)     [GPU·CPU·IO]    13.8 s
        recipe               [CPU]             0.2 s
        fap_exec             [GPU·IO]        12.2 s
        fap_merge            [CPU]             0.2 s
        fap_ctx              [CPU]             0.1 s
        fap_unpack           [CPU]             0.2 s
      reduceSH (MPI)         [CPU·IO]         1.7 s
        sync (hash+wait)     [CPU·IO]         1.1 s
        pack                 [CPU]             0.1 s
        xfer (NCCL/host)     [IO]              0.3 s
        unpack               [CPU]             0.1 s
      (other)                [CPU]             8.5 s
    predict                  [CPU]             3.3 s
    ooc                      [IO]              0.1 s
      load                   [IO]              0.1 s

################## Sweep 19/30 (forward) summary ##################
  Energy       -2987.4870651342 Ha
  dE vs prev sweep  -1.030e-05 Ha
  Discarded weight  1.823e-04  (max over this sweep's decimations)
  Rank 0: Host RAM sweep-peak 11765 MB · VmHWM 13422 MB   VRAM op-pool peak 6382 MB · total peak 30362 MB
  Rank 1: Host RAM sweep-peak 11740 MB · VmHWM 13402 MB   VRAM op-pool peak 6305 MB · total peak 30268 MB
  Rank 2: Host RAM sweep-peak 11738 MB · VmHWM 13535 MB   VRAM op-pool peak 6331 MB · total peak 30302 MB
  Rank 3: Host RAM sweep-peak 11665 MB · VmHWM 13381 MB   VRAM op-pool peak 6229 MB · total peak 30184 MB
  Block stores (peak bond, per rank): distributed A/B share 3786 MB (~K²M²/np) · owner cre/des 169 · S 84 MB (~KM²/np) · replicated floor 19 MB [stubs 1 (~KM) · H 17 (~M²)]
  OOC scratch  303347 MB on disk  (sum over all ranks)
  Timings (wall 149.6 s)
    build                    [CPU]            23.5 s
      formPQ                 [GPU·CPU·IO]     7.8 s   (GPU 0.8 · IO 2.3 · CPU 4.6)
        exec-gemm            [GPU]             0.2 s   (38.05 TFLOPS total · 9.51/GPU)
        exec-kern            [GPU]             0.6 s
        transfer             [IO]              2.3 s
        exec-hostprep        [CPU]             3.4 s
        complete (MPI)       [IO]              0.8 s
        wdesc (Wsub+reds)    [CPU]             0.1 s
        (other)              [CPU]             0.3 s
      [kern] executor reductions (all phases): res-zero 0.0 · gather 2.6 · reduce 4.3 · accumulate 0.2 s
      sys                    [CPU]             0.3 s
      env                    [CPU]             0.3 s
      compPQ-form            [CPU]             0.2 s
        match                [CPU]             0.2 s
          pump (src dedup)   [CPU]             0.1 s
          emit (owned)       [CPU]             0.1 s
      assembly               [CPU]             0.1 s
      compS-form-gpu (MPI)   [GPU·CPU·IO]    14.6 s   (GPU 3.9 · IO 3.1 · CPU 7.5)
        bsblock (store walk) [CPU]             0.1 s
        recipe (host,replic) [CPU]             0.3 s
        form (gpu+D2H)       [GPU·IO]        10.9 s
        reduce (NCCL/host)   [IO]              1.0 s
        unpack (D2H)         [CPU·IO]         2.3 s
      (other)                [CPU]             0.2 s
    matvec                   [GPU·CPU·IO]    65.2 s   (GPU 53.0 · IO 0.0 · CPU 12.2)
      gemm                   [GPU]            44.2 s   (89.32 TFLOPS total · 22.33/GPU)
      kern                   [GPU]             8.8 s
      host                   [CPU]            12.2 s
        planEnum             [CPU]             1.8 s
        ctorAlloc(upload)    [CPU·IO]         2.2 s
        ctorGroup            [CPU]             0.5 s
        ctorForm             [GPU]             0.2 s
        (other)              [CPU]             7.6 s
    decimate                 [CPU]             9.6 s
      rho (dist)             [CPU]             1.3 s
      eigh (dist)            [CPU]             4.0 s
      share (MPI wait)       [CPU·IO]         3.8 s
      select+assemble        [CPU]             0.2 s
      (other)                [CPU]             0.3 s
    grow                     [GPU·CPU·IO]    24.2 s   (GPU 5.1 · IO 6.4 · CPU 12.6) · 82.14 TFLOPS total · 20.53/GPU
      gpu_proj (project)     [GPU·CPU·IO]    13.9 s
        recipe               [CPU]             0.2 s
        fap_exec             [GPU·IO]        12.4 s
        fap_merge            [CPU]             0.2 s
        fap_ctx              [CPU]             0.1 s
        fap_unpack           [CPU]             0.2 s
      reduceSH (MPI)         [CPU·IO]         0.9 s
        sync (hash+wait)     [CPU·IO]         0.4 s
        pack                 [CPU]             0.2 s
        xfer (NCCL/host)     [IO]              0.3 s
        unpack               [CPU]             0.1 s
      (other)                [CPU]             9.3 s
    predict                  [CPU]             3.9 s
    ooc                      [IO]              0.1 s
      load                   [IO]              0.1 s

################## Sweep 20/30 (backward) summary ##################
  Energy       -2987.4870726173 Ha
  dE vs prev sweep  -7.483e-06 Ha
  Discarded weight  1.823e-04  (max over this sweep's decimations)
  Rank 0: Host RAM sweep-peak 13079 MB · VmHWM 13422 MB   VRAM op-pool peak 6382 MB · total peak 30362 MB
  Rank 1: Host RAM sweep-peak 13357 MB · VmHWM 13434 MB   VRAM op-pool peak 6305 MB · total peak 30268 MB
  Rank 2: Host RAM sweep-peak 13271 MB · VmHWM 13535 MB   VRAM op-pool peak 6331 MB · total peak 30302 MB
  Rank 3: Host RAM sweep-peak 13315 MB · VmHWM 13413 MB   VRAM op-pool peak 6229 MB · total peak 30184 MB
  Block stores (peak bond, per rank): distributed A/B share 3731 MB (~K²M²/np) · owner cre/des 169 · S 84 MB (~KM²/np) · replicated floor 19 MB [stubs 1 (~KM) · H 17 (~M²)]
  OOC scratch  303991 MB on disk  (sum over all ranks)
  Timings (wall 147.7 s)
    build                    [CPU]            23.2 s
      formPQ                 [GPU·CPU·IO]     7.6 s   (GPU 0.8 · IO 2.3 · CPU 4.4)
        exec-gemm            [GPU]             0.2 s   (38.06 TFLOPS total · 9.51/GPU)
        exec-kern            [GPU]             0.6 s
        transfer             [IO]              2.3 s
        exec-hostprep        [CPU]             3.2 s
        complete (MPI)       [IO]              0.8 s
        wdesc (Wsub+reds)    [CPU]             0.1 s
        (other)              [CPU]             0.3 s
      [kern] executor reductions (all phases): res-zero 0.0 · gather 2.6 · reduce 4.3 · accumulate 0.2 s
      sys                    [CPU]             0.4 s
      env                    [CPU]             0.3 s
      compPQ-form            [CPU]             0.3 s
        match                [CPU]             0.2 s
          pump (src dedup)   [CPU]             0.1 s
          emit (owned)       [CPU]             0.1 s
      assembly               [CPU]             0.1 s
      compS-form-gpu (MPI)   [GPU·CPU·IO]    14.4 s   (GPU 3.9 · IO 3.2 · CPU 7.3)
        bsblock (store walk) [CPU]             0.1 s
        recipe (host,replic) [CPU]             0.3 s
        form (gpu+D2H)       [GPU·IO]        10.7 s
        reduce (NCCL/host)   [IO]              0.8 s
        unpack (D2H)         [CPU·IO]         2.4 s
      (other)                [CPU]             0.2 s
    matvec                   [GPU·CPU·IO]    65.6 s   (GPU 53.4 · IO 0.0 · CPU 12.2)
      gemm                   [GPU]            44.5 s   (89.70 TFLOPS total · 22.42/GPU)
      kern                   [GPU]             8.9 s
      host                   [CPU]            12.2 s
        planEnum             [CPU]             1.8 s
        ctorAlloc(upload)    [CPU·IO]         2.3 s
        ctorGroup            [CPU]             0.5 s
        ctorForm             [GPU]             0.2 s
        (other)              [CPU]             7.4 s
    decimate                 [CPU]             9.7 s
      rho (dist)             [CPU]             1.1 s
      eigh (dist)            [CPU]             3.8 s
      share (MPI wait)       [CPU·IO]         4.3 s
      select+assemble        [CPU]             0.2 s
      (other)                [CPU]             0.3 s
    grow                     [GPU·CPU·IO]    23.0 s   (GPU 5.0 · IO 5.6 · CPU 12.3) · 82.06 TFLOPS total · 20.51/GPU
      gpu_proj (project)     [GPU·CPU·IO]    13.1 s
        recipe               [CPU]             0.2 s
        fap_exec             [GPU·IO]        11.5 s
        fap_merge            [CPU]             0.2 s
        fap_ctx              [CPU]             0.1 s
        fap_unpack           [CPU]             0.2 s
      reduceSH (MPI)         [CPU·IO]         1.2 s
        sync (hash+wait)     [CPU·IO]         0.6 s
        pack                 [CPU]             0.1 s
        xfer (NCCL/host)     [IO]              0.3 s
        unpack               [CPU]             0.1 s
      (other)                [CPU]             8.7 s
    predict                  [CPU]             3.1 s
    ooc                      [IO]              0.1 s
      load                   [IO]              0.1 s

################## Sweep 21/30 (forward) summary ##################
  Energy       -2987.4870832600 Ha
  dE vs prev sweep  -1.064e-05 Ha
  Discarded weight  1.824e-04  (max over this sweep's decimations)
  Rank 0: Host RAM sweep-peak 11756 MB · VmHWM 13422 MB   VRAM op-pool peak 6382 MB · total peak 30362 MB
  Rank 1: Host RAM sweep-peak 12187 MB · VmHWM 13434 MB   VRAM op-pool peak 6305 MB · total peak 30268 MB
  Rank 2: Host RAM sweep-peak 11636 MB · VmHWM 13535 MB   VRAM op-pool peak 6331 MB · total peak 30302 MB
  Rank 3: Host RAM sweep-peak 11987 MB · VmHWM 13413 MB   VRAM op-pool peak 6229 MB · total peak 30184 MB
  Block stores (peak bond, per rank): distributed A/B share 3752 MB (~K²M²/np) · owner cre/des 169 · S 84 MB (~KM²/np) · replicated floor 19 MB [stubs 1 (~KM) · H 17 (~M²)]
  OOC scratch  303551 MB on disk  (sum over all ranks)
  Timings (wall 149.5 s)
    build                    [CPU]            23.1 s
      formPQ                 [GPU·CPU·IO]     7.6 s   (GPU 0.8 · IO 2.4 · CPU 4.4)
        exec-gemm            [GPU]             0.2 s   (37.99 TFLOPS total · 9.50/GPU)
        exec-kern            [GPU]             0.6 s
        transfer             [IO]              2.4 s
        exec-hostprep        [CPU]             3.4 s
        complete (MPI)       [IO]              0.7 s
        wdesc (Wsub+reds)    [CPU]             0.1 s
        (other)              [CPU]             0.3 s
      [kern] executor reductions (all phases): res-zero 0.0 · gather 2.6 · reduce 4.3 · accumulate 0.2 s
      sys                    [CPU]             0.4 s
      env                    [CPU]             0.4 s
      compPQ-form            [CPU]             0.2 s
        match                [CPU]             0.2 s
          pump (src dedup)   [CPU]             0.1 s
          emit (owned)       [CPU]             0.1 s
      assembly               [CPU]             0.1 s
      compS-form-gpu (MPI)   [GPU·CPU·IO]    14.2 s   (GPU 3.9 · IO 3.1 · CPU 7.2)
        bsblock (store walk) [CPU]             0.1 s
        recipe (host,replic) [CPU]             0.3 s
        form (gpu+D2H)       [GPU·IO]        10.7 s
        reduce (NCCL/host)   [IO]              0.8 s
        unpack (D2H)         [CPU·IO]         2.3 s
      (other)                [CPU]             0.2 s
    matvec                   [GPU·CPU·IO]    65.3 s   (GPU 53.1 · IO 0.0 · CPU 12.1)
      gemm                   [GPU]            44.3 s   (89.19 TFLOPS total · 22.30/GPU)
      kern                   [GPU]             8.8 s
      host                   [CPU]            12.1 s
        planEnum             [CPU]             1.8 s
        ctorAlloc(upload)    [CPU·IO]         2.2 s
        ctorGroup            [CPU]             0.5 s
        ctorForm             [GPU]             0.2 s
        (other)              [CPU]             7.5 s
    decimate                 [CPU]             9.6 s
      rho (dist)             [CPU]             1.3 s
      eigh (dist)            [CPU]             3.9 s
      share (MPI wait)       [CPU·IO]         4.0 s
      select+assemble        [CPU]             0.2 s
      (other)                [CPU]             0.3 s
    grow                     [GPU·CPU·IO]    24.0 s   (GPU 5.2 · IO 6.4 · CPU 12.4) · 81.18 TFLOPS total · 20.29/GPU
      gpu_proj (project)     [GPU·CPU·IO]    14.0 s
        recipe               [CPU]             0.2 s
        fap_exec             [GPU·IO]        12.4 s
        fap_merge            [CPU]             0.2 s
        fap_ctx              [CPU]             0.1 s
        fap_unpack           [CPU]             0.2 s
      reduceSH (MPI)         [CPU·IO]         1.1 s
        sync (hash+wait)     [CPU·IO]         0.5 s
        pack                 [CPU]             0.2 s
        xfer (NCCL/host)     [IO]              0.3 s
        unpack               [CPU]             0.1 s
      (other)                [CPU]             9.0 s
    predict                  [CPU]             4.2 s
    ooc                      [IO]              0.1 s
      load                   [IO]              0.1 s

################## Sweep 22/30 (backward) summary ##################
  Energy       -2987.4870917525 Ha
  dE vs prev sweep  -8.492e-06 Ha
  Discarded weight  1.828e-04  (max over this sweep's decimations)
  Rank 0: Host RAM sweep-peak 12083 MB · VmHWM 13422 MB   VRAM op-pool peak 6382 MB · total peak 30362 MB
  Rank 1: Host RAM sweep-peak 12076 MB · VmHWM 13434 MB   VRAM op-pool peak 6305 MB · total peak 30268 MB
  Rank 2: Host RAM sweep-peak 11925 MB · VmHWM 13535 MB   VRAM op-pool peak 6331 MB · total peak 30302 MB
  Rank 3: Host RAM sweep-peak 12136 MB · VmHWM 13413 MB   VRAM op-pool peak 6229 MB · total peak 30184 MB
  Block stores (peak bond, per rank): distributed A/B share 3708 MB (~K²M²/np) · owner cre/des 169 · S 84 MB (~KM²/np) · replicated floor 19 MB [stubs 1 (~KM) · H 17 (~M²)]
  OOC scratch  303390 MB on disk  (sum over all ranks)
  Timings (wall 148.5 s)
    build                    [CPU]            22.9 s
      formPQ                 [GPU·CPU·IO]     7.5 s   (GPU 0.8 · IO 2.4 · CPU 4.3)
        exec-gemm            [GPU]             0.2 s   (38.02 TFLOPS total · 9.51/GPU)
        exec-kern            [GPU]             0.6 s
        transfer             [IO]              2.4 s
        exec-hostprep        [CPU]             3.2 s
        complete (MPI)       [IO]              0.7 s
        wdesc (Wsub+reds)    [CPU]             0.1 s
        (other)              [CPU]             0.3 s
      [kern] executor reductions (all phases): res-zero 0.0 · gather 2.6 · reduce 4.3 · accumulate 0.2 s
      sys                    [CPU]             0.3 s
      env                    [CPU]             0.3 s
      compPQ-form            [CPU]             0.2 s
        match                [CPU]             0.2 s
          pump (src dedup)   [CPU]             0.1 s
          emit (owned)       [CPU]             0.1 s
      assembly               [CPU]             0.1 s
      compS-form-gpu (MPI)   [GPU·CPU·IO]    14.3 s   (GPU 3.9 · IO 3.2 · CPU 7.1)
        bsblock (store walk) [CPU]             0.1 s
        recipe (host,replic) [CPU]             0.3 s
        form (gpu+D2H)       [GPU·IO]        10.7 s
        reduce (NCCL/host)   [IO]              0.8 s
        unpack (D2H)         [CPU·IO]         2.3 s
      (other)                [CPU]             0.2 s
    matvec                   [GPU·CPU·IO]    65.1 s   (GPU 53.0 · IO 0.0 · CPU 12.1)
      gemm                   [GPU]            44.1 s   (89.74 TFLOPS total · 22.43/GPU)
      kern                   [GPU]             8.9 s
      host                   [CPU]            12.1 s
        planEnum             [CPU]             1.8 s
        ctorAlloc(upload)    [CPU·IO]         2.3 s
        ctorGroup            [CPU]             0.5 s
        ctorForm             [GPU]             0.2 s
        (other)              [CPU]             7.4 s
    decimate                 [CPU]            10.0 s
      rho (dist)             [CPU]             1.1 s
      eigh (dist)            [CPU]             3.9 s
      share (MPI wait)       [CPU·IO]         4.5 s
      select+assemble        [CPU]             0.2 s
      (other)                [CPU]             0.3 s
    grow                     [GPU·CPU·IO]    24.0 s   (GPU 5.0 · IO 6.3 · CPU 12.7) · 81.79 TFLOPS total · 20.45/GPU
      gpu_proj (project)     [GPU·CPU·IO]    13.8 s
        recipe               [CPU]             0.2 s
        fap_exec             [GPU·IO]        12.1 s
        fap_merge            [CPU]             0.2 s
        fap_ctx              [CPU]             0.1 s
        fap_unpack           [CPU]             0.2 s
      reduceSH (MPI)         [CPU·IO]         1.7 s
        sync (hash+wait)     [CPU·IO]         1.1 s
        pack                 [CPU]             0.2 s
        xfer (NCCL/host)     [IO]              0.3 s
        unpack               [CPU]             0.1 s
      (other)                [CPU]             8.6 s
    predict                  [CPU]             3.4 s
    ooc                      [IO]              0.1 s
      load                   [IO]              0.1 s

################## Sweep 23/30 (forward) summary ##################
  Energy       -2987.4870989462 Ha
  dE vs prev sweep  -7.194e-06 Ha
  Discarded weight  1.830e-04  (max over this sweep's decimations)
  Rank 0: Host RAM sweep-peak 11592 MB · VmHWM 13422 MB   VRAM op-pool peak 6382 MB · total peak 30362 MB
  Rank 1: Host RAM sweep-peak 11532 MB · VmHWM 13434 MB   VRAM op-pool peak 6305 MB · total peak 30268 MB
  Rank 2: Host RAM sweep-peak 11549 MB · VmHWM 13535 MB   VRAM op-pool peak 6331 MB · total peak 30302 MB
  Rank 3: Host RAM sweep-peak 11411 MB · VmHWM 13413 MB   VRAM op-pool peak 6229 MB · total peak 30184 MB
  Block stores (peak bond, per rank): distributed A/B share 3733 MB (~K²M²/np) · owner cre/des 169 · S 84 MB (~KM²/np) · replicated floor 19 MB [stubs 1 (~KM) · H 17 (~M²)]
  OOC scratch  302824 MB on disk  (sum over all ranks)
  Timings (wall 149.0 s)
    build                    [CPU]            22.9 s
      formPQ                 [GPU·CPU·IO]     7.4 s   (GPU 0.8 · IO 2.4 · CPU 4.2)
        exec-gemm            [GPU]             0.2 s   (38.05 TFLOPS total · 9.51/GPU)
        exec-kern            [GPU]             0.6 s
        transfer             [IO]              2.4 s
        exec-hostprep        [CPU]             3.3 s
        complete (MPI)       [IO]              0.5 s
        wdesc (Wsub+reds)    [CPU]             0.1 s
        (other)              [CPU]             0.3 s
      [kern] executor reductions (all phases): res-zero 0.0 · gather 2.6 · reduce 4.3 · accumulate 0.2 s
      sys                    [CPU]             0.3 s
      env                    [CPU]             0.3 s
      compPQ-form            [CPU]             0.2 s
        match                [CPU]             0.2 s
          pump (src dedup)   [CPU]             0.1 s
          emit (owned)       [CPU]             0.1 s
      assembly               [CPU]             0.1 s
      compS-form-gpu (MPI)   [GPU·CPU·IO]    14.3 s   (GPU 3.9 · IO 3.2 · CPU 7.2)
        bsblock (store walk) [CPU]             0.1 s
        recipe (host,replic) [CPU]             0.3 s
        form (gpu+D2H)       [GPU·IO]        10.7 s
        reduce (NCCL/host)   [IO]              0.9 s
        unpack (D2H)         [CPU·IO]         2.3 s
      (other)                [CPU]             0.2 s
    matvec                   [GPU·CPU·IO]    65.2 s   (GPU 53.2 · IO 0.0 · CPU 12.0)
      gemm                   [GPU]            44.3 s   (89.47 TFLOPS total · 22.37/GPU)
      kern                   [GPU]             8.9 s
      host                   [CPU]            12.0 s
        planEnum             [CPU]             1.8 s
        ctorAlloc(upload)    [CPU·IO]         2.2 s
        ctorGroup            [CPU]             0.5 s
        ctorForm             [GPU]             0.2 s
        (other)              [CPU]             7.4 s
    decimate                 [CPU]             9.8 s
      rho (dist)             [CPU]             1.2 s
      eigh (dist)            [CPU]             4.1 s
      share (MPI wait)       [CPU·IO]         4.0 s
      select+assemble        [CPU]             0.2 s
      (other)                [CPU]             0.4 s
    grow                     [GPU·CPU·IO]    23.9 s   (GPU 5.1 · IO 6.3 · CPU 12.5) · 81.43 TFLOPS total · 20.36/GPU
      gpu_proj (project)     [GPU·CPU·IO]    13.8 s
        recipe               [CPU]             0.2 s
        fap_exec             [GPU·IO]        12.2 s
        fap_merge            [CPU]             0.2 s
        fap_ctx              [CPU]             0.1 s
        fap_unpack           [CPU]             0.2 s
      reduceSH (MPI)         [CPU·IO]         1.4 s
        sync (hash+wait)     [CPU·IO]         0.8 s
        pack                 [CPU]             0.2 s
        xfer (NCCL/host)     [IO]              0.3 s
        unpack               [CPU]             0.1 s
      (other)                [CPU]             8.8 s
    predict                  [CPU]             3.9 s
    ooc                      [IO]              0.1 s
      load                   [IO]              0.1 s

################## Sweep 24/30 (backward) summary ##################
  Energy       -2987.4871021007 Ha
  dE vs prev sweep  -3.154e-06 Ha
  Discarded weight  1.830e-04  (max over this sweep's decimations)
  Rank 0: Host RAM sweep-peak 11866 MB · VmHWM 13422 MB   VRAM op-pool peak 6382 MB · total peak 30362 MB
  Rank 1: Host RAM sweep-peak 11606 MB · VmHWM 13434 MB   VRAM op-pool peak 6305 MB · total peak 30268 MB
  Rank 2: Host RAM sweep-peak 11635 MB · VmHWM 13535 MB   VRAM op-pool peak 6331 MB · total peak 30302 MB
  Rank 3: Host RAM sweep-peak 11702 MB · VmHWM 13413 MB   VRAM op-pool peak 6229 MB · total peak 30184 MB
  Block stores (peak bond, per rank): distributed A/B share 3734 MB (~K²M²/np) · owner cre/des 169 · S 84 MB (~KM²/np) · replicated floor 19 MB [stubs 1 (~KM) · H 17 (~M²)]
  OOC scratch  302600 MB on disk  (sum over all ranks)
  Timings (wall 147.1 s)
    build                    [CPU]            22.8 s
      formPQ                 [GPU·CPU·IO]     7.3 s   (GPU 0.8 · IO 2.3 · CPU 4.2)
        exec-gemm            [GPU]             0.2 s   (38.05 TFLOPS total · 9.51/GPU)
        exec-kern            [GPU]             0.6 s
        transfer             [IO]              2.3 s
        exec-hostprep        [CPU]             3.2 s
        complete (MPI)       [IO]              0.6 s
        wdesc (Wsub+reds)    [CPU]             0.1 s
        (other)              [CPU]             0.3 s
      [kern] executor reductions (all phases): res-zero 0.0 · gather 2.6 · reduce 4.3 · accumulate 0.2 s
      sys                    [CPU]             0.4 s
      env                    [CPU]             0.3 s
      compPQ-form            [CPU]             0.2 s
        match                [CPU]             0.2 s
          pump (src dedup)   [CPU]             0.1 s
          emit (owned)       [CPU]             0.1 s
      assembly               [CPU]             0.1 s
      compS-form-gpu (MPI)   [GPU·CPU·IO]    14.3 s   (GPU 3.9 · IO 3.1 · CPU 7.2)
        bsblock (store walk) [CPU]             0.1 s
        recipe (host,replic) [CPU]             0.3 s
        form (gpu+D2H)       [GPU·IO]        10.7 s
        reduce (NCCL/host)   [IO]              0.8 s
        unpack (D2H)         [CPU·IO]         2.3 s
      (other)                [CPU]             0.2 s
    matvec                   [GPU·CPU·IO]    64.8 s   (GPU 52.7 · IO 0.0 · CPU 12.1)
      gemm                   [GPU]            43.9 s   (89.81 TFLOPS total · 22.45/GPU)
      kern                   [GPU]             8.8 s
      host                   [CPU]            12.1 s
        planEnum             [CPU]             1.8 s
        ctorAlloc(upload)    [CPU·IO]         2.3 s
        ctorGroup            [CPU]             0.5 s
        ctorForm             [GPU]             0.2 s
        (other)              [CPU]             7.4 s
    decimate                 [CPU]             9.8 s
      rho (dist)             [CPU]             1.1 s
      eigh (dist)            [CPU]             4.0 s
      share (MPI wait)       [CPU·IO]         4.2 s
      select+assemble        [CPU]             0.2 s
      (other)                [CPU]             0.3 s
    grow                     [GPU·CPU·IO]    23.4 s   (GPU 5.0 · IO 6.2 · CPU 12.2) · 81.76 TFLOPS total · 20.44/GPU
      gpu_proj (project)     [GPU·CPU·IO]    13.7 s
        recipe               [CPU]             0.2 s
        fap_exec             [GPU·IO]        12.0 s
        fap_merge            [CPU]             0.2 s
        fap_ctx              [CPU]             0.1 s
        fap_unpack           [CPU]             0.2 s
      reduceSH (MPI)         [CPU·IO]         1.4 s
        sync (hash+wait)     [CPU·IO]         0.8 s
        pack                 [CPU]             0.1 s
        xfer (NCCL/host)     [IO]              0.3 s
        unpack               [CPU]             0.1 s
      (other)                [CPU]             8.4 s
    predict                  [CPU]             3.2 s
    ooc                      [IO]              0.1 s
      load                   [IO]              0.1 s

################## Sweep 25/30 (forward) summary ##################
  Energy       -2987.4871059235 Ha
  dE vs prev sweep  -3.823e-06 Ha
  Discarded weight  1.831e-04  (max over this sweep's decimations)
  Rank 0: Host RAM sweep-peak 11637 MB · VmHWM 13422 MB   VRAM op-pool peak 6382 MB · total peak 30362 MB
  Rank 1: Host RAM sweep-peak 11445 MB · VmHWM 13434 MB   VRAM op-pool peak 6305 MB · total peak 30268 MB
  Rank 2: Host RAM sweep-peak 11599 MB · VmHWM 13535 MB   VRAM op-pool peak 6331 MB · total peak 30302 MB
  Rank 3: Host RAM sweep-peak 11397 MB · VmHWM 13413 MB   VRAM op-pool peak 6229 MB · total peak 30184 MB
  Block stores (peak bond, per rank): distributed A/B share 3744 MB (~K²M²/np) · owner cre/des 169 · S 84 MB (~KM²/np) · replicated floor 19 MB [stubs 1 (~KM) · H 17 (~M²)]
  OOC scratch  302709 MB on disk  (sum over all ranks)
  Timings (wall 148.9 s)
    build                    [CPU]            23.1 s
      formPQ                 [GPU·CPU·IO]     7.6 s   (GPU 0.8 · IO 2.4 · CPU 4.4)
        exec-gemm            [GPU]             0.2 s   (37.91 TFLOPS total · 9.48/GPU)
        exec-kern            [GPU]             0.6 s
        transfer             [IO]              2.4 s
        exec-hostprep        [CPU]             3.3 s
        complete (MPI)       [IO]              0.7 s
        wdesc (Wsub+reds)    [CPU]             0.1 s
        (other)              [CPU]             0.3 s
      [kern] executor reductions (all phases): res-zero 0.0 · gather 2.6 · reduce 4.3 · accumulate 0.2 s
      sys                    [CPU]             0.3 s
      env                    [CPU]             0.4 s
      compPQ-form            [CPU]             0.2 s
        match                [CPU]             0.2 s
          pump (src dedup)   [CPU]             0.1 s
          emit (owned)       [CPU]             0.1 s
      assembly               [CPU]             0.1 s
      compS-form-gpu (MPI)   [GPU·CPU·IO]    14.3 s   (GPU 3.9 · IO 3.1 · CPU 7.2)
        bsblock (store walk) [CPU]             0.1 s
        recipe (host,replic) [CPU]             0.3 s
        form (gpu+D2H)       [GPU·IO]        10.6 s
        reduce (NCCL/host)   [IO]              0.9 s
        unpack (D2H)         [CPU·IO]         2.3 s
      (other)                [CPU]             0.2 s
    matvec                   [GPU·CPU·IO]    65.2 s   (GPU 53.2 · IO 0.0 · CPU 11.9)
      gemm                   [GPU]            44.4 s   (89.46 TFLOPS total · 22.36/GPU)
      kern                   [GPU]             8.9 s
      host                   [CPU]            11.9 s
        planEnum             [CPU]             1.8 s
        ctorAlloc(upload)    [CPU·IO]         2.2 s
        ctorGroup            [CPU]             0.5 s
        ctorForm             [GPU]             0.2 s
        (other)              [CPU]             7.4 s
    decimate                 [CPU]             9.7 s
      rho (dist)             [CPU]             1.2 s
      eigh (dist)            [CPU]             4.2 s
      share (MPI wait)       [CPU·IO]         3.7 s
      select+assemble        [CPU]             0.2 s
      (other)                [CPU]             0.3 s
    grow                     [GPU·CPU·IO]    23.8 s   (GPU 5.1 · IO 6.3 · CPU 12.3) · 81.65 TFLOPS total · 20.41/GPU
      gpu_proj (project)     [GPU·CPU·IO]    13.7 s
        recipe               [CPU]             0.2 s
        fap_exec             [GPU·IO]        12.2 s
        fap_merge            [CPU]             0.2 s
        fap_ctx              [CPU]             0.1 s
        fap_unpack           [CPU]             0.2 s
      reduceSH (MPI)         [CPU·IO]         1.4 s
        sync (hash+wait)     [CPU·IO]         0.8 s
        pack                 [CPU]             0.2 s
        xfer (NCCL/host)     [IO]              0.3 s
        unpack               [CPU]             0.1 s
      (other)                [CPU]             8.6 s
    predict                  [CPU]             3.9 s
    ooc                      [IO]              0.1 s
      load                   [IO]              0.1 s

################## Sweep 26/30 (backward) summary ##################
  Energy       -2987.4871078564 Ha
  dE vs prev sweep  -1.933e-06 Ha
  Discarded weight  1.830e-04  (max over this sweep's decimations)
  Rank 0: Host RAM sweep-peak 11642 MB · VmHWM 13422 MB   VRAM op-pool peak 6382 MB · total peak 30362 MB
  Rank 1: Host RAM sweep-peak 11607 MB · VmHWM 13434 MB   VRAM op-pool peak 6305 MB · total peak 30268 MB
  Rank 2: Host RAM sweep-peak 11536 MB · VmHWM 13535 MB   VRAM op-pool peak 6331 MB · total peak 30302 MB
  Rank 3: Host RAM sweep-peak 11591 MB · VmHWM 13413 MB   VRAM op-pool peak 6229 MB · total peak 30184 MB
  Block stores (peak bond, per rank): distributed A/B share 3748 MB (~K²M²/np) · owner cre/des 169 · S 84 MB (~KM²/np) · replicated floor 19 MB [stubs 1 (~KM) · H 17 (~M²)]
  OOC scratch  302190 MB on disk  (sum over all ranks)
  Timings (wall 148.3 s)
    build                    [CPU]            22.9 s
      formPQ                 [GPU·CPU·IO]     7.5 s   (GPU 0.8 · IO 2.3 · CPU 4.3)
        exec-gemm            [GPU]             0.2 s   (38.00 TFLOPS total · 9.50/GPU)
        exec-kern            [GPU]             0.6 s
        transfer             [IO]              2.3 s
        exec-hostprep        [CPU]             3.3 s
        complete (MPI)       [IO]              0.6 s
        wdesc (Wsub+reds)    [CPU]             0.1 s
        (other)              [CPU]             0.3 s
      [kern] executor reductions (all phases): res-zero 0.0 · gather 2.6 · reduce 4.3 · accumulate 0.2 s
      sys                    [CPU]             0.4 s
      env                    [CPU]             0.3 s
      compPQ-form            [CPU]             0.3 s
        match                [CPU]             0.2 s
          pump (src dedup)   [CPU]             0.1 s
          emit (owned)       [CPU]             0.1 s
      assembly               [CPU]             0.1 s
      compS-form-gpu (MPI)   [GPU·CPU·IO]    14.2 s   (GPU 3.9 · IO 3.2 · CPU 7.1)
        bsblock (store walk) [CPU]             0.1 s
        recipe (host,replic) [CPU]             0.3 s
        form (gpu+D2H)       [GPU·IO]        10.7 s
        reduce (NCCL/host)   [IO]              0.8 s
        unpack (D2H)         [CPU·IO]         2.3 s
      (other)                [CPU]             0.2 s
    matvec                   [GPU·CPU·IO]    64.7 s   (GPU 52.6 · IO 0.0 · CPU 12.1)
      gemm                   [GPU]            43.8 s   (89.78 TFLOPS total · 22.45/GPU)
      kern                   [GPU]             8.8 s
      host                   [CPU]            12.1 s
        planEnum             [CPU]             1.8 s
        ctorAlloc(upload)    [CPU·IO]         2.3 s
        ctorGroup            [CPU]             0.5 s
        ctorForm             [GPU]             0.2 s
        (other)              [CPU]             7.4 s
    decimate                 [CPU]             9.8 s
      rho (dist)             [CPU]             1.1 s
      eigh (dist)            [CPU]             4.0 s
      share (MPI wait)       [CPU·IO]         4.2 s
      select+assemble        [CPU]             0.2 s
      (other)                [CPU]             0.3 s
    grow                     [GPU·CPU·IO]    23.9 s   (GPU 5.0 · IO 6.2 · CPU 12.6) · 81.31 TFLOPS total · 20.33/GPU
      gpu_proj (project)     [GPU·CPU·IO]    13.7 s
        recipe               [CPU]             0.2 s
        fap_exec             [GPU·IO]        12.1 s
        fap_merge            [CPU]             0.2 s
        fap_ctx              [CPU]             0.1 s
        fap_unpack           [CPU]             0.2 s
      reduceSH (MPI)         [CPU·IO]         1.6 s
        sync (hash+wait)     [CPU·IO]         1.0 s
        pack                 [CPU]             0.1 s
        xfer (NCCL/host)     [IO]              0.3 s
        unpack               [CPU]             0.1 s
      (other)                [CPU]             8.6 s
    predict                  [CPU]             3.3 s
    ooc                      [IO]              0.1 s
      load                   [IO]              0.1 s

################## Sweep 27/30 (forward) summary ##################
  Energy       -2987.4871110491 Ha
  dE vs prev sweep  -3.193e-06 Ha
  Discarded weight  1.833e-04  (max over this sweep's decimations)
  Rank 0: Host RAM sweep-peak 11668 MB · VmHWM 13422 MB   VRAM op-pool peak 6382 MB · total peak 30362 MB
  Rank 1: Host RAM sweep-peak 11583 MB · VmHWM 13434 MB   VRAM op-pool peak 6305 MB · total peak 30268 MB
  Rank 2: Host RAM sweep-peak 11623 MB · VmHWM 13535 MB   VRAM op-pool peak 6331 MB · total peak 30302 MB
  Rank 3: Host RAM sweep-peak 11585 MB · VmHWM 13413 MB   VRAM op-pool peak 6229 MB · total peak 30184 MB
  Block stores (peak bond, per rank): distributed A/B share 3717 MB (~K²M²/np) · owner cre/des 169 · S 84 MB (~KM²/np) · replicated floor 19 MB [stubs 1 (~KM) · H 17 (~M²)]
  OOC scratch  302940 MB on disk  (sum over all ranks)
  Timings (wall 149.7 s)
    build                    [CPU]            23.0 s
      formPQ                 [GPU·CPU·IO]     7.4 s   (GPU 0.8 · IO 2.4 · CPU 4.2)
        exec-gemm            [GPU]             0.2 s   (37.99 TFLOPS total · 9.50/GPU)
        exec-kern            [GPU]             0.6 s
        transfer             [IO]              2.4 s
        exec-hostprep        [CPU]             3.2 s
        complete (MPI)       [IO]              0.6 s
        wdesc (Wsub+reds)    [CPU]             0.1 s
        (other)              [CPU]             0.3 s
      [kern] executor reductions (all phases): res-zero 0.0 · gather 2.6 · reduce 4.3 · accumulate 0.2 s
      sys                    [CPU]             0.3 s
      env                    [CPU]             0.3 s
      compPQ-form            [CPU]             0.2 s
        match                [CPU]             0.2 s
          pump (src dedup)   [CPU]             0.1 s
          emit (owned)       [CPU]             0.1 s
      assembly               [CPU]             0.1 s
      compS-form-gpu (MPI)   [GPU·CPU·IO]    14.4 s   (GPU 3.9 · IO 3.1 · CPU 7.3)
        bsblock (store walk) [CPU]             0.1 s
        recipe (host,replic) [CPU]             0.3 s
        form (gpu+D2H)       [GPU·IO]        10.6 s
        reduce (NCCL/host)   [IO]              1.0 s
        unpack (D2H)         [CPU·IO]         2.3 s
      (other)                [CPU]             0.2 s
    matvec                   [GPU·CPU·IO]    65.6 s   (GPU 53.4 · IO 0.0 · CPU 12.2)
      gemm                   [GPU]            44.5 s   (89.40 TFLOPS total · 22.35/GPU)
      kern                   [GPU]             8.9 s
      host                   [CPU]            12.2 s
        planEnum             [CPU]             1.8 s
        ctorAlloc(upload)    [CPU·IO]         2.2 s
        ctorGroup            [CPU]             0.5 s
        ctorForm             [GPU]             0.2 s
        (other)              [CPU]             7.6 s
    decimate                 [CPU]             9.6 s
      rho (dist)             [CPU]             1.2 s
      eigh (dist)            [CPU]             4.1 s
      share (MPI wait)       [CPU·IO]         3.7 s
      select+assemble        [CPU]             0.2 s
      (other)                [CPU]             0.3 s
    grow                     [GPU·CPU·IO]    24.1 s   (GPU 5.2 · IO 6.4 · CPU 12.6) · 82.07 TFLOPS total · 20.52/GPU
      gpu_proj (project)     [GPU·CPU·IO]    13.9 s
        recipe               [CPU]             0.2 s
        fap_exec             [GPU·IO]        12.3 s
        fap_merge            [CPU]             0.2 s
        fap_ctx              [CPU]             0.1 s
        fap_unpack           [CPU]             0.2 s
      reduceSH (MPI)         [CPU·IO]         1.4 s
        sync (hash+wait)     [CPU·IO]         0.9 s
        pack                 [CPU]             0.2 s
        xfer (NCCL/host)     [IO]              0.3 s
        unpack               [CPU]             0.1 s
      (other)                [CPU]             8.8 s
    predict                  [CPU]             3.9 s
    ooc                      [IO]              0.1 s
      load                   [IO]              0.1 s

################## Sweep 28/30 (backward) summary ##################
  Energy       -2987.4871141561 Ha
  dE vs prev sweep  -3.107e-06 Ha
  Discarded weight  1.831e-04  (max over this sweep's decimations)
  Rank 0: Host RAM sweep-peak 12101 MB · VmHWM 13422 MB   VRAM op-pool peak 6382 MB · total peak 30362 MB
  Rank 1: Host RAM sweep-peak 12040 MB · VmHWM 13434 MB   VRAM op-pool peak 6305 MB · total peak 30268 MB
  Rank 2: Host RAM sweep-peak 11826 MB · VmHWM 13535 MB   VRAM op-pool peak 6331 MB · total peak 30302 MB
  Rank 3: Host RAM sweep-peak 12135 MB · VmHWM 13413 MB   VRAM op-pool peak 6229 MB · total peak 30184 MB
  Block stores (peak bond, per rank): distributed A/B share 3782 MB (~K²M²/np) · owner cre/des 169 · S 84 MB (~KM²/np) · replicated floor 19 MB [stubs 1 (~KM) · H 17 (~M²)]
  OOC scratch  303286 MB on disk  (sum over all ranks)
  Timings (wall 148.3 s)
    build                    [CPU]            23.2 s
      formPQ                 [GPU·CPU·IO]     7.5 s   (GPU 0.8 · IO 2.3 · CPU 4.4)
        exec-gemm            [GPU]             0.2 s   (37.99 TFLOPS total · 9.50/GPU)
        exec-kern            [GPU]             0.6 s
        transfer             [IO]              2.3 s
        exec-hostprep        [CPU]             3.2 s
        complete (MPI)       [IO]              0.7 s
        wdesc (Wsub+reds)    [CPU]             0.1 s
        (other)              [CPU]             0.3 s
      [kern] executor reductions (all phases): res-zero 0.0 · gather 2.6 · reduce 4.3 · accumulate 0.2 s
      sys                    [CPU]             0.4 s
      env                    [CPU]             0.3 s
      compPQ-form            [CPU]             0.3 s
        match                [CPU]             0.2 s
          pump (src dedup)   [CPU]             0.1 s
          emit (owned)       [CPU]             0.1 s
      assembly               [CPU]             0.1 s
      compS-form-gpu (MPI)   [GPU·CPU·IO]    14.5 s   (GPU 3.9 · IO 3.2 · CPU 7.4)
        bsblock (store walk) [CPU]             0.1 s
        recipe (host,replic) [CPU]             0.3 s
        form (gpu+D2H)       [GPU·IO]        10.7 s
        reduce (NCCL/host)   [IO]              1.1 s
        unpack (D2H)         [CPU·IO]         2.3 s
      (other)                [CPU]             0.2 s
    matvec                   [GPU·CPU·IO]    64.8 s   (GPU 52.7 · IO 0.0 · CPU 12.1)
      gemm                   [GPU]            43.9 s   (89.70 TFLOPS total · 22.42/GPU)
      kern                   [GPU]             8.8 s
      host                   [CPU]            12.1 s
        planEnum             [CPU]             1.8 s
        ctorAlloc(upload)    [CPU·IO]         2.3 s
        ctorGroup            [CPU]             0.5 s
        ctorForm             [GPU]             0.2 s
        (other)              [CPU]             7.4 s
    decimate                 [CPU]             9.7 s
      rho (dist)             [CPU]             1.1 s
      eigh (dist)            [CPU]             4.0 s
      share (MPI wait)       [CPU·IO]         4.1 s
      select+assemble        [CPU]             0.2 s
      (other)                [CPU]             0.3 s
    grow                     [GPU·CPU·IO]    24.1 s   (GPU 5.1 · IO 6.4 · CPU 12.6) · 81.42 TFLOPS total · 20.36/GPU
      gpu_proj (project)     [GPU·CPU·IO]    13.9 s
        recipe               [CPU]             0.2 s
        fap_exec             [GPU·IO]        12.3 s
        fap_merge            [CPU]             0.2 s
        fap_ctx              [CPU]             0.1 s
        fap_unpack           [CPU]             0.2 s
      reduceSH (MPI)         [CPU·IO]         1.3 s
        sync (hash+wait)     [CPU·IO]         0.7 s
        pack                 [CPU]             0.1 s
        xfer (NCCL/host)     [IO]              0.3 s
        unpack               [CPU]             0.1 s
      (other)                [CPU]             8.9 s
    predict                  [CPU]             3.1 s
    ooc                      [IO]              0.1 s
      load                   [IO]              0.1 s

################## Sweep 29/30 (forward) summary ##################
  Energy       -2987.4871200050 Ha
  dE vs prev sweep  -5.849e-06 Ha
  Discarded weight  1.832e-04  (max over this sweep's decimations)
  Rank 0: Host RAM sweep-peak 12067 MB · VmHWM 13422 MB   VRAM op-pool peak 6382 MB · total peak 30362 MB
  Rank 1: Host RAM sweep-peak 11959 MB · VmHWM 13434 MB   VRAM op-pool peak 6305 MB · total peak 30272 MB
  Rank 2: Host RAM sweep-peak 11864 MB · VmHWM 13535 MB   VRAM op-pool peak 6331 MB · total peak 30302 MB
  Rank 3: Host RAM sweep-peak 11922 MB · VmHWM 13413 MB   VRAM op-pool peak 6229 MB · total peak 30184 MB
  Block stores (peak bond, per rank): distributed A/B share 3752 MB (~K²M²/np) · owner cre/des 169 · S 84 MB (~KM²/np) · replicated floor 19 MB [stubs 1 (~KM) · H 17 (~M²)]
  OOC scratch  303477 MB on disk  (sum over all ranks)
  Timings (wall 149.3 s)
    build                    [CPU]            23.4 s
      formPQ                 [GPU·CPU·IO]     7.6 s   (GPU 0.8 · IO 2.4 · CPU 4.3)
        exec-gemm            [GPU]             0.2 s   (37.96 TFLOPS total · 9.49/GPU)
        exec-kern            [GPU]             0.6 s
        transfer             [IO]              2.4 s
        exec-hostprep        [CPU]             3.4 s
        complete (MPI)       [IO]              0.5 s
        wdesc (Wsub+reds)    [CPU]             0.1 s
        (other)              [CPU]             0.3 s
      [kern] executor reductions (all phases): res-zero 0.0 · gather 2.6 · reduce 4.3 · accumulate 0.2 s
      sys                    [CPU]             0.4 s
      env                    [CPU]             0.4 s
      compPQ-form            [CPU]             0.2 s
        match                [CPU]             0.2 s
          pump (src dedup)   [CPU]             0.1 s
          emit (owned)       [CPU]             0.1 s
      assembly               [CPU]             0.1 s
      compS-form-gpu (MPI)   [GPU·CPU·IO]    14.6 s   (GPU 3.9 · IO 3.2 · CPU 7.5)
        bsblock (store walk) [CPU]             0.1 s
        recipe (host,replic) [CPU]             0.3 s
        form (gpu+D2H)       [GPU·IO]        10.7 s
        reduce (NCCL/host)   [IO]              0.9 s
        unpack (D2H)         [CPU·IO]         2.5 s
      (other)                [CPU]             0.2 s
    matvec                   [GPU·CPU·IO]    65.3 s   (GPU 53.3 · IO 0.0 · CPU 12.0)
      gemm                   [GPU]            44.4 s   (89.31 TFLOPS total · 22.33/GPU)
      kern                   [GPU]             8.9 s
      host                   [CPU]            12.0 s
        planEnum             [CPU]             1.8 s
        ctorAlloc(upload)    [CPU·IO]         2.2 s
        ctorGroup            [CPU]             0.5 s
        ctorForm             [GPU]             0.2 s
        (other)              [CPU]             7.4 s
    decimate                 [CPU]             9.6 s
      rho (dist)             [CPU]             1.2 s
      eigh (dist)            [CPU]             4.0 s
      share (MPI wait)       [CPU·IO]         4.0 s
      select+assemble        [CPU]             0.2 s
      (other)                [CPU]             0.3 s
    grow                     [GPU·CPU·IO]    23.8 s   (GPU 5.1 · IO 6.2 · CPU 12.4) · 80.83 TFLOPS total · 20.21/GPU
      gpu_proj (project)     [GPU·CPU·IO]    13.7 s
        recipe               [CPU]             0.2 s
        fap_exec             [GPU·IO]        12.2 s
        fap_merge            [CPU]             0.2 s
        fap_ctx              [CPU]             0.1 s
        fap_unpack           [CPU]             0.2 s
      reduceSH (MPI)         [CPU·IO]         1.3 s
        sync (hash+wait)     [CPU·IO]         0.7 s
        pack                 [CPU]             0.2 s
        xfer (NCCL/host)     [IO]              0.3 s
        unpack               [CPU]             0.1 s
      (other)                [CPU]             8.8 s
    predict                  [CPU]             3.9 s
    ooc                      [IO]              0.1 s
      load                   [IO]              0.1 s

################## Sweep 30/30 (backward) summary ##################
  Energy       -2987.4871247888 Ha
  dE vs prev sweep  -4.784e-06 Ha
  Discarded weight  1.833e-04  (max over this sweep's decimations)
  Rank 0: Host RAM sweep-peak 11796 MB · VmHWM 13422 MB   VRAM op-pool peak 6382 MB · total peak 30362 MB
  Rank 1: Host RAM sweep-peak 11791 MB · VmHWM 13434 MB   VRAM op-pool peak 6305 MB · total peak 30272 MB
  Rank 2: Host RAM sweep-peak 11725 MB · VmHWM 13535 MB   VRAM op-pool peak 6331 MB · total peak 30302 MB
  Rank 3: Host RAM sweep-peak 11829 MB · VmHWM 13413 MB   VRAM op-pool peak 6229 MB · total peak 30184 MB
  Block stores (peak bond, per rank): distributed A/B share 3713 MB (~K²M²/np) · owner cre/des 169 · S 84 MB (~KM²/np) · replicated floor 19 MB [stubs 1 (~KM) · H 17 (~M²)]
  OOC scratch  302381 MB on disk  (sum over all ranks)
  Timings (wall 148.5 s)
    build                    [CPU]            23.1 s
      formPQ                 [GPU·CPU·IO]     7.5 s   (GPU 0.8 · IO 2.4 · CPU 4.3)
        exec-gemm            [GPU]             0.2 s   (38.00 TFLOPS total · 9.50/GPU)
        exec-kern            [GPU]             0.6 s
        transfer             [IO]              2.4 s
        exec-hostprep        [CPU]             3.3 s
        complete (MPI)       [IO]              0.6 s
        wdesc (Wsub+reds)    [CPU]             0.1 s
        (other)              [CPU]             0.3 s
      [kern] executor reductions (all phases): res-zero 0.0 · gather 2.6 · reduce 4.3 · accumulate 0.2 s
      sys                    [CPU]             0.4 s
      env                    [CPU]             0.3 s
      compPQ-form            [CPU]             0.2 s
        match                [CPU]             0.2 s
          pump (src dedup)   [CPU]             0.1 s
          emit (owned)       [CPU]             0.1 s
      assembly               [CPU]             0.1 s
      compS-form-gpu (MPI)   [GPU·CPU·IO]    14.4 s   (GPU 4.0 · IO 3.2 · CPU 7.2)
        bsblock (store walk) [CPU]             0.1 s
        recipe (host,replic) [CPU]             0.3 s
        form (gpu+D2H)       [GPU·IO]        10.8 s
        reduce (NCCL/host)   [IO]              0.9 s
        unpack (D2H)         [CPU·IO]         2.3 s
      (other)                [CPU]             0.2 s
    matvec                   [GPU·CPU·IO]    64.9 s   (GPU 52.8 · IO 0.0 · CPU 12.1)
      gemm                   [GPU]            44.0 s   (89.49 TFLOPS total · 22.37/GPU)
      kern                   [GPU]             8.8 s
      host                   [CPU]            12.1 s
        planEnum             [CPU]             1.8 s
        ctorAlloc(upload)    [CPU·IO]         2.3 s
        ctorGroup            [CPU]             0.5 s
        ctorForm             [GPU]             0.2 s
        (other)              [CPU]             7.4 s
    decimate                 [CPU]             9.8 s
      rho (dist)             [CPU]             1.1 s
      eigh (dist)            [CPU]             4.0 s
      share (MPI wait)       [CPU·IO]         4.3 s
      select+assemble        [CPU]             0.2 s
      (other)                [CPU]             0.3 s
    grow                     [GPU·CPU·IO]    23.8 s   (GPU 5.1 · IO 6.2 · CPU 12.5) · 81.77 TFLOPS total · 20.44/GPU
      gpu_proj (project)     [GPU·CPU·IO]    13.7 s
        recipe               [CPU]             0.2 s
        fap_exec             [GPU·IO]        12.1 s
        fap_merge            [CPU]             0.2 s
        fap_ctx              [CPU]             0.1 s
        fap_unpack           [CPU]             0.2 s
      reduceSH (MPI)         [CPU·IO]         1.5 s
        sync (hash+wait)     [CPU·IO]         1.0 s
        pack                 [CPU]             0.1 s
        xfer (NCCL/host)     [IO]              0.3 s
        unpack               [CPU]             0.1 s
      (other)                [CPU]             8.5 s
    predict                  [CPU]             3.1 s
    ooc                      [IO]              0.1 s
      load                   [IO]              0.1 s
[qops] WARNING: energy NOT converged after 30 sweeps: |dE| = 4.784e-06 >= e_conv = 1.000e-09

################## Run total ##################
  30 sweep(s) + warmup: 4425.4 s wall · final E -2987.4871247888 Ha · VmHWM 13422 MB
  ooc async residual wait (not hidden behind compute): save 0.1 · load 4.0 s (0% of runtime)
[rc] main run done: E = -2987.4871247888 Ha
[qops] MPI np=4 · GPU=on · device collectives: NCCL (NVLink/GPUDirect)
[qops] A/B host-offload: ON (stubs + pager spill)

################## Sweep 1/1 (forward) summary ##################
  Energy       1000000000000000000.0000000000 Ha
  Discarded weight  0.000e+00  (max over this sweep's decimations)
  Rank 0: Host RAM sweep-peak 13535 MB · VmHWM 15504 MB   VRAM op-pool peak 6382 MB · total peak 30362 MB
  Rank 1: Host RAM sweep-peak 13368 MB · VmHWM 15398 MB   VRAM op-pool peak 6305 MB · total peak 30272 MB
  Rank 2: Host RAM sweep-peak 13506 MB · VmHWM 15441 MB   VRAM op-pool peak 6331 MB · total peak 30302 MB
  Rank 3: Host RAM sweep-peak 13402 MB · VmHWM 15380 MB   VRAM op-pool peak 6229 MB · total peak 30184 MB
  OOC scratch  304220 MB on disk  (sum over all ranks)
  Timings (wall 83.7 s)
    build                    [CPU]             0.0 s
      [kern] executor reductions (all phases): res-zero 0.0 · gather 2.2 · reduce 0.2 · accumulate 0.1 s
    matvec                   [GPU·CPU·IO]     0.0 s   (GPU 0.0 · IO 0.0 · CPU 0.0)
    decimate                 [CPU]            10.4 s
      rho (dist)             [CPU]             1.3 s
      eigh (dist)            [CPU]             4.4 s
      share (MPI wait)       [CPU·IO]         3.8 s
      select+assemble        [CPU]             0.2 s
      (other)                [CPU]             0.6 s
    grow                     [GPU·CPU·IO]    28.1 s   (GPU 5.0 · IO 8.4 · CPU 14.7) · 81.52 TFLOPS total · 20.38/GPU
      gpu_proj (project)     [GPU·CPU·IO]    19.0 s
        recipe               [CPU]             0.2 s
        fap_exec             [GPU·IO]        17.8 s
        fap_merge            [CPU]             0.2 s
        fap_ctx              [CPU]             0.1 s
        fap_unpack           [CPU]             0.2 s
      reduceSH (MPI)         [CPU·IO]         1.4 s
        sync (hash+wait)     [CPU·IO]         0.9 s
        pack                 [CPU]             0.1 s
        xfer (NCCL/host)     [IO]              0.3 s
        unpack               [CPU]             0.1 s
      hydrate_cd (MPI)       [IO]              4.0 s
      (other)                [CPU]             3.7 s
    measure                  [CPU]            18.0 s
      hydrate cd/ab (MPI)    [CPU·IO]        16.4 s
      eval (elements)        [CPU]             1.6 s
    predict                  [CPU]             4.1 s
    ooc                      [IO]              0.1 s
      load                   [IO]              0.1 s

################## Run total ##################
  1 sweep(s) + warmup: 83.8 s wall · final E 1000000000000000000.0000000000 Ha · VmHWM 15504 MB
  ooc async residual wait (not hidden behind compute): save 0.1 · load 4.1 s (5% of runtime)
[qops] <S^2> = 1.128928  (S = 0.6743)  [assumes identical alpha/beta spatial orbitals — with UHF orbitals this is NOT the physical <S^2>; see qops/measure.hpp]
[qops] single-orbital entropy: total 4.9924 · max 0.3560 @ orbital 16 · spin-orbital total 5.0744
[qops] S1 = 0.005 0.060 0.070 0.042 0.132 0.193 0.175 0.127 0.152 0.185 0.204 0.217 0.238 0.255 0.312 0.343
             0.356 0.297 0.243 0.182 0.200 0.181 0.166 0.138 0.119 0.090 0.100 0.089 0.060 0.060
[qops] MPI np=4 · GPU=on · device collectives: NCCL (NVLink/GPUDirect)
[qops] A/B host-offload: ON (stubs + pager spill)

################## Sweep 1/2 (backward) summary ##################
  Energy       1000000000000000000.0000000000 Ha
  Discarded weight  0.000e+00  (max over this sweep's decimations)
  Rank 0: Host RAM sweep-peak 12545 MB · VmHWM 15504 MB   VRAM op-pool peak 6382 MB · total peak 30362 MB
  Rank 1: Host RAM sweep-peak 12410 MB · VmHWM 15398 MB   VRAM op-pool peak 6305 MB · total peak 30272 MB
  Rank 2: Host RAM sweep-peak 12362 MB · VmHWM 15441 MB   VRAM op-pool peak 6331 MB · total peak 30302 MB
  Rank 3: Host RAM sweep-peak 12297 MB · VmHWM 15380 MB   VRAM op-pool peak 6229 MB · total peak 30184 MB
  OOC scratch  302900 MB on disk  (sum over all ranks)
  Timings (wall 62.6 s)
    build                    [CPU]             0.0 s
      [kern] executor reductions (all phases): res-zero 0.0 · gather 2.2 · reduce 0.2 · accumulate 0.1 s
    matvec                   [GPU·CPU·IO]     0.0 s   (GPU 0.0 · IO 0.0 · CPU 0.0)
    decimate                 [CPU]            10.4 s
      rho (dist)             [CPU]             1.1 s
      eigh (dist)            [CPU]             4.5 s
      share (MPI wait)       [CPU·IO]         4.1 s
      select+assemble        [CPU]             0.2 s
      (other)                [CPU]             0.5 s
    grow                     [GPU·CPU·IO]    26.0 s   (GPU 4.9 · IO 6.4 · CPU 14.6) · 82.69 TFLOPS total · 20.67/GPU
      gpu_proj (project)     [GPU·CPU·IO]    14.1 s
        recipe               [CPU]             0.2 s
        fap_exec             [GPU·IO]        12.9 s
        fap_merge            [CPU]             0.2 s
        fap_ctx              [CPU]             0.1 s
        fap_unpack           [CPU]             0.2 s
      reduceSH (MPI)         [CPU·IO]         1.3 s
        sync (hash+wait)     [CPU·IO]         0.8 s
        pack                 [CPU]             0.1 s
        xfer (NCCL/host)     [IO]              0.3 s
        unpack               [CPU]             0.1 s
      hydrate_cd (MPI)       [IO]              2.1 s
      (other)                [CPU]             8.5 s
    predict                  [CPU]             3.1 s
    ooc                      [IO]              0.1 s
      load                   [IO]              0.1 s

################## Sweep 2/2 (forward) summary ##################
  Energy       1000000000000000000.0000000000 Ha
  dE vs prev sweep  +0.000e+00 Ha
  Discarded weight  0.000e+00  (max over this sweep's decimations)
  Rank 0: Host RAM sweep-peak 13663 MB · VmHWM 15766 MB   VRAM op-pool peak 6382 MB · total peak 30362 MB
  Rank 1: Host RAM sweep-peak 13128 MB · VmHWM 15635 MB   VRAM op-pool peak 6305 MB · total peak 30272 MB
  Rank 2: Host RAM sweep-peak 13256 MB · VmHWM 15649 MB   VRAM op-pool peak 6331 MB · total peak 30302 MB
  Rank 3: Host RAM sweep-peak 12880 MB · VmHWM 15613 MB   VRAM op-pool peak 6229 MB · total peak 30184 MB
  OOC scratch  304230 MB on disk  (sum over all ranks)
  Timings (wall 1012.2 s)
    build                    [CPU]             0.0 s
      [kern] executor reductions (all phases): res-zero 0.0 · gather 2.2 · reduce 0.2 · accumulate 0.1 s
    matvec                   [GPU·CPU·IO]     0.0 s   (GPU 0.0 · IO 0.0 · CPU 0.0)
    decimate                 [CPU]            10.5 s
      rho (dist)             [CPU]             1.3 s
      eigh (dist)            [CPU]             4.3 s
      share (MPI wait)       [CPU·IO]         3.9 s
      select+assemble        [CPU]             0.2 s
      (other)                [CPU]             0.7 s
    grow                     [GPU·CPU·IO]   104.8 s   (GPU 5.0 · IO 8.8 · CPU 91.0) · 81.97 TFLOPS total · 20.49/GPU
      gpu_proj (project)     [GPU·CPU·IO]    22.3 s
        recipe               [CPU]             0.2 s
        fap_exec             [GPU·IO]        21.1 s
        fap_merge            [CPU]             0.2 s
        fap_ctx              [CPU]             0.1 s
        fap_unpack           [CPU]             0.2 s
      reduceSH (MPI)         [CPU·IO]        74.1 s
        sync (hash+wait)     [CPU·IO]        73.5 s
        pack                 [CPU]             0.2 s
        xfer (NCCL/host)     [IO]              0.3 s
        unpack               [CPU]             0.1 s
      hydrate_cd (MPI)       [IO]              4.9 s
      (other)                [CPU]             3.6 s
    measure                  [CPU]           870.4 s
      hydrate cd/ab (MPI)    [CPU·IO]        16.9 s
      eval (elements)        [CPU]           853.5 s
    predict                  [CPU]             4.1 s
    ooc                      [IO]              0.1 s
      load                   [IO]              0.1 s

################## Run total ##################
  2 sweep(s) + warmup: 1074.9 s wall · final E 1000000000000000000.0000000000 Ha · VmHWM 15766 MB
  ooc async residual wait (not hidden behind compute): save 0.1 · load 4.4 s (0% of runtime)
[qops] <S^2> = 1.128928  (S = 0.6743)  [assumes identical alpha/beta spatial orbitals — with UHF orbitals this is NOT the physical <S^2>; see qops/measure.hpp]
[qops] single-orbital entropy: total 4.9924 · max 0.3560 @ orbital 16 · spin-orbital total 5.0744
[qops] S1 = 0.005 0.060 0.070 0.042 0.132 0.193 0.175 0.127 0.152 0.185 0.204 0.217 0.238 0.255 0.312 0.343
             0.356 0.297 0.243 0.182 0.200 0.181 0.166 0.138 0.119 0.090 0.100 0.089 0.060 0.060
[rc] measurements done (RDMs + NO occupations saved)
[qops] MPI np=4 · GPU=on · device collectives: NCCL (NVLink/GPUDirect)
[qops] A/B host-offload: ON (stubs + pager spill)

################## Sweep 1/10 (backward) summary ##################
  Energy       -2987.4869674230 Ha
  Discarded weight  3.217e-04  (max over this sweep's decimations)
  Rank 0: Host RAM sweep-peak 11568 MB · VmHWM 15766 MB   VRAM op-pool peak 6382 MB · total peak 30362 MB
  Rank 1: Host RAM sweep-peak 11498 MB · VmHWM 15635 MB   VRAM op-pool peak 6305 MB · total peak 30272 MB
  Rank 2: Host RAM sweep-peak 11561 MB · VmHWM 15649 MB   VRAM op-pool peak 6331 MB · total peak 30302 MB
  Rank 3: Host RAM sweep-peak 11540 MB · VmHWM 15613 MB   VRAM op-pool peak 6229 MB · total peak 30184 MB
  Block stores (peak bond, per rank): distributed A/B share 3703 MB (~K²M²/np) · owner cre/des 150 · S 69 MB (~KM²/np) · replicated floor 16 MB [stubs 1 (~KM) · H 14 (~M²)]
  OOC scratch  261742 MB on disk  (sum over all ranks)
  Timings (wall 4103.2 s)
    build                    [CPU]            22.1 s
      formPQ                 [GPU·CPU·IO]     7.3 s   (GPU 0.7 · IO 2.3 · CPU 4.3)
        exec-gemm            [GPU]             0.2 s   (36.34 TFLOPS total · 9.08/GPU)
        exec-kern            [GPU]             0.5 s
        transfer             [IO]              2.3 s
        exec-hostprep        [CPU]             3.3 s
        complete (MPI)       [IO]              0.6 s
        wdesc (Wsub+reds)    [CPU]             0.1 s
        (other)              [CPU]             0.3 s
      [kern] executor reductions (all phases): res-zero 0.0 · gather 1.8 · reduce 3.6 · accumulate 0.2 s
      sys                    [CPU]             0.5 s
      env                    [CPU]             0.2 s
      compPQ-form            [CPU]             0.3 s
        match                [CPU]             0.2 s
          pump (src dedup)   [CPU]             0.1 s
          emit (owned)       [CPU]             0.1 s
      assembly               [CPU]             0.1 s
      compS-form-gpu (MPI)   [GPU·CPU·IO]    13.5 s   (GPU 3.3 · IO 3.1 · CPU 7.0)
        bsblock (store walk) [CPU]             0.1 s
        recipe (host,replic) [CPU]             0.3 s
        form (gpu+D2H)       [GPU·IO]        10.0 s
        reduce (NCCL/host)   [IO]              0.9 s
        unpack (D2H)         [CPU·IO]         2.0 s
      (other)                [CPU]             0.2 s
    matvec                   [GPU·CPU·IO]    57.2 s   (GPU 46.4 · IO 0.0 · CPU 10.7)
      gemm                   [GPU]            38.4 s   (83.58 TFLOPS total · 20.90/GPU)
      kern                   [GPU]             8.0 s
      host                   [CPU]            10.7 s
        planEnum             [CPU]             1.7 s
        ctorAlloc(upload)    [CPU·IO]         2.1 s
        ctorGroup            [CPU]             0.5 s
        ctorForm             [GPU]             0.1 s
        (other)              [CPU]             6.4 s
    decimate                 [CPU]             7.9 s
      rho (dist)             [CPU]             0.8 s
      eigh (dist)            [CPU]             2.8 s
      share (MPI wait)       [CPU·IO]         3.9 s
      select+assemble        [CPU]             0.1 s
      (other)                [CPU]             0.3 s
    grow                     [GPU·CPU·IO]    16.0 s   (GPU 3.4 · IO 3.6 · CPU 9.0) · 73.85 TFLOPS total · 18.46/GPU
      gpu_proj (project)     [GPU·CPU·IO]     9.1 s
        recipe               [CPU]             0.2 s
        fap_exec             [GPU·IO]         7.8 s
        fap_merge            [CPU]             0.2 s
        fap_ctx              [CPU]             0.1 s
        fap_unpack           [CPU]             0.1 s
      reduceSH (MPI)         [CPU·IO]         1.0 s
        sync (hash+wait)     [CPU·IO]         0.6 s
        pack                 [CPU]             0.1 s
        xfer (NCCL/host)     [IO]              0.2 s
        unpack               [CPU]             0.1 s
      (other)                [CPU]             5.9 s
    predict                  [CPU]             2.6 s
    ooc                      [IO]              0.1 s
      load                   [IO]              0.1 s

################## Sweep 2/10 (forward) summary ##################
  Energy       -2987.4866654859 Ha
  dE vs prev sweep  +3.019e-04 Ha
  Discarded weight  2.390e-04  (max over this sweep's decimations)
  Rank 0: Host RAM sweep-peak 11375 MB · VmHWM 15766 MB   VRAM op-pool peak 6382 MB · total peak 30362 MB
  Rank 1: Host RAM sweep-peak 10842 MB · VmHWM 15635 MB   VRAM op-pool peak 6305 MB · total peak 30272 MB
  Rank 2: Host RAM sweep-peak 11209 MB · VmHWM 15649 MB   VRAM op-pool peak 6331 MB · total peak 30302 MB
  Rank 3: Host RAM sweep-peak 10818 MB · VmHWM 15613 MB   VRAM op-pool peak 6229 MB · total peak 30184 MB
  Block stores (peak bond, per rank): distributed A/B share 2622 MB (~K²M²/np) · owner cre/des 118 · S 59 MB (~KM²/np) · replicated floor 13 MB [stubs 1 (~KM) · H 12 (~M²)]
  OOC scratch  213686 MB on disk  (sum over all ranks)
  Timings (wall 105.1 s)
    build                    [CPU]            17.1 s
      formPQ                 [GPU·CPU·IO]     5.6 s   (GPU 0.6 · IO 1.6 · CPU 3.4)
        exec-gemm            [GPU]             0.2 s   (34.59 TFLOPS total · 8.65/GPU)
        exec-kern            [GPU]             0.4 s
        transfer             [IO]              1.6 s
        exec-hostprep        [CPU]             2.3 s
        complete (MPI)       [IO]              0.7 s
        wdesc (Wsub+reds)    [CPU]             0.1 s
        (other)              [CPU]             0.2 s
      [kern] executor reductions (all phases): res-zero 0.0 · gather 1.8 · reduce 3.0 · accumulate 0.1 s
      sys                    [CPU]             0.2 s
      env                    [CPU]             0.3 s
      compPQ-form            [CPU]             0.2 s
        match                [CPU]             0.1 s
      assembly               [CPU]             0.1 s
      compS-form-gpu (MPI)   [GPU·CPU·IO]    10.4 s   (GPU 2.7 · IO 2.2 · CPU 5.6)
        bsblock (store walk) [CPU]             0.1 s
        recipe (host,replic) [CPU]             0.3 s
        form (gpu+D2H)       [GPU·IO]         7.5 s
        reduce (NCCL/host)   [IO]              0.8 s
        unpack (D2H)         [CPU·IO]         1.8 s
      (other)                [CPU]             0.2 s
    matvec                   [GPU·CPU·IO]    44.9 s   (GPU 36.0 · IO 0.0 · CPU 9.0)
      gemm                   [GPU]            29.5 s   (80.59 TFLOPS total · 20.15/GPU)
      kern                   [GPU]             6.4 s
      host                   [CPU]             9.0 s
        planEnum             [CPU]             1.6 s
        ctorAlloc(upload)    [CPU·IO]         1.6 s
        ctorGroup            [CPU]             0.5 s
        ctorForm             [GPU]             0.1 s
        (other)              [CPU]             5.1 s
    decimate                 [CPU]             7.7 s
      rho (dist)             [CPU]             0.8 s
      eigh (dist)            [CPU]             3.0 s
      share (MPI wait)       [CPU·IO]         3.4 s
      select+assemble        [CPU]             0.1 s
      (other)                [CPU]             0.3 s
    grow                     [GPU·CPU·IO]    15.8 s   (GPU 3.5 · IO 3.7 · CPU 8.7) · 72.62 TFLOPS total · 18.16/GPU
      gpu_proj (project)     [GPU·CPU·IO]     9.2 s
        recipe               [CPU]             0.2 s
        fap_exec             [GPU·IO]         7.9 s
        fap_merge            [CPU]             0.2 s
        fap_ctx              [CPU]             0.1 s
        fap_unpack           [CPU]             0.1 s
      reduceSH (MPI)         [CPU·IO]         0.8 s
        sync (hash+wait)     [CPU·IO]         0.4 s
        pack                 [CPU]             0.1 s
        xfer (NCCL/host)     [IO]              0.2 s
        unpack               [CPU]             0.1 s
      (other)                [CPU]             5.8 s
    predict                  [CPU]             2.5 s
    ooc                      [IO]              0.1 s
      load                   [IO]              0.1 s

################## Sweep 3/10 (backward) summary ##################
  Energy       -2987.4866685154 Ha
  dE vs prev sweep  -3.029e-06 Ha
  Discarded weight  2.296e-04  (max over this sweep's decimations)
  Rank 0: Host RAM sweep-peak 11282 MB · VmHWM 15766 MB   VRAM op-pool peak 6382 MB · total peak 30362 MB
  Rank 1: Host RAM sweep-peak 11282 MB · VmHWM 15635 MB   VRAM op-pool peak 6305 MB · total peak 30272 MB
  Rank 2: Host RAM sweep-peak 11285 MB · VmHWM 15649 MB   VRAM op-pool peak 6331 MB · total peak 30302 MB
  Rank 3: Host RAM sweep-peak 11114 MB · VmHWM 15613 MB   VRAM op-pool peak 6229 MB · total peak 30184 MB
  Block stores (peak bond, per rank): distributed A/B share 2557 MB (~K²M²/np) · owner cre/des 118 · S 59 MB (~KM²/np) · replicated floor 13 MB [stubs 1 (~KM) · H 12 (~M²)]
  OOC scratch  212895 MB on disk  (sum over all ranks)
  Timings (wall 103.8 s)
    build                    [CPU]            17.0 s
      formPQ                 [GPU·CPU·IO]     5.5 s   (GPU 0.6 · IO 1.6 · CPU 3.3)
        exec-gemm            [GPU]             0.2 s   (34.60 TFLOPS total · 8.65/GPU)
        exec-kern            [GPU]             0.4 s
        transfer             [IO]              1.6 s
        exec-hostprep        [CPU]             2.3 s
        complete (MPI)       [IO]              0.6 s
        wdesc (Wsub+reds)    [CPU]             0.1 s
        (other)              [CPU]             0.3 s
      [kern] executor reductions (all phases): res-zero 0.0 · gather 1.8 · reduce 3.0 · accumulate 0.1 s
      sys                    [CPU]             0.3 s
      env                    [CPU]             0.2 s
      compPQ-form            [CPU]             0.2 s
        match                [CPU]             0.1 s
          pump (src dedup)   [CPU]             0.1 s
      assembly               [CPU]             0.1 s
      compS-form-gpu (MPI)   [GPU·CPU·IO]    10.5 s   (GPU 2.7 · IO 2.2 · CPU 5.5)
        recipe (host,replic) [CPU]             0.3 s
        form (gpu+D2H)       [GPU·IO]         7.5 s
        reduce (NCCL/host)   [IO]              0.7 s
        unpack (D2H)         [CPU·IO]         1.8 s
      (other)                [CPU]             0.2 s
    matvec                   [GPU·CPU·IO]    44.5 s   (GPU 35.3 · IO 0.0 · CPU 9.2)
      gemm                   [GPU]            28.9 s   (81.04 TFLOPS total · 20.26/GPU)
      kern                   [GPU]             6.3 s
      host                   [CPU]             9.2 s
        planEnum             [CPU]             1.6 s
        ctorAlloc(upload)    [CPU·IO]         1.7 s
        ctorGroup            [CPU]             0.5 s
        ctorForm             [GPU]             0.1 s
        (other)              [CPU]             5.3 s
    decimate                 [CPU]             7.6 s
      rho (dist)             [CPU]             0.8 s
      eigh (dist)            [CPU]             2.9 s
      share (MPI wait)       [CPU·IO]         3.5 s
      select+assemble        [CPU]             0.1 s
      (other)                [CPU]             0.3 s
    grow                     [GPU·CPU·IO]    15.8 s   (GPU 3.4 · IO 3.6 · CPU 8.8) · 72.99 TFLOPS total · 18.25/GPU
      gpu_proj (project)     [GPU·CPU·IO]     9.1 s
        recipe               [CPU]             0.2 s
        fap_exec             [GPU·IO]         7.7 s
        fap_merge            [CPU]             0.2 s
        fap_ctx              [CPU]             0.1 s
        fap_unpack           [CPU]             0.1 s
      reduceSH (MPI)         [CPU·IO]         1.2 s
        sync (hash+wait)     [CPU·IO]         0.7 s
        pack                 [CPU]             0.1 s
        xfer (NCCL/host)     [IO]              0.2 s
        unpack               [CPU]             0.1 s
      (other)                [CPU]             5.5 s
    predict                  [CPU]             2.0 s
    ooc                      [IO]              0.1 s
      load                   [IO]              0.1 s

################## Sweep 4/10 (forward) summary ##################
  Energy       -2987.4866689459 Ha
  dE vs prev sweep  -4.305e-07 Ha
  Discarded weight  2.274e-04  (max over this sweep's decimations)
  Rank 0: Host RAM sweep-peak 11553 MB · VmHWM 15766 MB   VRAM op-pool peak 6382 MB · total peak 30362 MB
  Rank 1: Host RAM sweep-peak 11119 MB · VmHWM 15635 MB   VRAM op-pool peak 6305 MB · total peak 30272 MB
  Rank 2: Host RAM sweep-peak 11375 MB · VmHWM 15649 MB   VRAM op-pool peak 6331 MB · total peak 30302 MB
  Rank 3: Host RAM sweep-peak 11088 MB · VmHWM 15613 MB   VRAM op-pool peak 6229 MB · total peak 30184 MB
  Block stores (peak bond, per rank): distributed A/B share 2572 MB (~K²M²/np) · owner cre/des 118 · S 59 MB (~KM²/np) · replicated floor 13 MB [stubs 1 (~KM) · H 12 (~M²)]
  OOC scratch  213255 MB on disk  (sum over all ranks)
  Timings (wall 104.3 s)
    build                    [CPU]            16.9 s
      formPQ                 [GPU·CPU·IO]     5.5 s   (GPU 0.6 · IO 1.7 · CPU 3.3)
        exec-gemm            [GPU]             0.2 s   (34.66 TFLOPS total · 8.66/GPU)
        exec-kern            [GPU]             0.4 s
        transfer             [IO]              1.7 s
        exec-hostprep        [CPU]             2.4 s
        complete (MPI)       [IO]              0.5 s
        wdesc (Wsub+reds)    [CPU]             0.1 s
        (other)              [CPU]             0.2 s
      [kern] executor reductions (all phases): res-zero 0.0 · gather 1.8 · reduce 3.0 · accumulate 0.1 s
      sys                    [CPU]             0.3 s
      env                    [CPU]             0.3 s
      compPQ-form            [CPU]             0.2 s
        match                [CPU]             0.1 s
          pump (src dedup)   [CPU]             0.1 s
      assembly               [CPU]             0.1 s
      compS-form-gpu (MPI)   [GPU·CPU·IO]    10.4 s   (GPU 2.7 · IO 2.2 · CPU 5.5)
        bsblock (store walk) [CPU]             0.1 s
        recipe (host,replic) [CPU]             0.3 s
        form (gpu+D2H)       [GPU·IO]         7.5 s
        reduce (NCCL/host)   [IO]              0.7 s
        unpack (D2H)         [CPU·IO]         1.8 s
      (other)                [CPU]             0.2 s
    matvec                   [GPU·CPU·IO]    44.5 s   (GPU 35.4 · IO 0.0 · CPU 9.2)
      gemm                   [GPU]            29.0 s   (80.73 TFLOPS total · 20.18/GPU)
      kern                   [GPU]             6.3 s
      host                   [CPU]             9.2 s
        planEnum             [CPU]             1.6 s
        ctorAlloc(upload)    [CPU·IO]         1.6 s
        ctorGroup            [CPU]             0.5 s
        ctorForm             [GPU]             0.1 s
        (other)              [CPU]             5.3 s
    decimate                 [CPU]             7.6 s
      rho (dist)             [CPU]             0.8 s
      eigh (dist)            [CPU]             3.0 s
      share (MPI wait)       [CPU·IO]         3.3 s
      select+assemble        [CPU]             0.1 s
      (other)                [CPU]             0.3 s
    grow                     [GPU·CPU·IO]    16.2 s   (GPU 3.5 · IO 3.7 · CPU 9.0) · 72.94 TFLOPS total · 18.24/GPU
      gpu_proj (project)     [GPU·CPU·IO]     9.3 s
        recipe               [CPU]             0.2 s
        fap_exec             [GPU·IO]         8.0 s
        fap_merge            [CPU]             0.2 s
        fap_ctx              [CPU]             0.1 s
        fap_unpack           [CPU]             0.1 s
      reduceSH (MPI)         [CPU·IO]         1.0 s
        sync (hash+wait)     [CPU·IO]         0.6 s
        pack                 [CPU]             0.1 s
        xfer (NCCL/host)     [IO]              0.2 s
        unpack               [CPU]             0.1 s
      (other)                [CPU]             5.9 s
    predict                  [CPU]             2.5 s
    ooc                      [IO]              0.1 s
      load                   [IO]              0.1 s

################## Sweep 5/10 (backward) summary ##################
  Energy       -2987.4866689459 Ha
  dE vs prev sweep  +9.096e-07 Ha
  Discarded weight  2.264e-04  (max over this sweep's decimations)
  Rank 0: Host RAM sweep-peak 11405 MB · VmHWM 15766 MB   VRAM op-pool peak 6382 MB · total peak 30362 MB
  Rank 1: Host RAM sweep-peak 11647 MB · VmHWM 15635 MB   VRAM op-pool peak 6305 MB · total peak 30272 MB
  Rank 2: Host RAM sweep-peak 11288 MB · VmHWM 15649 MB   VRAM op-pool peak 6331 MB · total peak 30302 MB
  Rank 3: Host RAM sweep-peak 11295 MB · VmHWM 15613 MB   VRAM op-pool peak 6229 MB · total peak 30184 MB
  Block stores (peak bond, per rank): distributed A/B share 2559 MB (~K²M²/np) · owner cre/des 118 · S 59 MB (~KM²/np) · replicated floor 13 MB [stubs 1 (~KM) · H 12 (~M²)]
  OOC scratch  213370 MB on disk  (sum over all ranks)
  Timings (wall 104.9 s)
    build                    [CPU]            17.3 s
      formPQ                 [GPU·CPU·IO]     5.6 s   (GPU 0.6 · IO 1.6 · CPU 3.4)
        exec-gemm            [GPU]             0.2 s   (34.62 TFLOPS total · 8.66/GPU)
        exec-kern            [GPU]             0.4 s
        transfer             [IO]              1.6 s
        exec-hostprep        [CPU]             2.4 s
        complete (MPI)       [IO]              0.6 s
        wdesc (Wsub+reds)    [CPU]             0.1 s
        (other)              [CPU]             0.2 s
      [kern] executor reductions (all phases): res-zero 0.0 · gather 1.8 · reduce 3.0 · accumulate 0.1 s
      sys                    [CPU]             0.3 s
      env                    [CPU]             0.2 s
      compPQ-form            [CPU]             0.2 s
        match                [CPU]             0.2 s
          pump (src dedup)   [CPU]             0.1 s
          emit (owned)       [CPU]             0.1 s
      assembly               [CPU]             0.1 s
      compS-form-gpu (MPI)   [GPU·CPU·IO]    10.6 s   (GPU 2.7 · IO 2.3 · CPU 5.6)
        bsblock (store walk) [CPU]             0.1 s
        recipe (host,replic) [CPU]             0.3 s
        form (gpu+D2H)       [GPU·IO]         7.6 s
        reduce (NCCL/host)   [IO]              0.7 s
        unpack (D2H)         [CPU·IO]         1.8 s
      (other)                [CPU]             0.2 s
    matvec                   [GPU·CPU·IO]    44.5 s   (GPU 35.2 · IO 0.0 · CPU 9.2)
      gemm                   [GPU]            28.9 s   (80.98 TFLOPS total · 20.24/GPU)
      kern                   [GPU]             6.3 s
      host                   [CPU]             9.2 s
        planEnum             [CPU]             1.6 s
        ctorAlloc(upload)    [CPU·IO]         1.7 s
        ctorGroup            [CPU]             0.5 s
        ctorForm             [GPU]             0.1 s
        (other)              [CPU]             5.3 s
    decimate                 [CPU]             7.7 s
      rho (dist)             [CPU]             0.8 s
      eigh (dist)            [CPU]             2.8 s
      share (MPI wait)       [CPU·IO]         3.7 s
      select+assemble        [CPU]             0.1 s
      (other)                [CPU]             0.3 s
    grow                     [GPU·CPU·IO]    15.7 s   (GPU 3.5 · IO 3.6 · CPU 8.6) · 73.36 TFLOPS total · 18.34/GPU
      gpu_proj (project)     [GPU·CPU·IO]     9.2 s
        recipe               [CPU]             0.2 s
        fap_exec             [GPU·IO]         7.8 s
        fap_merge            [CPU]             0.2 s
        fap_ctx              [CPU]             0.1 s
        fap_unpack           [CPU]             0.1 s
      reduceSH (MPI)         [CPU·IO]         0.9 s
        sync (hash+wait)     [CPU·IO]         0.5 s
        pack                 [CPU]             0.1 s
        xfer (NCCL/host)     [IO]              0.2 s
        unpack               [CPU]             0.1 s
      (other)                [CPU]             5.5 s
    predict                  [CPU]             2.7 s
    ooc                      [IO]              0.1 s
      load                   [IO]              0.1 s

################## Sweep 6/10 (forward) summary ##################
  Energy       -2987.4866720326 Ha
  dE vs prev sweep  -3.996e-06 Ha
  Discarded weight  2.259e-04  (max over this sweep's decimations)
  Rank 0: Host RAM sweep-peak 11278 MB · VmHWM 15766 MB   VRAM op-pool peak 6382 MB · total peak 30362 MB
  Rank 1: Host RAM sweep-peak 11294 MB · VmHWM 15635 MB   VRAM op-pool peak 6305 MB · total peak 30272 MB
  Rank 2: Host RAM sweep-peak 11021 MB · VmHWM 15649 MB   VRAM op-pool peak 6331 MB · total peak 30302 MB
  Rank 3: Host RAM sweep-peak 10827 MB · VmHWM 15613 MB   VRAM op-pool peak 6229 MB · total peak 30184 MB
  Block stores (peak bond, per rank): distributed A/B share 2604 MB (~K²M²/np) · owner cre/des 118 · S 59 MB (~KM²/np) · replicated floor 13 MB [stubs 1 (~KM) · H 12 (~M²)]
  OOC scratch  213739 MB on disk  (sum over all ranks)
  Timings (wall 104.0 s)
    build                    [CPU]            17.2 s
      formPQ                 [GPU·CPU·IO]     5.6 s   (GPU 0.6 · IO 1.7 · CPU 3.3)
        exec-gemm            [GPU]             0.2 s   (34.61 TFLOPS total · 8.65/GPU)
        exec-kern            [GPU]             0.4 s
        transfer             [IO]              1.7 s
        exec-hostprep        [CPU]             2.5 s
        complete (MPI)       [IO]              0.4 s
        wdesc (Wsub+reds)    [CPU]             0.1 s
        (other)              [CPU]             0.3 s
      [kern] executor reductions (all phases): res-zero 0.0 · gather 1.8 · reduce 3.0 · accumulate 0.1 s
      sys                    [CPU]             0.3 s
      env                    [CPU]             0.3 s
      compPQ-form            [CPU]             0.2 s
        match                [CPU]             0.1 s
      assembly               [CPU]             0.1 s
      compS-form-gpu (MPI)   [GPU·CPU·IO]    10.5 s   (GPU 2.7 · IO 2.2 · CPU 5.6)
        bsblock (store walk) [CPU]             0.1 s
        recipe (host,replic) [CPU]             0.4 s
        form (gpu+D2H)       [GPU·IO]         7.5 s
        reduce (NCCL/host)   [IO]              0.8 s
        unpack (D2H)         [CPU·IO]         1.8 s
      (other)                [CPU]             0.2 s
    matvec                   [GPU·CPU·IO]    44.5 s   (GPU 35.4 · IO 0.0 · CPU 9.1)
      gemm                   [GPU]            29.1 s   (80.67 TFLOPS total · 20.17/GPU)
      kern                   [GPU]             6.3 s
      host                   [CPU]             9.1 s
        planEnum             [CPU]             1.6 s
        ctorAlloc(upload)    [CPU·IO]         1.6 s
        ctorGroup            [CPU]             0.5 s
        ctorForm             [GPU]             0.1 s
        (other)              [CPU]             5.2 s
    decimate                 [CPU]             7.4 s
      rho (dist)             [CPU]             0.8 s
      eigh (dist)            [CPU]             3.0 s
      share (MPI wait)       [CPU·IO]         3.2 s
      select+assemble        [CPU]             0.1 s
      (other)                [CPU]             0.3 s
    grow                     [GPU·CPU·IO]    15.9 s   (GPU 3.5 · IO 3.6 · CPU 8.7) · 72.65 TFLOPS total · 18.16/GPU
      gpu_proj (project)     [GPU·CPU·IO]     9.2 s
        recipe               [CPU]             0.2 s
        fap_exec             [GPU·IO]         7.9 s
        fap_merge            [CPU]             0.2 s
        fap_ctx              [CPU]             0.1 s
        fap_unpack           [CPU]             0.1 s
      reduceSH (MPI)         [CPU·IO]         1.0 s
        sync (hash+wait)     [CPU·IO]         0.6 s
        pack                 [CPU]             0.1 s
        xfer (NCCL/host)     [IO]              0.2 s
        unpack               [CPU]             0.1 s
      (other)                [CPU]             5.7 s
    predict                  [CPU]             2.5 s
    ooc                      [IO]              0.1 s
      load                   [IO]              0.1 s

################## Sweep 7/10 (backward) summary ##################
  Energy       -2987.4866720326 Ha
  dE vs prev sweep  +4.154e-07 Ha
  Discarded weight  2.255e-04  (max over this sweep's decimations)
  Rank 0: Host RAM sweep-peak 11194 MB · VmHWM 15766 MB   VRAM op-pool peak 6382 MB · total peak 30362 MB
  Rank 1: Host RAM sweep-peak 11100 MB · VmHWM 15635 MB   VRAM op-pool peak 6305 MB · total peak 30272 MB
  Rank 2: Host RAM sweep-peak 10969 MB · VmHWM 15649 MB   VRAM op-pool peak 6331 MB · total peak 30302 MB
  Rank 3: Host RAM sweep-peak 11093 MB · VmHWM 15613 MB   VRAM op-pool peak 6229 MB · total peak 30184 MB
  Block stores (peak bond, per rank): distributed A/B share 2551 MB (~K²M²/np) · owner cre/des 118 · S 59 MB (~KM²/np) · replicated floor 13 MB [stubs 1 (~KM) · H 12 (~M²)]
  OOC scratch  212490 MB on disk  (sum over all ranks)
  Timings (wall 102.8 s)
    build                    [CPU]            17.2 s
      formPQ                 [GPU·CPU·IO]     5.7 s   (GPU 0.6 · IO 1.6 · CPU 3.4)
        exec-gemm            [GPU]             0.2 s   (34.73 TFLOPS total · 8.68/GPU)
        exec-kern            [GPU]             0.4 s
        transfer             [IO]              1.6 s
        exec-hostprep        [CPU]             2.5 s
        complete (MPI)       [IO]              0.6 s
        wdesc (Wsub+reds)    [CPU]             0.1 s
        (other)              [CPU]             0.3 s
      [kern] executor reductions (all phases): res-zero 0.0 · gather 1.8 · reduce 3.0 · accumulate 0.1 s
      sys                    [CPU]             0.3 s
      env                    [CPU]             0.2 s
      compPQ-form            [CPU]             0.2 s
        match                [CPU]             0.2 s
          pump (src dedup)   [CPU]             0.1 s
          emit (owned)       [CPU]             0.1 s
      assembly               [CPU]             0.1 s
      compS-form-gpu (MPI)   [GPU·CPU·IO]    10.5 s   (GPU 2.7 · IO 2.2 · CPU 5.6)
        bsblock (store walk) [CPU]             0.1 s
        recipe (host,replic) [CPU]             0.3 s
        form (gpu+D2H)       [GPU·IO]         7.6 s
        reduce (NCCL/host)   [IO]              0.6 s
        unpack (D2H)         [CPU·IO]         1.8 s
      (other)                [CPU]             0.2 s
    matvec                   [GPU·CPU·IO]    44.0 s   (GPU 34.9 · IO 0.0 · CPU 9.1)
      gemm                   [GPU]            28.7 s   (81.05 TFLOPS total · 20.26/GPU)
      kern                   [GPU]             6.2 s
      host                   [CPU]             9.1 s
        planEnum             [CPU]             1.6 s
        ctorAlloc(upload)    [CPU·IO]         1.7 s
        ctorGroup            [CPU]             0.5 s
        ctorForm             [GPU]             0.1 s
        (other)              [CPU]             5.2 s
    decimate                 [CPU]             7.7 s
      rho (dist)             [CPU]             0.8 s
      eigh (dist)            [CPU]             2.9 s
      share (MPI wait)       [CPU·IO]         3.6 s
      select+assemble        [CPU]             0.1 s
      (other)                [CPU]             0.3 s
    grow                     [GPU·CPU·IO]    15.5 s   (GPU 3.4 · IO 3.5 · CPU 8.6) · 72.82 TFLOPS total · 18.20/GPU
      gpu_proj (project)     [GPU·CPU·IO]     9.0 s
        recipe               [CPU]             0.2 s
        fap_exec             [GPU·IO]         7.6 s
        fap_merge            [CPU]             0.2 s
        fap_ctx              [CPU]             0.1 s
        fap_unpack           [CPU]             0.1 s
      reduceSH (MPI)         [CPU·IO]         1.0 s
        sync (hash+wait)     [CPU·IO]         0.6 s
        pack                 [CPU]             0.1 s
        xfer (NCCL/host)     [IO]              0.2 s
        unpack               [CPU]             0.1 s
      (other)                [CPU]             5.4 s
    predict                  [CPU]             2.0 s
    ooc                      [IO]              0.1 s
      load                   [IO]              0.1 s

################## Sweep 8/10 (forward) summary ##################
  Energy       -2987.4866720326 Ha
  dE vs prev sweep  +5.627e-08 Ha
  Discarded weight  2.250e-04  (max over this sweep's decimations)
  Rank 0: Host RAM sweep-peak 11634 MB · VmHWM 15766 MB   VRAM op-pool peak 6382 MB · total peak 30362 MB
  Rank 1: Host RAM sweep-peak 11317 MB · VmHWM 15635 MB   VRAM op-pool peak 6305 MB · total peak 30272 MB
  Rank 2: Host RAM sweep-peak 11357 MB · VmHWM 15649 MB   VRAM op-pool peak 6331 MB · total peak 30302 MB
  Rank 3: Host RAM sweep-peak 11296 MB · VmHWM 15613 MB   VRAM op-pool peak 6229 MB · total peak 30184 MB
  Block stores (peak bond, per rank): distributed A/B share 2552 MB (~K²M²/np) · owner cre/des 118 · S 59 MB (~KM²/np) · replicated floor 13 MB [stubs 1 (~KM) · H 12 (~M²)]
  OOC scratch  212820 MB on disk  (sum over all ranks)
  Timings (wall 103.8 s)
    build                    [CPU]            17.0 s
      formPQ                 [GPU·CPU·IO]     5.6 s   (GPU 0.6 · IO 1.7 · CPU 3.3)
        exec-gemm            [GPU]             0.2 s   (34.74 TFLOPS total · 8.68/GPU)
        exec-kern            [GPU]             0.4 s
        transfer             [IO]              1.7 s
        exec-hostprep        [CPU]             2.3 s
        complete (MPI)       [IO]              0.6 s
        wdesc (Wsub+reds)    [CPU]             0.1 s
        (other)              [CPU]             0.2 s
      [kern] executor reductions (all phases): res-zero 0.0 · gather 1.8 · reduce 3.0 · accumulate 0.1 s
      sys                    [CPU]             0.2 s
      env                    [CPU]             0.3 s
      compPQ-form            [CPU]             0.2 s
        match                [CPU]             0.1 s
          pump (src dedup)   [CPU]             0.1 s
      assembly               [CPU]             0.1 s
      compS-form-gpu (MPI)   [GPU·CPU·IO]    10.5 s   (GPU 2.7 · IO 2.2 · CPU 5.6)
        bsblock (store walk) [CPU]             0.1 s
        recipe (host,replic) [CPU]             0.3 s
        form (gpu+D2H)       [GPU·IO]         7.5 s
        reduce (NCCL/host)   [IO]              0.8 s
        unpack (D2H)         [CPU·IO]         1.8 s
      (other)                [CPU]             0.2 s
    matvec                   [GPU·CPU·IO]    44.4 s   (GPU 35.4 · IO 0.0 · CPU 9.0)
      gemm                   [GPU]            29.1 s   (80.59 TFLOPS total · 20.15/GPU)
      kern                   [GPU]             6.3 s
      host                   [CPU]             9.0 s
        planEnum             [CPU]             1.6 s
        ctorAlloc(upload)    [CPU·IO]         1.6 s
        ctorGroup            [CPU]             0.5 s
        ctorForm             [GPU]             0.1 s
        (other)              [CPU]             5.2 s
    decimate                 [CPU]             7.4 s
      rho (dist)             [CPU]             0.8 s
      eigh (dist)            [CPU]             2.9 s
      share (MPI wait)       [CPU·IO]         3.3 s
      select+assemble        [CPU]             0.1 s
      (other)                [CPU]             0.3 s
    grow                     [GPU·CPU·IO]    16.0 s   (GPU 3.5 · IO 3.7 · CPU 8.7) · 72.63 TFLOPS total · 18.16/GPU
      gpu_proj (project)     [GPU·CPU·IO]     9.3 s
        recipe               [CPU]             0.2 s
        fap_exec             [GPU·IO]         8.0 s
        fap_merge            [CPU]             0.2 s
        fap_ctx              [CPU]             0.1 s
        fap_unpack           [CPU]             0.1 s
      reduceSH (MPI)         [CPU·IO]         0.9 s
        sync (hash+wait)     [CPU·IO]         0.4 s
        pack                 [CPU]             0.1 s
        xfer (NCCL/host)     [IO]              0.2 s
        unpack               [CPU]             0.1 s
      (other)                [CPU]             5.8 s
    predict                  [CPU]             2.5 s
    ooc                      [IO]              0.1 s
      load                   [IO]              0.1 s

################## Sweep 9/10 (backward) summary ##################
  Energy       -2987.4866720326 Ha
  dE vs prev sweep  +1.750e-07 Ha
  Discarded weight  2.248e-04  (max over this sweep's decimations)
  Rank 0: Host RAM sweep-peak 11453 MB · VmHWM 15766 MB   VRAM op-pool peak 6382 MB · total peak 30362 MB
  Rank 1: Host RAM sweep-peak 11473 MB · VmHWM 15635 MB   VRAM op-pool peak 6305 MB · total peak 30272 MB
  Rank 2: Host RAM sweep-peak 11330 MB · VmHWM 15649 MB   VRAM op-pool peak 6331 MB · total peak 30302 MB
  Rank 3: Host RAM sweep-peak 11103 MB · VmHWM 15613 MB   VRAM op-pool peak 6229 MB · total peak 30184 MB
  Block stores (peak bond, per rank): distributed A/B share 2571 MB (~K²M²/np) · owner cre/des 118 · S 59 MB (~KM²/np) · replicated floor 13 MB [stubs 1 (~KM) · H 12 (~M²)]
  OOC scratch  213294 MB on disk  (sum over all ranks)
  Timings (wall 103.5 s)
    build                    [CPU]            16.9 s
      formPQ                 [GPU·CPU·IO]     5.5 s   (GPU 0.6 · IO 1.6 · CPU 3.3)
        exec-gemm            [GPU]             0.2 s   (34.80 TFLOPS total · 8.70/GPU)
        exec-kern            [GPU]             0.4 s
        transfer             [IO]              1.6 s
        exec-hostprep        [CPU]             2.4 s
        complete (MPI)       [IO]              0.5 s
        wdesc (Wsub+reds)    [CPU]             0.1 s
        (other)              [CPU]             0.3 s
      [kern] executor reductions (all phases): res-zero 0.0 · gather 1.8 · reduce 3.0 · accumulate 0.1 s
      sys                    [CPU]             0.3 s
      env                    [CPU]             0.2 s
      compPQ-form            [CPU]             0.2 s
        match                [CPU]             0.2 s
          pump (src dedup)   [CPU]             0.1 s
          emit (owned)       [CPU]             0.1 s
      assembly               [CPU]             0.1 s
      compS-form-gpu (MPI)   [GPU·CPU·IO]    10.4 s   (GPU 2.7 · IO 2.2 · CPU 5.5)
        bsblock (store walk) [CPU]             0.1 s
        recipe (host,replic) [CPU]             0.3 s
        form (gpu+D2H)       [GPU·IO]         7.5 s
        reduce (NCCL/host)   [IO]              0.7 s
        unpack (D2H)         [CPU·IO]         1.8 s
      (other)                [CPU]             0.2 s
    matvec                   [GPU·CPU·IO]    44.2 s   (GPU 35.0 · IO 0.0 · CPU 9.1)
      gemm                   [GPU]            28.8 s   (80.73 TFLOPS total · 20.18/GPU)
      kern                   [GPU]             6.3 s
      host                   [CPU]             9.1 s
        planEnum             [CPU]             1.6 s
        ctorAlloc(upload)    [CPU·IO]         1.7 s
        ctorGroup            [CPU]             0.5 s
        ctorForm             [GPU]             0.1 s
        (other)              [CPU]             5.3 s
    decimate                 [CPU]             7.7 s
      rho (dist)             [CPU]             0.8 s
      eigh (dist)            [CPU]             2.9 s
      share (MPI wait)       [CPU·IO]         3.7 s
      select+assemble        [CPU]             0.1 s
      (other)                [CPU]             0.3 s
    grow                     [GPU·CPU·IO]    15.8 s   (GPU 3.4 · IO 3.6 · CPU 8.8) · 74.03 TFLOPS total · 18.51/GPU
      gpu_proj (project)     [GPU·CPU·IO]     9.2 s
        recipe               [CPU]             0.2 s
        fap_exec             [GPU·IO]         7.8 s
        fap_merge            [CPU]             0.2 s
        fap_ctx              [CPU]             0.1 s
        fap_unpack           [CPU]             0.1 s
      reduceSH (MPI)         [CPU·IO]         1.1 s
        sync (hash+wait)     [CPU·IO]         0.6 s
        pack                 [CPU]             0.1 s
        xfer (NCCL/host)     [IO]              0.2 s
        unpack               [CPU]             0.1 s
      (other)                [CPU]             5.6 s
    predict                  [CPU]             2.0 s
    ooc                      [IO]              0.1 s
      load                   [IO]              0.1 s

################## Sweep 10/10 (forward) summary ##################
  Energy       -2987.4866720326 Ha
  dE vs prev sweep  +4.299e-07 Ha
  Discarded weight  2.245e-04  (max over this sweep's decimations)
  Rank 0: Host RAM sweep-peak 11418 MB · VmHWM 15766 MB   VRAM op-pool peak 6382 MB · total peak 30362 MB
  Rank 1: Host RAM sweep-peak 11320 MB · VmHWM 15635 MB   VRAM op-pool peak 6305 MB · total peak 30272 MB
  Rank 2: Host RAM sweep-peak 11068 MB · VmHWM 15649 MB   VRAM op-pool peak 6331 MB · total peak 30302 MB
  Rank 3: Host RAM sweep-peak 11140 MB · VmHWM 15613 MB   VRAM op-pool peak 6229 MB · total peak 30184 MB
  Block stores (peak bond, per rank): distributed A/B share 2577 MB (~K²M²/np) · owner cre/des 118 · S 59 MB (~KM²/np) · replicated floor 13 MB [stubs 1 (~KM) · H 12 (~M²)]
  OOC scratch  213428 MB on disk  (sum over all ranks)
  Timings (wall 104.3 s)
    build                    [CPU]            17.0 s
      formPQ                 [GPU·CPU·IO]     5.5 s   (GPU 0.6 · IO 1.6 · CPU 3.3)
        exec-gemm            [GPU]             0.2 s   (34.70 TFLOPS total · 8.68/GPU)
        exec-kern            [GPU]             0.4 s
        transfer             [IO]              1.6 s
        exec-hostprep        [CPU]             2.4 s
        complete (MPI)       [IO]              0.5 s
        wdesc (Wsub+reds)    [CPU]             0.1 s
        (other)              [CPU]             0.2 s
      [kern] executor reductions (all phases): res-zero 0.0 · gather 1.8 · reduce 3.0 · accumulate 0.1 s
      sys                    [CPU]             0.3 s
      env                    [CPU]             0.3 s
      compPQ-form            [CPU]             0.2 s
        match                [CPU]             0.1 s
          pump (src dedup)   [CPU]             0.1 s
          emit (owned)       [CPU]             0.1 s
      assembly               [CPU]             0.1 s
      compS-form-gpu (MPI)   [GPU·CPU·IO]    10.4 s   (GPU 2.7 · IO 2.2 · CPU 5.5)
        bsblock (store walk) [CPU]             0.1 s
        recipe (host,replic) [CPU]             0.4 s
        form (gpu+D2H)       [GPU·IO]         7.5 s
        reduce (NCCL/host)   [IO]              0.7 s
        unpack (D2H)         [CPU·IO]         1.8 s
      (other)                [CPU]             0.2 s
    matvec                   [GPU·CPU·IO]    44.7 s   (GPU 35.4 · IO 0.0 · CPU 9.2)
      gemm                   [GPU]            29.1 s   (80.47 TFLOPS total · 20.12/GPU)
      kern                   [GPU]             6.3 s
      host                   [CPU]             9.2 s
        planEnum             [CPU]             1.6 s
        ctorAlloc(upload)    [CPU·IO]         1.6 s
        ctorGroup            [CPU]             0.5 s
        ctorForm             [GPU]             0.1 s
        (other)              [CPU]             5.4 s
    decimate                 [CPU]             7.4 s
      rho (dist)             [CPU]             0.8 s
      eigh (dist)            [CPU]             2.9 s
      share (MPI wait)       [CPU·IO]         3.3 s
      select+assemble        [CPU]             0.1 s
      (other)                [CPU]             0.3 s
    grow                     [GPU·CPU·IO]    16.1 s   (GPU 3.5 · IO 3.7 · CPU 8.9) · 72.74 TFLOPS total · 18.18/GPU
      gpu_proj (project)     [GPU·CPU·IO]     9.3 s
        recipe               [CPU]             0.2 s
        fap_exec             [GPU·IO]         8.0 s
        fap_merge            [CPU]             0.2 s
        fap_ctx              [CPU]             0.1 s
        fap_unpack           [CPU]             0.1 s
      reduceSH (MPI)         [CPU·IO]         1.0 s
        sync (hash+wait)     [CPU·IO]         0.6 s
        pack                 [CPU]             0.1 s
        xfer (NCCL/host)     [IO]              0.2 s
        unpack               [CPU]             0.1 s
      (other)                [CPU]             5.8 s
    predict                  [CPU]             2.5 s
    ooc                      [IO]              0.1 s
      load                   [IO]              0.1 s
[qops] WARNING: energy NOT converged after 10 sweeps: |dE| = 4.299e-07 >= e_conv = 1.000e-09

################## Run total ##################
  10 sweep(s) + warmup: 5039.8 s wall · final E -2987.4866720326 Ha · VmHWM 15766 MB
  ooc async residual wait (not hidden behind compute): save 0.1 · load 5.1 s (0% of runtime)
[rc] ladder BD=2500 done
[qops] MPI np=4 · GPU=on · device collectives: NCCL (NVLink/GPUDirect)
[qops] A/B host-offload: ON (stubs + pager spill)

################## Sweep 1/10 (backward) summary ##################
  Energy       -2987.4863323505 Ha
  Discarded weight  4.427e-04  (max over this sweep's decimations)
  Rank 0: Host RAM sweep-peak 9258 MB · VmHWM 15766 MB   VRAM op-pool peak 6382 MB · total peak 30362 MB
  Rank 1: Host RAM sweep-peak 9160 MB · VmHWM 15635 MB   VRAM op-pool peak 6305 MB · total peak 30272 MB
  Rank 2: Host RAM sweep-peak 9232 MB · VmHWM 15649 MB   VRAM op-pool peak 6331 MB · total peak 30302 MB
  Rank 3: Host RAM sweep-peak 9188 MB · VmHWM 15613 MB   VRAM op-pool peak 6229 MB · total peak 30184 MB
  Block stores (peak bond, per rank): distributed A/B share 2583 MB (~K²M²/np) · owner cre/des 103 · S 46 MB (~KM²/np) · replicated floor 11 MB [stubs 1 (~KM) · H 10 (~M²)]
  OOC scratch  178869 MB on disk  (sum over all ranks)
  Timings (wall 85.5 s)
    build                    [CPU]            15.7 s
      formPQ                 [GPU·CPU·IO]     5.3 s   (GPU 0.5 · IO 1.6 · CPU 3.2)
        exec-gemm            [GPU]             0.1 s   (32.00 TFLOPS total · 8.00/GPU)
        exec-kern            [GPU]             0.4 s
        transfer             [IO]              1.6 s
        exec-hostprep        [CPU]             2.3 s
        complete (MPI)       [IO]              0.4 s
        wdesc (Wsub+reds)    [CPU]             0.1 s
        (other)              [CPU]             0.3 s
      [kern] executor reductions (all phases): res-zero 0.0 · gather 1.2 · reduce 2.4 · accumulate 0.1 s
      sys                    [CPU]             0.3 s
      env                    [CPU]             0.1 s
      compPQ-form            [CPU]             0.2 s
        match                [CPU]             0.1 s
      assembly               [CPU]             0.1 s
      compS-form-gpu (MPI)   [GPU·CPU·IO]     9.5 s   (GPU 2.2 · IO 2.2 · CPU 5.1)
        recipe (host,replic) [CPU]             0.3 s
        form (gpu+D2H)       [GPU·IO]         7.0 s
        reduce (NCCL/host)   [IO]              0.5 s
        unpack (D2H)         [CPU·IO]         1.5 s
      (other)                [CPU]             0.2 s
    matvec                   [GPU·CPU·IO]    35.8 s   (GPU 27.8 · IO 0.0 · CPU 8.1)
      gemm                   [GPU]            22.7 s   (74.39 TFLOPS total · 18.60/GPU)
      kern                   [GPU]             5.1 s
      host                   [CPU]             8.1 s
        planEnum             [CPU]             1.6 s
        ctorAlloc(upload)    [CPU·IO]         1.5 s
        ctorGroup            [CPU]             0.5 s
        ctorForm             [GPU]             0.2 s
        (other)              [CPU]             4.3 s
    decimate                 [CPU]             5.7 s
      rho (dist)             [CPU]             0.6 s
      eigh (dist)            [CPU]             2.0 s
      share (MPI wait)       [CPU·IO]         2.9 s
      select+assemble        [CPU]             0.1 s
      (other)                [CPU]             0.2 s
    grow                     [GPU·CPU·IO]    10.3 s   (GPU 2.3 · IO 2.1 · CPU 6.0) · 59.10 TFLOPS total · 14.78/GPU
      gpu_proj (project)     [GPU·CPU·IO]     6.1 s
        recipe               [CPU]             0.2 s
        fap_exec             [GPU·IO]         4.9 s
        fap_merge            [CPU]             0.2 s
        fap_ctx              [CPU]             0.1 s
        fap_unpack           [CPU]             0.1 s
      reduceSH (MPI)         [CPU·IO]         0.8 s
        sync (hash+wait)     [CPU·IO]         0.5 s
        pack                 [CPU]             0.1 s
        xfer (NCCL/host)     [IO]              0.2 s
      (other)                [CPU]             3.4 s
    predict                  [CPU]             1.6 s
    ooc                      [IO]              0.1 s
      load                   [IO]              0.1 s

################## Sweep 2/10 (forward) summary ##################
  Energy       -2987.4858713128 Ha
  dE vs prev sweep  +4.610e-04 Ha
  Discarded weight  3.027e-04  (max over this sweep's decimations)
  Rank 0: Host RAM sweep-peak 9499 MB · VmHWM 15766 MB   VRAM op-pool peak 6382 MB · total peak 30362 MB
  Rank 1: Host RAM sweep-peak 9193 MB · VmHWM 15635 MB   VRAM op-pool peak 6305 MB · total peak 30272 MB
  Rank 2: Host RAM sweep-peak 9523 MB · VmHWM 15649 MB   VRAM op-pool peak 6331 MB · total peak 30302 MB
  Rank 3: Host RAM sweep-peak 9283 MB · VmHWM 15613 MB   VRAM op-pool peak 6229 MB · total peak 30184 MB
  Block stores (peak bond, per rank): distributed A/B share 1628 MB (~K²M²/np) · owner cre/des 77 · S 38 MB (~KM²/np) · replicated floor 9 MB [stubs 1 (~KM) · H 8 (~M²)]
  OOC scratch  138597 MB on disk  (sum over all ranks)
  Timings (wall 70.7 s)
    build                    [CPU]            11.8 s
      formPQ                 [GPU·CPU·IO]     3.8 s   (GPU 0.4 · IO 1.1 · CPU 2.3)
        exec-gemm            [GPU]             0.1 s   (29.46 TFLOPS total · 7.37/GPU)
        exec-kern            [GPU]             0.3 s
        transfer             [IO]              1.1 s
        exec-hostprep        [CPU]             1.6 s
        complete (MPI)       [IO]              0.3 s
        wdesc (Wsub+reds)    [CPU]             0.1 s
        (other)              [CPU]             0.2 s
      [kern] executor reductions (all phases): res-zero 0.0 · gather 1.2 · reduce 1.9 · accumulate 0.1 s
      sys                    [CPU]             0.2 s
      env                    [CPU]             0.2 s
      compPQ-form            [CPU]             0.2 s
        match                [CPU]             0.1 s
      assembly               [CPU]             0.1 s
      compS-form-gpu (MPI)   [GPU·CPU·IO]     7.2 s   (GPU 1.7 · IO 1.4 · CPU 4.1)
        recipe (host,replic) [CPU]             0.3 s
        form (gpu+D2H)       [GPU·IO]         5.0 s
        reduce (NCCL/host)   [IO]              0.5 s
        unpack (D2H)         [CPU·IO]         1.3 s
      (other)                [CPU]             0.2 s
    matvec                   [GPU·CPU·IO]    29.6 s   (GPU 22.6 · IO 0.0 · CPU 7.0)
      gemm                   [GPU]            18.3 s   (68.26 TFLOPS total · 17.07/GPU)
      kern                   [GPU]             4.3 s
      host                   [CPU]             7.0 s
        planEnum             [CPU]             1.5 s
        ctorAlloc(upload)    [CPU·IO]         1.1 s
        ctorGroup            [CPU]             0.6 s
        ctorForm             [GPU]             0.1 s
        (other)              [CPU]             3.7 s
    decimate                 [CPU]             5.6 s
      rho (dist)             [CPU]             0.6 s
      eigh (dist)            [CPU]             2.0 s
      share (MPI wait)       [CPU·IO]         2.7 s
      select+assemble        [CPU]             0.1 s
      (other)                [CPU]             0.2 s
    grow                     [GPU·CPU·IO]    10.5 s   (GPU 2.3 · IO 2.1 · CPU 6.0) · 60.41 TFLOPS total · 15.10/GPU
      gpu_proj (project)     [GPU·CPU·IO]     6.2 s
        recipe               [CPU]             0.2 s
        fap_exec             [GPU·IO]         5.1 s
        fap_merge            [CPU]             0.2 s
        fap_ctx              [CPU]             0.1 s
        fap_unpack           [CPU]             0.1 s
      reduceSH (MPI)         [CPU·IO]         0.6 s
        sync (hash+wait)     [CPU·IO]         0.3 s
        pack                 [CPU]             0.1 s
        xfer (NCCL/host)     [IO]              0.2 s
      (other)                [CPU]             3.7 s
    predict                  [CPU]             1.5 s
    ooc                      [IO]              0.0 s

################## Sweep 3/10 (backward) summary ##################
  Energy       -2987.4858934948 Ha
  dE vs prev sweep  -2.218e-05 Ha
  Discarded weight  2.877e-04  (max over this sweep's decimations)
  Rank 0: Host RAM sweep-peak 9416 MB · VmHWM 15766 MB   VRAM op-pool peak 6382 MB · total peak 30362 MB
  Rank 1: Host RAM sweep-peak 9104 MB · VmHWM 15635 MB   VRAM op-pool peak 6305 MB · total peak 30272 MB
  Rank 2: Host RAM sweep-peak 9312 MB · VmHWM 15649 MB   VRAM op-pool peak 6331 MB · total peak 30302 MB
  Rank 3: Host RAM sweep-peak 9185 MB · VmHWM 15613 MB   VRAM op-pool peak 6229 MB · total peak 30184 MB
  Block stores (peak bond, per rank): distributed A/B share 1642 MB (~K²M²/np) · owner cre/des 77 · S 39 MB (~KM²/np) · replicated floor 9 MB [stubs 1 (~KM) · H 8 (~M²)]
  OOC scratch  138854 MB on disk  (sum over all ranks)
  Timings (wall 70.6 s)
    build                    [CPU]            11.8 s
      formPQ                 [GPU·CPU·IO]     3.7 s   (GPU 0.4 · IO 1.1 · CPU 2.2)
        exec-gemm            [GPU]             0.1 s   (29.51 TFLOPS total · 7.38/GPU)
        exec-kern            [GPU]             0.3 s
        transfer             [IO]              1.1 s
        exec-hostprep        [CPU]             1.5 s
        complete (MPI)       [IO]              0.3 s
        wdesc (Wsub+reds)    [CPU]             0.1 s
        (other)              [CPU]             0.3 s
      [kern] executor reductions (all phases): res-zero 0.0 · gather 1.2 · reduce 1.9 · accumulate 0.1 s
      sys                    [CPU]             0.2 s
      env                    [CPU]             0.2 s
      compPQ-form            [CPU]             0.2 s
        match                [CPU]             0.1 s
      assembly               [CPU]             0.1 s
      compS-form-gpu (MPI)   [GPU·CPU·IO]     7.2 s   (GPU 1.7 · IO 1.5 · CPU 4.1)
        recipe (host,replic) [CPU]             0.3 s
        form (gpu+D2H)       [GPU·IO]         5.0 s
        reduce (NCCL/host)   [IO]              0.5 s
        unpack (D2H)         [CPU·IO]         1.3 s
      (other)                [CPU]             0.2 s
    matvec                   [GPU·CPU·IO]    29.5 s   (GPU 22.5 · IO 0.0 · CPU 6.9)
      gemm                   [GPU]            18.3 s   (68.90 TFLOPS total · 17.23/GPU)
      kern                   [GPU]             4.3 s
      host                   [CPU]             6.9 s
        planEnum             [CPU]             1.6 s
        ctorAlloc(upload)    [CPU·IO]         1.2 s
        ctorGroup            [CPU]             0.6 s
        ctorForm             [GPU]             0.1 s
        (other)              [CPU]             3.6 s
    decimate                 [CPU]             5.7 s
      rho (dist)             [CPU]             0.5 s
      eigh (dist)            [CPU]             2.1 s
      share (MPI wait)       [CPU·IO]         2.9 s
      select+assemble        [CPU]             0.1 s
      (other)                [CPU]             0.2 s
    grow                     [GPU·CPU·IO]    10.6 s   (GPU 2.3 · IO 2.1 · CPU 6.2) · 59.94 TFLOPS total · 14.99/GPU
      gpu_proj (project)     [GPU·CPU·IO]     6.2 s
        recipe               [CPU]             0.2 s
        fap_exec             [GPU·IO]         5.0 s
        fap_merge            [CPU]             0.2 s
        fap_ctx              [CPU]             0.1 s
        fap_unpack           [CPU]             0.1 s
      reduceSH (MPI)         [CPU·IO]         0.7 s
        sync (hash+wait)     [CPU·IO]         0.4 s
        pack                 [CPU]             0.1 s
        xfer (NCCL/host)     [IO]              0.2 s
      (other)                [CPU]             3.7 s
    predict                  [CPU]             1.4 s
    ooc                      [IO]              0.0 s

################## Sweep 4/10 (forward) summary ##################
  Energy       -2987.4858965137 Ha
  dE vs prev sweep  -3.019e-06 Ha
  Discarded weight  2.850e-04  (max over this sweep's decimations)
  Rank 0: Host RAM sweep-peak 9241 MB · VmHWM 15766 MB   VRAM op-pool peak 6382 MB · total peak 30362 MB
  Rank 1: Host RAM sweep-peak 9149 MB · VmHWM 15635 MB   VRAM op-pool peak 6305 MB · total peak 30272 MB
  Rank 2: Host RAM sweep-peak 9543 MB · VmHWM 15649 MB   VRAM op-pool peak 6331 MB · total peak 30302 MB
  Rank 3: Host RAM sweep-peak 9202 MB · VmHWM 15613 MB   VRAM op-pool peak 6229 MB · total peak 30184 MB
  Block stores (peak bond, per rank): distributed A/B share 1640 MB (~K²M²/np) · owner cre/des 77 · S 39 MB (~KM²/np) · replicated floor 9 MB [stubs 1 (~KM) · H 8 (~M²)]
  OOC scratch  138951 MB on disk  (sum over all ranks)
  Timings (wall 70.3 s)
    build                    [CPU]            11.9 s
      formPQ                 [GPU·CPU·IO]     3.8 s   (GPU 0.4 · IO 1.1 · CPU 2.3)
        exec-gemm            [GPU]             0.1 s   (29.48 TFLOPS total · 7.37/GPU)
        exec-kern            [GPU]             0.3 s
        transfer             [IO]              1.1 s
        exec-hostprep        [CPU]             1.6 s
        complete (MPI)       [IO]              0.3 s
        wdesc (Wsub+reds)    [CPU]             0.1 s
        (other)              [CPU]             0.2 s
      [kern] executor reductions (all phases): res-zero 0.0 · gather 1.2 · reduce 2.0 · accumulate 0.1 s
      sys                    [CPU]             0.2 s
      env                    [CPU]             0.2 s
      compPQ-form            [CPU]             0.2 s
        match                [CPU]             0.1 s
      assembly               [CPU]             0.1 s
      compS-form-gpu (MPI)   [GPU·CPU·IO]     7.3 s   (GPU 1.7 · IO 1.4 · CPU 4.1)
        recipe (host,replic) [CPU]             0.3 s
        form (gpu+D2H)       [GPU·IO]         5.0 s
        reduce (NCCL/host)   [IO]              0.5 s
        unpack (D2H)         [CPU·IO]         1.3 s
      (other)                [CPU]             0.2 s
    matvec                   [GPU·CPU·IO]    29.4 s   (GPU 22.4 · IO 0.0 · CPU 6.9)
      gemm                   [GPU]            18.2 s   (68.79 TFLOPS total · 17.20/GPU)
      kern                   [GPU]             4.2 s
      host                   [CPU]             6.9 s
        planEnum             [CPU]             1.6 s
        ctorAlloc(upload)    [CPU·IO]         1.1 s
        ctorGroup            [CPU]             0.6 s
        ctorForm             [GPU]             0.1 s
        (other)              [CPU]             3.6 s
    decimate                 [CPU]             5.7 s
      rho (dist)             [CPU]             0.6 s
      eigh (dist)            [CPU]             2.1 s
      share (MPI wait)       [CPU·IO]         2.8 s
      select+assemble        [CPU]             0.1 s
      (other)                [CPU]             0.2 s
    grow                     [GPU·CPU·IO]    10.6 s   (GPU 2.3 · IO 2.2 · CPU 6.1) · 60.43 TFLOPS total · 15.11/GPU
      gpu_proj (project)     [GPU·CPU·IO]     6.3 s
        recipe               [CPU]             0.2 s
        fap_exec             [GPU·IO]         5.2 s
        fap_merge            [CPU]             0.2 s
        fap_ctx              [CPU]             0.1 s
        fap_unpack           [CPU]             0.1 s
      reduceSH (MPI)         [CPU·IO]         0.6 s
        sync (hash+wait)     [CPU·IO]         0.3 s
        pack                 [CPU]             0.1 s
        xfer (NCCL/host)     [IO]              0.2 s
      (other)                [CPU]             3.7 s
    predict                  [CPU]             1.5 s
    ooc                      [IO]              0.0 s

################## Sweep 5/10 (backward) summary ##################
  Energy       -2987.4858965137 Ha
  dE vs prev sweep  +1.207e-06 Ha
  Discarded weight  2.835e-04  (max over this sweep's decimations)
  Rank 0: Host RAM sweep-peak 9393 MB · VmHWM 15766 MB   VRAM op-pool peak 6382 MB · total peak 30362 MB
  Rank 1: Host RAM sweep-peak 9394 MB · VmHWM 15635 MB   VRAM op-pool peak 6305 MB · total peak 30272 MB
  Rank 2: Host RAM sweep-peak 9323 MB · VmHWM 15649 MB   VRAM op-pool peak 6331 MB · total peak 30302 MB
  Rank 3: Host RAM sweep-peak 9347 MB · VmHWM 15613 MB   VRAM op-pool peak 6229 MB · total peak 30184 MB
  Block stores (peak bond, per rank): distributed A/B share 1633 MB (~K²M²/np) · owner cre/des 77 · S 39 MB (~KM²/np) · replicated floor 9 MB [stubs 1 (~KM) · H 8 (~M²)]
  OOC scratch  139093 MB on disk  (sum over all ranks)
  Timings (wall 70.5 s)
    build                    [CPU]            12.0 s
      formPQ                 [GPU·CPU·IO]     3.9 s   (GPU 0.4 · IO 1.1 · CPU 2.4)
        exec-gemm            [GPU]             0.1 s   (29.44 TFLOPS total · 7.36/GPU)
        exec-kern            [GPU]             0.3 s
        transfer             [IO]              1.1 s
        exec-hostprep        [CPU]             1.6 s
        complete (MPI)       [IO]              0.4 s
        wdesc (Wsub+reds)    [CPU]             0.1 s
        (other)              [CPU]             0.3 s
      [kern] executor reductions (all phases): res-zero 0.0 · gather 1.2 · reduce 1.9 · accumulate 0.1 s
      sys                    [CPU]             0.2 s
      env                    [CPU]             0.2 s
      compPQ-form            [CPU]             0.2 s
        match                [CPU]             0.1 s
      assembly               [CPU]             0.1 s
      compS-form-gpu (MPI)   [GPU·CPU·IO]     7.3 s   (GPU 1.7 · IO 1.4 · CPU 4.1)
        recipe (host,replic) [CPU]             0.3 s
        form (gpu+D2H)       [GPU·IO]         5.0 s
        reduce (NCCL/host)   [IO]              0.5 s
        unpack (D2H)         [CPU·IO]         1.3 s
      (other)                [CPU]             0.2 s
    matvec                   [GPU·CPU·IO]    29.5 s   (GPU 22.5 · IO 0.0 · CPU 7.0)
      gemm                   [GPU]            18.2 s   (69.12 TFLOPS total · 17.28/GPU)
      kern                   [GPU]             4.2 s
      host                   [CPU]             7.0 s
        planEnum             [CPU]             1.6 s
        ctorAlloc(upload)    [CPU·IO]         1.2 s
        ctorGroup            [CPU]             0.6 s
        ctorForm             [GPU]             0.1 s
        (other)              [CPU]             3.6 s
    decimate                 [CPU]             5.7 s
      rho (dist)             [CPU]             0.5 s
      eigh (dist)            [CPU]             2.1 s
      share (MPI wait)       [CPU·IO]         2.8 s
      select+assemble        [CPU]             0.1 s
      (other)                [CPU]             0.2 s
    grow                     [GPU·CPU·IO]    10.5 s   (GPU 2.3 · IO 2.2 · CPU 6.0) · 60.32 TFLOPS total · 15.08/GPU
      gpu_proj (project)     [GPU·CPU·IO]     6.2 s
        recipe               [CPU]             0.2 s
        fap_exec             [GPU·IO]         5.0 s
        fap_merge            [CPU]             0.2 s
        fap_ctx              [CPU]             0.1 s
        fap_unpack           [CPU]             0.1 s
      reduceSH (MPI)         [CPU·IO]         0.7 s
        sync (hash+wait)     [CPU·IO]         0.5 s
        pack                 [CPU]             0.1 s
        xfer (NCCL/host)     [IO]              0.2 s
      (other)                [CPU]             3.5 s
    predict                  [CPU]             1.2 s
    ooc                      [IO]              0.0 s

################## Sweep 6/10 (forward) summary ##################
  Energy       -2987.4858965137 Ha
  dE vs prev sweep  +3.720e-07 Ha
  Discarded weight  2.826e-04  (max over this sweep's decimations)
  Rank 0: Host RAM sweep-peak 9690 MB · VmHWM 15766 MB   VRAM op-pool peak 6382 MB · total peak 30362 MB
  Rank 1: Host RAM sweep-peak 9398 MB · VmHWM 15635 MB   VRAM op-pool peak 6305 MB · total peak 30272 MB
  Rank 2: Host RAM sweep-peak 9456 MB · VmHWM 15649 MB   VRAM op-pool peak 6331 MB · total peak 30302 MB
  Rank 3: Host RAM sweep-peak 9162 MB · VmHWM 15613 MB   VRAM op-pool peak 6229 MB · total peak 30184 MB
  Block stores (peak bond, per rank): distributed A/B share 1649 MB (~K²M²/np) · owner cre/des 77 · S 39 MB (~KM²/np) · replicated floor 9 MB [stubs 1 (~KM) · H 8 (~M²)]
  OOC scratch  139044 MB on disk  (sum over all ranks)
  Timings (wall 70.8 s)
    build                    [CPU]            12.1 s
      formPQ                 [GPU·CPU·IO]     4.0 s   (GPU 0.4 · IO 1.1 · CPU 2.4)
        exec-gemm            [GPU]             0.1 s   (29.39 TFLOPS total · 7.35/GPU)
        exec-kern            [GPU]             0.3 s
        transfer             [IO]              1.1 s
        exec-hostprep        [CPU]             1.6 s
        complete (MPI)       [IO]              0.4 s
        wdesc (Wsub+reds)    [CPU]             0.1 s
        (other)              [CPU]             0.2 s
      [kern] executor reductions (all phases): res-zero 0.0 · gather 1.2 · reduce 2.0 · accumulate 0.1 s
      sys                    [CPU]             0.2 s
      env                    [CPU]             0.2 s
      compPQ-form            [CPU]             0.2 s
        match                [CPU]             0.1 s
      assembly               [CPU]             0.1 s
      compS-form-gpu (MPI)   [GPU·CPU·IO]     7.3 s   (GPU 1.7 · IO 1.4 · CPU 4.2)
        recipe (host,replic) [CPU]             0.3 s
        form (gpu+D2H)       [GPU·IO]         5.0 s
        reduce (NCCL/host)   [IO]              0.6 s
        unpack (D2H)         [CPU·IO]         1.3 s
      (other)                [CPU]             0.2 s
    matvec                   [GPU·CPU·IO]    29.2 s   (GPU 22.3 · IO 0.0 · CPU 6.9)
      gemm                   [GPU]            18.1 s   (68.87 TFLOPS total · 17.22/GPU)
      kern                   [GPU]             4.2 s
      host                   [CPU]             6.9 s
        planEnum             [CPU]             1.6 s
        ctorAlloc(upload)    [CPU·IO]         1.1 s
        ctorGroup            [CPU]             0.6 s
        ctorForm             [GPU]             0.1 s
        (other)              [CPU]             3.6 s
    decimate                 [CPU]             5.8 s
      rho (dist)             [CPU]             0.6 s
      eigh (dist)            [CPU]             2.1 s
      share (MPI wait)       [CPU·IO]         2.8 s
      select+assemble        [CPU]             0.1 s
      (other)                [CPU]             0.2 s
    grow                     [GPU·CPU·IO]    10.6 s   (GPU 2.3 · IO 2.2 · CPU 6.1) · 60.45 TFLOPS total · 15.11/GPU
      gpu_proj (project)     [GPU·CPU·IO]     6.2 s
        recipe               [CPU]             0.2 s
        fap_exec             [GPU·IO]         5.1 s
        fap_merge            [CPU]             0.2 s
        fap_ctx              [CPU]             0.1 s
        fap_unpack           [CPU]             0.1 s
      reduceSH (MPI)         [CPU·IO]         0.6 s
        sync (hash+wait)     [CPU·IO]         0.3 s
        pack                 [CPU]             0.1 s
        xfer (NCCL/host)     [IO]              0.2 s
      (other)                [CPU]             3.7 s
    predict                  [CPU]             1.9 s
    ooc                      [IO]              0.0 s

################## Sweep 7/10 (backward) summary ##################
  Energy       -2987.4858965137 Ha
  dE vs prev sweep  +4.860e-07 Ha
  Discarded weight  2.819e-04  (max over this sweep's decimations)
  Rank 0: Host RAM sweep-peak 9442 MB · VmHWM 15766 MB   VRAM op-pool peak 6382 MB · total peak 30362 MB
  Rank 1: Host RAM sweep-peak 9235 MB · VmHWM 15635 MB   VRAM op-pool peak 6305 MB · total peak 30272 MB
  Rank 2: Host RAM sweep-peak 9408 MB · VmHWM 15649 MB   VRAM op-pool peak 6331 MB · total peak 30302 MB
  Rank 3: Host RAM sweep-peak 9154 MB · VmHWM 15613 MB   VRAM op-pool peak 6229 MB · total peak 30184 MB
  Block stores (peak bond, per rank): distributed A/B share 1632 MB (~K²M²/np) · owner cre/des 77 · S 39 MB (~KM²/np) · replicated floor 9 MB [stubs 1 (~KM) · H 8 (~M²)]
  OOC scratch  138981 MB on disk  (sum over all ranks)
  Timings (wall 70.5 s)
    build                    [CPU]            11.9 s
      formPQ                 [GPU·CPU·IO]     3.8 s   (GPU 0.4 · IO 1.1 · CPU 2.3)
        exec-gemm            [GPU]             0.1 s   (29.36 TFLOPS total · 7.34/GPU)
        exec-kern            [GPU]             0.3 s
        transfer             [IO]              1.1 s
        exec-hostprep        [CPU]             1.5 s
        complete (MPI)       [IO]              0.4 s
        wdesc (Wsub+reds)    [CPU]             0.1 s
        (other)              [CPU]             0.3 s
      [kern] executor reductions (all phases): res-zero 0.0 · gather 1.2 · reduce 2.0 · accumulate 0.1 s
      sys                    [CPU]             0.2 s
      env                    [CPU]             0.2 s
      compPQ-form            [CPU]             0.2 s
        match                [CPU]             0.1 s
      assembly               [CPU]             0.1 s
      compS-form-gpu (MPI)   [GPU·CPU·IO]     7.2 s   (GPU 1.7 · IO 1.4 · CPU 4.1)
        recipe (host,replic) [CPU]             0.3 s
        form (gpu+D2H)       [GPU·IO]         5.0 s
        reduce (NCCL/host)   [IO]              0.5 s
        unpack (D2H)         [CPU·IO]         1.3 s
      (other)                [CPU]             0.2 s
    matvec                   [GPU·CPU·IO]    29.4 s   (GPU 22.3 · IO 0.0 · CPU 7.1)
      gemm                   [GPU]            18.1 s   (69.24 TFLOPS total · 17.31/GPU)
      kern                   [GPU]             4.2 s
      host                   [CPU]             7.1 s
        planEnum             [CPU]             1.6 s
        ctorAlloc(upload)    [CPU·IO]         1.2 s
        ctorGroup            [CPU]             0.6 s
        ctorForm             [GPU]             0.1 s
        (other)              [CPU]             3.7 s
    decimate                 [CPU]             5.7 s
      rho (dist)             [CPU]             0.5 s
      eigh (dist)            [CPU]             2.1 s
      share (MPI wait)       [CPU·IO]         2.8 s
      select+assemble        [CPU]             0.1 s
      (other)                [CPU]             0.2 s
    grow                     [GPU·CPU·IO]    10.6 s   (GPU 2.3 · IO 2.1 · CPU 6.2) · 60.04 TFLOPS total · 15.01/GPU
      gpu_proj (project)     [GPU·CPU·IO]     6.2 s
        recipe               [CPU]             0.2 s
        fap_exec             [GPU·IO]         5.0 s
        fap_merge            [CPU]             0.2 s
        fap_ctx              [CPU]             0.1 s
        fap_unpack           [CPU]             0.1 s
      reduceSH (MPI)         [CPU·IO]         0.7 s
        sync (hash+wait)     [CPU·IO]         0.4 s
        pack                 [CPU]             0.1 s
        xfer (NCCL/host)     [IO]              0.2 s
      (other)                [CPU]             3.7 s
    predict                  [CPU]             1.2 s
    ooc                      [IO]              0.0 s

################## Sweep 8/10 (forward) summary ##################
  Energy       -2987.4858965137 Ha
  dE vs prev sweep  +1.429e-07 Ha
  Discarded weight  2.813e-04  (max over this sweep's decimations)
  Rank 0: Host RAM sweep-peak 9355 MB · VmHWM 15766 MB   VRAM op-pool peak 6382 MB · total peak 30362 MB
  Rank 1: Host RAM sweep-peak 9280 MB · VmHWM 15635 MB   VRAM op-pool peak 6305 MB · total peak 30272 MB
  Rank 2: Host RAM sweep-peak 9265 MB · VmHWM 15649 MB   VRAM op-pool peak 6331 MB · total peak 30302 MB
  Rank 3: Host RAM sweep-peak 9289 MB · VmHWM 15613 MB   VRAM op-pool peak 6229 MB · total peak 30184 MB
  Block stores (peak bond, per rank): distributed A/B share 1633 MB (~K²M²/np) · owner cre/des 77 · S 39 MB (~KM²/np) · replicated floor 9 MB [stubs 1 (~KM) · H 8 (~M²)]
  OOC scratch  138978 MB on disk  (sum over all ranks)
  Timings (wall 70.3 s)
    build                    [CPU]            12.1 s
      formPQ                 [GPU·CPU·IO]     3.9 s   (GPU 0.4 · IO 1.1 · CPU 2.3)
        exec-gemm            [GPU]             0.1 s   (29.35 TFLOPS total · 7.34/GPU)
        exec-kern            [GPU]             0.3 s
        transfer             [IO]              1.1 s
        exec-hostprep        [CPU]             1.6 s
        complete (MPI)       [IO]              0.4 s
        wdesc (Wsub+reds)    [CPU]             0.1 s
        (other)              [CPU]             0.2 s
      [kern] executor reductions (all phases): res-zero 0.0 · gather 1.2 · reduce 2.0 · accumulate 0.1 s
      sys                    [CPU]             0.2 s
      env                    [CPU]             0.2 s
      compPQ-form            [CPU]             0.2 s
        match                [CPU]             0.1 s
      assembly               [CPU]             0.1 s
      compS-form-gpu (MPI)   [GPU·CPU·IO]     7.3 s   (GPU 1.7 · IO 1.4 · CPU 4.2)
        recipe (host,replic) [CPU]             0.3 s
        form (gpu+D2H)       [GPU·IO]         5.0 s
        reduce (NCCL/host)   [IO]              0.6 s
        unpack (D2H)         [CPU·IO]         1.3 s
      (other)                [CPU]             0.2 s
    matvec                   [GPU·CPU·IO]    29.2 s   (GPU 22.3 · IO 0.0 · CPU 6.9)
      gemm                   [GPU]            18.1 s   (68.89 TFLOPS total · 17.22/GPU)
      kern                   [GPU]             4.2 s
      host                   [CPU]             6.9 s
        planEnum             [CPU]             1.6 s
        ctorAlloc(upload)    [CPU·IO]         1.1 s
        ctorGroup            [CPU]             0.6 s
        ctorForm             [GPU]             0.1 s
        (other)              [CPU]             3.6 s
    decimate                 [CPU]             5.6 s
      rho (dist)             [CPU]             0.5 s
      eigh (dist)            [CPU]             2.0 s
      share (MPI wait)       [CPU·IO]         2.8 s
      select+assemble        [CPU]             0.1 s
      (other)                [CPU]             0.2 s
    grow                     [GPU·CPU·IO]    10.6 s   (GPU 2.3 · IO 2.1 · CPU 6.2) · 60.13 TFLOPS total · 15.03/GPU
      gpu_proj (project)     [GPU·CPU·IO]     6.2 s
        recipe               [CPU]             0.2 s
        fap_exec             [GPU·IO]         5.1 s
        fap_merge            [CPU]             0.2 s
        fap_ctx              [CPU]             0.1 s
        fap_unpack           [CPU]             0.1 s
      reduceSH (MPI)         [CPU·IO]         0.7 s
        sync (hash+wait)     [CPU·IO]         0.4 s
        pack                 [CPU]             0.1 s
        xfer (NCCL/host)     [IO]              0.2 s
      (other)                [CPU]             3.7 s
    predict                  [CPU]             1.5 s
    ooc                      [IO]              0.0 s

################## Sweep 9/10 (backward) summary ##################
  Energy       -2987.4858965137 Ha
  dE vs prev sweep  +4.885e-08 Ha
  Discarded weight  2.808e-04  (max over this sweep's decimations)
  Rank 0: Host RAM sweep-peak 9363 MB · VmHWM 15766 MB   VRAM op-pool peak 6382 MB · total peak 30362 MB
  Rank 1: Host RAM sweep-peak 9253 MB · VmHWM 15635 MB   VRAM op-pool peak 6305 MB · total peak 30272 MB
  Rank 2: Host RAM sweep-peak 9223 MB · VmHWM 15649 MB   VRAM op-pool peak 6331 MB · total peak 30302 MB
  Rank 3: Host RAM sweep-peak 8931 MB · VmHWM 15613 MB   VRAM op-pool peak 6229 MB · total peak 30184 MB
  Block stores (peak bond, per rank): distributed A/B share 1626 MB (~K²M²/np) · owner cre/des 77 · S 39 MB (~KM²/np) · replicated floor 9 MB [stubs 1 (~KM) · H 8 (~M²)]
  OOC scratch  139148 MB on disk  (sum over all ranks)
  Timings (wall 69.9 s)
    build                    [CPU]            12.2 s
      formPQ                 [GPU·CPU·IO]     3.9 s   (GPU 0.4 · IO 1.1 · CPU 2.4)
        exec-gemm            [GPU]             0.1 s   (29.42 TFLOPS total · 7.36/GPU)
        exec-kern            [GPU]             0.3 s
        transfer             [IO]              1.1 s
        exec-hostprep        [CPU]             1.6 s
        complete (MPI)       [IO]              0.4 s
        wdesc (Wsub+reds)    [CPU]             0.1 s
        (other)              [CPU]             0.3 s
      [kern] executor reductions (all phases): res-zero 0.0 · gather 1.2 · reduce 1.9 · accumulate 0.1 s
      sys                    [CPU]             0.2 s
      env                    [CPU]             0.2 s
      compPQ-form            [CPU]             0.2 s
        match                [CPU]             0.1 s
      assembly               [CPU]             0.1 s
      compS-form-gpu (MPI)   [GPU·CPU·IO]     7.4 s   (GPU 1.7 · IO 1.4 · CPU 4.3)
        recipe (host,replic) [CPU]             0.3 s
        form (gpu+D2H)       [GPU·IO]         5.0 s
        reduce (NCCL/host)   [IO]              0.6 s
        unpack (D2H)         [CPU·IO]         1.4 s
      (other)                [CPU]             0.2 s
    matvec                   [GPU·CPU·IO]    29.2 s   (GPU 22.3 · IO 0.0 · CPU 7.0)
      gemm                   [GPU]            18.0 s   (69.37 TFLOPS total · 17.34/GPU)
      kern                   [GPU]             4.2 s
      host                   [CPU]             7.0 s
        planEnum             [CPU]             1.6 s
        ctorAlloc(upload)    [CPU·IO]         1.2 s
        ctorGroup            [CPU]             0.6 s
        ctorForm             [GPU]             0.1 s
        (other)              [CPU]             3.6 s
    decimate                 [CPU]             5.7 s
      rho (dist)             [CPU]             0.5 s
      eigh (dist)            [CPU]             2.1 s
      share (MPI wait)       [CPU·IO]         2.8 s
      select+assemble        [CPU]             0.1 s
      (other)                [CPU]             0.2 s
    grow                     [GPU·CPU·IO]    10.4 s   (GPU 2.3 · IO 2.2 · CPU 6.0) · 59.78 TFLOPS total · 14.94/GPU
      gpu_proj (project)     [GPU·CPU·IO]     6.2 s
        recipe               [CPU]             0.2 s
        fap_exec             [GPU·IO]         5.0 s
        fap_merge            [CPU]             0.2 s
        fap_ctx              [CPU]             0.1 s
        fap_unpack           [CPU]             0.1 s
      reduceSH (MPI)         [CPU·IO]         0.6 s
        sync (hash+wait)     [CPU·IO]         0.3 s
        pack                 [CPU]             0.1 s
        xfer (NCCL/host)     [IO]              0.2 s
      (other)                [CPU]             3.6 s
    predict                  [CPU]             1.2 s
    ooc                      [IO]              0.0 s

################## Sweep 10/10 (forward) summary ##################
  Energy       -2987.4858965137 Ha
  dE vs prev sweep  +3.708e-07 Ha
  Discarded weight  2.803e-04  (max over this sweep's decimations)
  Rank 0: Host RAM sweep-peak 9289 MB · VmHWM 15766 MB   VRAM op-pool peak 6382 MB · total peak 30362 MB
  Rank 1: Host RAM sweep-peak 9184 MB · VmHWM 15635 MB   VRAM op-pool peak 6305 MB · total peak 30272 MB
  Rank 2: Host RAM sweep-peak 9257 MB · VmHWM 15649 MB   VRAM op-pool peak 6331 MB · total peak 30302 MB
  Rank 3: Host RAM sweep-peak 8995 MB · VmHWM 15613 MB   VRAM op-pool peak 6229 MB · total peak 30184 MB
  Block stores (peak bond, per rank): distributed A/B share 1634 MB (~K²M²/np) · owner cre/des 77 · S 39 MB (~KM²/np) · replicated floor 9 MB [stubs 1 (~KM) · H 8 (~M²)]
  OOC scratch  138814 MB on disk  (sum over all ranks)
  Timings (wall 70.3 s)
    build                    [CPU]            12.0 s
      formPQ                 [GPU·CPU·IO]     3.9 s   (GPU 0.4 · IO 1.1 · CPU 2.4)
        exec-gemm            [GPU]             0.1 s   (29.41 TFLOPS total · 7.35/GPU)
        exec-kern            [GPU]             0.3 s
        transfer             [IO]              1.1 s
        exec-hostprep        [CPU]             1.6 s
        complete (MPI)       [IO]              0.4 s
        wdesc (Wsub+reds)    [CPU]             0.1 s
        (other)              [CPU]             0.2 s
      [kern] executor reductions (all phases): res-zero 0.0 · gather 1.2 · reduce 1.9 · accumulate 0.1 s
      sys                    [CPU]             0.2 s
      env                    [CPU]             0.2 s
      compPQ-form            [CPU]             0.2 s
        match                [CPU]             0.1 s
      assembly               [CPU]             0.1 s
      compS-form-gpu (MPI)   [GPU·CPU·IO]     7.3 s   (GPU 1.7 · IO 1.4 · CPU 4.2)
        recipe (host,replic) [CPU]             0.3 s
        form (gpu+D2H)       [GPU·IO]         5.0 s
        reduce (NCCL/host)   [IO]              0.6 s
        unpack (D2H)         [CPU·IO]         1.3 s
      (other)                [CPU]             0.2 s
    matvec                   [GPU·CPU·IO]    29.3 s   (GPU 22.2 · IO 0.0 · CPU 7.1)
      gemm                   [GPU]            18.0 s   (69.12 TFLOPS total · 17.28/GPU)
      kern                   [GPU]             4.2 s
      host                   [CPU]             7.1 s
        planEnum             [CPU]             1.5 s
        ctorAlloc(upload)    [CPU·IO]         1.1 s
        ctorGroup            [CPU]             0.6 s
        ctorForm             [GPU]             0.1 s
        (other)              [CPU]             3.8 s
    decimate                 [CPU]             5.6 s
      rho (dist)             [CPU]             0.5 s
      eigh (dist)            [CPU]             2.0 s
      share (MPI wait)       [CPU·IO]         2.8 s
      select+assemble        [CPU]             0.1 s
      (other)                [CPU]             0.2 s
    grow                     [GPU·CPU·IO]    10.7 s   (GPU 2.3 · IO 2.2 · CPU 6.2) · 60.36 TFLOPS total · 15.09/GPU
      gpu_proj (project)     [GPU·CPU·IO]     6.3 s
        recipe               [CPU]             0.2 s
        fap_exec             [GPU·IO]         5.1 s
        fap_merge            [CPU]             0.2 s
        fap_ctx              [CPU]             0.1 s
        fap_unpack           [CPU]             0.1 s
      reduceSH (MPI)         [CPU·IO]         0.7 s
        sync (hash+wait)     [CPU·IO]         0.4 s
        pack                 [CPU]             0.1 s
        xfer (NCCL/host)     [IO]              0.2 s
      (other)                [CPU]             3.7 s
    predict                  [CPU]             1.5 s
    ooc                      [IO]              0.0 s
[qops] WARNING: energy NOT converged after 10 sweeps: |dE| = 3.708e-07 >= e_conv = 1.000e-09

################## Run total ##################
  10 sweep(s) + warmup: 719.6 s wall · final E -2987.4858965137 Ha · VmHWM 15766 MB
  ooc async residual wait (not hidden behind compute): save 0.1 · load 5.6 s (1% of runtime)
[rc] ladder BD=2000 done
[qops] MPI np=4 · GPU=on · device collectives: NCCL (NVLink/GPUDirect)
[qops] A/B host-offload: ON (stubs + pager spill)

################## Sweep 1/10 (backward) summary ##################
  Energy       -2987.4854311802 Ha
  Discarded weight  6.418e-04  (max over this sweep's decimations)
  Rank 0: Host RAM sweep-peak 7902 MB · VmHWM 15766 MB   VRAM op-pool peak 6382 MB · total peak 30362 MB
  Rank 1: Host RAM sweep-peak 7818 MB · VmHWM 15635 MB   VRAM op-pool peak 6305 MB · total peak 30272 MB
  Rank 2: Host RAM sweep-peak 8000 MB · VmHWM 15649 MB   VRAM op-pool peak 6331 MB · total peak 30302 MB
  Rank 3: Host RAM sweep-peak 7854 MB · VmHWM 15613 MB   VRAM op-pool peak 6229 MB · total peak 30184 MB
  Block stores (peak bond, per rank): distributed A/B share 1630 MB (~K²M²/np) · owner cre/des 65 · S 28 MB (~KM²/np) · replicated floor 7 MB [stubs 1 (~KM) · H 6 (~M²)]
  OOC scratch  112481 MB on disk  (sum over all ranks)
  Timings (wall 56.3 s)
    build                    [CPU]            11.1 s
      formPQ                 [GPU·CPU·IO]     3.7 s   (GPU 0.4 · IO 1.1 · CPU 2.2)
        exec-gemm            [GPU]             0.1 s   (26.41 TFLOPS total · 6.60/GPU)
        exec-kern            [GPU]             0.2 s
        transfer             [IO]              1.1 s
        exec-hostprep        [CPU]             1.6 s
        complete (MPI)       [IO]              0.3 s
        wdesc (Wsub+reds)    [CPU]             0.1 s
        (other)              [CPU]             0.3 s
      [kern] executor reductions (all phases): res-zero 0.0 · gather 0.7 · reduce 1.5 · accumulate 0.1 s
      sys                    [CPU]             0.2 s
      env                    [CPU]             0.1 s
      compPQ-form            [CPU]             0.2 s
        match                [CPU]             0.1 s
          pump (src dedup)   [CPU]             0.1 s
          emit (owned)       [CPU]             0.1 s
      assembly               [CPU]             0.1 s
      compS-form-gpu (MPI)   [GPU·CPU·IO]     6.7 s   (GPU 1.3 · IO 1.4 · CPU 3.9)
        recipe (host,replic) [CPU]             0.3 s
        form (gpu+D2H)       [GPU·IO]         4.6 s
        reduce (NCCL/host)   [IO]              0.4 s
        unpack (D2H)         [CPU·IO]         1.2 s
      (other)                [CPU]             0.2 s
    matvec                   [GPU·CPU·IO]    22.6 s   (GPU 16.4 · IO 0.0 · CPU 6.1)
      gemm                   [GPU]            13.2 s   (63.49 TFLOPS total · 15.87/GPU)
      kern                   [GPU]             3.3 s
      host                   [CPU]             6.1 s
        planEnum             [CPU]             1.5 s
        ctorAlloc(upload)    [CPU·IO]         1.0 s
        ctorGroup            [CPU]             0.6 s
        ctorForm             [GPU]             0.1 s
        (other)              [CPU]             3.0 s
    decimate                 [CPU]             3.9 s
      rho (dist)             [CPU]             0.3 s
      eigh (dist)            [CPU]             1.4 s
      share (MPI wait)       [CPU·IO]         2.1 s
      (other)                [CPU]             0.1 s
    grow                     [GPU·CPU·IO]     6.7 s   (GPU 1.4 · IO 1.1 · CPU 4.2) · 46.88 TFLOPS total · 11.72/GPU
      gpu_proj (project)     [GPU·CPU·IO]     4.2 s
        recipe               [CPU]             0.2 s
        fap_exec             [GPU·IO]         3.1 s
        fap_merge            [CPU]             0.1 s
        fap_ctx              [CPU]             0.1 s
      reduceSH (MPI)         [CPU·IO]         0.4 s
        sync (hash+wait)     [CPU·IO]         0.3 s
        pack                 [CPU]             0.1 s
        xfer (NCCL/host)     [IO]              0.1 s
      (other)                [CPU]             2.1 s
    predict                  [CPU]             0.9 s
    ooc                      [IO]              0.1 s
      load                   [IO]              0.1 s

################## Sweep 2/10 (forward) summary ##################
  Energy       -2987.4844387155 Ha
  dE vs prev sweep  +9.925e-04 Ha
  Discarded weight  3.919e-04  (max over this sweep's decimations)
  Rank 0: Host RAM sweep-peak 8278 MB · VmHWM 15766 MB   VRAM op-pool peak 6382 MB · total peak 30362 MB
  Rank 1: Host RAM sweep-peak 8080 MB · VmHWM 15635 MB   VRAM op-pool peak 6305 MB · total peak 30272 MB
  Rank 2: Host RAM sweep-peak 8025 MB · VmHWM 15649 MB   VRAM op-pool peak 6331 MB · total peak 30302 MB
  Rank 3: Host RAM sweep-peak 7905 MB · VmHWM 15613 MB   VRAM op-pool peak 6229 MB · total peak 30184 MB
  Block stores (peak bond, per rank): distributed A/B share 931 MB (~K²M²/np) · owner cre/des 45 · S 22 MB (~KM²/np) · replicated floor 5 MB [stubs 1 (~KM) · H 5 (~M²)]
  OOC scratch  81385 MB on disk  (sum over all ranks)
  Timings (wall 45.0 s)
    build                    [CPU]             8.5 s
      formPQ                 [GPU·CPU·IO]     2.7 s   (GPU 0.3 · IO 0.7 · CPU 1.8)
        exec-gemm            [GPU]             0.1 s   (22.77 TFLOPS total · 5.69/GPU)
        exec-kern            [GPU]             0.2 s
        transfer             [IO]              0.7 s
        exec-hostprep        [CPU]             1.1 s
        complete (MPI)       [IO]              0.3 s
        wdesc (Wsub+reds)    [CPU]             0.1 s
        (other)              [CPU]             0.3 s
      [kern] executor reductions (all phases): res-zero 0.0 · gather 0.7 · reduce 1.1 · accumulate 0.1 s
      sys                    [CPU]             0.1 s
      env                    [CPU]             0.1 s
      compPQ-form            [CPU]             0.1 s
        match                [CPU]             0.1 s
      assembly               [CPU]             0.1 s
      compS-form-gpu (MPI)   [GPU·CPU·IO]     5.1 s   (GPU 1.0 · IO 0.8 · CPU 3.3)
        recipe (host,replic) [CPU]             0.3 s
        form (gpu+D2H)       [GPU·IO]         3.0 s
        reduce (NCCL/host)   [IO]              0.5 s
        unpack (D2H)         [CPU·IO]         1.2 s
      (other)                [CPU]             0.2 s
    matvec                   [GPU·CPU·IO]    17.6 s   (GPU 12.3 · IO 0.0 · CPU 5.3)
      gemm                   [GPU]             9.8 s   (56.52 TFLOPS total · 14.13/GPU)
      kern                   [GPU]             2.5 s
      host                   [CPU]             5.3 s
        planEnum             [CPU]             1.4 s
        ctorAlloc(upload)    [CPU·IO]         0.7 s
        ctorGroup            [CPU]             0.6 s
        ctorForm             [GPU]             0.1 s
        (other)              [CPU]             2.4 s
    decimate                 [CPU]             3.8 s
      rho (dist)             [CPU]             0.3 s
      eigh (dist)            [CPU]             1.3 s
      share (MPI wait)       [CPU·IO]         2.0 s
      select+assemble        [CPU]             0.1 s
      (other)                [CPU]             0.1 s
    grow                     [GPU·CPU·IO]     6.6 s   (GPU 1.3 · IO 1.1 · CPU 4.2) · 47.23 TFLOPS total · 11.81/GPU
      gpu_proj (project)     [GPU·CPU·IO]     4.2 s
        recipe               [CPU]             0.2 s
        fap_exec             [GPU·IO]         3.1 s
        fap_merge            [CPU]             0.2 s
        fap_ctx              [CPU]             0.1 s
      reduceSH (MPI)         [CPU·IO]         0.4 s
        sync (hash+wait)     [CPU·IO]         0.2 s
        pack                 [CPU]             0.1 s
        xfer (NCCL/host)     [IO]              0.1 s
      (other)                [CPU]             2.1 s
    predict                  [CPU]             0.8 s
    ooc                      [IO]              0.0 s

################## Sweep 3/10 (backward) summary ##################
  Energy       -2987.4844909108 Ha
  dE vs prev sweep  -5.220e-05 Ha
  Discarded weight  3.655e-04  (max over this sweep's decimations)
  Rank 0: Host RAM sweep-peak 8072 MB · VmHWM 15766 MB   VRAM op-pool peak 6382 MB · total peak 30362 MB
  Rank 1: Host RAM sweep-peak 8016 MB · VmHWM 15635 MB   VRAM op-pool peak 6305 MB · total peak 30272 MB
  Rank 2: Host RAM sweep-peak 8052 MB · VmHWM 15649 MB   VRAM op-pool peak 6331 MB · total peak 30302 MB
  Rank 3: Host RAM sweep-peak 7973 MB · VmHWM 15613 MB   VRAM op-pool peak 6229 MB · total peak 30184 MB
  Block stores (peak bond, per rank): distributed A/B share 920 MB (~K²M²/np) · owner cre/des 45 · S 22 MB (~KM²/np) · replicated floor 5 MB [stubs 1 (~KM) · H 5 (~M²)]
  OOC scratch  81435 MB on disk  (sum over all ranks)
  Timings (wall 44.4 s)
    build                    [CPU]             8.3 s
      formPQ                 [GPU·CPU·IO]     2.6 s   (GPU 0.3 · IO 0.6 · CPU 1.6)
        exec-gemm            [GPU]             0.1 s   (22.68 TFLOPS total · 5.67/GPU)
        exec-kern            [GPU]             0.2 s
        transfer             [IO]              0.6 s
        exec-hostprep        [CPU]             1.0 s
        complete (MPI)       [IO]              0.2 s
        wdesc (Wsub+reds)    [CPU]             0.1 s
        (other)              [CPU]             0.3 s
      [kern] executor reductions (all phases): res-zero 0.0 · gather 0.7 · reduce 1.1 · accumulate 0.1 s
      sys                    [CPU]             0.1 s
      env                    [CPU]             0.1 s
      compPQ-form            [CPU]             0.2 s
        match                [CPU]             0.1 s
      assembly               [CPU]             0.1 s
      compS-form-gpu (MPI)   [GPU·CPU·IO]     5.1 s   (GPU 1.0 · IO 0.8 · CPU 3.3)
        recipe (host,replic) [CPU]             0.3 s
        form (gpu+D2H)       [GPU·IO]         3.0 s
        reduce (NCCL/host)   [IO]              0.5 s
        unpack (D2H)         [CPU·IO]         1.2 s
      (other)                [CPU]             0.2 s
    matvec                   [GPU·CPU·IO]    18.2 s   (GPU 12.9 · IO 0.0 · CPU 5.3)
      gemm                   [GPU]            10.3 s   (56.88 TFLOPS total · 14.22/GPU)
      kern                   [GPU]             2.6 s
      host                   [CPU]             5.3 s
        planEnum             [CPU]             1.4 s
        ctorAlloc(upload)    [CPU·IO]         0.8 s
        ctorGroup            [CPU]             0.6 s
        ctorForm             [GPU]             0.1 s
        (other)              [CPU]             2.4 s
    decimate                 [CPU]             3.8 s
      rho (dist)             [CPU]             0.3 s
      eigh (dist)            [CPU]             1.4 s
      share (MPI wait)       [CPU·IO]         1.9 s
      (other)                [CPU]             0.2 s
    grow                     [GPU·CPU·IO]     6.6 s   (GPU 1.4 · IO 1.1 · CPU 4.2) · 47.14 TFLOPS total · 11.79/GPU
      gpu_proj (project)     [GPU·CPU·IO]     4.2 s
        recipe               [CPU]             0.2 s
        fap_exec             [GPU·IO]         3.1 s
        fap_merge            [CPU]             0.2 s
        fap_ctx              [CPU]             0.1 s
      reduceSH (MPI)         [CPU·IO]         0.4 s
        sync (hash+wait)     [CPU·IO]         0.2 s
        pack                 [CPU]             0.1 s
        xfer (NCCL/host)     [IO]              0.1 s
      (other)                [CPU]             2.1 s
    predict                  [CPU]             0.6 s
    ooc                      [IO]              0.0 s

################## Sweep 4/10 (forward) summary ##################
  Energy       -2987.4844945396 Ha
  dE vs prev sweep  -3.629e-06 Ha
  Discarded weight  3.582e-04  (max over this sweep's decimations)
  Rank 0: Host RAM sweep-peak 8000 MB · VmHWM 15766 MB   VRAM op-pool peak 6382 MB · total peak 30362 MB
  Rank 1: Host RAM sweep-peak 7983 MB · VmHWM 15635 MB   VRAM op-pool peak 6305 MB · total peak 30272 MB
  Rank 2: Host RAM sweep-peak 7889 MB · VmHWM 15649 MB   VRAM op-pool peak 6331 MB · total peak 30302 MB
  Rank 3: Host RAM sweep-peak 7888 MB · VmHWM 15613 MB   VRAM op-pool peak 6229 MB · total peak 30184 MB
  Block stores (peak bond, per rank): distributed A/B share 939 MB (~K²M²/np) · owner cre/des 45 · S 22 MB (~KM²/np) · replicated floor 5 MB [stubs 1 (~KM) · H 5 (~M²)]
  OOC scratch  81311 MB on disk  (sum over all ranks)
  Timings (wall 44.5 s)
    build                    [CPU]             8.4 s
      formPQ                 [GPU·CPU·IO]     2.6 s   (GPU 0.3 · IO 0.7 · CPU 1.7)
        exec-gemm            [GPU]             0.1 s   (22.48 TFLOPS total · 5.62/GPU)
        exec-kern            [GPU]             0.2 s
        transfer             [IO]              0.7 s
        exec-hostprep        [CPU]             1.1 s
        complete (MPI)       [IO]              0.2 s
        wdesc (Wsub+reds)    [CPU]             0.1 s
        (other)              [CPU]             0.3 s
      [kern] executor reductions (all phases): res-zero 0.0 · gather 0.7 · reduce 1.1 · accumulate 0.1 s
      sys                    [CPU]             0.1 s
      env                    [CPU]             0.1 s
      compPQ-form            [CPU]             0.1 s
        match                [CPU]             0.1 s
      assembly               [CPU]             0.1 s
      compS-form-gpu (MPI)   [GPU·CPU·IO]     5.1 s   (GPU 1.0 · IO 0.9 · CPU 3.3)
        recipe (host,replic) [CPU]             0.3 s
        form (gpu+D2H)       [GPU·IO]         3.1 s
        reduce (NCCL/host)   [IO]              0.5 s
        unpack (D2H)         [CPU·IO]         1.2 s
      (other)                [CPU]             0.2 s
    matvec                   [GPU·CPU·IO]    17.8 s   (GPU 12.5 · IO 0.0 · CPU 5.3)
      gemm                   [GPU]            10.0 s   (56.24 TFLOPS total · 14.06/GPU)
      kern                   [GPU]             2.5 s
      host                   [CPU]             5.3 s
        planEnum             [CPU]             1.4 s
        ctorAlloc(upload)    [CPU·IO]         0.7 s
        ctorGroup            [CPU]             0.6 s
        ctorForm             [GPU]             0.1 s
        (other)              [CPU]             2.4 s
    decimate                 [CPU]             3.9 s
      rho (dist)             [CPU]             0.3 s
      eigh (dist)            [CPU]             1.3 s
      share (MPI wait)       [CPU·IO]         2.1 s
      (other)                [CPU]             0.2 s
    grow                     [GPU·CPU·IO]     6.6 s   (GPU 1.3 · IO 1.1 · CPU 4.2) · 47.25 TFLOPS total · 11.81/GPU
      gpu_proj (project)     [GPU·CPU·IO]     4.1 s
        recipe               [CPU]             0.2 s
        fap_exec             [GPU·IO]         3.0 s
        fap_merge            [CPU]             0.2 s
        fap_ctx              [CPU]             0.1 s
      reduceSH (MPI)         [CPU·IO]         0.4 s
        sync (hash+wait)     [CPU·IO]         0.2 s
        pack                 [CPU]             0.1 s
        xfer (NCCL/host)     [IO]              0.1 s
      (other)                [CPU]             2.1 s
    predict                  [CPU]             0.8 s
    ooc                      [IO]              0.0 s

################## Sweep 5/10 (backward) summary ##################
  Energy       -2987.4844948974 Ha
  dE vs prev sweep  -3.578e-07 Ha
  Discarded weight  3.556e-04  (max over this sweep's decimations)
  Rank 0: Host RAM sweep-peak 8081 MB · VmHWM 15766 MB   VRAM op-pool peak 6382 MB · total peak 30362 MB
  Rank 1: Host RAM sweep-peak 7909 MB · VmHWM 15635 MB   VRAM op-pool peak 6305 MB · total peak 30272 MB
  Rank 2: Host RAM sweep-peak 7957 MB · VmHWM 15649 MB   VRAM op-pool peak 6331 MB · total peak 30302 MB
  Rank 3: Host RAM sweep-peak 7796 MB · VmHWM 15613 MB   VRAM op-pool peak 6229 MB · total peak 30184 MB
  Block stores (peak bond, per rank): distributed A/B share 910 MB (~K²M²/np) · owner cre/des 45 · S 22 MB (~KM²/np) · replicated floor 6 MB [stubs 1 (~KM) · H 5 (~M²)]
  OOC scratch  81044 MB on disk  (sum over all ranks)
  Timings (wall 44.5 s)
    build                    [CPU]             8.2 s
      formPQ                 [GPU·CPU·IO]     2.5 s   (GPU 0.3 · IO 0.6 · CPU 1.6)
        exec-gemm            [GPU]             0.1 s   (22.18 TFLOPS total · 5.55/GPU)
        exec-kern            [GPU]             0.2 s
        transfer             [IO]              0.6 s
        exec-hostprep        [CPU]             1.0 s
        complete (MPI)       [IO]              0.2 s
        wdesc (Wsub+reds)    [CPU]             0.1 s
        (other)              [CPU]             0.3 s
      [kern] executor reductions (all phases): res-zero 0.0 · gather 0.7 · reduce 1.1 · accumulate 0.1 s
      sys                    [CPU]             0.2 s
      env                    [CPU]             0.1 s
      compPQ-form            [CPU]             0.1 s
        match                [CPU]             0.1 s
      assembly               [CPU]             0.1 s
      compS-form-gpu (MPI)   [GPU·CPU·IO]     5.0 s   (GPU 1.0 · IO 0.8 · CPU 3.2)
        recipe (host,replic) [CPU]             0.3 s
        form (gpu+D2H)       [GPU·IO]         3.0 s
        reduce (NCCL/host)   [IO]              0.4 s
        unpack (D2H)         [CPU·IO]         1.2 s
      (other)                [CPU]             0.2 s
    matvec                   [GPU·CPU·IO]    18.1 s   (GPU 12.7 · IO 0.0 · CPU 5.3)
      gemm                   [GPU]            10.2 s   (56.73 TFLOPS total · 14.18/GPU)
      kern                   [GPU]             2.6 s
      host                   [CPU]             5.3 s
        planEnum             [CPU]             1.5 s
        ctorAlloc(upload)    [CPU·IO]         0.8 s
        ctorGroup            [CPU]             0.6 s
        ctorForm             [GPU]             0.1 s
        (other)              [CPU]             2.4 s
    decimate                 [CPU]             3.6 s
      rho (dist)             [CPU]             0.3 s
      eigh (dist)            [CPU]             1.4 s
      share (MPI wait)       [CPU·IO]         1.7 s
      (other)                [CPU]             0.2 s
    grow                     [GPU·CPU·IO]     6.7 s   (GPU 1.4 · IO 1.1 · CPU 4.3) · 47.01 TFLOPS total · 11.75/GPU
      gpu_proj (project)     [GPU·CPU·IO]     4.2 s
        recipe               [CPU]             0.2 s
        fap_exec             [GPU·IO]         3.1 s
        fap_merge            [CPU]             0.2 s
        fap_ctx              [CPU]             0.1 s
      reduceSH (MPI)         [CPU·IO]         0.4 s
        sync (hash+wait)     [CPU·IO]         0.3 s
        pack                 [CPU]             0.1 s
        xfer (NCCL/host)     [IO]              0.1 s
      (other)                [CPU]             2.1 s
    predict                  [CPU]             0.9 s
    ooc                      [IO]              0.0 s

################## Sweep 6/10 (forward) summary ##################
  Energy       -2987.4844957193 Ha
  dE vs prev sweep  -8.218e-07 Ha
  Discarded weight  3.543e-04  (max over this sweep's decimations)
  Rank 0: Host RAM sweep-peak 8157 MB · VmHWM 15766 MB   VRAM op-pool peak 6382 MB · total peak 30362 MB
  Rank 1: Host RAM sweep-peak 7898 MB · VmHWM 15635 MB   VRAM op-pool peak 6305 MB · total peak 30272 MB
  Rank 2: Host RAM sweep-peak 7994 MB · VmHWM 15649 MB   VRAM op-pool peak 6331 MB · total peak 30302 MB
  Rank 3: Host RAM sweep-peak 7915 MB · VmHWM 15613 MB   VRAM op-pool peak 6229 MB · total peak 30184 MB
  Block stores (peak bond, per rank): distributed A/B share 933 MB (~K²M²/np) · owner cre/des 45 · S 22 MB (~KM²/np) · replicated floor 6 MB [stubs 1 (~KM) · H 5 (~M²)]
  OOC scratch  81333 MB on disk  (sum over all ranks)
  Timings (wall 44.3 s)
    build                    [CPU]             8.3 s
      formPQ                 [GPU·CPU·IO]     2.6 s   (GPU 0.3 · IO 0.7 · CPU 1.6)
        exec-gemm            [GPU]             0.1 s   (22.58 TFLOPS total · 5.65/GPU)
        exec-kern            [GPU]             0.2 s
        transfer             [IO]              0.7 s
        exec-hostprep        [CPU]             1.1 s
        complete (MPI)       [IO]              0.2 s
        wdesc (Wsub+reds)    [CPU]             0.1 s
        (other)              [CPU]             0.3 s
      [kern] executor reductions (all phases): res-zero 0.0 · gather 0.7 · reduce 1.1 · accumulate 0.1 s
      sys                    [CPU]             0.1 s
      env                    [CPU]             0.1 s
      compPQ-form            [CPU]             0.1 s
        match                [CPU]             0.1 s
      assembly               [CPU]             0.1 s
      compS-form-gpu (MPI)   [GPU·CPU·IO]     5.1 s   (GPU 1.0 · IO 0.8 · CPU 3.3)
        recipe (host,replic) [CPU]             0.3 s
        form (gpu+D2H)       [GPU·IO]         3.0 s
        reduce (NCCL/host)   [IO]              0.5 s
        unpack (D2H)         [CPU·IO]         1.2 s
      (other)                [CPU]             0.2 s
    matvec                   [GPU·CPU·IO]    17.7 s   (GPU 12.4 · IO 0.0 · CPU 5.3)
      gemm                   [GPU]             9.9 s   (56.24 TFLOPS total · 14.06/GPU)
      kern                   [GPU]             2.5 s
      host                   [CPU]             5.3 s
        planEnum             [CPU]             1.4 s
        ctorAlloc(upload)    [CPU·IO]         0.7 s
        ctorGroup            [CPU]             0.6 s
        ctorForm             [GPU]             0.1 s
        (other)              [CPU]             2.4 s
    decimate                 [CPU]             3.8 s
      rho (dist)             [CPU]             0.3 s
      eigh (dist)            [CPU]             1.3 s
      share (MPI wait)       [CPU·IO]         1.9 s
      (other)                [CPU]             0.2 s
    grow                     [GPU·CPU·IO]     6.6 s   (GPU 1.3 · IO 1.1 · CPU 4.2) · 46.78 TFLOPS total · 11.69/GPU
      gpu_proj (project)     [GPU·CPU·IO]     4.1 s
        recipe               [CPU]             0.2 s
        fap_exec             [GPU·IO]         3.1 s
        fap_merge            [CPU]             0.2 s
        fap_ctx              [CPU]             0.1 s
      reduceSH (MPI)         [CPU·IO]         0.5 s
        sync (hash+wait)     [CPU·IO]         0.3 s
        pack                 [CPU]             0.1 s
        xfer (NCCL/host)     [IO]              0.1 s
      (other)                [CPU]             2.0 s
    predict                  [CPU]             0.8 s
    ooc                      [IO]              0.0 s

################## Sweep 7/10 (backward) summary ##################
  Energy       -2987.4844961309 Ha
  dE vs prev sweep  -4.116e-07 Ha
  Discarded weight  3.535e-04  (max over this sweep's decimations)
  Rank 0: Host RAM sweep-peak 7880 MB · VmHWM 15766 MB   VRAM op-pool peak 6382 MB · total peak 30362 MB
  Rank 1: Host RAM sweep-peak 8086 MB · VmHWM 15635 MB   VRAM op-pool peak 6305 MB · total peak 30272 MB
  Rank 2: Host RAM sweep-peak 7935 MB · VmHWM 15649 MB   VRAM op-pool peak 6331 MB · total peak 30302 MB
  Rank 3: Host RAM sweep-peak 7997 MB · VmHWM 15613 MB   VRAM op-pool peak 6229 MB · total peak 30184 MB
  Block stores (peak bond, per rank): distributed A/B share 908 MB (~K²M²/np) · owner cre/des 45 · S 22 MB (~KM²/np) · replicated floor 6 MB [stubs 1 (~KM) · H 5 (~M²)]
  OOC scratch  80940 MB on disk  (sum over all ranks)
  Timings (wall 44.2 s)
    build                    [CPU]             8.2 s
      formPQ                 [GPU·CPU·IO]     2.5 s   (GPU 0.3 · IO 0.6 · CPU 1.6)
        exec-gemm            [GPU]             0.1 s   (22.52 TFLOPS total · 5.63/GPU)
        exec-kern            [GPU]             0.2 s
        transfer             [IO]              0.6 s
        exec-hostprep        [CPU]             1.0 s
        complete (MPI)       [IO]              0.2 s
        wdesc (Wsub+reds)    [CPU]             0.1 s
        (other)              [CPU]             0.3 s
      [kern] executor reductions (all phases): res-zero 0.0 · gather 0.7 · reduce 1.1 · accumulate 0.1 s
      sys                    [CPU]             0.1 s
      env                    [CPU]             0.1 s
      compPQ-form            [CPU]             0.1 s
        match                [CPU]             0.1 s
      assembly               [CPU]             0.1 s
      compS-form-gpu (MPI)   [GPU·CPU·IO]     5.0 s   (GPU 1.0 · IO 0.8 · CPU 3.2)
        recipe (host,replic) [CPU]             0.3 s
        form (gpu+D2H)       [GPU·IO]         3.0 s
        reduce (NCCL/host)   [IO]              0.4 s
        unpack (D2H)         [CPU·IO]         1.2 s
      (other)                [CPU]             0.2 s
    matvec                   [GPU·CPU·IO]    18.0 s   (GPU 12.7 · IO 0.0 · CPU 5.3)
      gemm                   [GPU]            10.1 s   (56.63 TFLOPS total · 14.16/GPU)
      kern                   [GPU]             2.6 s
      host                   [CPU]             5.3 s
        planEnum             [CPU]             1.4 s
        ctorAlloc(upload)    [CPU·IO]         0.8 s
        ctorGroup            [CPU]             0.6 s
        ctorForm             [GPU]             0.1 s
        (other)              [CPU]             2.4 s
    decimate                 [CPU]             3.6 s
      rho (dist)             [CPU]             0.3 s
      eigh (dist)            [CPU]             1.4 s
      share (MPI wait)       [CPU·IO]         1.8 s
      (other)                [CPU]             0.2 s
    grow                     [GPU·CPU·IO]     6.7 s   (GPU 1.3 · IO 1.1 · CPU 4.3) · 47.21 TFLOPS total · 11.80/GPU
      gpu_proj (project)     [GPU·CPU·IO]     4.2 s
        recipe               [CPU]             0.2 s
        fap_exec             [GPU·IO]         3.1 s
        fap_merge            [CPU]             0.2 s
        fap_ctx              [CPU]             0.1 s
      reduceSH (MPI)         [CPU·IO]         0.4 s
        sync (hash+wait)     [CPU·IO]         0.2 s
        pack                 [CPU]             0.1 s
        xfer (NCCL/host)     [IO]              0.1 s
      (other)                [CPU]             2.1 s
    predict                  [CPU]             0.6 s
    ooc                      [IO]              0.0 s

################## Sweep 8/10 (forward) summary ##################
  Energy       -2987.4844963316 Ha
  dE vs prev sweep  -2.007e-07 Ha
  Discarded weight  3.527e-04  (max over this sweep's decimations)
  Rank 0: Host RAM sweep-peak 8021 MB · VmHWM 15766 MB   VRAM op-pool peak 6382 MB · total peak 30362 MB
  Rank 1: Host RAM sweep-peak 8091 MB · VmHWM 15635 MB   VRAM op-pool peak 6305 MB · total peak 30272 MB
  Rank 2: Host RAM sweep-peak 8044 MB · VmHWM 15649 MB   VRAM op-pool peak 6331 MB · total peak 30302 MB
  Rank 3: Host RAM sweep-peak 7976 MB · VmHWM 15613 MB   VRAM op-pool peak 6229 MB · total peak 30184 MB
  Block stores (peak bond, per rank): distributed A/B share 934 MB (~K²M²/np) · owner cre/des 45 · S 22 MB (~KM²/np) · replicated floor 6 MB [stubs 1 (~KM) · H 5 (~M²)]
  OOC scratch  81479 MB on disk  (sum over all ranks)
  Timings (wall 45.2 s)
    build                    [CPU]             8.6 s
      formPQ                 [GPU·CPU·IO]     2.7 s   (GPU 0.3 · IO 0.7 · CPU 1.8)
        exec-gemm            [GPU]             0.1 s   (22.58 TFLOPS total · 5.65/GPU)
        exec-kern            [GPU]             0.2 s
        transfer             [IO]              0.7 s
        exec-hostprep        [CPU]             1.2 s
        complete (MPI)       [IO]              0.2 s
        wdesc (Wsub+reds)    [CPU]             0.1 s
        (other)              [CPU]             0.3 s
      [kern] executor reductions (all phases): res-zero 0.0 · gather 0.7 · reduce 1.1 · accumulate 0.1 s
      sys                    [CPU]             0.1 s
      env                    [CPU]             0.2 s
      compPQ-form            [CPU]             0.1 s
        match                [CPU]             0.1 s
      assembly               [CPU]             0.1 s
      compS-form-gpu (MPI)   [GPU·CPU·IO]     5.1 s   (GPU 1.0 · IO 0.8 · CPU 3.3)
        recipe (host,replic) [CPU]             0.3 s
        form (gpu+D2H)       [GPU·IO]         3.1 s
        reduce (NCCL/host)   [IO]              0.5 s
        unpack (D2H)         [CPU·IO]         1.1 s
      (other)                [CPU]             0.2 s
    matvec                   [GPU·CPU·IO]    17.7 s   (GPU 12.3 · IO 0.0 · CPU 5.4)
      gemm                   [GPU]             9.8 s   (56.15 TFLOPS total · 14.04/GPU)
      kern                   [GPU]             2.5 s
      host                   [CPU]             5.4 s
        planEnum             [CPU]             1.4 s
        ctorAlloc(upload)    [CPU·IO]         0.7 s
        ctorGroup            [CPU]             0.6 s
        ctorForm             [GPU]             0.1 s
        (other)              [CPU]             2.5 s
    decimate                 [CPU]             3.9 s
      rho (dist)             [CPU]             0.3 s
      eigh (dist)            [CPU]             1.3 s
      share (MPI wait)       [CPU·IO]         2.1 s
      (other)                [CPU]             0.1 s
    grow                     [GPU·CPU·IO]     6.6 s   (GPU 1.3 · IO 1.1 · CPU 4.2) · 46.41 TFLOPS total · 11.60/GPU
      gpu_proj (project)     [GPU·CPU·IO]     4.1 s
        recipe               [CPU]             0.2 s
        fap_exec             [GPU·IO]         3.0 s
        fap_merge            [CPU]             0.2 s
        fap_ctx              [CPU]             0.1 s
      reduceSH (MPI)         [CPU·IO]         0.5 s
        sync (hash+wait)     [CPU·IO]         0.3 s
        pack                 [CPU]             0.1 s
        xfer (NCCL/host)     [IO]              0.1 s
      (other)                [CPU]             2.1 s
    predict                  [CPU]             0.8 s
    ooc                      [IO]              0.0 s

################## Sweep 9/10 (backward) summary ##################
  Energy       -2987.4844986716 Ha
  dE vs prev sweep  -2.340e-06 Ha
  Discarded weight  3.526e-04  (max over this sweep's decimations)
  Rank 0: Host RAM sweep-peak 8145 MB · VmHWM 15766 MB   VRAM op-pool peak 6382 MB · total peak 30362 MB
  Rank 1: Host RAM sweep-peak 8070 MB · VmHWM 15635 MB   VRAM op-pool peak 6305 MB · total peak 30272 MB
  Rank 2: Host RAM sweep-peak 8123 MB · VmHWM 15649 MB   VRAM op-pool peak 6331 MB · total peak 30302 MB
  Rank 3: Host RAM sweep-peak 7982 MB · VmHWM 15613 MB   VRAM op-pool peak 6229 MB · total peak 30184 MB
  Block stores (peak bond, per rank): distributed A/B share 907 MB (~K²M²/np) · owner cre/des 45 · S 22 MB (~KM²/np) · replicated floor 5 MB [stubs 1 (~KM) · H 5 (~M²)]
  OOC scratch  81150 MB on disk  (sum over all ranks)
  Timings (wall 45.0 s)
    build                    [CPU]             8.4 s
      formPQ                 [GPU·CPU·IO]     2.6 s   (GPU 0.3 · IO 0.6 · CPU 1.7)
        exec-gemm            [GPU]             0.1 s   (21.83 TFLOPS total · 5.46/GPU)
        exec-kern            [GPU]             0.2 s
        transfer             [IO]              0.6 s
        exec-hostprep        [CPU]             1.1 s
        complete (MPI)       [IO]              0.2 s
        wdesc (Wsub+reds)    [CPU]             0.1 s
        (other)              [CPU]             0.3 s
      [kern] executor reductions (all phases): res-zero 0.0 · gather 0.7 · reduce 1.1 · accumulate 0.1 s
      sys                    [CPU]             0.2 s
      env                    [CPU]             0.1 s
      compPQ-form            [CPU]             0.2 s
        match                [CPU]             0.1 s
      assembly               [CPU]             0.1 s
      compS-form-gpu (MPI)   [GPU·CPU·IO]     5.1 s   (GPU 1.0 · IO 0.8 · CPU 3.3)
        recipe (host,replic) [CPU]             0.3 s
        form (gpu+D2H)       [GPU·IO]         3.1 s
        reduce (NCCL/host)   [IO]              0.4 s
        unpack (D2H)         [CPU·IO]         1.2 s
      (other)                [CPU]             0.2 s
    matvec                   [GPU·CPU·IO]    17.9 s   (GPU 12.6 · IO 0.0 · CPU 5.4)
      gemm                   [GPU]            10.0 s   (56.69 TFLOPS total · 14.17/GPU)
      kern                   [GPU]             2.5 s
      host                   [CPU]             5.4 s
        planEnum             [CPU]             1.4 s
        ctorAlloc(upload)    [CPU·IO]         0.8 s
        ctorGroup            [CPU]             0.6 s
        ctorForm             [GPU]             0.1 s
        (other)              [CPU]             2.4 s
    decimate                 [CPU]             3.7 s
      rho (dist)             [CPU]             0.3 s
      eigh (dist)            [CPU]             1.3 s
      share (MPI wait)       [CPU·IO]         1.9 s
      (other)                [CPU]             0.2 s
    grow                     [GPU·CPU·IO]     6.7 s   (GPU 1.4 · IO 1.1 · CPU 4.3) · 47.14 TFLOPS total · 11.79/GPU
      gpu_proj (project)     [GPU·CPU·IO]     4.2 s
        recipe               [CPU]             0.2 s
        fap_exec             [GPU·IO]         3.1 s
        fap_merge            [CPU]             0.2 s
        fap_ctx              [CPU]             0.1 s
      reduceSH (MPI)         [CPU·IO]         0.4 s
        sync (hash+wait)     [CPU·IO]         0.2 s
        pack                 [CPU]             0.1 s
        xfer (NCCL/host)     [IO]              0.1 s
      (other)                [CPU]             2.1 s
    predict                  [CPU]             0.6 s
    ooc                      [IO]              0.7 s
      load                   [IO]              0.7 s

################## Sweep 10/10 (forward) summary ##################
  Energy       -2987.4844986716 Ha
  dE vs prev sweep  +2.766e-07 Ha
  Discarded weight  3.523e-04  (max over this sweep's decimations)
  Rank 0: Host RAM sweep-peak 8111 MB · VmHWM 15766 MB   VRAM op-pool peak 6382 MB · total peak 30362 MB
  Rank 1: Host RAM sweep-peak 8056 MB · VmHWM 15635 MB   VRAM op-pool peak 6305 MB · total peak 30272 MB
  Rank 2: Host RAM sweep-peak 8094 MB · VmHWM 15649 MB   VRAM op-pool peak 6331 MB · total peak 30302 MB
  Rank 3: Host RAM sweep-peak 7980 MB · VmHWM 15613 MB   VRAM op-pool peak 6229 MB · total peak 30184 MB
  Block stores (peak bond, per rank): distributed A/B share 933 MB (~K²M²/np) · owner cre/des 45 · S 22 MB (~KM²/np) · replicated floor 5 MB [stubs 1 (~KM) · H 5 (~M²)]
  OOC scratch  81251 MB on disk  (sum over all ranks)
  Timings (wall 44.4 s)
    build                    [CPU]             8.4 s
      formPQ                 [GPU·CPU·IO]     2.6 s   (GPU 0.3 · IO 0.7 · CPU 1.7)
        exec-gemm            [GPU]             0.1 s   (22.44 TFLOPS total · 5.61/GPU)
        exec-kern            [GPU]             0.2 s
        transfer             [IO]              0.7 s
        exec-hostprep        [CPU]             1.1 s
        complete (MPI)       [IO]              0.2 s
        wdesc (Wsub+reds)    [CPU]             0.1 s
        (other)              [CPU]             0.3 s
      [kern] executor reductions (all phases): res-zero 0.0 · gather 0.7 · reduce 1.1 · accumulate 0.1 s
      sys                    [CPU]             0.1 s
      env                    [CPU]             0.1 s
      compPQ-form            [CPU]             0.1 s
        match                [CPU]             0.1 s
      assembly               [CPU]             0.1 s
      compS-form-gpu (MPI)   [GPU·CPU·IO]     5.1 s   (GPU 1.0 · IO 0.8 · CPU 3.3)
        recipe (host,replic) [CPU]             0.3 s
        form (gpu+D2H)       [GPU·IO]         3.0 s
        reduce (NCCL/host)   [IO]              0.5 s
        unpack (D2H)         [CPU·IO]         1.1 s
      (other)                [CPU]             0.2 s
    matvec                   [GPU·CPU·IO]    17.5 s   (GPU 12.2 · IO 0.0 · CPU 5.3)
      gemm                   [GPU]             9.8 s   (56.38 TFLOPS total · 14.10/GPU)
      kern                   [GPU]             2.5 s
      host                   [CPU]             5.3 s
        planEnum             [CPU]             1.4 s
        ctorAlloc(upload)    [CPU·IO]         0.7 s
        ctorGroup            [CPU]             0.6 s
        ctorForm             [GPU]             0.1 s
        (other)              [CPU]             2.4 s
    decimate                 [CPU]             3.8 s
      rho (dist)             [CPU]             0.3 s
      eigh (dist)            [CPU]             1.3 s
      share (MPI wait)       [CPU·IO]         1.9 s
      (other)                [CPU]             0.2 s
    grow                     [GPU·CPU·IO]     6.6 s   (GPU 1.3 · IO 1.1 · CPU 4.2) · 46.49 TFLOPS total · 11.62/GPU
      gpu_proj (project)     [GPU·CPU·IO]     4.1 s
        recipe               [CPU]             0.2 s
        fap_exec             [GPU·IO]         3.0 s
        fap_merge            [CPU]             0.2 s
        fap_ctx              [CPU]             0.1 s
      reduceSH (MPI)         [CPU·IO]         0.5 s
        sync (hash+wait)     [CPU·IO]         0.3 s
        pack                 [CPU]             0.1 s
        xfer (NCCL/host)     [IO]              0.1 s
      (other)                [CPU]             2.1 s
    predict                  [CPU]             0.8 s
    ooc                      [IO]              0.0 s
[qops] WARNING: energy NOT converged after 10 sweeps: |dE| = 2.766e-07 >= e_conv = 1.000e-09

################## Run total ##################
  10 sweep(s) + warmup: 458.0 s wall · final E -2987.4844986716 Ha · VmHWM 15766 MB
  ooc async residual wait (not hidden behind compute): save 0.1 · load 6.6 s (1% of runtime)
[rc] ladder BD=1500 done
[qops] MPI np=4 · GPU=on · device collectives: NCCL (NVLink/GPUDirect)
[qops] A/B host-offload: ON (stubs + pager spill)

################## Sweep 1/10 (backward) summary ##################
  Energy       -2987.4839492922 Ha
  Discarded weight  9.257e-04  (max over this sweep's decimations)
  Rank 0: Host RAM sweep-peak 6731 MB · VmHWM 15766 MB   VRAM op-pool peak 6382 MB · total peak 30362 MB
  Rank 1: Host RAM sweep-peak 6710 MB · VmHWM 15635 MB   VRAM op-pool peak 6305 MB · total peak 30272 MB
  Rank 2: Host RAM sweep-peak 6654 MB · VmHWM 15649 MB   VRAM op-pool peak 6331 MB · total peak 30302 MB
  Rank 3: Host RAM sweep-peak 6682 MB · VmHWM 15613 MB   VRAM op-pool peak 6229 MB · total peak 30184 MB
  Block stores (peak bond, per rank): distributed A/B share 909 MB (~K²M²/np) · owner cre/des 36 · S 15 MB (~KM²/np) · replicated floor 4 MB [stubs 1 (~KM) · H 4 (~M²)]
  OOC scratch  60031 MB on disk  (sum over all ranks)
  Timings (wall 33.0 s)
    build                    [CPU]             7.5 s
      formPQ                 [GPU·CPU·IO]     2.4 s   (GPU 0.2 · IO 0.6 · CPU 1.5)
        exec-gemm            [GPU]             0.1 s   (19.43 TFLOPS total · 4.86/GPU)
        exec-kern            [GPU]             0.1 s
        transfer             [IO]              0.6 s
        exec-hostprep        [CPU]             1.0 s
        complete (MPI)       [IO]              0.1 s
        wdesc (Wsub+reds)    [CPU]             0.1 s
        (other)              [CPU]             0.2 s
      [kern] executor reductions (all phases): res-zero 0.0 · gather 0.3 · reduce 0.8 · accumulate 0.0 s
      sys                    [CPU]             0.2 s
      env                    [CPU]             0.1 s
      compPQ-form            [CPU]             0.1 s
        match                [CPU]             0.1 s
      assembly               [CPU]             0.1 s
      compS-form-gpu (MPI)   [GPU·CPU·IO]     4.5 s   (GPU 0.7 · IO 0.8 · CPU 3.1)
        recipe (host,replic) [CPU]             0.4 s
        form (gpu+D2H)       [GPU·IO]         2.7 s
        reduce (NCCL/host)   [IO]              0.4 s
        unpack (D2H)         [CPU·IO]         1.1 s
      (other)                [CPU]             0.2 s
    matvec                   [GPU·CPU·IO]    12.1 s   (GPU 7.9 · IO 0.0 · CPU 4.2)
      gemm                   [GPU]             6.3 s   (49.14 TFLOPS total · 12.29/GPU)
      kern                   [GPU]             1.6 s
      host                   [CPU]             4.2 s
        planEnum             [CPU]             1.2 s
        ctorAlloc(upload)    [CPU·IO]         0.6 s
        ctorGroup            [CPU]             0.6 s
        ctorForm             [GPU]             0.1 s
        (other)              [CPU]             1.8 s
    decimate                 [CPU]             2.0 s
      rho (dist)             [CPU]             0.2 s
      eigh (dist)            [CPU]             0.9 s
      share (MPI wait)       [CPU·IO]         0.9 s
      (other)                [CPU]             0.1 s
    grow                     [GPU·CPU·IO]     3.8 s   (GPU 0.6 · IO 0.5 · CPU 2.8) · 34.56 TFLOPS total · 8.64/GPU
      gpu_proj (project)     [GPU·CPU·IO]     2.7 s
        recipe               [CPU]             0.2 s
        fap_exec             [GPU·IO]         1.7 s
        fap_merge            [CPU]             0.1 s
        fap_ctx              [CPU]             0.1 s
      reduceSH (MPI)         [CPU·IO]         0.2 s
        sync (hash+wait)     [CPU·IO]         0.1 s
        xfer (NCCL/host)     [IO]              0.1 s
      (other)                [CPU]             0.9 s
    predict                  [CPU]             0.4 s
    ooc                      [IO]              0.0 s

################## Sweep 2/10 (forward) summary ##################
  Energy       -2987.4816038589 Ha
  dE vs prev sweep  +2.345e-03 Ha
  Discarded weight  4.567e-04  (max over this sweep's decimations)
  Rank 0: Host RAM sweep-peak 6745 MB · VmHWM 15766 MB   VRAM op-pool peak 6382 MB · total peak 30362 MB
  Rank 1: Host RAM sweep-peak 6661 MB · VmHWM 15635 MB   VRAM op-pool peak 6305 MB · total peak 30272 MB
  Rank 2: Host RAM sweep-peak 6668 MB · VmHWM 15649 MB   VRAM op-pool peak 6331 MB · total peak 30302 MB
  Rank 3: Host RAM sweep-peak 6643 MB · VmHWM 15613 MB   VRAM op-pool peak 6229 MB · total peak 30184 MB
  Block stores (peak bond, per rank): distributed A/B share 428 MB (~K²M²/np) · owner cre/des 21 · S 10 MB (~KM²/np) · replicated floor 3 MB [stubs 0 (~KM) · H 2 (~M²)]
  OOC scratch  37533 MB on disk  (sum over all ranks)
  Timings (wall 23.8 s)
    build                    [CPU]             5.1 s
      formPQ                 [GPU·CPU·IO]     1.5 s   (GPU 0.2 · IO 0.3 · CPU 1.0)
        exec-gemm            [GPU]             0.1 s   (15.42 TFLOPS total · 3.85/GPU)
        exec-kern            [GPU]             0.1 s
        transfer             [IO]              0.3 s
        exec-hostprep        [CPU]             0.6 s
        complete (MPI)       [IO]              0.1 s
        wdesc (Wsub+reds)    [CPU]             0.1 s
        (other)              [CPU]             0.2 s
      [kern] executor reductions (all phases): res-zero 0.0 · gather 0.3 · reduce 0.5 · accumulate 0.0 s
      sys                    [CPU]             0.1 s
      env                    [CPU]             0.1 s
      compPQ-form            [CPU]             0.1 s
        match                [CPU]             0.1 s
      assembly               [CPU]             0.1 s
      compS-form-gpu (MPI)   [GPU·CPU·IO]     3.1 s   (GPU 0.4 · IO 0.4 · CPU 2.3)
        recipe (host,replic) [CPU]             0.4 s
        form (gpu+D2H)       [GPU·IO]         1.4 s
        reduce (NCCL/host)   [IO]              0.2 s
        unpack (D2H)         [CPU·IO]         1.0 s
      (other)                [CPU]             0.2 s
    matvec                   [GPU·CPU·IO]     9.1 s   (GPU 5.7 · IO 0.0 · CPU 3.4)
      gemm                   [GPU]             4.4 s   (41.32 TFLOPS total · 10.33/GPU)
      kern                   [GPU]             1.3 s
      host                   [CPU]             3.4 s
        planEnum             [CPU]             1.0 s
        ctorAlloc(upload)    [CPU·IO]         0.4 s
        ctorGroup            [CPU]             0.5 s
        (other)              [CPU]             1.3 s
    decimate                 [CPU]             2.0 s
      rho (dist)             [CPU]             0.1 s
      eigh (dist)            [CPU]             0.8 s
      share (MPI wait)       [CPU·IO]         0.9 s
      (other)                [CPU]             0.1 s
    grow                     [GPU·CPU·IO]     3.8 s   (GPU 0.6 · IO 0.5 · CPU 2.8) · 37.67 TFLOPS total · 9.42/GPU
      gpu_proj (project)     [GPU·CPU·IO]     2.7 s
        recipe               [CPU]             0.2 s
        fap_exec             [GPU·IO]         1.8 s
        fap_merge            [CPU]             0.1 s
        fap_ctx              [CPU]             0.1 s
      reduceSH (MPI)         [CPU·IO]         0.2 s
        xfer (NCCL/host)     [IO]              0.1 s
      (other)                [CPU]             1.0 s
    predict                  [CPU]             0.3 s
    ooc                      [IO]              0.0 s

################## Sweep 3/10 (backward) summary ##################
  Energy       -2987.4818152924 Ha
  dE vs prev sweep  -2.114e-04 Ha
  Discarded weight  4.192e-04  (max over this sweep's decimations)
  Rank 0: Host RAM sweep-peak 6764 MB · VmHWM 15766 MB   VRAM op-pool peak 6382 MB · total peak 30362 MB
  Rank 1: Host RAM sweep-peak 6670 MB · VmHWM 15635 MB   VRAM op-pool peak 6305 MB · total peak 30272 MB
  Rank 2: Host RAM sweep-peak 6673 MB · VmHWM 15649 MB   VRAM op-pool peak 6331 MB · total peak 30302 MB
  Rank 3: Host RAM sweep-peak 6701 MB · VmHWM 15613 MB   VRAM op-pool peak 6229 MB · total peak 30184 MB
  Block stores (peak bond, per rank): distributed A/B share 427 MB (~K²M²/np) · owner cre/des 21 · S 10 MB (~KM²/np) · replicated floor 3 MB [stubs 0 (~KM) · H 2 (~M²)]
  OOC scratch  37586 MB on disk  (sum over all ranks)
  Timings (wall 24.0 s)
    build                    [CPU]             5.2 s
      formPQ                 [GPU·CPU·IO]     1.5 s   (GPU 0.2 · IO 0.3 · CPU 1.0)
        exec-gemm            [GPU]             0.1 s   (15.45 TFLOPS total · 3.86/GPU)
        exec-kern            [GPU]             0.1 s
        transfer             [IO]              0.3 s
        exec-hostprep        [CPU]             0.6 s
        complete (MPI)       [IO]              0.1 s
        wdesc (Wsub+reds)    [CPU]             0.1 s
        (other)              [CPU]             0.2 s
      [kern] executor reductions (all phases): res-zero 0.0 · gather 0.3 · reduce 0.5 · accumulate 0.0 s
      sys                    [CPU]             0.1 s
      env                    [CPU]             0.1 s
      compPQ-form            [CPU]             0.1 s
        match                [CPU]             0.1 s
      assembly               [CPU]             0.1 s
      compS-form-gpu (MPI)   [GPU·CPU·IO]     3.1 s   (GPU 0.4 · IO 0.4 · CPU 2.3)
        recipe (host,replic) [CPU]             0.3 s
        form (gpu+D2H)       [GPU·IO]         1.5 s
        reduce (NCCL/host)   [IO]              0.2 s
        unpack (D2H)         [CPU·IO]         1.0 s
      (other)                [CPU]             0.2 s
    matvec                   [GPU·CPU·IO]     9.0 s   (GPU 5.6 · IO 0.0 · CPU 3.4)
      gemm                   [GPU]             4.3 s   (42.87 TFLOPS total · 10.72/GPU)
      kern                   [GPU]             1.3 s
      host                   [CPU]             3.4 s
        planEnum             [CPU]             1.0 s
        ctorAlloc(upload)    [CPU·IO]         0.4 s
        ctorGroup            [CPU]             0.5 s
        (other)              [CPU]             1.4 s
    decimate                 [CPU]             1.6 s
      rho (dist)             [CPU]             0.1 s
      eigh (dist)            [CPU]             0.8 s
      share (MPI wait)       [CPU·IO]         0.6 s
      (other)                [CPU]             0.1 s
    grow                     [GPU·CPU·IO]     3.8 s   (GPU 0.6 · IO 0.4 · CPU 2.8) · 36.44 TFLOPS total · 9.11/GPU
      gpu_proj (project)     [GPU·CPU·IO]     2.6 s
        recipe               [CPU]             0.2 s
        fap_exec             [GPU·IO]         1.7 s
        fap_merge            [CPU]             0.1 s
        fap_ctx              [CPU]             0.1 s
      reduceSH (MPI)         [CPU·IO]         0.2 s
        sync (hash+wait)     [CPU·IO]         0.1 s
        xfer (NCCL/host)     [IO]              0.1 s
      (other)                [CPU]             1.0 s
    predict                  [CPU]             0.3 s
    ooc                      [IO]              0.0 s

################## Sweep 4/10 (forward) summary ##################
  Energy       -2987.4818375403 Ha
  dE vs prev sweep  -2.225e-05 Ha
  Discarded weight  4.150e-04  (max over this sweep's decimations)
  Rank 0: Host RAM sweep-peak 6764 MB · VmHWM 15766 MB   VRAM op-pool peak 6382 MB · total peak 30362 MB
  Rank 1: Host RAM sweep-peak 6657 MB · VmHWM 15635 MB   VRAM op-pool peak 6305 MB · total peak 30272 MB
  Rank 2: Host RAM sweep-peak 6681 MB · VmHWM 15649 MB   VRAM op-pool peak 6331 MB · total peak 30302 MB
  Rank 3: Host RAM sweep-peak 6670 MB · VmHWM 15613 MB   VRAM op-pool peak 6229 MB · total peak 30184 MB
  Block stores (peak bond, per rank): distributed A/B share 427 MB (~K²M²/np) · owner cre/des 21 · S 10 MB (~KM²/np) · replicated floor 3 MB [stubs 0 (~KM) · H 2 (~M²)]
  OOC scratch  37500 MB on disk  (sum over all ranks)
  Timings (wall 23.6 s)
    build                    [CPU]             5.1 s
      formPQ                 [GPU·CPU·IO]     1.5 s   (GPU 0.2 · IO 0.3 · CPU 1.1)
        exec-gemm            [GPU]             0.1 s   (15.42 TFLOPS total · 3.86/GPU)
        exec-kern            [GPU]             0.1 s
        transfer             [IO]              0.3 s
        exec-hostprep        [CPU]             0.6 s
        complete (MPI)       [IO]              0.1 s
        wdesc (Wsub+reds)    [CPU]             0.1 s
        (other)              [CPU]             0.2 s
      [kern] executor reductions (all phases): res-zero 0.0 · gather 0.3 · reduce 0.5 · accumulate 0.0 s
      sys                    [CPU]             0.1 s
      env                    [CPU]             0.1 s
      compPQ-form            [CPU]             0.1 s
        match                [CPU]             0.1 s
      assembly               [CPU]             0.1 s
      compS-form-gpu (MPI)   [GPU·CPU·IO]     3.1 s   (GPU 0.4 · IO 0.4 · CPU 2.3)
        recipe (host,replic) [CPU]             0.4 s
        form (gpu+D2H)       [GPU·IO]         1.4 s
        reduce (NCCL/host)   [IO]              0.2 s
        unpack (D2H)         [CPU·IO]         1.0 s
      (other)                [CPU]             0.2 s
    matvec                   [GPU·CPU·IO]     9.0 s   (GPU 5.6 · IO 0.0 · CPU 3.4)
      gemm                   [GPU]             4.3 s   (42.04 TFLOPS total · 10.51/GPU)
      kern                   [GPU]             1.3 s
      host                   [CPU]             3.4 s
        planEnum             [CPU]             1.0 s
        ctorAlloc(upload)    [CPU·IO]         0.4 s
        ctorGroup            [CPU]             0.5 s
        (other)              [CPU]             1.4 s
    decimate                 [CPU]             1.7 s
      rho (dist)             [CPU]             0.1 s
      eigh (dist)            [CPU]             0.8 s
      share (MPI wait)       [CPU·IO]         0.7 s
      (other)                [CPU]             0.1 s
    grow                     [GPU·CPU·IO]     3.8 s   (GPU 0.6 · IO 0.5 · CPU 2.8) · 37.72 TFLOPS total · 9.43/GPU
      gpu_proj (project)     [GPU·CPU·IO]     2.6 s
        recipe               [CPU]             0.2 s
        fap_exec             [GPU·IO]         1.7 s
        fap_merge            [CPU]             0.1 s
        fap_ctx              [CPU]             0.1 s
      reduceSH (MPI)         [CPU·IO]         0.2 s
        pack                 [CPU]             0.1 s
        xfer (NCCL/host)     [IO]              0.1 s
      (other)                [CPU]             1.0 s
    predict                  [CPU]             0.3 s
    ooc                      [IO]              0.0 s

################## Sweep 5/10 (backward) summary ##################
  Energy       -2987.4818419981 Ha
  dE vs prev sweep  -4.458e-06 Ha
  Discarded weight  4.127e-04  (max over this sweep's decimations)
  Rank 0: Host RAM sweep-peak 6813 MB · VmHWM 15766 MB   VRAM op-pool peak 6382 MB · total peak 30362 MB
  Rank 1: Host RAM sweep-peak 6689 MB · VmHWM 15635 MB   VRAM op-pool peak 6305 MB · total peak 30272 MB
  Rank 2: Host RAM sweep-peak 6661 MB · VmHWM 15649 MB   VRAM op-pool peak 6331 MB · total peak 30302 MB
  Rank 3: Host RAM sweep-peak 6683 MB · VmHWM 15613 MB   VRAM op-pool peak 6229 MB · total peak 30184 MB
  Block stores (peak bond, per rank): distributed A/B share 424 MB (~K²M²/np) · owner cre/des 21 · S 10 MB (~KM²/np) · replicated floor 3 MB [stubs 0 (~KM) · H 2 (~M²)]
  OOC scratch  37502 MB on disk  (sum over all ranks)
  Timings (wall 23.4 s)
    build                    [CPU]             5.2 s
      formPQ                 [GPU·CPU·IO]     1.6 s   (GPU 0.2 · IO 0.3 · CPU 1.1)
        exec-gemm            [GPU]             0.1 s   (15.45 TFLOPS total · 3.86/GPU)
        exec-kern            [GPU]             0.1 s
        transfer             [IO]              0.3 s
        exec-hostprep        [CPU]             0.6 s
        complete (MPI)       [IO]              0.2 s
        wdesc (Wsub+reds)    [CPU]             0.1 s
        (other)              [CPU]             0.2 s
      [kern] executor reductions (all phases): res-zero 0.0 · gather 0.3 · reduce 0.5 · accumulate 0.0 s
      sys                    [CPU]             0.1 s
      env                    [CPU]             0.1 s
      compPQ-form            [CPU]             0.1 s
        match                [CPU]             0.1 s
      assembly               [CPU]             0.1 s
      compS-form-gpu (MPI)   [GPU·CPU·IO]     3.1 s   (GPU 0.4 · IO 0.4 · CPU 2.3)
        recipe (host,replic) [CPU]             0.4 s
        form (gpu+D2H)       [GPU·IO]         1.5 s
        reduce (NCCL/host)   [IO]              0.2 s
        unpack (D2H)         [CPU·IO]         1.0 s
      (other)                [CPU]             0.2 s
    matvec                   [GPU·CPU·IO]     8.9 s   (GPU 5.5 · IO 0.0 · CPU 3.4)
      gemm                   [GPU]             4.2 s   (42.64 TFLOPS total · 10.66/GPU)
      kern                   [GPU]             1.3 s
      host                   [CPU]             3.4 s
        planEnum             [CPU]             1.0 s
        ctorAlloc(upload)    [CPU·IO]         0.4 s
        ctorGroup            [CPU]             0.5 s
        (other)              [CPU]             1.4 s
    decimate                 [CPU]             1.6 s
      rho (dist)             [CPU]             0.1 s
      eigh (dist)            [CPU]             0.8 s
      share (MPI wait)       [CPU·IO]         0.5 s
      (other)                [CPU]             0.1 s
    grow                     [GPU·CPU·IO]     3.8 s   (GPU 0.6 · IO 0.4 · CPU 2.8) · 36.38 TFLOPS total · 9.10/GPU
      gpu_proj (project)     [GPU·CPU·IO]     2.6 s
        recipe               [CPU]             0.2 s
        fap_exec             [GPU·IO]         1.7 s
        fap_merge            [CPU]             0.1 s
        fap_ctx              [CPU]             0.1 s
      reduceSH (MPI)         [CPU·IO]         0.2 s
        xfer (NCCL/host)     [IO]              0.1 s
      (other)                [CPU]             1.0 s
    predict                  [CPU]             0.3 s
    ooc                      [IO]              0.0 s

################## Sweep 6/10 (forward) summary ##################
  Energy       -2987.4818452351 Ha
  dE vs prev sweep  -3.237e-06 Ha
  Discarded weight  4.115e-04  (max over this sweep's decimations)
  Rank 0: Host RAM sweep-peak 6767 MB · VmHWM 15766 MB   VRAM op-pool peak 6382 MB · total peak 30362 MB
  Rank 1: Host RAM sweep-peak 6685 MB · VmHWM 15635 MB   VRAM op-pool peak 6305 MB · total peak 30272 MB
  Rank 2: Host RAM sweep-peak 6682 MB · VmHWM 15649 MB   VRAM op-pool peak 6331 MB · total peak 30302 MB
  Rank 3: Host RAM sweep-peak 6659 MB · VmHWM 15613 MB   VRAM op-pool peak 6229 MB · total peak 30184 MB
  Block stores (peak bond, per rank): distributed A/B share 425 MB (~K²M²/np) · owner cre/des 21 · S 10 MB (~KM²/np) · replicated floor 3 MB [stubs 0 (~KM) · H 2 (~M²)]
  OOC scratch  37470 MB on disk  (sum over all ranks)
  Timings (wall 23.9 s)
    build                    [CPU]             5.2 s
      formPQ                 [GPU·CPU·IO]     1.6 s   (GPU 0.2 · IO 0.3 · CPU 1.1)
        exec-gemm            [GPU]             0.1 s   (15.43 TFLOPS total · 3.86/GPU)
        exec-kern            [GPU]             0.1 s
        transfer             [IO]              0.3 s
        exec-hostprep        [CPU]             0.6 s
        complete (MPI)       [IO]              0.2 s
        wdesc (Wsub+reds)    [CPU]             0.1 s
        (other)              [CPU]             0.2 s
      [kern] executor reductions (all phases): res-zero 0.0 · gather 0.3 · reduce 0.5 · accumulate 0.0 s
      sys                    [CPU]             0.1 s
      env                    [CPU]             0.1 s
      compPQ-form            [CPU]             0.1 s
        match                [CPU]             0.1 s
      assembly               [CPU]             0.1 s
      compS-form-gpu (MPI)   [GPU·CPU·IO]     3.0 s   (GPU 0.4 · IO 0.4 · CPU 2.3)
        recipe (host,replic) [CPU]             0.4 s
        form (gpu+D2H)       [GPU·IO]         1.4 s
        reduce (NCCL/host)   [IO]              0.2 s
        unpack (D2H)         [CPU·IO]         1.0 s
      (other)                [CPU]             0.2 s
    matvec                   [GPU·CPU·IO]     8.9 s   (GPU 5.6 · IO 0.0 · CPU 3.4)
      gemm                   [GPU]             4.2 s   (42.35 TFLOPS total · 10.59/GPU)
      kern                   [GPU]             1.3 s
      host                   [CPU]             3.4 s
        planEnum             [CPU]             1.0 s
        ctorAlloc(upload)    [CPU·IO]         0.4 s
        ctorGroup            [CPU]             0.5 s
        (other)              [CPU]             1.4 s
    decimate                 [CPU]             1.8 s
      rho (dist)             [CPU]             0.1 s
      eigh (dist)            [CPU]             0.8 s
      share (MPI wait)       [CPU·IO]         0.8 s
      (other)                [CPU]             0.1 s
    grow                     [GPU·CPU·IO]     3.9 s   (GPU 0.6 · IO 0.4 · CPU 2.9) · 37.95 TFLOPS total · 9.49/GPU
      gpu_proj (project)     [GPU·CPU·IO]     2.6 s
        recipe               [CPU]             0.2 s
        fap_exec             [GPU·IO]         1.7 s
        fap_merge            [CPU]             0.1 s
        fap_ctx              [CPU]             0.1 s
      reduceSH (MPI)         [CPU·IO]         0.2 s
        sync (hash+wait)     [CPU·IO]         0.1 s
        xfer (NCCL/host)     [IO]              0.1 s
      (other)                [CPU]             1.1 s
    predict                  [CPU]             0.3 s
    ooc                      [IO]              0.0 s

################## Sweep 7/10 (backward) summary ##################
  Energy       -2987.4818465849 Ha
  dE vs prev sweep  -1.350e-06 Ha
  Discarded weight  4.107e-04  (max over this sweep's decimations)
  Rank 0: Host RAM sweep-peak 6755 MB · VmHWM 15766 MB   VRAM op-pool peak 6382 MB · total peak 30362 MB
  Rank 1: Host RAM sweep-peak 6679 MB · VmHWM 15635 MB   VRAM op-pool peak 6305 MB · total peak 30272 MB
  Rank 2: Host RAM sweep-peak 6686 MB · VmHWM 15649 MB   VRAM op-pool peak 6331 MB · total peak 30302 MB
  Rank 3: Host RAM sweep-peak 6678 MB · VmHWM 15613 MB   VRAM op-pool peak 6229 MB · total peak 30184 MB
  Block stores (peak bond, per rank): distributed A/B share 429 MB (~K²M²/np) · owner cre/des 21 · S 10 MB (~KM²/np) · replicated floor 3 MB [stubs 0 (~KM) · H 2 (~M²)]
  OOC scratch  37470 MB on disk  (sum over all ranks)
  Timings (wall 23.4 s)
    build                    [CPU]             5.2 s
      formPQ                 [GPU·CPU·IO]     1.6 s   (GPU 0.2 · IO 0.3 · CPU 1.1)
        exec-gemm            [GPU]             0.1 s   (15.49 TFLOPS total · 3.87/GPU)
        exec-kern            [GPU]             0.1 s
        transfer             [IO]              0.3 s
        exec-hostprep        [CPU]             0.6 s
        complete (MPI)       [IO]              0.2 s
        wdesc (Wsub+reds)    [CPU]             0.1 s
        (other)              [CPU]             0.2 s
      [kern] executor reductions (all phases): res-zero 0.0 · gather 0.3 · reduce 0.5 · accumulate 0.0 s
      sys                    [CPU]             0.1 s
      env                    [CPU]             0.1 s
      compPQ-form            [CPU]             0.1 s
        match                [CPU]             0.1 s
      assembly               [CPU]             0.1 s
      compS-form-gpu (MPI)   [GPU·CPU·IO]     3.1 s   (GPU 0.4 · IO 0.4 · CPU 2.3)
        recipe (host,replic) [CPU]             0.4 s
        form (gpu+D2H)       [GPU·IO]         1.5 s
        reduce (NCCL/host)   [IO]              0.2 s
        unpack (D2H)         [CPU·IO]         1.0 s
      (other)                [CPU]             0.2 s
    matvec                   [GPU·CPU·IO]     8.9 s   (GPU 5.5 · IO 0.0 · CPU 3.4)
      gemm                   [GPU]             4.2 s   (42.92 TFLOPS total · 10.73/GPU)
      kern                   [GPU]             1.3 s
      host                   [CPU]             3.4 s
        planEnum             [CPU]             1.0 s
        ctorAlloc(upload)    [CPU·IO]         0.4 s
        ctorGroup            [CPU]             0.5 s
        (other)              [CPU]             1.4 s
    decimate                 [CPU]             1.5 s
      rho (dist)             [CPU]             0.1 s
      eigh (dist)            [CPU]             0.7 s
      share (MPI wait)       [CPU·IO]         0.6 s
      (other)                [CPU]             0.1 s
    grow                     [GPU·CPU·IO]     3.9 s   (GPU 0.6 · IO 0.5 · CPU 2.8) · 36.52 TFLOPS total · 9.13/GPU
      gpu_proj (project)     [GPU·CPU·IO]     2.7 s
        recipe               [CPU]             0.2 s
        fap_exec             [GPU·IO]         1.8 s
        fap_merge            [CPU]             0.1 s
        fap_ctx              [CPU]             0.1 s
      reduceSH (MPI)         [CPU·IO]         0.2 s
        xfer (NCCL/host)     [IO]              0.1 s
      (other)                [CPU]             1.0 s
    predict                  [CPU]             0.3 s
    ooc                      [IO]              0.0 s

################## Sweep 8/10 (forward) summary ##################
  Energy       -2987.4818482109 Ha
  dE vs prev sweep  -1.626e-06 Ha
  Discarded weight  4.098e-04  (max over this sweep's decimations)
  Rank 0: Host RAM sweep-peak 6800 MB · VmHWM 15766 MB   VRAM op-pool peak 6382 MB · total peak 30362 MB
  Rank 1: Host RAM sweep-peak 6688 MB · VmHWM 15635 MB   VRAM op-pool peak 6305 MB · total peak 30272 MB
  Rank 2: Host RAM sweep-peak 6698 MB · VmHWM 15649 MB   VRAM op-pool peak 6331 MB · total peak 30302 MB
  Rank 3: Host RAM sweep-peak 6681 MB · VmHWM 15613 MB   VRAM op-pool peak 6229 MB · total peak 30184 MB
  Block stores (peak bond, per rank): distributed A/B share 425 MB (~K²M²/np) · owner cre/des 21 · S 10 MB (~KM²/np) · replicated floor 3 MB [stubs 0 (~KM) · H 2 (~M²)]
  OOC scratch  37487 MB on disk  (sum over all ranks)
  Timings (wall 24.3 s)
    build                    [CPU]             5.2 s
      formPQ                 [GPU·CPU·IO]     1.6 s   (GPU 0.2 · IO 0.3 · CPU 1.1)
        exec-gemm            [GPU]             0.1 s   (15.52 TFLOPS total · 3.88/GPU)
        exec-kern            [GPU]             0.1 s
        transfer             [IO]              0.3 s
        exec-hostprep        [CPU]             0.6 s
        complete (MPI)       [IO]              0.2 s
        wdesc (Wsub+reds)    [CPU]             0.1 s
        (other)              [CPU]             0.2 s
      [kern] executor reductions (all phases): res-zero 0.0 · gather 0.3 · reduce 0.5 · accumulate 0.0 s
      sys                    [CPU]             0.1 s
      env                    [CPU]             0.1 s
      compPQ-form            [CPU]             0.1 s
        match                [CPU]             0.1 s
      assembly               [CPU]             0.1 s
      compS-form-gpu (MPI)   [GPU·CPU·IO]     3.1 s   (GPU 0.4 · IO 0.4 · CPU 2.4)
        recipe (host,replic) [CPU]             0.4 s
        form (gpu+D2H)       [GPU·IO]         1.4 s
        reduce (NCCL/host)   [IO]              0.3 s
        unpack (D2H)         [CPU·IO]         1.0 s
      (other)                [CPU]             0.2 s
    matvec                   [GPU·CPU·IO]     8.9 s   (GPU 5.5 · IO 0.0 · CPU 3.4)
      gemm                   [GPU]             4.2 s   (42.60 TFLOPS total · 10.65/GPU)
      kern                   [GPU]             1.3 s
      host                   [CPU]             3.4 s
        planEnum             [CPU]             1.0 s
        ctorAlloc(upload)    [CPU·IO]         0.4 s
        ctorGroup            [CPU]             0.5 s
        (other)              [CPU]             1.4 s
    decimate                 [CPU]             1.8 s
      rho (dist)             [CPU]             0.1 s
      eigh (dist)            [CPU]             0.8 s
      share (MPI wait)       [CPU·IO]         0.8 s
      (other)                [CPU]             0.1 s
    grow                     [GPU·CPU·IO]     3.9 s   (GPU 0.6 · IO 0.5 · CPU 2.8) · 38.15 TFLOPS total · 9.54/GPU
      gpu_proj (project)     [GPU·CPU·IO]     2.7 s
        recipe               [CPU]             0.2 s
        fap_exec             [GPU·IO]         1.8 s
        fap_merge            [CPU]             0.1 s
        fap_ctx              [CPU]             0.1 s
      reduceSH (MPI)         [CPU·IO]         0.2 s
        xfer (NCCL/host)     [IO]              0.1 s
      (other)                [CPU]             1.0 s
    predict                  [CPU]             0.3 s
    ooc                      [IO]              0.0 s

################## Sweep 9/10 (backward) summary ##################
  Energy       -2987.4818516478 Ha
  dE vs prev sweep  -3.437e-06 Ha
  Discarded weight  4.096e-04  (max over this sweep's decimations)
  Rank 0: Host RAM sweep-peak 6808 MB · VmHWM 15766 MB   VRAM op-pool peak 6382 MB · total peak 30362 MB
  Rank 1: Host RAM sweep-peak 6679 MB · VmHWM 15635 MB   VRAM op-pool peak 6305 MB · total peak 30272 MB
  Rank 2: Host RAM sweep-peak 6676 MB · VmHWM 15649 MB   VRAM op-pool peak 6331 MB · total peak 30302 MB
  Rank 3: Host RAM sweep-peak 6703 MB · VmHWM 15613 MB   VRAM op-pool peak 6229 MB · total peak 30184 MB
  Block stores (peak bond, per rank): distributed A/B share 428 MB (~K²M²/np) · owner cre/des 21 · S 10 MB (~KM²/np) · replicated floor 3 MB [stubs 0 (~KM) · H 2 (~M²)]
  OOC scratch  37581 MB on disk  (sum over all ranks)
  Timings (wall 23.6 s)
    build                    [CPU]             5.2 s
      formPQ                 [GPU·CPU·IO]     1.5 s   (GPU 0.2 · IO 0.3 · CPU 1.1)
        exec-gemm            [GPU]             0.1 s   (15.52 TFLOPS total · 3.88/GPU)
        exec-kern            [GPU]             0.1 s
        transfer             [IO]              0.3 s
        exec-hostprep        [CPU]             0.6 s
        complete (MPI)       [IO]              0.1 s
        wdesc (Wsub+reds)    [CPU]             0.1 s
        (other)              [CPU]             0.2 s
      [kern] executor reductions (all phases): res-zero 0.0 · gather 0.3 · reduce 0.5 · accumulate 0.0 s
      sys                    [CPU]             0.1 s
      env                    [CPU]             0.1 s
      compPQ-form            [CPU]             0.1 s
        match                [CPU]             0.1 s
      assembly               [CPU]             0.1 s
      compS-form-gpu (MPI)   [GPU·CPU·IO]     3.1 s   (GPU 0.4 · IO 0.4 · CPU 2.4)
        recipe (host,replic) [CPU]             0.4 s
        form (gpu+D2H)       [GPU·IO]         1.5 s
        reduce (NCCL/host)   [IO]              0.2 s
        unpack (D2H)         [CPU·IO]         1.0 s
      (other)                [CPU]             0.2 s
    matvec                   [GPU·CPU·IO]     8.9 s   (GPU 5.5 · IO 0.0 · CPU 3.4)
      gemm                   [GPU]             4.2 s   (43.25 TFLOPS total · 10.81/GPU)
      kern                   [GPU]             1.3 s
      host                   [CPU]             3.4 s
        planEnum             [CPU]             1.0 s
        ctorAlloc(upload)    [CPU·IO]         0.4 s
        ctorGroup            [CPU]             0.5 s
        (other)              [CPU]             1.4 s
    decimate                 [CPU]             1.5 s
      rho (dist)             [CPU]             0.1 s
      eigh (dist)            [CPU]             0.7 s
      share (MPI wait)       [CPU·IO]         0.5 s
      (other)                [CPU]             0.1 s
    grow                     [GPU·CPU·IO]     3.9 s   (GPU 0.6 · IO 0.4 · CPU 2.9) · 36.62 TFLOPS total · 9.15/GPU
      gpu_proj (project)     [GPU·CPU·IO]     2.7 s
        recipe               [CPU]             0.2 s
        fap_exec             [GPU·IO]         1.8 s
        fap_merge            [CPU]             0.1 s
        fap_ctx              [CPU]             0.1 s
      reduceSH (MPI)         [CPU·IO]         0.2 s
        xfer (NCCL/host)     [IO]              0.1 s
      (other)                [CPU]             1.0 s
    predict                  [CPU]             0.2 s
    ooc                      [IO]              0.0 s

################## Sweep 10/10 (forward) summary ##################
  Energy       -2987.4818529932 Ha
  dE vs prev sweep  -1.345e-06 Ha
  Discarded weight  4.092e-04  (max over this sweep's decimations)
  Rank 0: Host RAM sweep-peak 6778 MB · VmHWM 15766 MB   VRAM op-pool peak 6382 MB · total peak 30362 MB
  Rank 1: Host RAM sweep-peak 6667 MB · VmHWM 15635 MB   VRAM op-pool peak 6305 MB · total peak 30272 MB
  Rank 2: Host RAM sweep-peak 6673 MB · VmHWM 15649 MB   VRAM op-pool peak 6331 MB · total peak 30302 MB
  Rank 3: Host RAM sweep-peak 6688 MB · VmHWM 15613 MB   VRAM op-pool peak 6229 MB · total peak 30184 MB
  Block stores (peak bond, per rank): distributed A/B share 423 MB (~K²M²/np) · owner cre/des 21 · S 10 MB (~KM²/np) · replicated floor 3 MB [stubs 0 (~KM) · H 2 (~M²)]
  OOC scratch  37477 MB on disk  (sum over all ranks)
  Timings (wall 23.8 s)
    build                    [CPU]             5.2 s
      formPQ                 [GPU·CPU·IO]     1.6 s   (GPU 0.2 · IO 0.3 · CPU 1.1)
        exec-gemm            [GPU]             0.1 s   (15.41 TFLOPS total · 3.85/GPU)
        exec-kern            [GPU]             0.1 s
        transfer             [IO]              0.3 s
        exec-hostprep        [CPU]             0.6 s
        complete (MPI)       [IO]              0.2 s
        wdesc (Wsub+reds)    [CPU]             0.1 s
        (other)              [CPU]             0.2 s
      [kern] executor reductions (all phases): res-zero 0.0 · gather 0.3 · reduce 0.5 · accumulate 0.0 s
      sys                    [CPU]             0.1 s
      env                    [CPU]             0.1 s
      compPQ-form            [CPU]             0.1 s
        match                [CPU]             0.1 s
      assembly               [CPU]             0.1 s
      compS-form-gpu (MPI)   [GPU·CPU·IO]     3.1 s   (GPU 0.4 · IO 0.4 · CPU 2.3)
        recipe (host,replic) [CPU]             0.4 s
        form (gpu+D2H)       [GPU·IO]         1.4 s
        reduce (NCCL/host)   [IO]              0.2 s
        unpack (D2H)         [CPU·IO]         1.0 s
      (other)                [CPU]             0.2 s
    matvec                   [GPU·CPU·IO]     8.9 s   (GPU 5.5 · IO 0.0 · CPU 3.4)
      gemm                   [GPU]             4.2 s   (42.62 TFLOPS total · 10.66/GPU)
      kern                   [GPU]             1.3 s
      host                   [CPU]             3.4 s
        planEnum             [CPU]             1.0 s
        ctorAlloc(upload)    [CPU·IO]         0.4 s
        ctorGroup            [CPU]             0.5 s
        (other)              [CPU]             1.4 s
    decimate                 [CPU]             1.9 s
      rho (dist)             [CPU]             0.1 s
      eigh (dist)            [CPU]             0.8 s
      share (MPI wait)       [CPU·IO]         0.8 s
      (other)                [CPU]             0.1 s
    grow                     [GPU·CPU·IO]     3.9 s   (GPU 0.6 · IO 0.4 · CPU 2.9) · 37.53 TFLOPS total · 9.38/GPU
      gpu_proj (project)     [GPU·CPU·IO]     2.7 s
        recipe               [CPU]             0.2 s
        fap_exec             [GPU·IO]         1.8 s
        fap_merge            [CPU]             0.1 s
        fap_ctx              [CPU]             0.1 s
      reduceSH (MPI)         [CPU·IO]         0.2 s
        xfer (NCCL/host)     [IO]              0.1 s
      (other)                [CPU]             1.0 s
    predict                  [CPU]             0.3 s
    ooc                      [IO]              0.0 s
[qops] WARNING: energy NOT converged after 10 sweeps: |dE| = 1.345e-06 >= e_conv = 1.000e-09

################## Run total ##################
  10 sweep(s) + warmup: 246.8 s wall · final E -2987.4818529932 Ha · VmHWM 15766 MB
  ooc async residual wait (not hidden behind compute): save 0.1 · load 6.7 s (3% of runtime)
[rc] ladder BD=1000 done

==============================================================================
RESULTS  P450 RC  CAS(31,30)  2Sz=1  ecore=-2911.8942891598
          ranks = 4   threads/rank = 16   ooc = True
==============================================================================

Main run   BD = 3000
  E            = -2987.4871247888 Ha
  DW           = 1.833e-04
  sweeps       = 30   converged = False

<S^2>
  physical (with alpha/beta overlap) = 4.294801   (S = 1.6319; exact doublet 0.75)
  same-basis convention (comparison) = 1.128928

1-RDM      Tr dm1a = 16.000000   Tr dm1b = 15.000000
RDM energy check (E = ecore + h.dm1 + 1/2 g.dm2):
  reconstructed E = -2987.4867957073 Ha
  DMRG E          = -2987.4871247888 Ha
  difference      = 3.291e-04 Ha   (truncation-bounded; large => corrupt RDMs)
NO occupations (total: eigenvalues of dm1a+dm1b, sum = 31.000000; alpha/beta: of dm1a / dm1b, sums = 16.000000 / 15.000000;
                each set in its own eigenbasis -> per row total != alpha + beta):
            total       alpha        beta
  NO  1:  1.999813    0.999995    0.999877
  NO  2:  1.996998    0.999873    0.999710
  NO  3:  1.990401    0.999710    0.997381
  NO  4:  1.987030    0.999347    0.995084
  NO  5:  1.982733    0.996121    0.989769
  NO  6:  1.976227    0.989853    0.985846
  NO  7:  1.974097    0.985892    0.984316
  NO  8:  1.966014    0.983821    0.982631
  NO  9:  1.963139    0.982611    0.981986
  NO 10:  1.962706    0.981931    0.979709
  NO 11:  1.958580    0.979674    0.979257
  NO 12:  1.955447    0.979428    0.978635
  NO 13:  1.952448    0.979329    0.974174
  NO 14:  1.943549    0.973588    0.971563
  NO 15:  1.934476    0.971450    0.966732
  NO 16:  1.007418    0.966599    0.036333
  NO 17:  0.073945    0.036708    0.033033
  NO 18:  0.062990    0.033350    0.026146
  NO 19:  0.049354    0.026488    0.020550
  NO 20:  0.042698    0.020552    0.020488
  NO 21:  0.039146    0.020344    0.018112
  NO 22:  0.035816    0.018537    0.016134
  NO 23:  0.031452    0.016034    0.012197
  NO 24:  0.025225    0.012421    0.011964
  NO 25:  0.021493    0.012125    0.008534
  NO 26:  0.017336    0.008600    0.007861
  NO 27:  0.015704    0.007772    0.007593
  NO 28:  0.014312    0.007048    0.006825
  NO 29:  0.010620    0.006442    0.004911
  NO 30:  0.008834    0.004357    0.002652

Bond-dimension ladder:
      BD              E (Ha)          DW
    3000   -2987.4871247888   1.833e-04
    2500   -2987.4866720326   2.245e-04
    2000   -2987.4858965137   2.803e-04
    1500   -2987.4844986716   3.523e-04
    1000   -2987.4818529932   4.092e-04

Extrapolation (linear E(DW) -> 0, 5 points with DW > 0):
  E(DW->0)           = -2987.4916397451 Ha
  slope              = 2.2182e+01 Ha/DW
  max |residual|     = 7.090e-04 Ha
  best variational E = -2987.4871247888 Ha   (extrapolation gain = 4.515e-03 Ha)

Per-rank peaks:
  rank 0:  VmHWM 15766 MB · VRAM peak 30362 MiB
  rank 1:  VmHWM 15634 MB · VRAM peak 30272 MiB
  rank 2:  VmHWM 15648 MB · VRAM peak 30302 MiB
  rank 3:  VmHWM 15613 MB · VRAM peak 30184 MiB

Files written:
  dm1a.npy
  dm1b.npy
  dm2aa.npy
  dm2ab.npy
  dm2bb.npy
  no_occ.npy
  no_occ_a.npy
  no_occ_b.npy
==============================================================================
