    Apptainer 1.4.5 loaded. This package was installed with spack using gcc
11.4.1.

    Spack options were:
    +libsubid+network~suid

-------------------------------------------------------------------------------
There are messages associated with the following module(s):
-------------------------------------------------------------------------------

use.spack-core:
spack modules loaded. Full unload maybe required via: unload use.spack-core
Any other use.spack modules will also need to be unloaded in a similar manner

-------------------------------------------------------------------------------

[rc] CAS(41,40)  2Sz=1  ecore=-2857.7927022167  ranks=4 threads/rank=16 ooc=True
[qops] MPI np=4 · GPU=on · device collectives: NCCL (NVLink/GPUDirect)
[qops] A/B host-offload: ON (stubs + pager spill)

################## Warmup summary ##################
  Rank 0: Host RAM sweep-peak 0 MB · VmHWM 5020 MB   VRAM op-pool peak 0 MB · total peak 0 MB
  Rank 1: Host RAM sweep-peak 0 MB · VmHWM 4837 MB   VRAM op-pool peak 0 MB · total peak 0 MB
  Rank 2: Host RAM sweep-peak 0 MB · VmHWM 4833 MB   VRAM op-pool peak 0 MB · total peak 0 MB
  Rank 3: Host RAM sweep-peak 0 MB · VmHWM 4836 MB   VRAM op-pool peak 0 MB · total peak 0 MB
  OOC scratch  56063 MB on disk  (sum over all ranks)
  Timings (wall 43.6 s)
    build                    [CPU]             6.2 s
      (other)                [CPU]             6.2 s
    matvec                   [GPU·CPU·IO]     0.0 s   (GPU 0.0 · IO 0.0 · CPU 0.0)
    decimate                 [CPU]             5.3 s
    grow                     [GPU·CPU·IO]    29.2 s   (GPU 0.0 · IO 0.0 · CPU 29.2)
      gpu_proj (project)     [GPU·CPU·IO]     0.0 s
      construct (cpu path)   [CPU]            28.2 s
      reduceSH (MPI)         [CPU·IO]         1.0 s
        sync (hash+wait)     [CPU·IO]         0.3 s
        xfer (NCCL/host)     [IO]              0.7 s
    predict                  [CPU]             0.0 s
    ooc                      [IO]              0.2 s
      save                   [IO]              0.2 s

################## Sweep 1/30 (forward) summary ##################
  Energy       -2987.3796922402 Ha
  Discarded weight  0.000e+00  (max over this sweep's decimations)
  Rank 0: Host RAM sweep-peak 30995 MB · VmHWM 33529 MB   VRAM op-pool peak 14149 MB · total peak 44870 MB
  Rank 1: Host RAM sweep-peak 30337 MB · VmHWM 32796 MB   VRAM op-pool peak 14359 MB · total peak 45024 MB
  Rank 2: Host RAM sweep-peak 30725 MB · VmHWM 33273 MB   VRAM op-pool peak 14136 MB · total peak 44800 MB
  Rank 3: Host RAM sweep-peak 30728 MB · VmHWM 33156 MB   VRAM op-pool peak 14294 MB · total peak 44972 MB
  Block stores (peak bond, per rank): distributed A/B share 2243 MB (~K²M²/np) · owner cre/des 649 · S 0 MB (~KM²/np) · replicated floor 26 MB [stubs 3 (~KM) · H 24 (~M²)]
  OOC scratch  795370 MB on disk  (sum over all ranks)
  Timings (wall 325.6 s)
    build                    [CPU]            54.0 s
      formPQ                 [GPU·CPU·IO]     7.1 s   (GPU 2.0 · IO 0.3 · CPU 4.8)
        exec-gemm            [GPU]             0.5 s   (67.90 TFLOPS total · 16.97/GPU)
        exec-kern            [GPU]             1.5 s
        transfer             [IO]              0.3 s
        exec-hostprep        [CPU]             2.4 s
        prep (W+layout)      [CPU]             0.1 s
        complete (MPI)       [IO]              1.4 s
        wdesc (Wsub+reds)    [CPU]             0.4 s
        (other)              [CPU]             0.5 s
      [kern] executor reductions (all phases): res-zero 0.0 · gather 17.7 · reduce 17.4 · accumulate 0.7 s
      sys                    [CPU]             1.5 s
      env                    [CPU]             3.0 s
      compPQ-form            [CPU]             4.5 s
        bsblock              [CPU]             0.1 s
        match                [CPU]             3.5 s
          pump (src dedup)   [CPU]             0.1 s
          emit (owned)       [CPU]             0.8 s
          (other)            [CPU]             2.6 s
      assembly               [CPU]             3.8 s
      compS-form-gpu (MPI)   [GPU·CPU·IO]    33.5 s   (GPU 15.8 · IO 0.7 · CPU 17.0)
        bsblock (store walk) [CPU]             0.1 s
        recipe (host,replic) [CPU]             1.6 s
        form (gpu+D2H)       [GPU·IO]        25.2 s
        reduce (NCCL/host)   [IO]              2.0 s
        unpack (D2H)         [CPU·IO]         4.4 s
        (other)              [CPU]             0.2 s
      (other)                [CPU]             0.6 s
    matvec                   [GPU·CPU·IO]    81.1 s   (GPU 52.6 · IO 0.0 · CPU 28.5)
      gemm                   [GPU]            47.7 s   (10.56 TFLOPS total · 2.64/GPU)
      kern                   [GPU]             5.0 s
      host                   [CPU]            28.5 s
        planEnum             [CPU]            11.5 s
        ctorAlloc(upload)    [CPU·IO]         4.3 s
        ctorGroup            [CPU]             6.8 s
        ctorForm             [GPU]             0.5 s
        (other)              [CPU]             5.4 s
    decimate                 [CPU]            21.3 s
      rho (dist)             [CPU]             1.3 s
      eigh (dist)            [CPU]            13.0 s
      share (MPI wait)       [CPU·IO]         5.7 s
      select+assemble        [CPU]             0.5 s
      (other)                [CPU]             0.8 s
    grow                     [GPU·CPU·IO]   147.3 s   (GPU 37.4 · IO 36.1 · CPU 73.8) · 86.39 TFLOPS total · 21.60/GPU
      gpu_proj (project)     [GPU·CPU·IO]    84.2 s
        recipe               [CPU]             0.6 s
        fap_exec             [GPU·IO]        76.4 s
        fap_merge            [CPU]             1.3 s
        fap_ctx              [CPU]             0.6 s
        fap_unpack           [CPU]             2.5 s
      reduceSH (MPI)         [CPU·IO]         4.9 s
        sync (hash+wait)     [CPU·IO]         2.6 s
        pack                 [CPU]             0.5 s
        xfer (NCCL/host)     [IO]              1.5 s
        unpack               [CPU]             0.3 s
      (other)                [CPU]            58.1 s
    predict                  [CPU]             2.1 s
    ooc                      [IO]              0.3 s
      load                   [IO]              0.3 s

################## Sweep 2/30 (backward) summary ##################
  Energy       -2987.5088292270 Ha
  dE vs prev sweep  -1.291e-01 Ha
  Discarded weight  1.063e-07  (max over this sweep's decimations)
  Rank 0: Host RAM sweep-peak 49071 MB · VmHWM 51795 MB   VRAM op-pool peak 25137 MB · total peak 55876 MB
  Rank 1: Host RAM sweep-peak 49639 MB · VmHWM 52068 MB   VRAM op-pool peak 25326 MB · total peak 56204 MB
  Rank 2: Host RAM sweep-peak 48980 MB · VmHWM 51456 MB   VRAM op-pool peak 25119 MB · total peak 55856 MB
  Rank 3: Host RAM sweep-peak 49727 MB · VmHWM 52068 MB   VRAM op-pool peak 25373 MB · total peak 56202 MB
  Block stores (peak bond, per rank): distributed A/B share 18910 MB (~K²M²/np) · owner cre/des 467 · S 234 MB (~KM²/np) · replicated floor 39 MB [stubs 4 (~KM) · H 36 (~M²)]
  OOC scratch  1631208 MB on disk  (sum over all ranks)
  Timings (wall 691.1 s)
    build                    [CPU]           129.4 s
      formPQ                 [GPU·CPU·IO]    42.7 s   (GPU 4.3 · IO 13.2 · CPU 25.3)
        exec-gemm            [GPU]             1.1 s   (70.16 TFLOPS total · 17.54/GPU)
        exec-kern            [GPU]             3.2 s
        transfer             [IO]             13.2 s
        exec-hostprep        [CPU]            18.5 s
        prep (W+layout)      [CPU]             0.1 s
        complete (MPI)       [IO]              5.0 s
        wdesc (Wsub+reds)    [CPU]             0.6 s
        (other)              [CPU]             1.1 s
      [kern] executor reductions (all phases): res-zero 0.0 · gather 18.1 · reduce 32.8 · accumulate 1.1 s
      sys                    [CPU]             1.7 s
      env                    [CPU]             0.8 s
      compPQ-form            [CPU]             0.9 s
        bsblock              [CPU]             0.1 s
        match                [CPU]             0.5 s
          pump (src dedup)   [CPU]             0.2 s
          emit (owned)       [CPU]             0.2 s
          (other)            [CPU]             0.1 s
      assembly               [CPU]             0.4 s
      compS-form-gpu (MPI)   [GPU·CPU·IO]    82.3 s   (GPU 31.0 · IO 17.2 · CPU 34.1)
        bsblock (store walk) [CPU]             0.3 s
        recipe (host,replic) [CPU]             1.1 s
        form (gpu+D2H)       [GPU·IO]        68.4 s
        reduce (NCCL/host)   [IO]              4.0 s
        unpack (D2H)         [CPU·IO]         8.4 s
        (other)              [CPU]             0.1 s
      (other)                [CPU]             0.5 s
    matvec                   [GPU·CPU·IO]   264.7 s   (GPU 227.4 · IO 0.0 · CPU 37.3)
      gemm                   [GPU]           193.4 s   (89.73 TFLOPS total · 22.43/GPU)
      kern                   [GPU]            34.0 s
      host                   [CPU]            37.3 s
        planEnum             [CPU]             6.5 s
        ctorAlloc(upload)    [CPU·IO]         8.4 s
        ctorGroup            [CPU]             1.2 s
        ctorForm             [GPU]             0.8 s
        (other)              [CPU]            20.5 s
    decimate                 [CPU]            24.6 s
      rho (dist)             [CPU]             3.6 s
      eigh (dist)            [CPU]            10.7 s
      share (MPI wait)       [CPU·IO]         8.7 s
      select+assemble        [CPU]             0.6 s
      (other)                [CPU]             1.0 s
    grow                     [GPU·CPU·IO]   148.2 s   (GPU 32.8 · IO 39.1 · CPU 76.3) · 99.24 TFLOPS total · 24.81/GPU
      gpu_proj (project)     [GPU·CPU·IO]    80.9 s
        recipe               [CPU]             0.6 s
        fap_exec             [GPU·IO]        74.2 s
        fap_merge            [CPU]             0.9 s
        fap_ctx              [CPU]             0.4 s
        fap_unpack           [CPU]             2.3 s
      reduceSH (MPI)         [CPU·IO]        10.9 s
        sync (hash+wait)     [CPU·IO]         8.8 s
        pack                 [CPU]             0.6 s
        xfer (NCCL/host)     [IO]              1.1 s
        unpack               [CPU]             0.3 s
      (other)                [CPU]            56.4 s
    predict                  [CPU]             6.4 s
    ooc                      [IO]              0.5 s
      load                   [IO]              0.5 s

################## Sweep 3/30 (forward) summary ##################
  Energy       -2987.5388288036 Ha
  dE vs prev sweep  -3.000e-02 Ha
  Discarded weight  1.198e-04  (max over this sweep's decimations)
  Rank 0: Host RAM sweep-peak 50281 MB · VmHWM 54125 MB   VRAM op-pool peak 25137 MB · total peak 56858 MB
  Rank 1: Host RAM sweep-peak 50091 MB · VmHWM 55196 MB   VRAM op-pool peak 25326 MB · total peak 57194 MB
  Rank 2: Host RAM sweep-peak 49999 MB · VmHWM 52951 MB   VRAM op-pool peak 25119 MB · total peak 56836 MB
  Rank 3: Host RAM sweep-peak 50354 MB · VmHWM 53890 MB   VRAM op-pool peak 25373 MB · total peak 57204 MB
  Block stores (peak bond, per rank): distributed A/B share 18849 MB (~K²M²/np) · owner cre/des 540 · S 270 MB (~KM²/np) · replicated floor 44 MB [stubs 4 (~KM) · H 40 (~M²)]
  OOC scratch  1848939 MB on disk  (sum over all ranks)
  Timings (wall 1079.2 s)
    build                    [CPU]           138.2 s
      formPQ                 [GPU·CPU·IO]    46.3 s   (GPU 4.8 · IO 13.8 · CPU 27.7)
        exec-gemm            [GPU]             1.2 s   (72.56 TFLOPS total · 18.14/GPU)
        exec-kern            [GPU]             3.6 s
        transfer             [IO]             13.8 s
        exec-hostprep        [CPU]            21.3 s
        prep (W+layout)      [CPU]             0.1 s
        complete (MPI)       [IO]              4.8 s
        wdesc (Wsub+reds)    [CPU]             0.4 s
        (other)              [CPU]             1.0 s
      [kern] executor reductions (all phases): res-zero 0.0 · gather 22.1 · reduce 36.3 · accumulate 1.2 s
      sys                    [CPU]             1.2 s
      env                    [CPU]             2.0 s
      compPQ-form            [CPU]             0.8 s
        bsblock              [CPU]             0.2 s
        match                [CPU]             0.5 s
          pump (src dedup)   [CPU]             0.2 s
          emit (owned)       [CPU]             0.2 s
          (other)            [CPU]             0.1 s
      assembly               [CPU]             0.4 s
      compS-form-gpu (MPI)   [GPU·CPU·IO]    87.0 s   (GPU 34.1 · IO 18.0 · CPU 34.9)
        bsblock (store walk) [CPU]             0.3 s
        recipe (host,replic) [CPU]             1.2 s
        form (gpu+D2H)       [GPU·IO]        71.7 s
        reduce (NCCL/host)   [IO]              4.5 s
        unpack (D2H)         [CPU·IO]         9.2 s
        (other)              [CPU]             0.1 s
      (other)                [CPU]             0.5 s
    matvec                   [GPU·CPU·IO]   563.6 s   (GPU 503.6 · IO 0.0 · CPU 60.0)
      gemm                   [GPU]           435.2 s   (115.44 TFLOPS total · 28.86/GPU)
      kern                   [GPU]            68.3 s
      host                   [CPU]            60.0 s
        planEnum             [CPU]             5.0 s
        ctorAlloc(upload)    [CPU·IO]        10.4 s
        ctorGroup            [CPU]             0.7 s
        ctorForm             [GPU]             1.0 s
        (other)              [CPU]            43.0 s
    decimate                 [CPU]            35.3 s
      rho (dist)             [CPU]             7.1 s
      eigh (dist)            [CPU]            15.5 s
      share (MPI wait)       [CPU·IO]        10.4 s
      select+assemble        [CPU]             0.7 s
      (other)                [CPU]             1.6 s
    grow                     [GPU·CPU·IO]   189.1 s   (GPU 41.3 · IO 52.8 · CPU 95.0) · 106.51 TFLOPS total · 26.63/GPU
      gpu_proj (project)     [GPU·CPU·IO]   104.5 s
        recipe               [CPU]             0.6 s
        fap_exec             [GPU·IO]        96.9 s
        fap_merge            [CPU]             0.9 s
        fap_ctx              [CPU]             0.3 s
        fap_unpack           [CPU]             3.3 s
      reduceSH (MPI)         [CPU·IO]         9.7 s
        sync (hash+wait)     [CPU·IO]         7.1 s
        pack                 [CPU]             0.8 s
        xfer (NCCL/host)     [IO]              1.5 s
        unpack               [CPU]             0.4 s
      (other)                [CPU]            74.9 s
    predict                  [CPU]            19.7 s
    ooc                      [IO]              0.5 s
      load                   [IO]              0.5 s

################## Sweep 4/30 (backward) summary ##################
  Energy       -2987.5412289028 Ha
  dE vs prev sweep  -2.400e-03 Ha
  Discarded weight  1.904e-04  (max over this sweep's decimations)
  Rank 0: Host RAM sweep-peak 50023 MB · VmHWM 60671 MB   VRAM op-pool peak 29335 MB · total peak 61706 MB
  Rank 1: Host RAM sweep-peak 50253 MB · VmHWM 60751 MB   VRAM op-pool peak 29563 MB · total peak 62100 MB
  Rank 2: Host RAM sweep-peak 49684 MB · VmHWM 60356 MB   VRAM op-pool peak 29314 MB · total peak 61684 MB
  Rank 3: Host RAM sweep-peak 50313 MB · VmHWM 60744 MB   VRAM op-pool peak 29627 MB · total peak 62110 MB
  Block stores (peak bond, per rank): distributed A/B share 19197 MB (~K²M²/np) · owner cre/des 589 · S 295 MB (~KM²/np) · replicated floor 52 MB [stubs 3 (~KM) · H 48 (~M²)]
  OOC scratch  2008527 MB on disk  (sum over all ranks)
  Timings (wall 1055.0 s)
    build                    [CPU]           162.4 s
      formPQ                 [GPU·CPU·IO]    57.3 s   (GPU 5.2 · IO 17.5 · CPU 34.7)
        exec-gemm            [GPU]             1.2 s   (73.50 TFLOPS total · 18.37/GPU)
        exec-kern            [GPU]             3.9 s
        transfer             [IO]             17.5 s
        exec-hostprep        [CPU]            24.1 s
        prep (W+layout)      [CPU]             0.1 s
        complete (MPI)       [IO]              9.0 s
        wdesc (Wsub+reds)    [CPU]             0.4 s
        (other)              [CPU]             1.0 s
      [kern] executor reductions (all phases): res-zero 0.0 · gather 22.1 · reduce 40.2 · accumulate 1.3 s
      sys                    [CPU]             2.0 s
      env                    [CPU]             1.1 s
      compPQ-form            [CPU]             0.9 s
        bsblock              [CPU]             0.2 s
        match                [CPU]             0.5 s
          pump (src dedup)   [CPU]             0.3 s
          emit (owned)       [CPU]             0.2 s
          (other)            [CPU]             0.1 s
      assembly               [CPU]             0.4 s
      compS-form-gpu (MPI)   [GPU·CPU·IO]   100.2 s   (GPU 37.9 · IO 21.4 · CPU 40.8)
        bsblock (store walk) [CPU]             0.4 s
        recipe (host,replic) [CPU]             1.1 s
        form (gpu+D2H)       [GPU·IO]        83.0 s
        reduce (NCCL/host)   [IO]              4.7 s
        unpack (D2H)         [CPU·IO]        10.9 s
        (other)              [CPU]             0.1 s
      (other)                [CPU]             0.5 s
    matvec                   [GPU·CPU·IO]   496.4 s   (GPU 440.0 · IO 0.0 · CPU 56.4)
      gemm                   [GPU]           379.5 s   (114.45 TFLOPS total · 28.61/GPU)
      kern                   [GPU]            60.4 s
      host                   [CPU]            56.4 s
        planEnum             [CPU]             4.7 s
        ctorAlloc(upload)    [CPU·IO]        12.3 s
        ctorGroup            [CPU]             0.7 s
        ctorForm             [GPU]             1.1 s
        (other)              [CPU]            37.6 s
    decimate                 [CPU]            36.9 s
      rho (dist)             [CPU]             6.5 s
      eigh (dist)            [CPU]            17.0 s
      share (MPI wait)       [CPU·IO]        11.2 s
      select+assemble        [CPU]             0.8 s
      (other)                [CPU]             1.4 s
    grow                     [GPU·CPU·IO]   190.4 s   (GPU 40.6 · IO 50.8 · CPU 99.1) · 111.25 TFLOPS total · 27.81/GPU
      gpu_proj (project)     [GPU·CPU·IO]   101.7 s
        recipe               [CPU]             0.6 s
        fap_exec             [GPU·IO]        94.0 s
        fap_merge            [CPU]             0.9 s
        fap_ctx              [CPU]             0.3 s
        fap_unpack           [CPU]             3.3 s
      reduceSH (MPI)         [CPU·IO]        14.1 s
        sync (hash+wait)     [CPU·IO]        11.4 s
        pack                 [CPU]             0.7 s
        xfer (NCCL/host)     [IO]              1.5 s
        unpack               [CPU]             0.4 s
      (other)                [CPU]            74.6 s
    predict                  [CPU]            16.7 s
    ooc                      [IO]              0.5 s
      load                   [IO]              0.4 s

################## Sweep 5/30 (forward) summary ##################
  Energy       -2987.5420309997 Ha
  dE vs prev sweep  -8.021e-04 Ha
  Discarded weight  2.200e-04  (max over this sweep's decimations)
  Rank 0: Host RAM sweep-peak 50092 MB · VmHWM 60671 MB   VRAM op-pool peak 29335 MB · total peak 61706 MB
  Rank 1: Host RAM sweep-peak 49778 MB · VmHWM 60751 MB   VRAM op-pool peak 29563 MB · total peak 62100 MB
  Rank 2: Host RAM sweep-peak 50046 MB · VmHWM 60356 MB   VRAM op-pool peak 29314 MB · total peak 61684 MB
  Rank 3: Host RAM sweep-peak 50198 MB · VmHWM 60744 MB   VRAM op-pool peak 29627 MB · total peak 62110 MB
  Block stores (peak bond, per rank): distributed A/B share 19143 MB (~K²M²/np) · owner cre/des 598 · S 297 MB (~KM²/np) · replicated floor 53 MB [stubs 3 (~KM) · H 50 (~M²)]
  OOC scratch  2026810 MB on disk  (sum over all ranks)
  Timings (wall 1088.7 s)
    build                    [CPU]           162.8 s
      formPQ                 [GPU·CPU·IO]    56.4 s   (GPU 5.3 · IO 16.8 · CPU 34.3)
        exec-gemm            [GPU]             1.3 s   (73.11 TFLOPS total · 18.28/GPU)
        exec-kern            [GPU]             4.0 s
        transfer             [IO]             16.8 s
        exec-hostprep        [CPU]            24.7 s
        prep (W+layout)      [CPU]             0.1 s
        complete (MPI)       [IO]              8.0 s
        wdesc (Wsub+reds)    [CPU]             0.4 s
        (other)              [CPU]             1.0 s
      [kern] executor reductions (all phases): res-zero 0.0 · gather 23.4 · reduce 41.4 · accumulate 1.3 s
      sys                    [CPU]             1.1 s
      env                    [CPU]             2.4 s
      compPQ-form            [CPU]             0.9 s
        bsblock              [CPU]             0.2 s
        match                [CPU]             0.5 s
          pump (src dedup)   [CPU]             0.2 s
          emit (owned)       [CPU]             0.2 s
          (other)            [CPU]             0.1 s
      assembly               [CPU]             0.4 s
      compS-form-gpu (MPI)   [GPU·CPU·IO]   101.1 s   (GPU 39.1 · IO 20.9 · CPU 41.1)
        bsblock (store walk) [CPU]             0.4 s
        recipe (host,replic) [CPU]             1.1 s
        form (gpu+D2H)       [GPU·IO]        82.3 s
        reduce (NCCL/host)   [IO]              5.9 s
        unpack (D2H)         [CPU·IO]        11.3 s
        (other)              [CPU]             0.1 s
      (other)                [CPU]             0.5 s
    matvec                   [GPU·CPU·IO]   513.0 s   (GPU 451.5 · IO 0.0 · CPU 61.5)
      gemm                   [GPU]           391.6 s   (116.78 TFLOPS total · 29.20/GPU)
      kern                   [GPU]            59.9 s
      host                   [CPU]            61.5 s
        planEnum             [CPU]             4.8 s
        ctorAlloc(upload)    [CPU·IO]        13.0 s
        ctorGroup            [CPU]             0.7 s
        ctorForm             [GPU]             1.1 s
        (other)              [CPU]            41.9 s
    decimate                 [CPU]            37.3 s
      rho (dist)             [CPU]             7.3 s
      eigh (dist)            [CPU]            17.5 s
      share (MPI wait)       [CPU·IO]        10.1 s
      select+assemble        [CPU]             0.8 s
      (other)                [CPU]             1.5 s
    grow                     [GPU·CPU·IO]   198.5 s   (GPU 43.6 · IO 54.6 · CPU 100.3) · 108.49 TFLOPS total · 27.12/GPU
      gpu_proj (project)     [GPU·CPU·IO]   108.7 s
        recipe               [CPU]             0.6 s
        fap_exec             [GPU·IO]       101.0 s
        fap_merge            [CPU]             0.8 s
        fap_ctx              [CPU]             0.3 s
        fap_unpack           [CPU]             3.5 s
      reduceSH (MPI)         [CPU·IO]        13.3 s
        sync (hash+wait)     [CPU·IO]        10.5 s
        pack                 [CPU]             0.7 s
        xfer (NCCL/host)     [IO]              1.6 s
        unpack               [CPU]             0.4 s
      (other)                [CPU]            76.5 s
    predict                  [CPU]            24.0 s
    ooc                      [IO]              0.5 s
      load                   [IO]              0.5 s

################## Sweep 6/30 (backward) summary ##################
  Energy       -2987.5425483726 Ha
  dE vs prev sweep  -5.174e-04 Ha
  Discarded weight  2.259e-04  (max over this sweep's decimations)
  Rank 0: Host RAM sweep-peak 50473 MB · VmHWM 60671 MB   VRAM op-pool peak 30145 MB · total peak 61706 MB
  Rank 1: Host RAM sweep-peak 51159 MB · VmHWM 60751 MB   VRAM op-pool peak 30358 MB · total peak 62100 MB
  Rank 2: Host RAM sweep-peak 50462 MB · VmHWM 60356 MB   VRAM op-pool peak 30121 MB · total peak 61684 MB
  Rank 3: Host RAM sweep-peak 51116 MB · VmHWM 60744 MB   VRAM op-pool peak 30424 MB · total peak 62110 MB
  Block stores (peak bond, per rank): distributed A/B share 19160 MB (~K²M²/np) · owner cre/des 599 · S 300 MB (~KM²/np) · replicated floor 54 MB [stubs 3 (~KM) · H 50 (~M²)]
  OOC scratch  2030726 MB on disk  (sum over all ranks)
  Timings (wall 1076.4 s)
    build                    [CPU]           167.9 s
      formPQ                 [GPU·CPU·IO]    59.2 s   (GPU 5.4 · IO 17.9 · CPU 36.0)
        exec-gemm            [GPU]             1.3 s   (73.02 TFLOPS total · 18.26/GPU)
        exec-kern            [GPU]             4.1 s
        transfer             [IO]             17.9 s
        exec-hostprep        [CPU]            26.1 s
        prep (W+layout)      [CPU]             0.1 s
        complete (MPI)       [IO]              8.3 s
        wdesc (Wsub+reds)    [CPU]             0.4 s
        (other)              [CPU]             1.0 s
      [kern] executor reductions (all phases): res-zero 0.0 · gather 22.4 · reduce 41.7 · accumulate 1.4 s
      sys                    [CPU]             2.3 s
      env                    [CPU]             1.1 s
      compPQ-form            [CPU]             0.9 s
        bsblock              [CPU]             0.3 s
        match                [CPU]             0.6 s
          pump (src dedup)   [CPU]             0.3 s
          emit (owned)       [CPU]             0.2 s
          (other)            [CPU]             0.1 s
      assembly               [CPU]             0.4 s
      compS-form-gpu (MPI)   [GPU·CPU·IO]   103.5 s   (GPU 39.4 · IO 21.9 · CPU 42.2)
        bsblock (store walk) [CPU]             0.4 s
        recipe (host,replic) [CPU]             1.1 s
        form (gpu+D2H)       [GPU·IO]        84.6 s
        reduce (NCCL/host)   [IO]              5.9 s
        unpack (D2H)         [CPU·IO]        11.5 s
        (other)              [CPU]             0.1 s
      (other)                [CPU]             0.5 s
    matvec                   [GPU·CPU·IO]   502.7 s   (GPU 441.5 · IO 0.0 · CPU 61.2)
      gemm                   [GPU]           383.4 s   (117.23 TFLOPS total · 29.31/GPU)
      kern                   [GPU]            58.1 s
      host                   [CPU]            61.2 s
        planEnum             [CPU]             4.7 s
        ctorAlloc(upload)    [CPU·IO]        13.1 s
        ctorGroup            [CPU]             0.7 s
        ctorForm             [GPU]             1.1 s
        (other)              [CPU]            41.6 s
    decimate                 [CPU]            37.7 s
      rho (dist)             [CPU]             6.8 s
      eigh (dist)            [CPU]            17.0 s
      share (MPI wait)       [CPU·IO]        11.9 s
      select+assemble        [CPU]             0.7 s
      (other)                [CPU]             1.3 s
    grow                     [GPU·CPU·IO]   191.3 s   (GPU 41.3 · IO 51.4 · CPU 98.5) · 111.27 TFLOPS total · 27.82/GPU
      gpu_proj (project)     [GPU·CPU·IO]   103.1 s
        recipe               [CPU]             0.6 s
        fap_exec             [GPU·IO]        95.3 s
        fap_merge            [CPU]             0.8 s
        fap_ctx              [CPU]             0.3 s
        fap_unpack           [CPU]             3.4 s
      reduceSH (MPI)         [CPU·IO]        14.1 s
        sync (hash+wait)     [CPU·IO]        11.4 s
        pack                 [CPU]             0.7 s
        xfer (NCCL/host)     [IO]              1.6 s
        unpack               [CPU]             0.4 s
      (other)                [CPU]            74.2 s
    predict                  [CPU]            18.4 s
    ooc                      [IO]              0.5 s
      load                   [IO]              0.5 s

################## Sweep 7/30 (forward) summary ##################
  Energy       -2987.5429584056 Ha
  dE vs prev sweep  -4.100e-04 Ha
  Discarded weight  2.302e-04  (max over this sweep's decimations)
  Rank 0: Host RAM sweep-peak 50163 MB · VmHWM 60671 MB   VRAM op-pool peak 30145 MB · total peak 61706 MB
  Rank 1: Host RAM sweep-peak 49732 MB · VmHWM 60751 MB   VRAM op-pool peak 30358 MB · total peak 62100 MB
  Rank 2: Host RAM sweep-peak 49757 MB · VmHWM 60356 MB   VRAM op-pool peak 30121 MB · total peak 61684 MB
  Rank 3: Host RAM sweep-peak 50061 MB · VmHWM 60744 MB   VRAM op-pool peak 30424 MB · total peak 62110 MB
  Block stores (peak bond, per rank): distributed A/B share 19092 MB (~K²M²/np) · owner cre/des 600 · S 299 MB (~KM²/np) · replicated floor 54 MB [stubs 3 (~KM) · H 51 (~M²)]
  OOC scratch  2032928 MB on disk  (sum over all ranks)
  Timings (wall 5015.2 s)
    build                    [CPU]           162.3 s
      formPQ                 [GPU·CPU·IO]    55.5 s   (GPU 5.4 · IO 17.3 · CPU 32.8)
        exec-gemm            [GPU]             1.3 s   (72.76 TFLOPS total · 18.19/GPU)
        exec-kern            [GPU]             4.1 s
        transfer             [IO]             17.3 s
        exec-hostprep        [CPU]            25.5 s
        prep (W+layout)      [CPU]             0.1 s
        complete (MPI)       [IO]              5.7 s
        wdesc (Wsub+reds)    [CPU]             0.4 s
        (other)              [CPU]             1.0 s
      [kern] executor reductions (all phases): res-zero 0.0 · gather 23.4 · reduce 41.9 · accumulate 1.4 s
      sys                    [CPU]             1.1 s
      env                    [CPU]             2.2 s
      compPQ-form            [CPU]             0.9 s
        bsblock              [CPU]             0.3 s
        match                [CPU]             0.5 s
          pump (src dedup)   [CPU]             0.3 s
          emit (owned)       [CPU]             0.2 s
          (other)            [CPU]             0.1 s
      assembly               [CPU]             0.4 s
      compS-form-gpu (MPI)   [GPU·CPU·IO]   101.6 s   (GPU 39.5 · IO 21.3 · CPU 40.9)
        bsblock (store walk) [CPU]             0.4 s
        recipe (host,replic) [CPU]             1.1 s
        form (gpu+D2H)       [GPU·IO]        83.3 s
        reduce (NCCL/host)   [IO]              5.3 s
        unpack (D2H)         [CPU·IO]        11.4 s
        (other)              [CPU]             0.1 s
      (other)                [CPU]             0.5 s
    matvec                   [GPU·CPU·IO]   489.3 s   (GPU 428.7 · IO 0.0 · CPU 60.6)
      gemm                   [GPU]           372.4 s   (116.87 TFLOPS total · 29.22/GPU)
      kern                   [GPU]            56.3 s
      host                   [CPU]            60.6 s
        planEnum             [CPU]             4.7 s
        ctorAlloc(upload)    [CPU·IO]        13.2 s
        ctorGroup            [CPU]             0.7 s
        ctorForm             [GPU]             1.1 s
        (other)              [CPU]            40.9 s
    decimate                 [CPU]            37.3 s
      rho (dist)             [CPU]             7.5 s
      eigh (dist)            [CPU]            17.5 s
      share (MPI wait)       [CPU·IO]        10.0 s
      select+assemble        [CPU]             0.7 s
      (other)                [CPU]             1.6 s
    grow                     [GPU·CPU·IO]   194.9 s   (GPU 43.7 · IO 56.1 · CPU 95.2) · 109.12 TFLOPS total · 27.28/GPU
      gpu_proj (project)     [GPU·CPU·IO]   110.5 s
        recipe               [CPU]             0.6 s
        fap_exec             [GPU·IO]       102.6 s
        fap_merge            [CPU]             0.8 s
        fap_ctx              [CPU]             0.3 s
        fap_unpack           [CPU]             3.6 s
      reduceSH (MPI)         [CPU·IO]         7.3 s
        sync (hash+wait)     [CPU·IO]         4.6 s
        pack                 [CPU]             0.7 s
        xfer (NCCL/host)     [IO]              1.6 s
        unpack               [CPU]             0.4 s
      (other)                [CPU]            77.1 s
    predict                  [CPU]          3976.8 s
    ooc                      [IO]              0.5 s
      load                   [IO]              0.5 s

################## Sweep 8/30 (backward) summary ##################
  Energy       -2987.5431698023 Ha
  dE vs prev sweep  -2.114e-04 Ha
  Discarded weight  2.323e-04  (max over this sweep's decimations)
  Rank 0: Host RAM sweep-peak 50752 MB · VmHWM 60671 MB   VRAM op-pool peak 30281 MB · total peak 61706 MB
  Rank 1: Host RAM sweep-peak 51331 MB · VmHWM 60751 MB   VRAM op-pool peak 30492 MB · total peak 62100 MB
  Rank 2: Host RAM sweep-peak 50815 MB · VmHWM 60356 MB   VRAM op-pool peak 30258 MB · total peak 61684 MB
  Rank 3: Host RAM sweep-peak 51317 MB · VmHWM 60744 MB   VRAM op-pool peak 30559 MB · total peak 62110 MB
  Block stores (peak bond, per rank): distributed A/B share 19051 MB (~K²M²/np) · owner cre/des 601 · S 300 MB (~KM²/np) · replicated floor 54 MB [stubs 3 (~KM) · H 51 (~M²)]
  OOC scratch  2036995 MB on disk  (sum over all ranks)
  Timings (wall 1081.1 s)
    build                    [CPU]           168.3 s
      formPQ                 [GPU·CPU·IO]    59.1 s   (GPU 5.4 · IO 18.1 · CPU 35.5)
        exec-gemm            [GPU]             1.3 s   (72.72 TFLOPS total · 18.18/GPU)
        exec-kern            [GPU]             4.1 s
        transfer             [IO]             18.1 s
        exec-hostprep        [CPU]            25.5 s
        prep (W+layout)      [CPU]             0.1 s
        complete (MPI)       [IO]              8.4 s
        wdesc (Wsub+reds)    [CPU]             0.4 s
        (other)              [CPU]             1.1 s
      [kern] executor reductions (all phases): res-zero 0.0 · gather 22.5 · reduce 42.0 · accumulate 1.4 s
      sys                    [CPU]             2.5 s
      env                    [CPU]             1.1 s
      compPQ-form            [CPU]             0.9 s
        bsblock              [CPU]             0.2 s
        match                [CPU]             0.5 s
          pump (src dedup)   [CPU]             0.3 s
          emit (owned)       [CPU]             0.2 s
          (other)            [CPU]             0.1 s
      assembly               [CPU]             0.4 s
      compS-form-gpu (MPI)   [GPU·CPU·IO]   103.8 s   (GPU 39.6 · IO 22.2 · CPU 42.1)
        bsblock (store walk) [CPU]             0.4 s
        recipe (host,replic) [CPU]             1.1 s
        form (gpu+D2H)       [GPU·IO]        85.0 s
        reduce (NCCL/host)   [IO]              5.5 s
        unpack (D2H)         [CPU·IO]        11.6 s
        (other)              [CPU]             0.1 s
      (other)                [CPU]             0.5 s
    matvec                   [GPU·CPU·IO]   504.4 s   (GPU 442.7 · IO 0.0 · CPU 61.7)
      gemm                   [GPU]           384.6 s   (117.76 TFLOPS total · 29.44/GPU)
      kern                   [GPU]            58.0 s
      host                   [CPU]            61.7 s
        planEnum             [CPU]             4.8 s
        ctorAlloc(upload)    [CPU·IO]        13.4 s
        ctorGroup            [CPU]             0.7 s
        ctorForm             [GPU]             1.1 s
        (other)              [CPU]            41.8 s
    decimate                 [CPU]            37.7 s
      rho (dist)             [CPU]             7.0 s
      eigh (dist)            [CPU]            17.2 s
      share (MPI wait)       [CPU·IO]        11.4 s
      select+assemble        [CPU]             0.7 s
      (other)                [CPU]             1.4 s
    grow                     [GPU·CPU·IO]   193.6 s   (GPU 41.6 · IO 52.0 · CPU 100.0) · 111.89 TFLOPS total · 27.97/GPU
      gpu_proj (project)     [GPU·CPU·IO]   104.3 s
        recipe               [CPU]             0.6 s
        fap_exec             [GPU·IO]        96.3 s
        fap_merge            [CPU]             0.9 s
        fap_ctx              [CPU]             0.3 s
        fap_unpack           [CPU]             3.5 s
      reduceSH (MPI)         [CPU·IO]        12.3 s
        sync (hash+wait)     [CPU·IO]         9.6 s
        pack                 [CPU]             0.6 s
        xfer (NCCL/host)     [IO]              1.6 s
        unpack               [CPU]             0.4 s
      (other)                [CPU]            77.0 s
    predict                  [CPU]            18.5 s
    ooc                      [IO]              0.5 s
      load                   [IO]              0.5 s

################## Sweep 9/30 (forward) summary ##################
  Energy       -2987.5433628010 Ha
  dE vs prev sweep  -1.930e-04 Ha
  Discarded weight  2.341e-04  (max over this sweep's decimations)
  Rank 0: Host RAM sweep-peak 49746 MB · VmHWM 60671 MB   VRAM op-pool peak 30281 MB · total peak 61706 MB
  Rank 1: Host RAM sweep-peak 49486 MB · VmHWM 60751 MB   VRAM op-pool peak 30492 MB · total peak 62100 MB
  Rank 2: Host RAM sweep-peak 49689 MB · VmHWM 60356 MB   VRAM op-pool peak 30258 MB · total peak 61684 MB
  Rank 3: Host RAM sweep-peak 49880 MB · VmHWM 60744 MB   VRAM op-pool peak 30559 MB · total peak 62110 MB
  Block stores (peak bond, per rank): distributed A/B share 19124 MB (~K²M²/np) · owner cre/des 601 · S 300 MB (~KM²/np) · replicated floor 54 MB [stubs 3 (~KM) · H 51 (~M²)]
  OOC scratch  2035629 MB on disk  (sum over all ranks)
  Timings (wall 1065.3 s)
    build                    [CPU]           162.0 s
      formPQ                 [GPU·CPU·IO]    55.0 s   (GPU 5.5 · IO 17.7 · CPU 31.9)
        exec-gemm            [GPU]             1.3 s   (72.78 TFLOPS total · 18.20/GPU)
        exec-kern            [GPU]             4.2 s
        transfer             [IO]             17.7 s
        exec-hostprep        [CPU]            26.0 s
        prep (W+layout)      [CPU]             0.1 s
        complete (MPI)       [IO]              4.3 s
        wdesc (Wsub+reds)    [CPU]             0.4 s
        (other)              [CPU]             1.0 s
      [kern] executor reductions (all phases): res-zero 0.0 · gather 23.5 · reduce 42.1 · accumulate 1.4 s
      sys                    [CPU]             1.1 s
      env                    [CPU]             2.3 s
      compPQ-form            [CPU]             1.0 s
        bsblock              [CPU]             0.3 s
        match                [CPU]             0.6 s
          pump (src dedup)   [CPU]             0.3 s
          emit (owned)       [CPU]             0.2 s
          (other)            [CPU]             0.1 s
      assembly               [CPU]             0.4 s
      compS-form-gpu (MPI)   [GPU·CPU·IO]   101.8 s   (GPU 39.7 · IO 21.7 · CPU 40.4)
        bsblock (store walk) [CPU]             0.4 s
        recipe (host,replic) [CPU]             1.1 s
        form (gpu+D2H)       [GPU·IO]        84.1 s
        reduce (NCCL/host)   [IO]              4.5 s
        unpack (D2H)         [CPU·IO]        11.5 s
        (other)              [CPU]             0.1 s
      (other)                [CPU]             0.5 s
    matvec                   [GPU·CPU·IO]   487.0 s   (GPU 426.4 · IO 0.0 · CPU 60.6)
      gemm                   [GPU]           370.4 s   (117.30 TFLOPS total · 29.33/GPU)
      kern                   [GPU]            56.0 s
      host                   [CPU]            60.6 s
        planEnum             [CPU]             4.8 s
        ctorAlloc(upload)    [CPU·IO]        13.6 s
        ctorGroup            [CPU]             0.7 s
        ctorForm             [GPU]             1.1 s
        (other)              [CPU]            40.4 s
    decimate                 [CPU]            37.7 s
      rho (dist)             [CPU]             7.5 s
      eigh (dist)            [CPU]            17.7 s
      share (MPI wait)       [CPU·IO]        10.3 s
      select+assemble        [CPU]             0.7 s
      (other)                [CPU]             1.5 s
    grow                     [GPU·CPU·IO]   197.2 s   (GPU 43.9 · IO 56.0 · CPU 97.4) · 109.12 TFLOPS total · 27.28/GPU
      gpu_proj (project)     [GPU·CPU·IO]   110.6 s
        recipe               [CPU]             0.6 s
        fap_exec             [GPU·IO]       102.7 s
        fap_merge            [CPU]             0.9 s
        fap_ctx              [CPU]             0.3 s
        fap_unpack           [CPU]             3.6 s
      reduceSH (MPI)         [CPU·IO]         9.3 s
        sync (hash+wait)     [CPU·IO]         6.6 s
        pack                 [CPU]             0.7 s
        xfer (NCCL/host)     [IO]              1.6 s
        unpack               [CPU]             0.4 s
      (other)                [CPU]            77.3 s
    predict                  [CPU]            25.4 s
    ooc                      [IO]              0.6 s
      load                   [IO]              0.5 s

################## Sweep 10/30 (backward) summary ##################
  Energy       -2987.5434639084 Ha
  dE vs prev sweep  -1.011e-04 Ha
  Discarded weight  2.351e-04  (max over this sweep's decimations)
  Rank 0: Host RAM sweep-peak 50183 MB · VmHWM 60671 MB   VRAM op-pool peak 30364 MB · total peak 61706 MB
  Rank 1: Host RAM sweep-peak 50631 MB · VmHWM 60751 MB   VRAM op-pool peak 30575 MB · total peak 62100 MB
  Rank 2: Host RAM sweep-peak 49829 MB · VmHWM 60356 MB   VRAM op-pool peak 30341 MB · total peak 61684 MB
  Rank 3: Host RAM sweep-peak 50675 MB · VmHWM 60744 MB   VRAM op-pool peak 30641 MB · total peak 62110 MB
  Block stores (peak bond, per rank): distributed A/B share 19071 MB (~K²M²/np) · owner cre/des 602 · S 300 MB (~KM²/np) · replicated floor 54 MB [stubs 3 (~KM) · H 51 (~M²)]
  OOC scratch  2014555 MB on disk  (sum over all ranks)
  Timings (wall 1059.5 s)
    build                    [CPU]           166.3 s
      formPQ                 [GPU·CPU·IO]    57.3 s   (GPU 5.5 · IO 18.3 · CPU 33.6)
        exec-gemm            [GPU]             1.3 s   (72.67 TFLOPS total · 18.17/GPU)
        exec-kern            [GPU]             4.2 s
        transfer             [IO]             18.3 s
        exec-hostprep        [CPU]            25.0 s
        prep (W+layout)      [CPU]             0.1 s
        complete (MPI)       [IO]              7.0 s
        wdesc (Wsub+reds)    [CPU]             0.4 s
        (other)              [CPU]             1.0 s
      [kern] executor reductions (all phases): res-zero 0.0 · gather 22.4 · reduce 42.1 · accumulate 1.4 s
      sys                    [CPU]             2.2 s
      env                    [CPU]             1.1 s
      compPQ-form            [CPU]             0.9 s
        bsblock              [CPU]             0.3 s
        match                [CPU]             0.5 s
          pump (src dedup)   [CPU]             0.3 s
          emit (owned)       [CPU]             0.1 s
          (other)            [CPU]             0.1 s
      assembly               [CPU]             0.4 s
      compS-form-gpu (MPI)   [GPU·CPU·IO]   103.9 s   (GPU 39.7 · IO 22.3 · CPU 41.9)
        bsblock (store walk) [CPU]             0.4 s
        recipe (host,replic) [CPU]             1.1 s
        form (gpu+D2H)       [GPU·IO]        85.4 s
        reduce (NCCL/host)   [IO]              5.3 s
        unpack (D2H)         [CPU·IO]        11.5 s
        (other)              [CPU]             0.1 s
      (other)                [CPU]             0.5 s
    matvec                   [GPU·CPU·IO]   488.0 s   (GPU 426.7 · IO 0.0 · CPU 61.3)
      gemm                   [GPU]           370.7 s   (118.02 TFLOPS total · 29.50/GPU)
      kern                   [GPU]            56.0 s
      host                   [CPU]            61.3 s
        planEnum             [CPU]             4.7 s
        ctorAlloc(upload)    [CPU·IO]        13.4 s
        ctorGroup            [CPU]             0.7 s
        ctorForm             [GPU]             1.1 s
        (other)              [CPU]            41.3 s
    decimate                 [CPU]            38.2 s
      rho (dist)             [CPU]             6.9 s
      eigh (dist)            [CPU]            17.1 s
      share (MPI wait)       [CPU·IO]        12.2 s
      select+assemble        [CPU]             0.7 s
      (other)                [CPU]             1.4 s
    grow                     [GPU·CPU·IO]   189.5 s   (GPU 41.3 · IO 52.0 · CPU 96.2) · 111.92 TFLOPS total · 27.98/GPU
      gpu_proj (project)     [GPU·CPU·IO]   103.8 s
        recipe               [CPU]             0.6 s
        fap_exec             [GPU·IO]        96.0 s
        fap_merge            [CPU]             0.9 s
        fap_ctx              [CPU]             0.3 s
        fap_unpack           [CPU]             3.5 s
      reduceSH (MPI)         [CPU·IO]        10.9 s
        sync (hash+wait)     [CPU·IO]         8.2 s
        pack                 [CPU]             0.7 s
        xfer (NCCL/host)     [IO]              1.6 s
        unpack               [CPU]             0.4 s
      (other)                [CPU]            74.8 s
    predict                  [CPU]            19.4 s
    ooc                      [IO]              0.5 s
      load                   [IO]              0.5 s

################## Sweep 11/30 (forward) summary ##################
  Energy       -2987.5435531328 Ha
  dE vs prev sweep  -8.922e-05 Ha
  Discarded weight  2.368e-04  (max over this sweep's decimations)
  Rank 0: Host RAM sweep-peak 50675 MB · VmHWM 60671 MB   VRAM op-pool peak 30364 MB · total peak 61706 MB
  Rank 1: Host RAM sweep-peak 50117 MB · VmHWM 60751 MB   VRAM op-pool peak 30575 MB · total peak 62100 MB
  Rank 2: Host RAM sweep-peak 50364 MB · VmHWM 60356 MB   VRAM op-pool peak 30341 MB · total peak 61684 MB
  Rank 3: Host RAM sweep-peak 50536 MB · VmHWM 60744 MB   VRAM op-pool peak 30641 MB · total peak 62110 MB
  Block stores (peak bond, per rank): distributed A/B share 18970 MB (~K²M²/np) · owner cre/des 601 · S 300 MB (~KM²/np) · replicated floor 54 MB [stubs 3 (~KM) · H 51 (~M²)]
  OOC scratch  2034760 MB on disk  (sum over all ranks)
  Timings (wall 1065.3 s)
    build                    [CPU]           165.3 s
      formPQ                 [GPU·CPU·IO]    58.0 s   (GPU 5.5 · IO 17.6 · CPU 35.0)
        exec-gemm            [GPU]             1.3 s   (72.59 TFLOPS total · 18.15/GPU)
        exec-kern            [GPU]             4.2 s
        transfer             [IO]             17.6 s
        exec-hostprep        [CPU]            25.5 s
        prep (W+layout)      [CPU]             0.1 s
        complete (MPI)       [IO]              7.9 s
        wdesc (Wsub+reds)    [CPU]             0.4 s
        (other)              [CPU]             1.0 s
      [kern] executor reductions (all phases): res-zero 0.0 · gather 23.4 · reduce 42.1 · accumulate 1.4 s
      sys                    [CPU]             1.1 s
      env                    [CPU]             2.2 s
      compPQ-form            [CPU]             0.9 s
        bsblock              [CPU]             0.2 s
        match                [CPU]             0.5 s
          pump (src dedup)   [CPU]             0.3 s
          emit (owned)       [CPU]             0.2 s
          (other)            [CPU]             0.1 s
      assembly               [CPU]             0.4 s
      compS-form-gpu (MPI)   [GPU·CPU·IO]   102.1 s   (GPU 39.7 · IO 21.4 · CPU 41.1)
        bsblock (store walk) [CPU]             0.4 s
        recipe (host,replic) [CPU]             1.1 s
        form (gpu+D2H)       [GPU·IO]        83.6 s
        reduce (NCCL/host)   [IO]              5.3 s
        unpack (D2H)         [CPU·IO]        11.6 s
        (other)              [CPU]             0.1 s
      (other)                [CPU]             0.5 s
    matvec                   [GPU·CPU·IO]   481.1 s   (GPU 420.0 · IO 0.0 · CPU 61.0)
      gemm                   [GPU]           364.7 s   (117.72 TFLOPS total · 29.43/GPU)
      kern                   [GPU]            55.3 s
      host                   [CPU]            61.0 s
        planEnum             [CPU]             4.7 s
        ctorAlloc(upload)    [CPU·IO]        13.3 s
        ctorGroup            [CPU]             0.7 s
        ctorForm             [GPU]             1.1 s
        (other)              [CPU]            41.3 s
    decimate                 [CPU]            37.6 s
      rho (dist)             [CPU]             7.9 s
      eigh (dist)            [CPU]            18.1 s
      share (MPI wait)       [CPU·IO]         9.3 s
      select+assemble        [CPU]             0.8 s
      (other)                [CPU]             1.5 s
    grow                     [GPU·CPU·IO]   199.2 s   (GPU 43.9 · IO 55.8 · CPU 99.5) · 109.53 TFLOPS total · 27.38/GPU
      gpu_proj (project)     [GPU·CPU·IO]   110.4 s
        recipe               [CPU]             0.6 s
        fap_exec             [GPU·IO]       102.5 s
        fap_merge            [CPU]             0.9 s
        fap_ctx              [CPU]             0.3 s
        fap_unpack           [CPU]             3.6 s
      reduceSH (MPI)         [CPU·IO]        11.4 s
        sync (hash+wait)     [CPU·IO]         8.6 s
        pack                 [CPU]             0.6 s
        xfer (NCCL/host)     [IO]              1.7 s
        unpack               [CPU]             0.4 s
      (other)                [CPU]            77.4 s
    predict                  [CPU]            25.2 s
    ooc                      [IO]              0.4 s
      load                   [IO]              0.4 s

################## Sweep 12/30 (backward) summary ##################
  Energy       -2987.5435991680 Ha
  dE vs prev sweep  -4.604e-05 Ha
  Discarded weight  2.371e-04  (max over this sweep's decimations)
  Rank 0: Host RAM sweep-peak 50673 MB · VmHWM 60850 MB   VRAM op-pool peak 30374 MB · total peak 61706 MB
  Rank 1: Host RAM sweep-peak 51356 MB · VmHWM 61014 MB   VRAM op-pool peak 30584 MB · total peak 62100 MB
  Rank 2: Host RAM sweep-peak 50736 MB · VmHWM 60610 MB   VRAM op-pool peak 30351 MB · total peak 61684 MB
  Rank 3: Host RAM sweep-peak 51200 MB · VmHWM 61066 MB   VRAM op-pool peak 30651 MB · total peak 62110 MB
  Block stores (peak bond, per rank): distributed A/B share 19261 MB (~K²M²/np) · owner cre/des 602 · S 300 MB (~KM²/np) · replicated floor 54 MB [stubs 3 (~KM) · H 51 (~M²)]
  OOC scratch  2044209 MB on disk  (sum over all ranks)
  Timings (wall 1058.3 s)
    build                    [CPU]           168.3 s
      formPQ                 [GPU·CPU·IO]    58.2 s   (GPU 5.4 · IO 18.3 · CPU 34.5)
        exec-gemm            [GPU]             1.3 s   (72.73 TFLOPS total · 18.18/GPU)
        exec-kern            [GPU]             4.1 s
        transfer             [IO]             18.3 s
        exec-hostprep        [CPU]            24.6 s
        prep (W+layout)      [CPU]             0.1 s
        complete (MPI)       [IO]              8.2 s
        wdesc (Wsub+reds)    [CPU]             0.4 s
        (other)              [CPU]             1.0 s
      [kern] executor reductions (all phases): res-zero 0.0 · gather 22.4 · reduce 42.0 · accumulate 1.4 s
      sys                    [CPU]             2.4 s
      env                    [CPU]             1.1 s
      compPQ-form            [CPU]             0.9 s
        bsblock              [CPU]             0.3 s
        match                [CPU]             0.5 s
          pump (src dedup)   [CPU]             0.3 s
          emit (owned)       [CPU]             0.2 s
          (other)            [CPU]             0.1 s
      assembly               [CPU]             0.4 s
      compS-form-gpu (MPI)   [GPU·CPU·IO]   104.7 s   (GPU 39.6 · IO 22.2 · CPU 42.9)
        bsblock (store walk) [CPU]             0.4 s
        recipe (host,replic) [CPU]             1.1 s
        form (gpu+D2H)       [GPU·IO]        86.4 s
        reduce (NCCL/host)   [IO]              5.1 s
        unpack (D2H)         [CPU·IO]        11.5 s
        (other)              [CPU]             0.1 s
      (other)                [CPU]             0.5 s
    matvec                   [GPU·CPU·IO]   484.0 s   (GPU 423.1 · IO 0.0 · CPU 60.9)
      gemm                   [GPU]           367.6 s   (118.13 TFLOPS total · 29.53/GPU)
      kern                   [GPU]            55.5 s
      host                   [CPU]            60.9 s
        planEnum             [CPU]             4.7 s
        ctorAlloc(upload)    [CPU·IO]        13.5 s
        ctorGroup            [CPU]             0.7 s
        ctorForm             [GPU]             1.1 s
        (other)              [CPU]            40.9 s
    decimate                 [CPU]            37.8 s
      rho (dist)             [CPU]             6.9 s
      eigh (dist)            [CPU]            17.3 s
      share (MPI wait)       [CPU·IO]        11.4 s
      select+assemble        [CPU]             0.8 s
      (other)                [CPU]             1.4 s
    grow                     [GPU·CPU·IO]   190.3 s   (GPU 41.4 · IO 52.3 · CPU 96.7) · 112.56 TFLOPS total · 28.14/GPU
      gpu_proj (project)     [GPU·CPU·IO]   104.3 s
        recipe               [CPU]             0.6 s
        fap_exec             [GPU·IO]        96.4 s
        fap_merge            [CPU]             0.9 s
        fap_ctx              [CPU]             0.3 s
        fap_unpack           [CPU]             3.5 s
      reduceSH (MPI)         [CPU·IO]        10.4 s
        sync (hash+wait)     [CPU·IO]         7.7 s
        pack                 [CPU]             0.7 s
        xfer (NCCL/host)     [IO]              1.6 s
        unpack               [CPU]             0.4 s
      (other)                [CPU]            75.6 s
    predict                  [CPU]            18.7 s
    ooc                      [IO]              0.5 s
      load                   [IO]              0.5 s

################## Sweep 13/30 (forward) summary ##################
  Energy       -2987.5436446441 Ha
  dE vs prev sweep  -4.548e-05 Ha
  Discarded weight  2.381e-04  (max over this sweep's decimations)
  Rank 0: Host RAM sweep-peak 50013 MB · VmHWM 60850 MB   VRAM op-pool peak 30374 MB · total peak 61706 MB
  Rank 1: Host RAM sweep-peak 49626 MB · VmHWM 61014 MB   VRAM op-pool peak 30584 MB · total peak 62100 MB
  Rank 2: Host RAM sweep-peak 49823 MB · VmHWM 60741 MB   VRAM op-pool peak 30351 MB · total peak 61684 MB
  Rank 3: Host RAM sweep-peak 49994 MB · VmHWM 61066 MB   VRAM op-pool peak 30651 MB · total peak 62110 MB
  Block stores (peak bond, per rank): distributed A/B share 19207 MB (~K²M²/np) · owner cre/des 602 · S 300 MB (~KM²/np) · replicated floor 54 MB [stubs 3 (~KM) · H 51 (~M²)]
  OOC scratch  2052140 MB on disk  (sum over all ranks)
  Timings (wall 1062.6 s)
    build                    [CPU]           165.9 s
      formPQ                 [GPU·CPU·IO]    57.4 s   (GPU 5.4 · IO 17.7 · CPU 34.3)
        exec-gemm            [GPU]             1.3 s   (73.01 TFLOPS total · 18.25/GPU)
        exec-kern            [GPU]             4.1 s
        transfer             [IO]             17.7 s
        exec-hostprep        [CPU]            25.3 s
        prep (W+layout)      [CPU]             0.1 s
        complete (MPI)       [IO]              7.4 s
        wdesc (Wsub+reds)    [CPU]             0.4 s
        (other)              [CPU]             1.0 s
      [kern] executor reductions (all phases): res-zero 0.0 · gather 23.4 · reduce 42.0 · accumulate 1.4 s
      sys                    [CPU]             1.1 s
      env                    [CPU]             2.3 s
      compPQ-form            [CPU]             0.9 s
        bsblock              [CPU]             0.2 s
        match                [CPU]             0.5 s
          pump (src dedup)   [CPU]             0.2 s
          emit (owned)       [CPU]             0.2 s
          (other)            [CPU]             0.1 s
      assembly               [CPU]             0.4 s
      compS-form-gpu (MPI)   [GPU·CPU·IO]   103.3 s   (GPU 39.6 · IO 21.6 · CPU 42.0)
        bsblock (store walk) [CPU]             0.4 s
        recipe (host,replic) [CPU]             1.1 s
        form (gpu+D2H)       [GPU·IO]        83.8 s
        reduce (NCCL/host)   [IO]              6.4 s
        unpack (D2H)         [CPU·IO]        11.4 s
        (other)              [CPU]             0.1 s
      (other)                [CPU]             0.5 s
    matvec                   [GPU·CPU·IO]   479.6 s   (GPU 418.7 · IO 0.0 · CPU 60.9)
      gemm                   [GPU]           363.7 s   (117.71 TFLOPS total · 29.43/GPU)
      kern                   [GPU]            55.0 s
      host                   [CPU]            60.9 s
        planEnum             [CPU]             4.7 s
        ctorAlloc(upload)    [CPU·IO]        13.2 s
        ctorGroup            [CPU]             0.7 s
        ctorForm             [GPU]             1.1 s
        (other)              [CPU]            41.3 s
    decimate                 [CPU]            37.8 s
      rho (dist)             [CPU]             7.8 s
      eigh (dist)            [CPU]            17.6 s
      share (MPI wait)       [CPU·IO]        10.2 s
      select+assemble        [CPU]             0.8 s
      (other)                [CPU]             1.4 s
    grow                     [GPU·CPU·IO]   198.5 s   (GPU 43.8 · IO 56.6 · CPU 98.1) · 109.33 TFLOPS total · 27.33/GPU
      gpu_proj (project)     [GPU·CPU·IO]   111.1 s
        recipe               [CPU]             0.6 s
        fap_exec             [GPU·IO]       103.1 s
        fap_merge            [CPU]             0.8 s
        fap_ctx              [CPU]             0.3 s
        fap_unpack           [CPU]             3.6 s
      reduceSH (MPI)         [CPU·IO]         9.1 s
        sync (hash+wait)     [CPU·IO]         6.4 s
        pack                 [CPU]             0.6 s
        xfer (NCCL/host)     [IO]              1.7 s
        unpack               [CPU]             0.4 s
      (other)                [CPU]            78.3 s
    predict                  [CPU]            24.5 s
    ooc                      [IO]              0.5 s
      load                   [IO]              0.5 s

################## Sweep 14/30 (backward) summary ##################
  Energy       -2987.5436748683 Ha
  dE vs prev sweep  -3.022e-05 Ha
  Discarded weight  2.383e-04  (max over this sweep's decimations)
  Rank 0: Host RAM sweep-peak 49659 MB · VmHWM 60850 MB   VRAM op-pool peak 30400 MB · total peak 61706 MB
  Rank 1: Host RAM sweep-peak 50240 MB · VmHWM 61014 MB   VRAM op-pool peak 30610 MB · total peak 62100 MB
  Rank 2: Host RAM sweep-peak 49616 MB · VmHWM 60741 MB   VRAM op-pool peak 30377 MB · total peak 61684 MB
  Rank 3: Host RAM sweep-peak 50354 MB · VmHWM 61066 MB   VRAM op-pool peak 30676 MB · total peak 62110 MB
  Block stores (peak bond, per rank): distributed A/B share 19135 MB (~K²M²/np) · owner cre/des 601 · S 300 MB (~KM²/np) · replicated floor 54 MB [stubs 3 (~KM) · H 51 (~M²)]
  OOC scratch  2044498 MB on disk  (sum over all ranks)
  Timings (wall 1057.6 s)
    build                    [CPU]           165.1 s
      formPQ                 [GPU·CPU·IO]    56.7 s   (GPU 5.5 · IO 18.2 · CPU 33.0)
        exec-gemm            [GPU]             1.3 s   (72.97 TFLOPS total · 18.24/GPU)
        exec-kern            [GPU]             4.2 s
        transfer             [IO]             18.2 s
        exec-hostprep        [CPU]            26.4 s
        prep (W+layout)      [CPU]             0.1 s
        complete (MPI)       [IO]              5.1 s
        wdesc (Wsub+reds)    [CPU]             0.4 s
        (other)              [CPU]             1.0 s
      [kern] executor reductions (all phases): res-zero 0.0 · gather 22.3 · reduce 42.1 · accumulate 1.4 s
      sys                    [CPU]             2.1 s
      env                    [CPU]             1.1 s
      compPQ-form            [CPU]             0.9 s
        bsblock              [CPU]             0.3 s
        match                [CPU]             0.6 s
          pump (src dedup)   [CPU]             0.3 s
          emit (owned)       [CPU]             0.2 s
          (other)            [CPU]             0.1 s
      assembly               [CPU]             0.4 s
      compS-form-gpu (MPI)   [GPU·CPU·IO]   103.3 s   (GPU 39.6 · IO 22.1 · CPU 41.5)
        bsblock (store walk) [CPU]             0.4 s
        recipe (host,replic) [CPU]             1.1 s
        form (gpu+D2H)       [GPU·IO]        85.1 s
        reduce (NCCL/host)   [IO]              4.9 s
        unpack (D2H)         [CPU·IO]        11.6 s
        (other)              [CPU]             0.1 s
      (other)                [CPU]             0.5 s
    matvec                   [GPU·CPU·IO]   485.7 s   (GPU 424.3 · IO 0.0 · CPU 61.4)
      gemm                   [GPU]           368.7 s   (117.93 TFLOPS total · 29.48/GPU)
      kern                   [GPU]            55.5 s
      host                   [CPU]            61.4 s
        planEnum             [CPU]             4.7 s
        ctorAlloc(upload)    [CPU·IO]        13.6 s
        ctorGroup            [CPU]             0.7 s
        ctorForm             [GPU]             1.1 s
        (other)              [CPU]            41.3 s
    decimate                 [CPU]            37.9 s
      rho (dist)             [CPU]             6.8 s
      eigh (dist)            [CPU]            17.1 s
      share (MPI wait)       [CPU·IO]        11.8 s
      select+assemble        [CPU]             0.7 s
      (other)                [CPU]             1.4 s
    grow                     [GPU·CPU·IO]   190.3 s   (GPU 41.3 · IO 52.0 · CPU 97.1) · 112.27 TFLOPS total · 28.07/GPU
      gpu_proj (project)     [GPU·CPU·IO]   104.0 s
        recipe               [CPU]             0.6 s
        fap_exec             [GPU·IO]        96.0 s
        fap_merge            [CPU]             0.9 s
        fap_ctx              [CPU]             0.3 s
        fap_unpack           [CPU]             3.4 s
      reduceSH (MPI)         [CPU·IO]        10.1 s
        sync (hash+wait)     [CPU·IO]         7.4 s
        pack                 [CPU]             0.7 s
        xfer (NCCL/host)     [IO]              1.6 s
        unpack               [CPU]             0.4 s
      (other)                [CPU]            76.2 s
    predict                  [CPU]            18.9 s
    ooc                      [IO]              0.4 s
      load                   [IO]              0.4 s

################## Sweep 15/30 (forward) summary ##################
  Energy       -2987.5437106496 Ha
  dE vs prev sweep  -3.578e-05 Ha
  Discarded weight  2.391e-04  (max over this sweep's decimations)
  Rank 0: Host RAM sweep-peak 50079 MB · VmHWM 60850 MB   VRAM op-pool peak 30400 MB · total peak 61706 MB
  Rank 1: Host RAM sweep-peak 49651 MB · VmHWM 61014 MB   VRAM op-pool peak 30610 MB · total peak 62100 MB
  Rank 2: Host RAM sweep-peak 50017 MB · VmHWM 60741 MB   VRAM op-pool peak 30377 MB · total peak 61684 MB
  Rank 3: Host RAM sweep-peak 50128 MB · VmHWM 61066 MB   VRAM op-pool peak 30676 MB · total peak 62110 MB
  Block stores (peak bond, per rank): distributed A/B share 18916 MB (~K²M²/np) · owner cre/des 602 · S 300 MB (~KM²/np) · replicated floor 54 MB [stubs 3 (~KM) · H 51 (~M²)]
  OOC scratch  2055281 MB on disk  (sum over all ranks)
  Timings (wall 1065.1 s)
    build                    [CPU]           164.7 s
      formPQ                 [GPU·CPU·IO]    57.5 s   (GPU 5.5 · IO 17.4 · CPU 34.6)
        exec-gemm            [GPU]             1.3 s   (72.86 TFLOPS total · 18.21/GPU)
        exec-kern            [GPU]             4.2 s
        transfer             [IO]             17.4 s
        exec-hostprep        [CPU]            25.7 s
        prep (W+layout)      [CPU]             0.1 s
        complete (MPI)       [IO]              7.3 s
        wdesc (Wsub+reds)    [CPU]             0.4 s
        (other)              [CPU]             1.1 s
      [kern] executor reductions (all phases): res-zero 0.0 · gather 23.3 · reduce 42.0 · accumulate 1.4 s
      sys                    [CPU]             1.1 s
      env                    [CPU]             2.1 s
      compPQ-form            [CPU]             0.9 s
        bsblock              [CPU]             0.2 s
        match                [CPU]             0.6 s
          pump (src dedup)   [CPU]             0.3 s
          emit (owned)       [CPU]             0.2 s
          (other)            [CPU]             0.1 s
      assembly               [CPU]             0.4 s
      compS-form-gpu (MPI)   [GPU·CPU·IO]   102.2 s   (GPU 39.6 · IO 21.3 · CPU 41.3)
        bsblock (store walk) [CPU]             0.4 s
        recipe (host,replic) [CPU]             1.1 s
        form (gpu+D2H)       [GPU·IO]        83.6 s
        reduce (NCCL/host)   [IO]              5.5 s
        unpack (D2H)         [CPU·IO]        11.5 s
        (other)              [CPU]             0.1 s
      (other)                [CPU]             0.5 s
    matvec                   [GPU·CPU·IO]   482.4 s   (GPU 421.2 · IO 0.0 · CPU 61.1)
      gemm                   [GPU]           366.1 s   (117.59 TFLOPS total · 29.40/GPU)
      kern                   [GPU]            55.2 s
      host                   [CPU]            61.1 s
        planEnum             [CPU]             4.7 s
        ctorAlloc(upload)    [CPU·IO]        13.1 s
        ctorGroup            [CPU]             0.7 s
        ctorForm             [GPU]             1.1 s
        (other)              [CPU]            41.5 s
    decimate                 [CPU]            37.5 s
      rho (dist)             [CPU]             7.9 s
      eigh (dist)            [CPU]            17.8 s
      share (MPI wait)       [CPU·IO]         9.5 s
      select+assemble        [CPU]             0.8 s
      (other)                [CPU]             1.5 s
    grow                     [GPU·CPU·IO]   199.3 s   (GPU 43.8 · IO 56.1 · CPU 99.5) · 109.26 TFLOPS total · 27.32/GPU
      gpu_proj (project)     [GPU·CPU·IO]   110.6 s
        recipe               [CPU]             0.6 s
        fap_exec             [GPU·IO]       102.7 s
        fap_merge            [CPU]             0.9 s
        fap_ctx              [CPU]             0.3 s
        fap_unpack           [CPU]             3.6 s
      reduceSH (MPI)         [CPU·IO]        10.4 s
        sync (hash+wait)     [CPU·IO]         7.7 s
        pack                 [CPU]             0.7 s
        xfer (NCCL/host)     [IO]              1.6 s
        unpack               [CPU]             0.4 s
      (other)                [CPU]            78.3 s
    predict                  [CPU]            24.5 s
    ooc                      [IO]              0.4 s
      load                   [IO]              0.4 s

################## Sweep 16/30 (backward) summary ##################
  Energy       -2987.5437345354 Ha
  dE vs prev sweep  -2.389e-05 Ha
  Discarded weight  2.391e-04  (max over this sweep's decimations)
  Rank 0: Host RAM sweep-peak 51074 MB · VmHWM 60850 MB   VRAM op-pool peak 30427 MB · total peak 61706 MB
  Rank 1: Host RAM sweep-peak 51418 MB · VmHWM 61014 MB   VRAM op-pool peak 30636 MB · total peak 62100 MB
  Rank 2: Host RAM sweep-peak 50672 MB · VmHWM 60741 MB   VRAM op-pool peak 30403 MB · total peak 61684 MB
  Rank 3: Host RAM sweep-peak 51415 MB · VmHWM 61066 MB   VRAM op-pool peak 30703 MB · total peak 62110 MB
  Block stores (peak bond, per rank): distributed A/B share 19062 MB (~K²M²/np) · owner cre/des 602 · S 301 MB (~KM²/np) · replicated floor 54 MB [stubs 3 (~KM) · H 51 (~M²)]
  OOC scratch  2044311 MB on disk  (sum over all ranks)
  Timings (wall 1058.5 s)
    build                    [CPU]           167.3 s
      formPQ                 [GPU·CPU·IO]    58.1 s   (GPU 5.5 · IO 18.4 · CPU 34.2)
        exec-gemm            [GPU]             1.3 s   (72.59 TFLOPS total · 18.15/GPU)
        exec-kern            [GPU]             4.2 s
        transfer             [IO]             18.4 s
        exec-hostprep        [CPU]            25.8 s
        prep (W+layout)      [CPU]             0.1 s
        complete (MPI)       [IO]              6.8 s
        wdesc (Wsub+reds)    [CPU]             0.4 s
        (other)              [CPU]             1.0 s
      [kern] executor reductions (all phases): res-zero 0.0 · gather 22.3 · reduce 42.0 · accumulate 1.4 s
      sys                    [CPU]             2.4 s
      env                    [CPU]             1.1 s
      compPQ-form            [CPU]             0.9 s
        bsblock              [CPU]             0.3 s
        match                [CPU]             0.5 s
          pump (src dedup)   [CPU]             0.3 s
          emit (owned)       [CPU]             0.2 s
          (other)            [CPU]             0.1 s
      assembly               [CPU]             0.4 s
      compS-form-gpu (MPI)   [GPU·CPU·IO]   103.9 s   (GPU 39.6 · IO 22.3 · CPU 41.9)
        bsblock (store walk) [CPU]             0.4 s
        recipe (host,replic) [CPU]             1.1 s
        form (gpu+D2H)       [GPU·IO]        85.5 s
        reduce (NCCL/host)   [IO]              5.0 s
        unpack (D2H)         [CPU·IO]        11.8 s
        (other)              [CPU]             0.1 s
      (other)                [CPU]             0.5 s
    matvec                   [GPU·CPU·IO]   483.8 s   (GPU 423.2 · IO 0.0 · CPU 60.6)
      gemm                   [GPU]           368.0 s   (117.86 TFLOPS total · 29.47/GPU)
      kern                   [GPU]            55.2 s
      host                   [CPU]            60.6 s
        planEnum             [CPU]             4.7 s
        ctorAlloc(upload)    [CPU·IO]        13.5 s
        ctorGroup            [CPU]             0.7 s
        ctorForm             [GPU]             1.1 s
        (other)              [CPU]            40.7 s
    decimate                 [CPU]            38.3 s
      rho (dist)             [CPU]             6.9 s
      eigh (dist)            [CPU]            17.2 s
      share (MPI wait)       [CPU·IO]        12.0 s
      select+assemble        [CPU]             0.8 s
      (other)                [CPU]             1.4 s
    grow                     [GPU·CPU·IO]   190.4 s   (GPU 41.4 · IO 52.9 · CPU 96.1) · 112.51 TFLOPS total · 28.13/GPU
      gpu_proj (project)     [GPU·CPU·IO]   105.0 s
        recipe               [CPU]             0.6 s
        fap_exec             [GPU·IO]        97.1 s
        fap_merge            [CPU]             0.9 s
        fap_ctx              [CPU]             0.3 s
        fap_unpack           [CPU]             3.5 s
      reduceSH (MPI)         [CPU·IO]        10.6 s
        sync (hash+wait)     [CPU·IO]         7.9 s
        pack                 [CPU]             0.7 s
        xfer (NCCL/host)     [IO]              1.5 s
        unpack               [CPU]             0.4 s
      (other)                [CPU]            74.9 s
    predict                  [CPU]            18.9 s
    ooc                      [IO]              0.5 s
      load                   [IO]              0.5 s

################## Sweep 17/30 (forward) summary ##################
  Energy       -2987.5437616568 Ha
  dE vs prev sweep  -2.712e-05 Ha
  Discarded weight  2.402e-04  (max over this sweep's decimations)
  Rank 0: Host RAM sweep-peak 49819 MB · VmHWM 60850 MB   VRAM op-pool peak 30427 MB · total peak 61706 MB
  Rank 1: Host RAM sweep-peak 49541 MB · VmHWM 61014 MB   VRAM op-pool peak 30636 MB · total peak 62100 MB
  Rank 2: Host RAM sweep-peak 49785 MB · VmHWM 60741 MB   VRAM op-pool peak 30403 MB · total peak 61684 MB
  Rank 3: Host RAM sweep-peak 49989 MB · VmHWM 61066 MB   VRAM op-pool peak 30703 MB · total peak 62110 MB
  Block stores (peak bond, per rank): distributed A/B share 19033 MB (~K²M²/np) · owner cre/des 601 · S 301 MB (~KM²/np) · replicated floor 54 MB [stubs 3 (~KM) · H 51 (~M²)]
  OOC scratch  2056051 MB on disk  (sum over all ranks)
  Timings (wall 1066.1 s)
    build                    [CPU]           166.9 s
      formPQ                 [GPU·CPU·IO]    58.8 s   (GPU 5.5 · IO 17.6 · CPU 35.7)
        exec-gemm            [GPU]             1.3 s   (72.81 TFLOPS total · 18.20/GPU)
        exec-kern            [GPU]             4.2 s
        transfer             [IO]             17.6 s
        exec-hostprep        [CPU]            26.2 s
        prep (W+layout)      [CPU]             0.1 s
        complete (MPI)       [IO]              7.9 s
        wdesc (Wsub+reds)    [CPU]             0.4 s
        (other)              [CPU]             1.0 s
      [kern] executor reductions (all phases): res-zero 0.0 · gather 23.3 · reduce 42.1 · accumulate 1.4 s
      sys                    [CPU]             1.1 s
      env                    [CPU]             2.6 s
      compPQ-form            [CPU]             0.9 s
        bsblock              [CPU]             0.2 s
        match                [CPU]             0.5 s
          pump (src dedup)   [CPU]             0.3 s
          emit (owned)       [CPU]             0.2 s
          (other)            [CPU]             0.1 s
      assembly               [CPU]             0.4 s
      compS-form-gpu (MPI)   [GPU·CPU·IO]   102.6 s   (GPU 39.6 · IO 21.4 · CPU 41.5)
        bsblock (store walk) [CPU]             0.4 s
        recipe (host,replic) [CPU]             1.1 s
        form (gpu+D2H)       [GPU·IO]        83.8 s
        reduce (NCCL/host)   [IO]              5.6 s
        unpack (D2H)         [CPU·IO]        11.5 s
        (other)              [CPU]             0.1 s
      (other)                [CPU]             0.5 s
    matvec                   [GPU·CPU·IO]   481.5 s   (GPU 420.0 · IO 0.0 · CPU 61.5)
      gemm                   [GPU]           365.2 s   (117.35 TFLOPS total · 29.34/GPU)
      kern                   [GPU]            54.9 s
      host                   [CPU]            61.5 s
        planEnum             [CPU]             4.7 s
        ctorAlloc(upload)    [CPU·IO]        13.7 s
        ctorGroup            [CPU]             0.7 s
        ctorForm             [GPU]             1.1 s
        (other)              [CPU]            41.3 s
    decimate                 [CPU]            37.4 s
      rho (dist)             [CPU]             7.8 s
      eigh (dist)            [CPU]            17.8 s
      share (MPI wait)       [CPU·IO]         9.7 s
      select+assemble        [CPU]             0.7 s
      (other)                [CPU]             1.3 s
    grow                     [GPU·CPU·IO]   199.1 s   (GPU 43.7 · IO 56.4 · CPU 98.9) · 108.93 TFLOPS total · 27.23/GPU
      gpu_proj (project)     [GPU·CPU·IO]   110.6 s
        recipe               [CPU]             0.6 s
        fap_exec             [GPU·IO]       102.8 s
        fap_merge            [CPU]             0.9 s
        fap_ctx              [CPU]             0.3 s
        fap_unpack           [CPU]             3.5 s
      reduceSH (MPI)         [CPU·IO]        13.1 s
        sync (hash+wait)     [CPU·IO]        10.4 s
        pack                 [CPU]             0.7 s
        xfer (NCCL/host)     [IO]              1.6 s
        unpack               [CPU]             0.4 s
      (other)                [CPU]            75.3 s
    predict                  [CPU]            24.7 s
    ooc                      [IO]              0.5 s
      save                   [IO]              0.1 s
      load                   [IO]              0.5 s

################## Sweep 18/30 (backward) summary ##################
  Energy       -2987.5437792391 Ha
  dE vs prev sweep  -1.758e-05 Ha
  Discarded weight  2.401e-04  (max over this sweep's decimations)
  Rank 0: Host RAM sweep-peak 51263 MB · VmHWM 60850 MB   VRAM op-pool peak 30427 MB · total peak 61706 MB
  Rank 1: Host RAM sweep-peak 51771 MB · VmHWM 61014 MB   VRAM op-pool peak 30636 MB · total peak 62100 MB
  Rank 2: Host RAM sweep-peak 51214 MB · VmHWM 60741 MB   VRAM op-pool peak 30403 MB · total peak 61684 MB
  Rank 3: Host RAM sweep-peak 51817 MB · VmHWM 61066 MB   VRAM op-pool peak 30703 MB · total peak 62110 MB
  Block stores (peak bond, per rank): distributed A/B share 19001 MB (~K²M²/np) · owner cre/des 601 · S 300 MB (~KM²/np) · replicated floor 54 MB [stubs 3 (~KM) · H 51 (~M²)]
  OOC scratch  2020096 MB on disk  (sum over all ranks)
  Timings (wall 1059.8 s)
    build                    [CPU]           168.3 s
      formPQ                 [GPU·CPU·IO]    59.0 s   (GPU 5.5 · IO 18.4 · CPU 35.2)
        exec-gemm            [GPU]             1.3 s   (72.52 TFLOPS total · 18.13/GPU)
        exec-kern            [GPU]             4.2 s
        transfer             [IO]             18.4 s
        exec-hostprep        [CPU]            26.1 s
        prep (W+layout)      [CPU]             0.1 s
        complete (MPI)       [IO]              7.5 s
        wdesc (Wsub+reds)    [CPU]             0.4 s
        (other)              [CPU]             1.0 s
      [kern] executor reductions (all phases): res-zero 0.0 · gather 22.3 · reduce 42.0 · accumulate 1.4 s
      sys                    [CPU]             2.5 s
      env                    [CPU]             1.1 s
      compPQ-form            [CPU]             0.9 s
        bsblock              [CPU]             0.3 s
        match                [CPU]             0.6 s
          pump (src dedup)   [CPU]             0.3 s
          emit (owned)       [CPU]             0.2 s
          (other)            [CPU]             0.1 s
      assembly               [CPU]             0.4 s
      compS-form-gpu (MPI)   [GPU·CPU·IO]   103.9 s   (GPU 39.6 · IO 22.4 · CPU 41.8)
        bsblock (store walk) [CPU]             0.4 s
        recipe (host,replic) [CPU]             1.1 s
        form (gpu+D2H)       [GPU·IO]        85.6 s
        reduce (NCCL/host)   [IO]              5.0 s
        unpack (D2H)         [CPU·IO]        11.6 s
        (other)              [CPU]             0.1 s
      (other)                [CPU]             0.5 s
    matvec                   [GPU·CPU·IO]   484.9 s   (GPU 423.8 · IO 0.0 · CPU 61.1)
      gemm                   [GPU]           368.6 s   (117.67 TFLOPS total · 29.42/GPU)
      kern                   [GPU]            55.2 s
      host                   [CPU]            61.1 s
        planEnum             [CPU]             4.7 s
        ctorAlloc(upload)    [CPU·IO]        13.6 s
        ctorGroup            [CPU]             0.7 s
        ctorForm             [GPU]             1.1 s
        (other)              [CPU]            41.0 s
    decimate                 [CPU]            38.2 s
      rho (dist)             [CPU]             6.9 s
      eigh (dist)            [CPU]            17.1 s
      share (MPI wait)       [CPU·IO]        12.0 s
      select+assemble        [CPU]             0.8 s
      (other)                [CPU]             1.4 s
    grow                     [GPU·CPU·IO]   191.3 s   (GPU 41.5 · IO 52.8 · CPU 96.9) · 112.01 TFLOPS total · 28.00/GPU
      gpu_proj (project)     [GPU·CPU·IO]   105.1 s
        recipe               [CPU]             0.6 s
        fap_exec             [GPU·IO]        97.0 s
        fap_merge            [CPU]             0.9 s
        fap_ctx              [CPU]             0.3 s
        fap_unpack           [CPU]             3.5 s
      reduceSH (MPI)         [CPU·IO]        11.5 s
        sync (hash+wait)     [CPU·IO]         8.8 s
        pack                 [CPU]             0.7 s
        xfer (NCCL/host)     [IO]              1.6 s
        unpack               [CPU]             0.4 s
      (other)                [CPU]            74.7 s
    predict                  [CPU]            19.2 s
    ooc                      [IO]              0.5 s
      load                   [IO]              0.5 s

################## Sweep 19/30 (forward) summary ##################
  Energy       -2987.5438006744 Ha
  dE vs prev sweep  -2.144e-05 Ha
  Discarded weight  2.406e-04  (max over this sweep's decimations)
  Rank 0: Host RAM sweep-peak 50604 MB · VmHWM 60850 MB   VRAM op-pool peak 30427 MB · total peak 61706 MB
  Rank 1: Host RAM sweep-peak 50332 MB · VmHWM 61014 MB   VRAM op-pool peak 30636 MB · total peak 62100 MB
  Rank 2: Host RAM sweep-peak 50485 MB · VmHWM 60741 MB   VRAM op-pool peak 30403 MB · total peak 61684 MB
  Rank 3: Host RAM sweep-peak 50785 MB · VmHWM 61066 MB   VRAM op-pool peak 30703 MB · total peak 62110 MB
  Block stores (peak bond, per rank): distributed A/B share 19070 MB (~K²M²/np) · owner cre/des 601 · S 300 MB (~KM²/np) · replicated floor 54 MB [stubs 3 (~KM) · H 51 (~M²)]
  OOC scratch  2042233 MB on disk  (sum over all ranks)
  Timings (wall 1064.9 s)
    build                    [CPU]           165.4 s
      formPQ                 [GPU·CPU·IO]    57.7 s   (GPU 5.5 · IO 17.7 · CPU 34.5)
        exec-gemm            [GPU]             1.3 s   (72.22 TFLOPS total · 18.06/GPU)
        exec-kern            [GPU]             4.2 s
        transfer             [IO]             17.7 s
        exec-hostprep        [CPU]            25.2 s
        prep (W+layout)      [CPU]             0.1 s
        complete (MPI)       [IO]              7.8 s
        wdesc (Wsub+reds)    [CPU]             0.4 s
        (other)              [CPU]             1.0 s
      [kern] executor reductions (all phases): res-zero 0.0 · gather 23.3 · reduce 42.0 · accumulate 1.4 s
      sys                    [CPU]             1.1 s
      env                    [CPU]             2.4 s
      compPQ-form            [CPU]             0.9 s
        bsblock              [CPU]             0.3 s
        match                [CPU]             0.6 s
          pump (src dedup)   [CPU]             0.3 s
          emit (owned)       [CPU]             0.2 s
          (other)            [CPU]             0.1 s
      assembly               [CPU]             0.4 s
      compS-form-gpu (MPI)   [GPU·CPU·IO]   102.3 s   (GPU 39.6 · IO 21.4 · CPU 41.3)
        bsblock (store walk) [CPU]             0.4 s
        recipe (host,replic) [CPU]             1.1 s
        form (gpu+D2H)       [GPU·IO]        83.8 s
        reduce (NCCL/host)   [IO]              5.3 s
        unpack (D2H)         [CPU·IO]        11.6 s
        (other)              [CPU]             0.1 s
      (other)                [CPU]             0.5 s
    matvec                   [GPU·CPU·IO]   481.3 s   (GPU 419.8 · IO 0.0 · CPU 61.5)
      gemm                   [GPU]           365.0 s   (117.34 TFLOPS total · 29.34/GPU)
      kern                   [GPU]            54.8 s
      host                   [CPU]            61.5 s
        planEnum             [CPU]             4.7 s
        ctorAlloc(upload)    [CPU·IO]        13.1 s
        ctorGroup            [CPU]             0.7 s
        ctorForm             [GPU]             1.1 s
        (other)              [CPU]            41.9 s
    decimate                 [CPU]            37.3 s
      rho (dist)             [CPU]             7.9 s
      eigh (dist)            [CPU]            17.4 s
      share (MPI wait)       [CPU·IO]         9.9 s
      select+assemble        [CPU]             0.7 s
      (other)                [CPU]             1.4 s
    grow                     [GPU·CPU·IO]   198.3 s   (GPU 43.7 · IO 56.9 · CPU 97.6) · 109.24 TFLOPS total · 27.31/GPU
      gpu_proj (project)     [GPU·CPU·IO]   111.2 s
        recipe               [CPU]             0.6 s
        fap_exec             [GPU·IO]       103.4 s
        fap_merge            [CPU]             0.9 s
        fap_ctx              [CPU]             0.3 s
        fap_unpack           [CPU]             3.6 s
      reduceSH (MPI)         [CPU·IO]        10.7 s
        sync (hash+wait)     [CPU·IO]         8.0 s
        pack                 [CPU]             0.7 s
        xfer (NCCL/host)     [IO]              1.6 s
        unpack               [CPU]             0.4 s
      (other)                [CPU]            76.4 s
    predict                  [CPU]            24.8 s
    ooc                      [IO]              0.4 s
      load                   [IO]              0.4 s

################## Sweep 20/30 (backward) summary ##################
  Energy       -2987.5438156040 Ha
  dE vs prev sweep  -1.493e-05 Ha
  Discarded weight  2.408e-04  (max over this sweep's decimations)
  Rank 0: Host RAM sweep-peak 50854 MB · VmHWM 60850 MB   VRAM op-pool peak 30427 MB · total peak 61706 MB
  Rank 1: Host RAM sweep-peak 51506 MB · VmHWM 61014 MB   VRAM op-pool peak 30636 MB · total peak 62100 MB
  Rank 2: Host RAM sweep-peak 50911 MB · VmHWM 60741 MB   VRAM op-pool peak 30403 MB · total peak 61684 MB
  Rank 3: Host RAM sweep-peak 51687 MB · VmHWM 61066 MB   VRAM op-pool peak 30703 MB · total peak 62110 MB
  Block stores (peak bond, per rank): distributed A/B share 18981 MB (~K²M²/np) · owner cre/des 601 · S 300 MB (~KM²/np) · replicated floor 54 MB [stubs 3 (~KM) · H 51 (~M²)]
  OOC scratch  2017565 MB on disk  (sum over all ranks)
  Timings (wall 1058.6 s)
    build                    [CPU]           165.9 s
      formPQ                 [GPU·CPU·IO]    57.2 s   (GPU 5.5 · IO 18.1 · CPU 33.7)
        exec-gemm            [GPU]             1.3 s   (72.66 TFLOPS total · 18.16/GPU)
        exec-kern            [GPU]             4.2 s
        transfer             [IO]             18.1 s
        exec-hostprep        [CPU]            25.1 s
        prep (W+layout)      [CPU]             0.1 s
        complete (MPI)       [IO]              7.0 s
        wdesc (Wsub+reds)    [CPU]             0.4 s
        (other)              [CPU]             1.0 s
      [kern] executor reductions (all phases): res-zero 0.0 · gather 22.4 · reduce 42.0 · accumulate 1.4 s
      sys                    [CPU]             2.1 s
      env                    [CPU]             1.1 s
      compPQ-form            [CPU]             0.9 s
        bsblock              [CPU]             0.3 s
        match                [CPU]             0.5 s
          pump (src dedup)   [CPU]             0.3 s
          emit (owned)       [CPU]             0.1 s
          (other)            [CPU]             0.1 s
      assembly               [CPU]             0.4 s
      compS-form-gpu (MPI)   [GPU·CPU·IO]   103.6 s   (GPU 39.6 · IO 22.1 · CPU 41.9)
        bsblock (store walk) [CPU]             0.4 s
        recipe (host,replic) [CPU]             1.1 s
        form (gpu+D2H)       [GPU·IO]        85.0 s
        reduce (NCCL/host)   [IO]              5.4 s
        unpack (D2H)         [CPU·IO]        11.6 s
        (other)              [CPU]             0.1 s
      (other)                [CPU]             0.5 s
    matvec                   [GPU·CPU·IO]   484.8 s   (GPU 423.5 · IO 0.0 · CPU 61.3)
      gemm                   [GPU]           368.3 s   (117.77 TFLOPS total · 29.44/GPU)
      kern                   [GPU]            55.2 s
      host                   [CPU]            61.3 s
        planEnum             [CPU]             4.7 s
        ctorAlloc(upload)    [CPU·IO]        13.6 s
        ctorGroup            [CPU]             0.7 s
        ctorForm             [GPU]             1.1 s
        (other)              [CPU]            41.2 s
    decimate                 [CPU]            38.0 s
      rho (dist)             [CPU]             6.8 s
      eigh (dist)            [CPU]            17.4 s
      share (MPI wait)       [CPU·IO]        11.5 s
      select+assemble        [CPU]             0.8 s
      (other)                [CPU]             1.4 s
    grow                     [GPU·CPU·IO]   191.8 s   (GPU 41.6 · IO 53.3 · CPU 96.9) · 112.22 TFLOPS total · 28.06/GPU
      gpu_proj (project)     [GPU·CPU·IO]   105.6 s
        recipe               [CPU]             0.6 s
        fap_exec             [GPU·IO]        97.5 s
        fap_merge            [CPU]             0.9 s
        fap_ctx              [CPU]             0.3 s
        fap_unpack           [CPU]             3.5 s
      reduceSH (MPI)         [CPU·IO]        11.0 s
        sync (hash+wait)     [CPU·IO]         8.4 s
        pack                 [CPU]             0.7 s
        xfer (NCCL/host)     [IO]              1.5 s
        unpack               [CPU]             0.4 s
      (other)                [CPU]            75.2 s
    predict                  [CPU]            19.0 s
    ooc                      [IO]              0.4 s
      load                   [IO]              0.4 s

################## Sweep 21/30 (forward) summary ##################
  Energy       -2987.5438329025 Ha
  dE vs prev sweep  -1.730e-05 Ha
  Discarded weight  2.413e-04  (max over this sweep's decimations)
  Rank 0: Host RAM sweep-peak 50974 MB · VmHWM 60850 MB   VRAM op-pool peak 30427 MB · total peak 61706 MB
  Rank 1: Host RAM sweep-peak 50696 MB · VmHWM 61014 MB   VRAM op-pool peak 30636 MB · total peak 62100 MB
  Rank 2: Host RAM sweep-peak 50842 MB · VmHWM 60741 MB   VRAM op-pool peak 30403 MB · total peak 61684 MB
  Rank 3: Host RAM sweep-peak 51073 MB · VmHWM 61066 MB   VRAM op-pool peak 30703 MB · total peak 62110 MB
  Block stores (peak bond, per rank): distributed A/B share 19124 MB (~K²M²/np) · owner cre/des 601 · S 300 MB (~KM²/np) · replicated floor 54 MB [stubs 3 (~KM) · H 51 (~M²)]
  OOC scratch  2046423 MB on disk  (sum over all ranks)
  Timings (wall 1065.9 s)
    build                    [CPU]           162.3 s
      formPQ                 [GPU·CPU·IO]    55.0 s   (GPU 5.5 · IO 18.0 · CPU 31.6)
        exec-gemm            [GPU]             1.3 s   (72.92 TFLOPS total · 18.23/GPU)
        exec-kern            [GPU]             4.2 s
        transfer             [IO]             18.0 s
        exec-hostprep        [CPU]            25.2 s
        prep (W+layout)      [CPU]             0.1 s
        complete (MPI)       [IO]              4.7 s
        wdesc (Wsub+reds)    [CPU]             0.4 s
        (other)              [CPU]             1.0 s
      [kern] executor reductions (all phases): res-zero 0.0 · gather 23.3 · reduce 42.1 · accumulate 1.4 s
      sys                    [CPU]             1.1 s
      env                    [CPU]             2.2 s
      compPQ-form            [CPU]             0.9 s
        bsblock              [CPU]             0.3 s
        match                [CPU]             0.5 s
          pump (src dedup)   [CPU]             0.3 s
          emit (owned)       [CPU]             0.1 s
          (other)            [CPU]             0.1 s
      assembly               [CPU]             0.4 s
      compS-form-gpu (MPI)   [GPU·CPU·IO]   102.2 s   (GPU 39.6 · IO 21.6 · CPU 40.9)
        bsblock (store walk) [CPU]             0.4 s
        recipe (host,replic) [CPU]             1.1 s
        form (gpu+D2H)       [GPU·IO]        84.0 s
        reduce (NCCL/host)   [IO]              5.0 s
        unpack (D2H)         [CPU·IO]        11.5 s
        (other)              [CPU]             0.1 s
      (other)                [CPU]             0.5 s
    matvec                   [GPU·CPU·IO]   481.1 s   (GPU 420.5 · IO 0.0 · CPU 60.6)
      gemm                   [GPU]           365.7 s   (117.41 TFLOPS total · 29.35/GPU)
      kern                   [GPU]            54.8 s
      host                   [CPU]            60.6 s
        planEnum             [CPU]             4.7 s
        ctorAlloc(upload)    [CPU·IO]        13.1 s
        ctorGroup            [CPU]             0.7 s
        ctorForm             [GPU]             1.1 s
        (other)              [CPU]            41.0 s
    decimate                 [CPU]            38.4 s
      rho (dist)             [CPU]             7.9 s
      eigh (dist)            [CPU]            18.1 s
      share (MPI wait)       [CPU·IO]        10.2 s
      select+assemble        [CPU]             0.8 s
      (other)                [CPU]             1.4 s
    grow                     [GPU·CPU·IO]   201.3 s   (GPU 43.8 · IO 56.9 · CPU 100.6) · 110.38 TFLOPS total · 27.60/GPU
      gpu_proj (project)     [GPU·CPU·IO]   111.6 s
        recipe               [CPU]             0.6 s
        fap_exec             [GPU·IO]       103.5 s
        fap_merge            [CPU]             0.9 s
        fap_ctx              [CPU]             0.3 s
        fap_unpack           [CPU]             3.7 s
      reduceSH (MPI)         [CPU·IO]        11.4 s
        sync (hash+wait)     [CPU·IO]         8.6 s
        pack                 [CPU]             0.7 s
        xfer (NCCL/host)     [IO]              1.6 s
        unpack               [CPU]             0.4 s
      (other)                [CPU]            78.4 s
    predict                  [CPU]            25.3 s
    ooc                      [IO]              0.5 s
      load                   [IO]              0.5 s

################## Sweep 22/30 (backward) summary ##################
  Energy       -2987.5438446589 Ha
  dE vs prev sweep  -1.176e-05 Ha
  Discarded weight  2.413e-04  (max over this sweep's decimations)
  Rank 0: Host RAM sweep-peak 50531 MB · VmHWM 61257 MB   VRAM op-pool peak 30427 MB · total peak 61706 MB
  Rank 1: Host RAM sweep-peak 51201 MB · VmHWM 61410 MB   VRAM op-pool peak 30636 MB · total peak 62100 MB
  Rank 2: Host RAM sweep-peak 50456 MB · VmHWM 61002 MB   VRAM op-pool peak 30403 MB · total peak 61684 MB
  Rank 3: Host RAM sweep-peak 51344 MB · VmHWM 61441 MB   VRAM op-pool peak 30703 MB · total peak 62110 MB
  Block stores (peak bond, per rank): distributed A/B share 19310 MB (~K²M²/np) · owner cre/des 601 · S 300 MB (~KM²/np) · replicated floor 54 MB [stubs 3 (~KM) · H 51 (~M²)]
  OOC scratch  2050576 MB on disk  (sum over all ranks)
  Timings (wall 1059.2 s)
    build                    [CPU]           167.5 s
      formPQ                 [GPU·CPU·IO]    57.8 s   (GPU 5.5 · IO 18.5 · CPU 33.8)
        exec-gemm            [GPU]             1.3 s   (72.46 TFLOPS total · 18.11/GPU)
        exec-kern            [GPU]             4.2 s
        transfer             [IO]             18.5 s
        exec-hostprep        [CPU]            26.6 s
        prep (W+layout)      [CPU]             0.1 s
        complete (MPI)       [IO]              5.6 s
        wdesc (Wsub+reds)    [CPU]             0.4 s
        (other)              [CPU]             1.0 s
      [kern] executor reductions (all phases): res-zero 0.0 · gather 22.4 · reduce 42.0 · accumulate 1.4 s
      sys                    [CPU]             2.2 s
      env                    [CPU]             1.1 s
      compPQ-form            [CPU]             0.9 s
        bsblock              [CPU]             0.3 s
        match                [CPU]             0.5 s
          pump (src dedup)   [CPU]             0.3 s
          emit (owned)       [CPU]             0.1 s
          (other)            [CPU]             0.1 s
      assembly               [CPU]             0.4 s
      compS-form-gpu (MPI)   [GPU·CPU·IO]   104.5 s   (GPU 39.6 · IO 22.3 · CPU 42.5)
        bsblock (store walk) [CPU]             0.4 s
        recipe (host,replic) [CPU]             1.1 s
        form (gpu+D2H)       [GPU·IO]        86.5 s
        reduce (NCCL/host)   [IO]              4.7 s
        unpack (D2H)         [CPU·IO]        11.6 s
        (other)              [CPU]             0.1 s
      (other)                [CPU]             0.5 s
    matvec                   [GPU·CPU·IO]   483.0 s   (GPU 422.4 · IO 0.0 · CPU 60.6)
      gemm                   [GPU]           367.4 s   (117.85 TFLOPS total · 29.46/GPU)
      kern                   [GPU]            55.0 s
      host                   [CPU]            60.6 s
        planEnum             [CPU]             4.7 s
        ctorAlloc(upload)    [CPU·IO]        13.7 s
        ctorGroup            [CPU]             0.7 s
        ctorForm             [GPU]             1.1 s
        (other)              [CPU]            40.5 s
    decimate                 [CPU]            38.4 s
      rho (dist)             [CPU]             6.9 s
      eigh (dist)            [CPU]            17.2 s
      share (MPI wait)       [CPU·IO]        12.3 s
      select+assemble        [CPU]             0.7 s
      (other)                [CPU]             1.3 s
    grow                     [GPU·CPU·IO]   190.6 s   (GPU 41.4 · IO 53.1 · CPU 96.1) · 112.71 TFLOPS total · 28.18/GPU
      gpu_proj (project)     [GPU·CPU·IO]   105.3 s
        recipe               [CPU]             0.6 s
        fap_exec             [GPU·IO]        97.2 s
        fap_merge            [CPU]             0.9 s
        fap_ctx              [CPU]             0.3 s
        fap_unpack           [CPU]             3.5 s
      reduceSH (MPI)         [CPU·IO]         9.4 s
        sync (hash+wait)     [CPU·IO]         6.7 s
        pack                 [CPU]             0.7 s
        xfer (NCCL/host)     [IO]              1.5 s
        unpack               [CPU]             0.4 s
      (other)                [CPU]            75.9 s
    predict                  [CPU]            18.8 s
    ooc                      [IO]              0.5 s
      load                   [IO]              0.5 s

################## Sweep 23/30 (forward) summary ##################
  Energy       -2987.5438585273 Ha
  dE vs prev sweep  -1.387e-05 Ha
  Discarded weight  2.416e-04  (max over this sweep's decimations)
  Rank 0: Host RAM sweep-peak 50372 MB · VmHWM 61257 MB   VRAM op-pool peak 30427 MB · total peak 61706 MB
  Rank 1: Host RAM sweep-peak 49882 MB · VmHWM 61410 MB   VRAM op-pool peak 30636 MB · total peak 62100 MB
  Rank 2: Host RAM sweep-peak 50118 MB · VmHWM 61002 MB   VRAM op-pool peak 30403 MB · total peak 61684 MB
  Rank 3: Host RAM sweep-peak 50276 MB · VmHWM 61441 MB   VRAM op-pool peak 30703 MB · total peak 62110 MB
  Block stores (peak bond, per rank): distributed A/B share 19091 MB (~K²M²/np) · owner cre/des 601 · S 300 MB (~KM²/np) · replicated floor 54 MB [stubs 3 (~KM) · H 51 (~M²)]
  OOC scratch  2053854 MB on disk  (sum over all ranks)
  Timings (wall 1061.8 s)
    build                    [CPU]           164.0 s
      formPQ                 [GPU·CPU·IO]    56.6 s   (GPU 5.5 · IO 17.7 · CPU 33.4)
        exec-gemm            [GPU]             1.3 s   (72.32 TFLOPS total · 18.08/GPU)
        exec-kern            [GPU]             4.2 s
        transfer             [IO]             17.7 s
        exec-hostprep        [CPU]            25.0 s
        prep (W+layout)      [CPU]             0.1 s
        complete (MPI)       [IO]              6.8 s
        wdesc (Wsub+reds)    [CPU]             0.4 s
        (other)              [CPU]             1.0 s
      [kern] executor reductions (all phases): res-zero 0.0 · gather 23.3 · reduce 42.1 · accumulate 1.4 s
      sys                    [CPU]             1.1 s
      env                    [CPU]             2.2 s
      compPQ-form            [CPU]             0.9 s
        bsblock              [CPU]             0.3 s
        match                [CPU]             0.5 s
          pump (src dedup)   [CPU]             0.3 s
          emit (owned)       [CPU]             0.1 s
          (other)            [CPU]             0.1 s
      assembly               [CPU]             0.4 s
      compS-form-gpu (MPI)   [GPU·CPU·IO]   102.4 s   (GPU 39.6 · IO 21.4 · CPU 41.3)
        bsblock (store walk) [CPU]             0.4 s
        recipe (host,replic) [CPU]             1.1 s
        form (gpu+D2H)       [GPU·IO]        83.7 s
        reduce (NCCL/host)   [IO]              5.6 s
        unpack (D2H)         [CPU·IO]        11.4 s
        (other)              [CPU]             0.1 s
      (other)                [CPU]             0.5 s
    matvec                   [GPU·CPU·IO]   479.9 s   (GPU 419.2 · IO 0.0 · CPU 60.7)
      gemm                   [GPU]           364.6 s   (117.42 TFLOPS total · 29.36/GPU)
      kern                   [GPU]            54.6 s
      host                   [CPU]            60.7 s
        planEnum             [CPU]             4.6 s
        ctorAlloc(upload)    [CPU·IO]        13.0 s
        ctorGroup            [CPU]             0.7 s
        ctorForm             [GPU]             1.1 s
        (other)              [CPU]            41.4 s
    decimate                 [CPU]            37.7 s
      rho (dist)             [CPU]             7.8 s
      eigh (dist)            [CPU]            18.1 s
      share (MPI wait)       [CPU·IO]         9.6 s
      select+assemble        [CPU]             0.7 s
      (other)                [CPU]             1.5 s
    grow                     [GPU·CPU·IO]   197.4 s   (GPU 43.8 · IO 55.7 · CPU 97.8) · 109.18 TFLOPS total · 27.30/GPU
      gpu_proj (project)     [GPU·CPU·IO]   110.2 s
        recipe               [CPU]             0.6 s
        fap_exec             [GPU·IO]       102.3 s
        fap_merge            [CPU]             0.9 s
        fap_ctx              [CPU]             0.3 s
        fap_unpack           [CPU]             3.6 s
      reduceSH (MPI)         [CPU·IO]         9.9 s
        sync (hash+wait)     [CPU·IO]         7.2 s
        pack                 [CPU]             0.7 s
        xfer (NCCL/host)     [IO]              1.6 s
        unpack               [CPU]             0.4 s
      (other)                [CPU]            77.2 s
    predict                  [CPU]            24.8 s
    ooc                      [IO]              0.5 s
      load                   [IO]              0.4 s

################## Sweep 24/30 (backward) summary ##################
  Energy       -2987.5438671633 Ha
  dE vs prev sweep  -8.636e-06 Ha
  Discarded weight  2.419e-04  (max over this sweep's decimations)
  Rank 0: Host RAM sweep-peak 50910 MB · VmHWM 61257 MB   VRAM op-pool peak 30427 MB · total peak 61706 MB
  Rank 1: Host RAM sweep-peak 51536 MB · VmHWM 61410 MB   VRAM op-pool peak 30636 MB · total peak 62100 MB
  Rank 2: Host RAM sweep-peak 50737 MB · VmHWM 61002 MB   VRAM op-pool peak 30403 MB · total peak 61684 MB
  Rank 3: Host RAM sweep-peak 51568 MB · VmHWM 61441 MB   VRAM op-pool peak 30703 MB · total peak 62110 MB
  Block stores (peak bond, per rank): distributed A/B share 19161 MB (~K²M²/np) · owner cre/des 601 · S 300 MB (~KM²/np) · replicated floor 54 MB [stubs 3 (~KM) · H 50 (~M²)]
  OOC scratch  2052228 MB on disk  (sum over all ranks)
  Timings (wall 1049.8 s)
    build                    [CPU]           162.7 s
      formPQ                 [GPU·CPU·IO]    54.9 s   (GPU 5.5 · IO 18.6 · CPU 30.9)
        exec-gemm            [GPU]             1.3 s   (72.29 TFLOPS total · 18.07/GPU)
        exec-kern            [GPU]             4.2 s
        transfer             [IO]             18.6 s
        exec-hostprep        [CPU]            25.2 s
        prep (W+layout)      [CPU]             0.1 s
        complete (MPI)       [IO]              4.0 s
        wdesc (Wsub+reds)    [CPU]             0.4 s
        (other)              [CPU]             1.0 s
      [kern] executor reductions (all phases): res-zero 0.0 · gather 22.4 · reduce 42.0 · accumulate 1.4 s
      sys                    [CPU]             2.0 s
      env                    [CPU]             1.1 s
      compPQ-form            [CPU]             0.9 s
        bsblock              [CPU]             0.3 s
        match                [CPU]             0.5 s
          pump (src dedup)   [CPU]             0.3 s
          emit (owned)       [CPU]             0.1 s
          (other)            [CPU]             0.1 s
      assembly               [CPU]             0.4 s
      compS-form-gpu (MPI)   [GPU·CPU·IO]   102.8 s   (GPU 39.6 · IO 22.4 · CPU 40.8)
        bsblock (store walk) [CPU]             0.4 s
        recipe (host,replic) [CPU]             1.1 s
        form (gpu+D2H)       [GPU·IO]        85.4 s
        reduce (NCCL/host)   [IO]              4.3 s
        unpack (D2H)         [CPU·IO]        11.6 s
        (other)              [CPU]             0.1 s
      (other)                [CPU]             0.5 s
    matvec                   [GPU·CPU·IO]   480.3 s   (GPU 420.1 · IO 0.0 · CPU 60.2)
      gemm                   [GPU]           365.5 s   (117.70 TFLOPS total · 29.43/GPU)
      kern                   [GPU]            54.7 s
      host                   [CPU]            60.2 s
        planEnum             [CPU]             4.7 s
        ctorAlloc(upload)    [CPU·IO]        13.7 s
        ctorGroup            [CPU]             0.7 s
        ctorForm             [GPU]             1.1 s
        (other)              [CPU]            40.0 s
    decimate                 [CPU]            38.4 s
      rho (dist)             [CPU]             6.6 s
      eigh (dist)            [CPU]            17.3 s
      share (MPI wait)       [CPU·IO]        12.3 s
      select+assemble        [CPU]             0.8 s
      (other)                [CPU]             1.5 s
    grow                     [GPU·CPU·IO]   189.7 s   (GPU 41.4 · IO 53.1 · CPU 95.2) · 112.47 TFLOPS total · 28.12/GPU
      gpu_proj (project)     [GPU·CPU·IO]   105.4 s
        recipe               [CPU]             0.6 s
        fap_exec             [GPU·IO]        97.2 s
        fap_merge            [CPU]             0.9 s
        fap_ctx              [CPU]             0.3 s
        fap_unpack           [CPU]             3.5 s
      reduceSH (MPI)         [CPU·IO]         8.4 s
        sync (hash+wait)     [CPU·IO]         5.8 s
        pack                 [CPU]             0.7 s
        xfer (NCCL/host)     [IO]              1.6 s
        unpack               [CPU]             0.4 s
      (other)                [CPU]            75.8 s
    predict                  [CPU]            18.9 s
    ooc                      [IO]              0.5 s
      load                   [IO]              0.5 s

################## Sweep 25/30 (forward) summary ##################
  Energy       -2987.5438767803 Ha
  dE vs prev sweep  -9.617e-06 Ha
  Discarded weight  2.419e-04  (max over this sweep's decimations)
  Rank 0: Host RAM sweep-peak 50339 MB · VmHWM 61257 MB   VRAM op-pool peak 30427 MB · total peak 61706 MB
  Rank 1: Host RAM sweep-peak 50114 MB · VmHWM 61410 MB   VRAM op-pool peak 30636 MB · total peak 62100 MB
  Rank 2: Host RAM sweep-peak 50283 MB · VmHWM 61002 MB   VRAM op-pool peak 30403 MB · total peak 61684 MB
  Rank 3: Host RAM sweep-peak 50599 MB · VmHWM 61441 MB   VRAM op-pool peak 30703 MB · total peak 62110 MB
  Block stores (peak bond, per rank): distributed A/B share 19024 MB (~K²M²/np) · owner cre/des 601 · S 300 MB (~KM²/np) · replicated floor 54 MB [stubs 3 (~KM) · H 50 (~M²)]
  OOC scratch  2051625 MB on disk  (sum over all ranks)
  Timings (wall 1061.2 s)
    build                    [CPU]           166.0 s
      formPQ                 [GPU·CPU·IO]    58.5 s   (GPU 5.5 · IO 17.9 · CPU 35.1)
        exec-gemm            [GPU]             1.3 s   (72.00 TFLOPS total · 18.00/GPU)
        exec-kern            [GPU]             4.2 s
        transfer             [IO]             17.9 s
        exec-hostprep        [CPU]            27.2 s
        prep (W+layout)      [CPU]             0.1 s
        complete (MPI)       [IO]              6.3 s
        wdesc (Wsub+reds)    [CPU]             0.4 s
        (other)              [CPU]             1.0 s
      [kern] executor reductions (all phases): res-zero 0.0 · gather 23.3 · reduce 42.0 · accumulate 1.4 s
      sys                    [CPU]             1.1 s
      env                    [CPU]             2.5 s
      compPQ-form            [CPU]             0.9 s
        bsblock              [CPU]             0.3 s
        match                [CPU]             0.5 s
          pump (src dedup)   [CPU]             0.3 s
          emit (owned)       [CPU]             0.1 s
          (other)            [CPU]             0.1 s
      assembly               [CPU]             0.4 s
      compS-form-gpu (MPI)   [GPU·CPU·IO]   102.0 s   (GPU 39.6 · IO 21.7 · CPU 40.8)
        bsblock (store walk) [CPU]             0.4 s
        recipe (host,replic) [CPU]             1.1 s
        form (gpu+D2H)       [GPU·IO]        84.0 s
        reduce (NCCL/host)   [IO]              4.9 s
        unpack (D2H)         [CPU·IO]        11.5 s
        (other)              [CPU]             0.1 s
      (other)                [CPU]             0.5 s
    matvec                   [GPU·CPU·IO]   478.3 s   (GPU 417.3 · IO 0.0 · CPU 61.0)
      gemm                   [GPU]           363.0 s   (117.31 TFLOPS total · 29.33/GPU)
      kern                   [GPU]            54.3 s
      host                   [CPU]            61.0 s
        planEnum             [CPU]             4.6 s
        ctorAlloc(upload)    [CPU·IO]        13.2 s
        ctorGroup            [CPU]             0.7 s
        ctorForm             [GPU]             1.1 s
        (other)              [CPU]            41.3 s
    decimate                 [CPU]            38.1 s
      rho (dist)             [CPU]             7.6 s
      eigh (dist)            [CPU]            17.5 s
      share (MPI wait)       [CPU·IO]        10.8 s
      select+assemble        [CPU]             0.7 s
      (other)                [CPU]             1.4 s
    grow                     [GPU·CPU·IO]   196.8 s   (GPU 43.8 · IO 56.3 · CPU 96.8) · 109.54 TFLOPS total · 27.39/GPU
      gpu_proj (project)     [GPU·CPU·IO]   110.7 s
        recipe               [CPU]             0.6 s
        fap_exec             [GPU·IO]       102.8 s
        fap_merge            [CPU]             0.9 s
        fap_ctx              [CPU]             0.3 s
        fap_unpack           [CPU]             3.6 s
      reduceSH (MPI)         [CPU·IO]         9.5 s
        sync (hash+wait)     [CPU·IO]         6.7 s
        pack                 [CPU]             0.7 s
        xfer (NCCL/host)     [IO]              1.6 s
        unpack               [CPU]             0.4 s
      (other)                [CPU]            76.7 s
    predict                  [CPU]            25.5 s
    ooc                      [IO]              0.5 s
      load                   [IO]              0.5 s

################## Sweep 26/30 (backward) summary ##################
  Energy       -2987.5438828143 Ha
  dE vs prev sweep  -6.034e-06 Ha
  Discarded weight  2.419e-04  (max over this sweep's decimations)
  Rank 0: Host RAM sweep-peak 50073 MB · VmHWM 61257 MB   VRAM op-pool peak 30427 MB · total peak 61706 MB
  Rank 1: Host RAM sweep-peak 50529 MB · VmHWM 61410 MB   VRAM op-pool peak 30636 MB · total peak 62100 MB
  Rank 2: Host RAM sweep-peak 49982 MB · VmHWM 61002 MB   VRAM op-pool peak 30403 MB · total peak 61684 MB
  Rank 3: Host RAM sweep-peak 50568 MB · VmHWM 61441 MB   VRAM op-pool peak 30703 MB · total peak 62110 MB
  Block stores (peak bond, per rank): distributed A/B share 19154 MB (~K²M²/np) · owner cre/des 601 · S 300 MB (~KM²/np) · replicated floor 54 MB [stubs 3 (~KM) · H 50 (~M²)]
  OOC scratch  2048604 MB on disk  (sum over all ranks)
  Timings (wall 1054.2 s)
    build                    [CPU]           165.6 s
      formPQ                 [GPU·CPU·IO]    56.9 s   (GPU 5.5 · IO 18.3 · CPU 33.0)
        exec-gemm            [GPU]             1.3 s   (72.20 TFLOPS total · 18.05/GPU)
        exec-kern            [GPU]             4.2 s
        transfer             [IO]             18.3 s
        exec-hostprep        [CPU]            26.4 s
        prep (W+layout)      [CPU]             0.1 s
        complete (MPI)       [IO]              5.1 s
        wdesc (Wsub+reds)    [CPU]             0.4 s
        (other)              [CPU]             1.0 s
      [kern] executor reductions (all phases): res-zero 0.0 · gather 22.3 · reduce 42.0 · accumulate 1.4 s
      sys                    [CPU]             2.3 s
      env                    [CPU]             1.1 s
      compPQ-form            [CPU]             0.9 s
        bsblock              [CPU]             0.3 s
        match                [CPU]             0.5 s
          pump (src dedup)   [CPU]             0.3 s
          emit (owned)       [CPU]             0.1 s
          (other)            [CPU]             0.1 s
      assembly               [CPU]             0.3 s
      compS-form-gpu (MPI)   [GPU·CPU·IO]   103.6 s   (GPU 39.6 · IO 22.2 · CPU 41.7)
        bsblock (store walk) [CPU]             0.4 s
        recipe (host,replic) [CPU]             1.1 s
        form (gpu+D2H)       [GPU·IO]        85.3 s
        reduce (NCCL/host)   [IO]              5.1 s
        unpack (D2H)         [CPU·IO]        11.5 s
        (other)              [CPU]             0.1 s
      (other)                [CPU]             0.5 s
    matvec                   [GPU·CPU·IO]   479.2 s   (GPU 417.9 · IO 0.0 · CPU 61.2)
      gemm                   [GPU]           363.5 s   (118.00 TFLOPS total · 29.50/GPU)
      kern                   [GPU]            54.5 s
      host                   [CPU]            61.2 s
        planEnum             [CPU]             4.7 s
        ctorAlloc(upload)    [CPU·IO]        13.9 s
        ctorGroup            [CPU]             0.7 s
        ctorForm             [GPU]             1.1 s
        (other)              [CPU]            40.8 s
    decimate                 [CPU]            38.3 s
      rho (dist)             [CPU]             6.5 s
      eigh (dist)            [CPU]            17.1 s
      share (MPI wait)       [CPU·IO]        12.6 s
      select+assemble        [CPU]             0.7 s
      (other)                [CPU]             1.3 s
    grow                     [GPU·CPU·IO]   191.8 s   (GPU 41.3 · IO 52.1 · CPU 98.4) · 112.24 TFLOPS total · 28.06/GPU
      gpu_proj (project)     [GPU·CPU·IO]   103.9 s
        recipe               [CPU]             0.6 s
        fap_exec             [GPU·IO]        96.0 s
        fap_merge            [CPU]             0.9 s
        fap_ctx              [CPU]             0.3 s
        fap_unpack           [CPU]             3.5 s
      reduceSH (MPI)         [CPU·IO]        14.3 s
        sync (hash+wait)     [CPU·IO]        11.6 s
        pack                 [CPU]             0.7 s
        xfer (NCCL/host)     [IO]              1.5 s
        unpack               [CPU]             0.4 s
      (other)                [CPU]            73.5 s
    predict                  [CPU]            19.0 s
    ooc                      [IO]              0.4 s
      load                   [IO]              0.4 s

################## Sweep 27/30 (forward) summary ##################
  Energy       -2987.5438912079 Ha
  dE vs prev sweep  -8.394e-06 Ha
  Discarded weight  2.422e-04  (max over this sweep's decimations)
  Rank 0: Host RAM sweep-peak 50053 MB · VmHWM 61257 MB   VRAM op-pool peak 30427 MB · total peak 61706 MB
  Rank 1: Host RAM sweep-peak 49723 MB · VmHWM 61410 MB   VRAM op-pool peak 30636 MB · total peak 62100 MB
  Rank 2: Host RAM sweep-peak 49873 MB · VmHWM 61002 MB   VRAM op-pool peak 30403 MB · total peak 61684 MB
  Rank 3: Host RAM sweep-peak 50020 MB · VmHWM 61441 MB   VRAM op-pool peak 30703 MB · total peak 62110 MB
  Block stores (peak bond, per rank): distributed A/B share 18947 MB (~K²M²/np) · owner cre/des 601 · S 300 MB (~KM²/np) · replicated floor 54 MB [stubs 3 (~KM) · H 50 (~M²)]
  OOC scratch  2052781 MB on disk  (sum over all ranks)
  Timings (wall 1061.1 s)
    build                    [CPU]           165.9 s
      formPQ                 [GPU·CPU·IO]    58.2 s   (GPU 5.5 · IO 17.9 · CPU 34.8)
        exec-gemm            [GPU]             1.3 s   (72.52 TFLOPS total · 18.13/GPU)
        exec-kern            [GPU]             4.2 s
        transfer             [IO]             17.9 s
        exec-hostprep        [CPU]            27.1 s
        prep (W+layout)      [CPU]             0.1 s
        complete (MPI)       [IO]              6.1 s
        wdesc (Wsub+reds)    [CPU]             0.4 s
        (other)              [CPU]             1.0 s
      [kern] executor reductions (all phases): res-zero 0.0 · gather 23.3 · reduce 42.0 · accumulate 1.4 s
      sys                    [CPU]             1.2 s
      env                    [CPU]             2.3 s
      compPQ-form            [CPU]             0.9 s
        bsblock              [CPU]             0.3 s
        match                [CPU]             0.5 s
          pump (src dedup)   [CPU]             0.3 s
          emit (owned)       [CPU]             0.2 s
          (other)            [CPU]             0.1 s
      assembly               [CPU]             0.4 s
      compS-form-gpu (MPI)   [GPU·CPU·IO]   102.4 s   (GPU 39.6 · IO 21.6 · CPU 41.2)
        bsblock (store walk) [CPU]             0.4 s
        recipe (host,replic) [CPU]             1.1 s
        form (gpu+D2H)       [GPU·IO]        83.9 s
        reduce (NCCL/host)   [IO]              5.3 s
        unpack (D2H)         [CPU·IO]        11.6 s
        (other)              [CPU]             0.1 s
      (other)                [CPU]             0.5 s
    matvec                   [GPU·CPU·IO]   476.6 s   (GPU 416.0 · IO 0.0 · CPU 60.6)
      gemm                   [GPU]           361.7 s   (117.63 TFLOPS total · 29.41/GPU)
      kern                   [GPU]            54.3 s
      host                   [CPU]            60.6 s
        planEnum             [CPU]             4.7 s
        ctorAlloc(upload)    [CPU·IO]        13.2 s
        ctorGroup            [CPU]             0.7 s
        ctorForm             [GPU]             1.1 s
        (other)              [CPU]            41.0 s
    decimate                 [CPU]            37.3 s
      rho (dist)             [CPU]             7.6 s
      eigh (dist)            [CPU]            17.4 s
      share (MPI wait)       [CPU·IO]        10.1 s
      select+assemble        [CPU]             0.8 s
      (other)                [CPU]             1.4 s
    grow                     [GPU·CPU·IO]   199.6 s   (GPU 43.7 · IO 56.4 · CPU 99.6) · 109.61 TFLOPS total · 27.40/GPU
      gpu_proj (project)     [GPU·CPU·IO]   110.7 s
        recipe               [CPU]             0.6 s
        fap_exec             [GPU·IO]       102.8 s
        fap_merge            [CPU]             0.9 s
        fap_ctx              [CPU]             0.3 s
        fap_unpack           [CPU]             3.5 s
      reduceSH (MPI)         [CPU·IO]        12.2 s
        sync (hash+wait)     [CPU·IO]         9.4 s
        pack                 [CPU]             0.7 s
        xfer (NCCL/host)     [IO]              1.6 s
        unpack               [CPU]             0.4 s
      (other)                [CPU]            76.8 s
    predict                  [CPU]            24.9 s
    ooc                      [IO]              0.5 s
      load                   [IO]              0.5 s

################## Sweep 28/30 (backward) summary ##################
  Energy       -2987.5438971626 Ha
  dE vs prev sweep  -5.955e-06 Ha
  Discarded weight  2.423e-04  (max over this sweep's decimations)
  Rank 0: Host RAM sweep-peak 50890 MB · VmHWM 61257 MB   VRAM op-pool peak 30427 MB · total peak 61706 MB
  Rank 1: Host RAM sweep-peak 51358 MB · VmHWM 61410 MB   VRAM op-pool peak 30636 MB · total peak 62100 MB
  Rank 2: Host RAM sweep-peak 50764 MB · VmHWM 61002 MB   VRAM op-pool peak 30403 MB · total peak 61684 MB
  Rank 3: Host RAM sweep-peak 51462 MB · VmHWM 61441 MB   VRAM op-pool peak 30703 MB · total peak 62110 MB
  Block stores (peak bond, per rank): distributed A/B share 19027 MB (~K²M²/np) · owner cre/des 601 · S 300 MB (~KM²/np) · replicated floor 54 MB [stubs 3 (~KM) · H 50 (~M²)]
  OOC scratch  2046213 MB on disk  (sum over all ranks)
  Timings (wall 1048.6 s)
    build                    [CPU]           164.2 s
      formPQ                 [GPU·CPU·IO]    56.0 s   (GPU 5.5 · IO 18.4 · CPU 32.1)
        exec-gemm            [GPU]             1.3 s   (72.85 TFLOPS total · 18.21/GPU)
        exec-kern            [GPU]             4.2 s
        transfer             [IO]             18.4 s
        exec-hostprep        [CPU]            26.4 s
        prep (W+layout)      [CPU]             0.1 s
        complete (MPI)       [IO]              4.1 s
        wdesc (Wsub+reds)    [CPU]             0.4 s
        (other)              [CPU]             1.0 s
      [kern] executor reductions (all phases): res-zero 0.0 · gather 22.4 · reduce 42.0 · accumulate 1.4 s
      sys                    [CPU]             2.2 s
      env                    [CPU]             1.1 s
      compPQ-form            [CPU]             0.9 s
        bsblock              [CPU]             0.3 s
        match                [CPU]             0.5 s
          pump (src dedup)   [CPU]             0.3 s
          emit (owned)       [CPU]             0.1 s
          (other)            [CPU]             0.1 s
      assembly               [CPU]             0.3 s
      compS-form-gpu (MPI)   [GPU·CPU·IO]   103.1 s   (GPU 39.6 · IO 22.2 · CPU 41.2)
        bsblock (store walk) [CPU]             0.4 s
        recipe (host,replic) [CPU]             1.1 s
        form (gpu+D2H)       [GPU·IO]        85.3 s
        reduce (NCCL/host)   [IO]              4.5 s
        unpack (D2H)         [CPU·IO]        11.6 s
        (other)              [CPU]             0.1 s
      (other)                [CPU]             0.5 s
    matvec                   [GPU·CPU·IO]   478.5 s   (GPU 418.2 · IO 0.0 · CPU 60.3)
      gemm                   [GPU]           363.8 s   (117.95 TFLOPS total · 29.49/GPU)
      kern                   [GPU]            54.5 s
      host                   [CPU]            60.3 s
        planEnum             [CPU]             4.7 s
        ctorAlloc(upload)    [CPU·IO]        13.7 s
        ctorGroup            [CPU]             0.7 s
        ctorForm             [GPU]             1.1 s
        (other)              [CPU]            40.1 s
    decimate                 [CPU]            38.3 s
      rho (dist)             [CPU]             6.6 s
      eigh (dist)            [CPU]            17.0 s
      share (MPI wait)       [CPU·IO]        12.5 s
      select+assemble        [CPU]             0.8 s
      (other)                [CPU]             1.4 s
    grow                     [GPU·CPU·IO]   190.1 s   (GPU 41.5 · IO 53.1 · CPU 95.5) · 112.53 TFLOPS total · 28.13/GPU
      gpu_proj (project)     [GPU·CPU·IO]   105.4 s
        recipe               [CPU]             0.6 s
        fap_exec             [GPU·IO]        97.3 s
        fap_merge            [CPU]             0.9 s
        fap_ctx              [CPU]             0.3 s
        fap_unpack           [CPU]             3.5 s
      reduceSH (MPI)         [CPU·IO]         8.8 s
        sync (hash+wait)     [CPU·IO]         6.2 s
        pack                 [CPU]             0.7 s
        xfer (NCCL/host)     [IO]              1.5 s
        unpack               [CPU]             0.4 s
      (other)                [CPU]            75.8 s
    predict                  [CPU]            18.8 s
    ooc                      [IO]              0.5 s
      load                   [IO]              0.5 s

################## Sweep 29/30 (forward) summary ##################
  Energy       -2987.5439058528 Ha
  dE vs prev sweep  -8.690e-06 Ha
  Discarded weight  2.428e-04  (max over this sweep's decimations)
  Rank 0: Host RAM sweep-peak 50571 MB · VmHWM 61257 MB   VRAM op-pool peak 30427 MB · total peak 61706 MB
  Rank 1: Host RAM sweep-peak 50242 MB · VmHWM 61410 MB   VRAM op-pool peak 30636 MB · total peak 62100 MB
  Rank 2: Host RAM sweep-peak 50570 MB · VmHWM 61002 MB   VRAM op-pool peak 30403 MB · total peak 61684 MB
  Rank 3: Host RAM sweep-peak 50935 MB · VmHWM 61441 MB   VRAM op-pool peak 30703 MB · total peak 62110 MB
  Block stores (peak bond, per rank): distributed A/B share 19012 MB (~K²M²/np) · owner cre/des 601 · S 300 MB (~KM²/np) · replicated floor 54 MB [stubs 3 (~KM) · H 50 (~M²)]
  OOC scratch  2049219 MB on disk  (sum over all ranks)
  Timings (wall 1061.3 s)
    build                    [CPU]           167.2 s
      formPQ                 [GPU·CPU·IO]    59.1 s   (GPU 5.5 · IO 17.7 · CPU 35.9)
        exec-gemm            [GPU]             1.3 s   (72.63 TFLOPS total · 18.16/GPU)
        exec-kern            [GPU]             4.2 s
        transfer             [IO]             17.7 s
        exec-hostprep        [CPU]            28.6 s
        prep (W+layout)      [CPU]             0.1 s
        complete (MPI)       [IO]              5.8 s
        wdesc (Wsub+reds)    [CPU]             0.4 s
        (other)              [CPU]             1.0 s
      [kern] executor reductions (all phases): res-zero 0.0 · gather 23.3 · reduce 42.0 · accumulate 1.4 s
      sys                    [CPU]             1.1 s
      env                    [CPU]             2.7 s
      compPQ-form            [CPU]             1.0 s
        bsblock              [CPU]             0.3 s
        match                [CPU]             0.6 s
          pump (src dedup)   [CPU]             0.3 s
          emit (owned)       [CPU]             0.2 s
          (other)            [CPU]             0.1 s
      assembly               [CPU]             0.3 s
      compS-form-gpu (MPI)   [GPU·CPU·IO]   102.3 s   (GPU 39.6 · IO 21.4 · CPU 41.3)
        bsblock (store walk) [CPU]             0.4 s
        recipe (host,replic) [CPU]             1.1 s
        form (gpu+D2H)       [GPU·IO]        83.8 s
        reduce (NCCL/host)   [IO]              5.3 s
        unpack (D2H)         [CPU·IO]        11.5 s
        (other)              [CPU]             0.1 s
      (other)                [CPU]             0.5 s
    matvec                   [GPU·CPU·IO]   477.4 s   (GPU 415.7 · IO 0.0 · CPU 61.7)
      gemm                   [GPU]           361.5 s   (117.54 TFLOPS total · 29.38/GPU)
      kern                   [GPU]            54.2 s
      host                   [CPU]            61.7 s
        planEnum             [CPU]             4.7 s
        ctorAlloc(upload)    [CPU·IO]        13.6 s
        ctorGroup            [CPU]             0.7 s
        ctorForm             [GPU]             1.1 s
        (other)              [CPU]            41.6 s
    decimate                 [CPU]            37.5 s
      rho (dist)             [CPU]             7.6 s
      eigh (dist)            [CPU]            17.2 s
      share (MPI wait)       [CPU·IO]        10.7 s
      select+assemble        [CPU]             0.7 s
      (other)                [CPU]             1.3 s
    grow                     [GPU·CPU·IO]   197.2 s   (GPU 43.8 · IO 56.2 · CPU 97.1) · 109.80 TFLOPS total · 27.45/GPU
      gpu_proj (project)     [GPU·CPU·IO]   110.6 s
        recipe               [CPU]             0.6 s
        fap_exec             [GPU·IO]       102.7 s
        fap_merge            [CPU]             0.9 s
        fap_ctx              [CPU]             0.3 s
        fap_unpack           [CPU]             3.6 s
      reduceSH (MPI)         [CPU·IO]         9.9 s
        sync (hash+wait)     [CPU·IO]         7.2 s
        pack                 [CPU]             0.7 s
        xfer (NCCL/host)     [IO]              1.6 s
        unpack               [CPU]             0.4 s
      (other)                [CPU]            76.7 s
    predict                  [CPU]            25.0 s
    ooc                      [IO]              0.5 s
      load                   [IO]              0.5 s

################## Sweep 30/30 (backward) summary ##################
  Energy       -2987.5439115105 Ha
  dE vs prev sweep  -5.658e-06 Ha
  Discarded weight  2.429e-04  (max over this sweep's decimations)
  Rank 0: Host RAM sweep-peak 50970 MB · VmHWM 61257 MB   VRAM op-pool peak 30427 MB · total peak 61706 MB
  Rank 1: Host RAM sweep-peak 51761 MB · VmHWM 61410 MB   VRAM op-pool peak 30636 MB · total peak 62100 MB
  Rank 2: Host RAM sweep-peak 50965 MB · VmHWM 61002 MB   VRAM op-pool peak 30403 MB · total peak 61684 MB
  Rank 3: Host RAM sweep-peak 51787 MB · VmHWM 61441 MB   VRAM op-pool peak 30703 MB · total peak 62110 MB
  Block stores (peak bond, per rank): distributed A/B share 19242 MB (~K²M²/np) · owner cre/des 601 · S 300 MB (~KM²/np) · replicated floor 54 MB [stubs 3 (~KM) · H 50 (~M²)]
  OOC scratch  2054440 MB on disk  (sum over all ranks)
  Timings (wall 1056.3 s)
    build                    [CPU]           166.4 s
      formPQ                 [GPU·CPU·IO]    57.6 s   (GPU 5.5 · IO 18.4 · CPU 33.7)
        exec-gemm            [GPU]             1.3 s   (72.23 TFLOPS total · 18.06/GPU)
        exec-kern            [GPU]             4.2 s
        transfer             [IO]             18.4 s
        exec-hostprep        [CPU]            26.2 s
        prep (W+layout)      [CPU]             0.1 s
        complete (MPI)       [IO]              5.9 s
        wdesc (Wsub+reds)    [CPU]             0.4 s
        (other)              [CPU]             1.0 s
      [kern] executor reductions (all phases): res-zero 0.0 · gather 22.4 · reduce 42.0 · accumulate 1.4 s
      sys                    [CPU]             2.5 s
      env                    [CPU]             1.1 s
      compPQ-form            [CPU]             0.9 s
        bsblock              [CPU]             0.3 s
        match                [CPU]             0.5 s
          pump (src dedup)   [CPU]             0.3 s
          emit (owned)       [CPU]             0.1 s
          (other)            [CPU]             0.1 s
      assembly               [CPU]             0.4 s
      compS-form-gpu (MPI)   [GPU·CPU·IO]   103.3 s   (GPU 39.6 · IO 22.2 · CPU 41.5)
        bsblock (store walk) [CPU]             0.4 s
        recipe (host,replic) [CPU]             1.1 s
        form (gpu+D2H)       [GPU·IO]        85.6 s
        reduce (NCCL/host)   [IO]              4.6 s
        unpack (D2H)         [CPU·IO]        11.5 s
        (other)              [CPU]             0.1 s
      (other)                [CPU]             0.5 s
    matvec                   [GPU·CPU·IO]   478.9 s   (GPU 417.8 · IO 0.0 · CPU 61.2)
      gemm                   [GPU]           363.3 s   (118.15 TFLOPS total · 29.54/GPU)
      kern                   [GPU]            54.5 s
      host                   [CPU]            61.2 s
        planEnum             [CPU]             4.7 s
        ctorAlloc(upload)    [CPU·IO]        13.6 s
        ctorGroup            [CPU]             0.7 s
        ctorForm             [GPU]             1.1 s
        (other)              [CPU]            41.1 s
    decimate                 [CPU]            38.2 s
      rho (dist)             [CPU]             6.6 s
      eigh (dist)            [CPU]            17.4 s
      share (MPI wait)       [CPU·IO]        12.1 s
      select+assemble        [CPU]             0.8 s
      (other)                [CPU]             1.3 s
    grow                     [GPU·CPU·IO]   193.3 s   (GPU 41.6 · IO 52.5 · CPU 99.2) · 112.44 TFLOPS total · 28.11/GPU
      gpu_proj (project)     [GPU·CPU·IO]   104.6 s
        recipe               [CPU]             0.6 s
        fap_exec             [GPU·IO]        96.7 s
        fap_merge            [CPU]             0.9 s
        fap_ctx              [CPU]             0.3 s
        fap_unpack           [CPU]             3.5 s
      reduceSH (MPI)         [CPU·IO]        13.2 s
        sync (hash+wait)     [CPU·IO]        10.6 s
        pack                 [CPU]             0.7 s
        xfer (NCCL/host)     [IO]              1.5 s
        unpack               [CPU]             0.4 s
      (other)                [CPU]            75.4 s
    predict                  [CPU]            19.2 s
    ooc                      [IO]              0.5 s
      load                   [IO]              0.5 s
[qops] WARNING: energy NOT converged after 30 sweeps: |dE| = 5.658e-06 >= e_conv = 1.000e-09

################## Run total ##################
  30 sweep(s) + warmup: 34777.7 s wall · final E -2987.5439115105 Ha · VmHWM 61257 MB
  ooc async residual wait (not hidden behind compute): save 0.5 · load 13.8 s (0% of runtime)
[rc] main run done: E = -2987.5439115105 Ha
[qops] MPI np=4 · GPU=on · device collectives: NCCL (NVLink/GPUDirect)
[qops] A/B host-offload: ON (stubs + pager spill)

################## Sweep 1/1 (forward) summary ##################
  Energy       1000000000000000000.0000000000 Ha
  Discarded weight  0.000e+00  (max over this sweep's decimations)
  Rank 0: Host RAM sweep-peak 54347 MB · VmHWM 72244 MB   VRAM op-pool peak 30427 MB · total peak 61706 MB
  Rank 1: Host RAM sweep-peak 53702 MB · VmHWM 71793 MB   VRAM op-pool peak 30636 MB · total peak 62100 MB
  Rank 2: Host RAM sweep-peak 53991 MB · VmHWM 71959 MB   VRAM op-pool peak 30403 MB · total peak 61684 MB
  Rank 3: Host RAM sweep-peak 53942 MB · VmHWM 71828 MB   VRAM op-pool peak 30703 MB · total peak 62110 MB
  OOC scratch  2020285 MB on disk  (sum over all ranks)
  Timings (wall 599.2 s)
    build                    [CPU]             0.0 s
      [kern] executor reductions (all phases): res-zero 0.0 · gather 20.9 · reduce 1.5 · accumulate 0.5 s
    matvec                   [GPU·CPU·IO]     0.0 s   (GPU 0.0 · IO 0.0 · CPU 0.0)
    decimate                 [CPU]            38.9 s
      rho (dist)             [CPU]             7.5 s
      eigh (dist)            [CPU]            18.6 s
      share (MPI wait)       [CPU·IO]        10.2 s
      select+assemble        [CPU]             0.9 s
      (other)                [CPU]             1.7 s
    grow                     [GPU·CPU·IO]   239.3 s   (GPU 43.6 · IO 78.1 · CPU 117.6) · 109.81 TFLOPS total · 27.45/GPU
      gpu_proj (project)     [GPU·CPU·IO]   160.8 s
        recipe               [CPU]             0.6 s
        fap_exec             [GPU·IO]       153.2 s
        fap_merge            [CPU]             1.1 s
        fap_ctx              [CPU]             0.3 s
        fap_unpack           [CPU]             3.6 s
      reduceSH (MPI)         [CPU·IO]         6.9 s
        sync (hash+wait)     [CPU·IO]         4.3 s
        pack                 [CPU]             0.7 s
        xfer (NCCL/host)     [IO]              1.5 s
        unpack               [CPU]             0.4 s
      hydrate_cd (MPI)       [IO]             16.6 s
      (other)                [CPU]            55.0 s
    measure                  [CPU]           140.4 s
      hydrate cd/ab (MPI)    [CPU·IO]       130.4 s
      eval (elements)        [CPU]            10.0 s
    predict                  [CPU]            25.2 s
    ooc                      [IO]              0.5 s
      load                   [IO]              0.5 s

################## Run total ##################
  1 sweep(s) + warmup: 599.5 s wall · final E 1000000000000000000.0000000000 Ha · VmHWM 72244 MB
  ooc async residual wait (not hidden behind compute): save 0.5 · load 14.3 s (2% of runtime)
[qops] <S^2> = 1.250101  (S = 0.7248)  [assumes identical alpha/beta spatial orbitals — with UHF orbitals this is NOT the physical <S^2>; see qops/measure.hpp]
[qops] single-orbital entropy: total 5.9030 · max 0.3388 @ orbital 21 · spin-orbital total 5.9420
[qops] S1 = 0.064 0.037 0.071 0.011 0.023 0.026 0.088 0.077 0.061 0.140 0.185 0.174 0.137 0.160 0.184 0.238
             0.283 0.255 0.279 0.298 0.328 0.339 0.283 0.277 0.218 0.235 0.214 0.149 0.136 0.129 0.116 0.095
             0.100 0.090 0.115 0.071 0.090 0.046 0.044 0.038
[qops] MPI np=4 · GPU=on · device collectives: NCCL (NVLink/GPUDirect)
[qops] A/B host-offload: ON (stubs + pager spill)

################## Sweep 1/2 (backward) summary ##################
  Energy       1000000000000000000.0000000000 Ha
  Discarded weight  0.000e+00  (max over this sweep's decimations)
  Rank 0: Host RAM sweep-peak 52113 MB · VmHWM 72244 MB   VRAM op-pool peak 30427 MB · total peak 61706 MB
  Rank 1: Host RAM sweep-peak 52835 MB · VmHWM 71793 MB   VRAM op-pool peak 30636 MB · total peak 62100 MB
  Rank 2: Host RAM sweep-peak 51965 MB · VmHWM 71959 MB   VRAM op-pool peak 30403 MB · total peak 61684 MB
  Rank 3: Host RAM sweep-peak 52791 MB · VmHWM 71828 MB   VRAM op-pool peak 30703 MB · total peak 62110 MB
  OOC scratch  2028215 MB on disk  (sum over all ranks)
  Timings (wall 413.0 s)
    build                    [CPU]             0.0 s
      [kern] executor reductions (all phases): res-zero 0.0 · gather 20.0 · reduce 1.5 · accumulate 0.5 s
    matvec                   [GPU·CPU·IO]     0.0 s   (GPU 0.0 · IO 0.0 · CPU 0.0)
    decimate                 [CPU]            37.7 s
      rho (dist)             [CPU]             6.6 s
      eigh (dist)            [CPU]            17.7 s
      share (MPI wait)       [CPU·IO]        11.5 s
      select+assemble        [CPU]             0.8 s
      (other)                [CPU]             1.1 s
    grow                     [GPU·CPU·IO]   197.5 s   (GPU 41.5 · IO 55.2 · CPU 100.9) · 112.59 TFLOPS total · 28.15/GPU
      gpu_proj (project)     [GPU·CPU·IO]   110.3 s
        recipe               [CPU]             0.6 s
        fap_exec             [GPU·IO]       103.0 s
        fap_merge            [CPU]             0.9 s
        fap_ctx              [CPU]             0.3 s
        fap_unpack           [CPU]             3.6 s
      reduceSH (MPI)         [CPU·IO]        10.0 s
        sync (hash+wait)     [CPU·IO]         7.4 s
        pack                 [CPU]             0.7 s
        xfer (NCCL/host)     [IO]              1.5 s
        unpack               [CPU]             0.4 s
      hydrate_cd (MPI)       [IO]              7.3 s
      (other)                [CPU]            69.9 s
    predict                  [CPU]            19.2 s
    ooc                      [IO]              0.5 s
      load                   [IO]              0.5 s

################## Sweep 2/2 (forward) summary ##################
  Energy       1000000000000000000.0000000000 Ha
  dE vs prev sweep  +0.000e+00 Ha
  Discarded weight  0.000e+00  (max over this sweep's decimations)
  Rank 0: Host RAM sweep-peak 53582 MB · VmHWM 72244 MB   VRAM op-pool peak 30427 MB · total peak 61706 MB
  Rank 1: Host RAM sweep-peak 52897 MB · VmHWM 71793 MB   VRAM op-pool peak 30636 MB · total peak 62100 MB
  Rank 2: Host RAM sweep-peak 53160 MB · VmHWM 71959 MB   VRAM op-pool peak 30403 MB · total peak 61684 MB
  Rank 3: Host RAM sweep-peak 53140 MB · VmHWM 71828 MB   VRAM op-pool peak 30703 MB · total peak 62110 MB
  OOC scratch  2020141 MB on disk  (sum over all ranks)
  Timings (wall 15076.0 s)
    build                    [CPU]             0.0 s
      [kern] executor reductions (all phases): res-zero 0.0 · gather 20.9 · reduce 1.5 · accumulate 0.5 s
    matvec                   [GPU·CPU·IO]     0.0 s   (GPU 0.0 · IO 0.0 · CPU 0.0)
    decimate                 [CPU]            43.6 s
      rho (dist)             [CPU]             7.5 s
      eigh (dist)            [CPU]            18.8 s
      share (MPI wait)       [CPU·IO]        14.7 s
      select+assemble        [CPU]             0.9 s
      (other)                [CPU]             1.7 s
    grow                     [GPU·CPU·IO]  1346.7 s   (GPU 43.5 · IO 81.5 · CPU 1221.7) · 109.06 TFLOPS total · 27.27/GPU
      gpu_proj (project)     [GPU·CPU·IO]   195.1 s
        recipe               [CPU]             0.7 s
        fap_exec             [GPU·IO]       187.1 s
        fap_merge            [CPU]             1.2 s
        fap_ctx              [CPU]             0.4 s
        fap_unpack           [CPU]             3.5 s
      reduceSH (MPI)         [CPU·IO]      1069.7 s
        sync (hash+wait)     [CPU·IO]      1066.7 s
        pack                 [CPU]             0.9 s
        xfer (NCCL/host)     [IO]              1.6 s
        unpack               [CPU]             0.4 s
      hydrate_cd (MPI)       [IO]             22.4 s
      (other)                [CPU]            59.6 s
    measure                  [CPU]         13506.2 s
      hydrate cd/ab (MPI)    [CPU·IO]       141.2 s
      eval (elements)        [CPU]         13365.0 s
    predict                  [CPU]            26.7 s
    ooc                      [IO]              0.5 s
      load                   [IO]              0.5 s

################## Run total ##################
  2 sweep(s) + warmup: 15489.3 s wall · final E 1000000000000000000.0000000000 Ha · VmHWM 72244 MB
  ooc async residual wait (not hidden behind compute): save 0.5 · load 15.4 s (0% of runtime)
[qops] <S^2> = 1.250101  (S = 0.7248)  [assumes identical alpha/beta spatial orbitals — with UHF orbitals this is NOT the physical <S^2>; see qops/measure.hpp]
[qops] single-orbital entropy: total 5.9030 · max 0.3388 @ orbital 21 · spin-orbital total 5.9420
[qops] S1 = 0.064 0.037 0.071 0.011 0.023 0.026 0.088 0.077 0.061 0.140 0.185 0.174 0.137 0.160 0.184 0.238
             0.283 0.255 0.279 0.298 0.328 0.339 0.283 0.277 0.218 0.235 0.214 0.149 0.136 0.129 0.116 0.095
             0.100 0.090 0.115 0.071 0.090 0.046 0.044 0.038
[rc] measurements done (RDMs + NO occupations saved)
[qops] MPI np=4 · GPU=on · device collectives: NCCL (NVLink/GPUDirect)
[qops] A/B host-offload: ON (stubs + pager spill)

################## Sweep 1/10 (backward) summary ##################
  Energy       -2987.5434428808 Ha
  Discarded weight  4.801e-04  (max over this sweep's decimations)
  Rank 0: Host RAM sweep-peak 43192 MB · VmHWM 72244 MB   VRAM op-pool peak 30427 MB · total peak 61706 MB
  Rank 1: Host RAM sweep-peak 43651 MB · VmHWM 71793 MB   VRAM op-pool peak 30636 MB · total peak 62100 MB
  Rank 2: Host RAM sweep-peak 43791 MB · VmHWM 71959 MB   VRAM op-pool peak 30403 MB · total peak 61684 MB
  Rank 3: Host RAM sweep-peak 42610 MB · VmHWM 71828 MB   VRAM op-pool peak 30703 MB · total peak 62110 MB
  Block stores (peak bond, per rank): distributed A/B share 18839 MB (~K²M²/np) · owner cre/des 537 · S 224 MB (~KM²/np) · replicated floor 45 MB [stubs 3 (~KM) · H 42 (~M²)]
  OOC scratch  1736535 MB on disk  (sum over all ranks)
  Timings (wall 865.7 s)
    build                    [CPU]           155.3 s
      formPQ                 [GPU·CPU·IO]    56.3 s   (GPU 4.5 · IO 17.8 · CPU 34.0)
        exec-gemm            [GPU]             1.1 s   (72.94 TFLOPS total · 18.23/GPU)
        exec-kern            [GPU]             3.4 s
        transfer             [IO]             17.8 s
        exec-hostprep        [CPU]            24.7 s
        prep (W+layout)      [CPU]             0.1 s
        complete (MPI)       [IO]              7.9 s
        wdesc (Wsub+reds)    [CPU]             0.4 s
        (other)              [CPU]             0.8 s
      [kern] executor reductions (all phases): res-zero 0.0 · gather 15.6 · reduce 34.7 · accumulate 1.1 s
      sys                    [CPU]             2.5 s
      env                    [CPU]             0.8 s
      compPQ-form            [CPU]             0.9 s
        bsblock              [CPU]             0.3 s
        match                [CPU]             0.5 s
          pump (src dedup)   [CPU]             0.2 s
          emit (owned)       [CPU]             0.1 s
          (other)            [CPU]             0.1 s
      assembly               [CPU]             0.3 s
      compS-form-gpu (MPI)   [GPU·CPU·IO]    94.0 s   (GPU 33.0 · IO 22.0 · CPU 39.0)
        bsblock (store walk) [CPU]             0.4 s
        recipe (host,replic) [CPU]             1.1 s
        form (gpu+D2H)       [GPU·IO]        78.2 s
        reduce (NCCL/host)   [IO]              4.7 s
        unpack (D2H)         [CPU·IO]         9.5 s
        (other)              [CPU]             0.1 s
      (other)                [CPU]             0.5 s
    matvec                   [GPU·CPU·IO]   394.7 s   (GPU 343.3 · IO 0.0 · CPU 51.5)
      gemm                   [GPU]           295.1 s   (111.73 TFLOPS total · 27.93/GPU)
      kern                   [GPU]            48.2 s
      host                   [CPU]            51.5 s
        planEnum             [CPU]             4.4 s
        ctorAlloc(upload)    [CPU·IO]        11.3 s
        ctorGroup            [CPU]             0.7 s
        ctorForm             [GPU]             0.9 s
        (other)              [CPU]            34.2 s
    decimate                 [CPU]            26.7 s
      rho (dist)             [CPU]             4.7 s
      eigh (dist)            [CPU]            11.7 s
      share (MPI wait)       [CPU·IO]         8.7 s
      select+assemble        [CPU]             0.5 s
      (other)                [CPU]             1.1 s
    grow                     [GPU·CPU·IO]   114.2 s   (GPU 26.1 · IO 28.5 · CPU 59.6) · 105.37 TFLOPS total · 26.34/GPU
      gpu_proj (project)     [GPU·CPU·IO]    62.2 s
        recipe               [CPU]             0.6 s
        fap_exec             [GPU·IO]        56.7 s
        fap_merge            [CPU]             0.7 s
        fap_ctx              [CPU]             0.3 s
        fap_unpack           [CPU]             1.4 s
      reduceSH (MPI)         [CPU·IO]         8.7 s
        sync (hash+wait)     [CPU·IO]         6.9 s
        pack                 [CPU]             0.5 s
        xfer (NCCL/host)     [IO]              1.1 s
        unpack               [CPU]             0.3 s
      (other)                [CPU]            43.3 s
    predict                  [CPU]            14.6 s
    ooc                      [IO]              0.5 s
      load                   [IO]              0.5 s

################## Sweep 2/10 (forward) summary ##################
  Energy       -2987.5427857151 Ha
  dE vs prev sweep  +6.572e-04 Ha
  Discarded weight  3.201e-04  (max over this sweep's decimations)
  Rank 0: Host RAM sweep-peak 42247 MB · VmHWM 72244 MB   VRAM op-pool peak 30427 MB · total peak 61706 MB
  Rank 1: Host RAM sweep-peak 42277 MB · VmHWM 71793 MB   VRAM op-pool peak 30636 MB · total peak 62100 MB
  Rank 2: Host RAM sweep-peak 42394 MB · VmHWM 71959 MB   VRAM op-pool peak 30403 MB · total peak 61684 MB
  Rank 3: Host RAM sweep-peak 41448 MB · VmHWM 71828 MB   VRAM op-pool peak 30703 MB · total peak 62110 MB
  Block stores (peak bond, per rank): distributed A/B share 12221 MB (~K²M²/np) · owner cre/des 388 · S 193 MB (~KM²/np) · replicated floor 35 MB [stubs 3 (~KM) · H 33 (~M²)]
  OOC scratch  1314955 MB on disk  (sum over all ranks)
  Timings (wall 657.7 s)
    build                    [CPU]           106.1 s
      formPQ                 [GPU·CPU·IO]    34.7 s   (GPU 3.5 · IO 10.9 · CPU 20.2)
        exec-gemm            [GPU]             0.9 s   (73.33 TFLOPS total · 18.33/GPU)
        exec-kern            [GPU]             2.7 s
        transfer             [IO]             10.9 s
        exec-hostprep        [CPU]            15.7 s
        prep (W+layout)      [CPU]             0.1 s
        complete (MPI)       [IO]              3.3 s
        wdesc (Wsub+reds)    [CPU]             0.3 s
        (other)              [CPU]             0.8 s
      [kern] executor reductions (all phases): res-zero 0.0 · gather 15.7 · reduce 27.6 · accumulate 0.9 s
      sys                    [CPU]             0.8 s
      env                    [CPU]             1.6 s
      compPQ-form            [CPU]             0.6 s
        bsblock              [CPU]             0.1 s
        match                [CPU]             0.4 s
          pump (src dedup)   [CPU]             0.2 s
          emit (owned)       [CPU]             0.1 s
          (other)            [CPU]             0.1 s
      assembly               [CPU]             0.3 s
      compS-form-gpu (MPI)   [GPU·CPU·IO]    67.6 s   (GPU 26.1 · IO 14.1 · CPU 27.3)
        bsblock (store walk) [CPU]             0.3 s
        recipe (host,replic) [CPU]             1.1 s
        form (gpu+D2H)       [GPU·IO]        55.5 s
        reduce (NCCL/host)   [IO]              3.2 s
        unpack (D2H)         [CPU·IO]         7.5 s
        (other)              [CPU]             0.1 s
      (other)                [CPU]             0.5 s
    matvec                   [GPU·CPU·IO]   293.1 s   (GPU 251.8 · IO 0.0 · CPU 41.3)
      gemm                   [GPU]           214.5 s   (108.33 TFLOPS total · 27.08/GPU)
      kern                   [GPU]            37.2 s
      host                   [CPU]            41.3 s
        planEnum             [CPU]             4.0 s
        ctorAlloc(upload)    [CPU·IO]         8.7 s
        ctorGroup            [CPU]             0.6 s
        ctorForm             [GPU]             0.8 s
        (other)              [CPU]            27.3 s
    decimate                 [CPU]            25.0 s
      rho (dist)             [CPU]             4.8 s
      eigh (dist)            [CPU]            12.3 s
      share (MPI wait)       [CPU·IO]         6.5 s
      select+assemble        [CPU]             0.5 s
      (other)                [CPU]             1.0 s
    grow                     [GPU·CPU·IO]   113.5 s   (GPU 26.8 · IO 30.7 · CPU 56.0) · 104.99 TFLOPS total · 26.25/GPU
      gpu_proj (project)     [GPU·CPU·IO]    64.5 s
        recipe               [CPU]             0.6 s
        fap_exec             [GPU·IO]        59.5 s
        fap_merge            [CPU]             0.7 s
        fap_ctx              [CPU]             0.3 s
        fap_unpack           [CPU]             1.4 s
      reduceSH (MPI)         [CPU·IO]         6.5 s
        sync (hash+wait)     [CPU·IO]         4.6 s
        pack                 [CPU]             0.5 s
        xfer (NCCL/host)     [IO]              1.1 s
        unpack               [CPU]             0.3 s
      (other)                [CPU]            42.6 s
    predict                  [CPU]            14.4 s
    ooc                      [IO]              0.3 s
      load                   [IO]              0.3 s

################## Sweep 3/10 (backward) summary ##################
  Energy       -2987.5428204836 Ha
  dE vs prev sweep  -3.477e-05 Ha
  Discarded weight  3.009e-04  (max over this sweep's decimations)
  Rank 0: Host RAM sweep-peak 42824 MB · VmHWM 72244 MB   VRAM op-pool peak 30427 MB · total peak 61706 MB
  Rank 1: Host RAM sweep-peak 43512 MB · VmHWM 71793 MB   VRAM op-pool peak 30636 MB · total peak 62100 MB
  Rank 2: Host RAM sweep-peak 43679 MB · VmHWM 71959 MB   VRAM op-pool peak 30403 MB · total peak 61684 MB
  Rank 3: Host RAM sweep-peak 43261 MB · VmHWM 71828 MB   VRAM op-pool peak 30703 MB · total peak 62110 MB
  Block stores (peak bond, per rank): distributed A/B share 12258 MB (~K²M²/np) · owner cre/des 389 · S 194 MB (~KM²/np) · replicated floor 36 MB [stubs 3 (~KM) · H 33 (~M²)]
  OOC scratch  1314929 MB on disk  (sum over all ranks)
  Timings (wall 659.8 s)
    build                    [CPU]           106.5 s
      formPQ                 [GPU·CPU·IO]    34.4 s   (GPU 3.5 · IO 11.1 · CPU 19.8)
        exec-gemm            [GPU]             0.9 s   (73.37 TFLOPS total · 18.34/GPU)
        exec-kern            [GPU]             2.7 s
        transfer             [IO]             11.1 s
        exec-hostprep        [CPU]            15.4 s
        prep (W+layout)      [CPU]             0.1 s
        complete (MPI)       [IO]              3.1 s
        wdesc (Wsub+reds)    [CPU]             0.3 s
        (other)              [CPU]             0.8 s
      [kern] executor reductions (all phases): res-zero 0.0 · gather 15.3 · reduce 27.7 · accumulate 0.9 s
      sys                    [CPU]             1.5 s
      env                    [CPU]             0.8 s
      compPQ-form            [CPU]             0.6 s
        bsblock              [CPU]             0.1 s
        match                [CPU]             0.4 s
          pump (src dedup)   [CPU]             0.2 s
          emit (owned)       [CPU]             0.1 s
          (other)            [CPU]             0.1 s
      assembly               [CPU]             0.3 s
      compS-form-gpu (MPI)   [GPU·CPU·IO]    68.3 s   (GPU 26.2 · IO 14.4 · CPU 27.7)
        bsblock (store walk) [CPU]             0.2 s
        recipe (host,replic) [CPU]             1.1 s
        form (gpu+D2H)       [GPU·IO]        56.2 s
        reduce (NCCL/host)   [IO]              3.1 s
        unpack (D2H)         [CPU·IO]         7.6 s
        (other)              [CPU]             0.1 s
      (other)                [CPU]             0.5 s
    matvec                   [GPU·CPU·IO]   297.1 s   (GPU 255.0 · IO 0.0 · CPU 42.1)
      gemm                   [GPU]           217.3 s   (109.32 TFLOPS total · 27.33/GPU)
      kern                   [GPU]            37.7 s
      host                   [CPU]            42.1 s
        planEnum             [CPU]             3.9 s
        ctorAlloc(upload)    [CPU·IO]         8.6 s
        ctorGroup            [CPU]             0.6 s
        ctorForm             [GPU]             0.8 s
        (other)              [CPU]            28.1 s
    decimate                 [CPU]            26.0 s
      rho (dist)             [CPU]             4.4 s
      eigh (dist)            [CPU]            11.8 s
      share (MPI wait)       [CPU·IO]         8.2 s
      select+assemble        [CPU]             0.5 s
      (other)                [CPU]             1.1 s
    grow                     [GPU·CPU·IO]   113.6 s   (GPU 26.1 · IO 29.2 · CPU 58.3) · 106.52 TFLOPS total · 26.63/GPU
      gpu_proj (project)     [GPU·CPU·IO]    62.3 s
        recipe               [CPU]             0.6 s
        fap_exec             [GPU·IO]        57.2 s
        fap_merge            [CPU]             0.7 s
        fap_ctx              [CPU]             0.3 s
        fap_unpack           [CPU]             1.4 s
      reduceSH (MPI)         [CPU·IO]         8.3 s
        sync (hash+wait)     [CPU·IO]         6.5 s
        pack                 [CPU]             0.5 s
        xfer (NCCL/host)     [IO]              1.1 s
        unpack               [CPU]             0.3 s
      (other)                [CPU]            42.9 s
    predict                  [CPU]            11.7 s
    ooc                      [IO]              0.3 s
      load                   [IO]              0.3 s

################## Sweep 4/10 (forward) summary ##################
  Energy       -2987.5428268708 Ha
  dE vs prev sweep  -6.387e-06 Ha
  Discarded weight  2.968e-04  (max over this sweep's decimations)
  Rank 0: Host RAM sweep-peak 42625 MB · VmHWM 72244 MB   VRAM op-pool peak 30427 MB · total peak 61706 MB
  Rank 1: Host RAM sweep-peak 42139 MB · VmHWM 71793 MB   VRAM op-pool peak 30636 MB · total peak 62100 MB
  Rank 2: Host RAM sweep-peak 42255 MB · VmHWM 71959 MB   VRAM op-pool peak 30403 MB · total peak 61684 MB
  Rank 3: Host RAM sweep-peak 42394 MB · VmHWM 71828 MB   VRAM op-pool peak 30703 MB · total peak 62110 MB
  Block stores (peak bond, per rank): distributed A/B share 12176 MB (~K²M²/np) · owner cre/des 389 · S 194 MB (~KM²/np) · replicated floor 36 MB [stubs 3 (~KM) · H 33 (~M²)]
  OOC scratch  1316563 MB on disk  (sum over all ranks)
  Timings (wall 655.9 s)
    build                    [CPU]           106.4 s
      formPQ                 [GPU·CPU·IO]    34.8 s   (GPU 3.5 · IO 10.8 · CPU 20.5)
        exec-gemm            [GPU]             0.9 s   (73.22 TFLOPS total · 18.31/GPU)
        exec-kern            [GPU]             2.7 s
        transfer             [IO]             10.8 s
        exec-hostprep        [CPU]            16.1 s
        prep (W+layout)      [CPU]             0.1 s
        complete (MPI)       [IO]              3.1 s
        wdesc (Wsub+reds)    [CPU]             0.3 s
        (other)              [CPU]             0.8 s
      [kern] executor reductions (all phases): res-zero 0.0 · gather 15.7 · reduce 27.8 · accumulate 0.9 s
      sys                    [CPU]             0.8 s
      env                    [CPU]             1.6 s
      compPQ-form            [CPU]             0.6 s
        bsblock              [CPU]             0.1 s
        match                [CPU]             0.4 s
          pump (src dedup)   [CPU]             0.2 s
          emit (owned)       [CPU]             0.1 s
          (other)            [CPU]             0.1 s
      assembly               [CPU]             0.3 s
      compS-form-gpu (MPI)   [GPU·CPU·IO]    67.7 s   (GPU 26.2 · IO 14.0 · CPU 27.5)
        bsblock (store walk) [CPU]             0.3 s
        recipe (host,replic) [CPU]             1.1 s
        form (gpu+D2H)       [GPU·IO]        55.6 s
        reduce (NCCL/host)   [IO]              3.3 s
        unpack (D2H)         [CPU·IO]         7.4 s
        (other)              [CPU]             0.1 s
      (other)                [CPU]             0.5 s
    matvec                   [GPU·CPU·IO]   290.2 s   (GPU 248.0 · IO 0.0 · CPU 42.1)
      gemm                   [GPU]           211.3 s   (109.27 TFLOPS total · 27.32/GPU)
      kern                   [GPU]            36.7 s
      host                   [CPU]            42.1 s
        planEnum             [CPU]             4.0 s
        ctorAlloc(upload)    [CPU·IO]         8.5 s
        ctorGroup            [CPU]             0.6 s
        ctorForm             [GPU]             0.8 s
        (other)              [CPU]            28.2 s
    decimate                 [CPU]            25.2 s
      rho (dist)             [CPU]             4.8 s
      eigh (dist)            [CPU]            12.3 s
      share (MPI wait)       [CPU·IO]         6.6 s
      select+assemble        [CPU]             0.5 s
      (other)                [CPU]             1.0 s
    grow                     [GPU·CPU·IO]   114.5 s   (GPU 26.8 · IO 30.8 · CPU 56.9) · 106.36 TFLOPS total · 26.59/GPU
      gpu_proj (project)     [GPU·CPU·IO]    64.5 s
        recipe               [CPU]             0.6 s
        fap_exec             [GPU·IO]        59.5 s
        fap_merge            [CPU]             0.7 s
        fap_ctx              [CPU]             0.3 s
        fap_unpack           [CPU]             1.4 s
      reduceSH (MPI)         [CPU·IO]         7.9 s
        sync (hash+wait)     [CPU·IO]         6.1 s
        pack                 [CPU]             0.5 s
        xfer (NCCL/host)     [IO]              1.1 s
        unpack               [CPU]             0.3 s
      (other)                [CPU]            42.1 s
    predict                  [CPU]            14.6 s
    ooc                      [IO]              0.3 s
      load                   [IO]              0.3 s

################## Sweep 5/10 (backward) summary ##################
  Energy       -2987.5428269426 Ha
  dE vs prev sweep  -7.188e-08 Ha
  Discarded weight  2.950e-04  (max over this sweep's decimations)
  Rank 0: Host RAM sweep-peak 42347 MB · VmHWM 72244 MB   VRAM op-pool peak 30427 MB · total peak 61706 MB
  Rank 1: Host RAM sweep-peak 42065 MB · VmHWM 71793 MB   VRAM op-pool peak 30636 MB · total peak 62100 MB
  Rank 2: Host RAM sweep-peak 42477 MB · VmHWM 71959 MB   VRAM op-pool peak 30403 MB · total peak 61684 MB
  Rank 3: Host RAM sweep-peak 42278 MB · VmHWM 71828 MB   VRAM op-pool peak 30703 MB · total peak 62110 MB
  Block stores (peak bond, per rank): distributed A/B share 12383 MB (~K²M²/np) · owner cre/des 389 · S 194 MB (~KM²/np) · replicated floor 36 MB [stubs 3 (~KM) · H 33 (~M²)]
  OOC scratch  1323753 MB on disk  (sum over all ranks)
  Timings (wall 649.0 s)
    build                    [CPU]           106.2 s
      formPQ                 [GPU·CPU·IO]    34.1 s   (GPU 3.5 · IO 11.0 · CPU 19.5)
        exec-gemm            [GPU]             0.9 s   (73.40 TFLOPS total · 18.35/GPU)
        exec-kern            [GPU]             2.7 s
        transfer             [IO]             11.0 s
        exec-hostprep        [CPU]            15.4 s
        prep (W+layout)      [CPU]             0.1 s
        complete (MPI)       [IO]              2.9 s
        wdesc (Wsub+reds)    [CPU]             0.3 s
        (other)              [CPU]             0.7 s
      [kern] executor reductions (all phases): res-zero 0.0 · gather 15.3 · reduce 27.8 · accumulate 0.9 s
      sys                    [CPU]             1.6 s
      env                    [CPU]             0.8 s
      compPQ-form            [CPU]             0.7 s
        bsblock              [CPU]             0.1 s
        match                [CPU]             0.4 s
          pump (src dedup)   [CPU]             0.2 s
          emit (owned)       [CPU]             0.1 s
          (other)            [CPU]             0.1 s
      assembly               [CPU]             0.3 s
      compS-form-gpu (MPI)   [GPU·CPU·IO]    68.3 s   (GPU 26.3 · IO 14.4 · CPU 27.7)
        bsblock (store walk) [CPU]             0.2 s
        recipe (host,replic) [CPU]             1.1 s
        form (gpu+D2H)       [GPU·IO]        56.2 s
        reduce (NCCL/host)   [IO]              3.0 s
        unpack (D2H)         [CPU·IO]         7.7 s
        (other)              [CPU]             0.1 s
      (other)                [CPU]             0.5 s
    matvec                   [GPU·CPU·IO]   291.2 s   (GPU 249.8 · IO 0.0 · CPU 41.3)
      gemm                   [GPU]           212.9 s   (109.71 TFLOPS total · 27.43/GPU)
      kern                   [GPU]            36.9 s
      host                   [CPU]            41.3 s
        planEnum             [CPU]             3.9 s
        ctorAlloc(upload)    [CPU·IO]         8.7 s
        ctorGroup            [CPU]             0.7 s
        ctorForm             [GPU]             0.8 s
        (other)              [CPU]            27.3 s
    decimate                 [CPU]            25.3 s
      rho (dist)             [CPU]             4.3 s
      eigh (dist)            [CPU]            11.9 s
      share (MPI wait)       [CPU·IO]         7.6 s
      select+assemble        [CPU]             0.5 s
      (other)                [CPU]             1.0 s
    grow                     [GPU·CPU·IO]   110.8 s   (GPU 26.1 · IO 29.2 · CPU 55.5) · 106.72 TFLOPS total · 26.68/GPU
      gpu_proj (project)     [GPU·CPU·IO]    62.5 s
        recipe               [CPU]             0.6 s
        fap_exec             [GPU·IO]        57.2 s
        fap_merge            [CPU]             0.7 s
        fap_ctx              [CPU]             0.3 s
        fap_unpack           [CPU]             1.4 s
      reduceSH (MPI)         [CPU·IO]         5.4 s
        sync (hash+wait)     [CPU·IO]         3.6 s
        pack                 [CPU]             0.5 s
        xfer (NCCL/host)     [IO]              1.0 s
        unpack               [CPU]             0.3 s
      (other)                [CPU]            42.9 s
    predict                  [CPU]            11.2 s
    ooc                      [IO]              0.3 s
      load                   [IO]              0.3 s

################## Sweep 6/10 (forward) summary ##################
  Energy       -2987.5428278958 Ha
  dE vs prev sweep  -9.532e-07 Ha
  Discarded weight  2.939e-04  (max over this sweep's decimations)
  Rank 0: Host RAM sweep-peak 42244 MB · VmHWM 72244 MB   VRAM op-pool peak 30427 MB · total peak 61706 MB
  Rank 1: Host RAM sweep-peak 42091 MB · VmHWM 71793 MB   VRAM op-pool peak 30636 MB · total peak 62100 MB
  Rank 2: Host RAM sweep-peak 41647 MB · VmHWM 71959 MB   VRAM op-pool peak 30403 MB · total peak 61684 MB
  Rank 3: Host RAM sweep-peak 41674 MB · VmHWM 71828 MB   VRAM op-pool peak 30703 MB · total peak 62110 MB
  Block stores (peak bond, per rank): distributed A/B share 12191 MB (~K²M²/np) · owner cre/des 389 · S 194 MB (~KM²/np) · replicated floor 36 MB [stubs 3 (~KM) · H 33 (~M²)]
  OOC scratch  1316169 MB on disk  (sum over all ranks)
  Timings (wall 653.7 s)
    build                    [CPU]           106.3 s
      formPQ                 [GPU·CPU·IO]    34.6 s   (GPU 3.5 · IO 10.9 · CPU 20.2)
        exec-gemm            [GPU]             0.9 s   (73.35 TFLOPS total · 18.34/GPU)
        exec-kern            [GPU]             2.7 s
        transfer             [IO]             10.9 s
        exec-hostprep        [CPU]            15.6 s
        prep (W+layout)      [CPU]             0.1 s
        complete (MPI)       [IO]              3.3 s
        wdesc (Wsub+reds)    [CPU]             0.3 s
        (other)              [CPU]             0.8 s
      [kern] executor reductions (all phases): res-zero 0.0 · gather 15.7 · reduce 27.8 · accumulate 0.9 s
      sys                    [CPU]             0.8 s
      env                    [CPU]             1.6 s
      compPQ-form            [CPU]             0.7 s
        bsblock              [CPU]             0.1 s
        match                [CPU]             0.4 s
          pump (src dedup)   [CPU]             0.2 s
          emit (owned)       [CPU]             0.1 s
          (other)            [CPU]             0.1 s
      assembly               [CPU]             0.3 s
      compS-form-gpu (MPI)   [GPU·CPU·IO]    67.8 s   (GPU 26.3 · IO 14.1 · CPU 27.4)
        bsblock (store walk) [CPU]             0.3 s
        recipe (host,replic) [CPU]             1.1 s
        form (gpu+D2H)       [GPU·IO]        55.6 s
        reduce (NCCL/host)   [IO]              3.2 s
        unpack (D2H)         [CPU·IO]         7.5 s
        (other)              [CPU]             0.1 s
      (other)                [CPU]             0.5 s
    matvec                   [GPU·CPU·IO]   288.6 s   (GPU 246.9 · IO 0.0 · CPU 41.7)
      gemm                   [GPU]           210.3 s   (109.47 TFLOPS total · 27.37/GPU)
      kern                   [GPU]            36.6 s
      host                   [CPU]            41.7 s
        planEnum             [CPU]             3.9 s
        ctorAlloc(upload)    [CPU·IO]         8.4 s
        ctorGroup            [CPU]             0.6 s
        ctorForm             [GPU]             0.8 s
        (other)              [CPU]            27.9 s
    decimate                 [CPU]            25.3 s
      rho (dist)             [CPU]             4.8 s
      eigh (dist)            [CPU]            12.1 s
      share (MPI wait)       [CPU·IO]         6.9 s
      select+assemble        [CPU]             0.5 s
      (other)                [CPU]             1.0 s
    grow                     [GPU·CPU·IO]   113.9 s   (GPU 26.6 · IO 30.6 · CPU 56.6) · 106.28 TFLOPS total · 26.57/GPU
      gpu_proj (project)     [GPU·CPU·IO]    64.3 s
        recipe               [CPU]             0.6 s
        fap_exec             [GPU·IO]        59.2 s
        fap_merge            [CPU]             0.7 s
        fap_ctx              [CPU]             0.3 s
        fap_unpack           [CPU]             1.4 s
      reduceSH (MPI)         [CPU·IO]         7.4 s
        sync (hash+wait)     [CPU·IO]         5.6 s
        pack                 [CPU]             0.5 s
        xfer (NCCL/host)     [IO]              1.1 s
        unpack               [CPU]             0.3 s
      (other)                [CPU]            42.2 s
    predict                  [CPU]            14.9 s
    ooc                      [IO]              0.3 s
      load                   [IO]              0.3 s

################## Sweep 7/10 (backward) summary ##################
  Energy       -2987.5428281892 Ha
  dE vs prev sweep  -2.934e-07 Ha
  Discarded weight  2.932e-04  (max over this sweep's decimations)
  Rank 0: Host RAM sweep-peak 42647 MB · VmHWM 72244 MB   VRAM op-pool peak 30427 MB · total peak 61706 MB
  Rank 1: Host RAM sweep-peak 43080 MB · VmHWM 71793 MB   VRAM op-pool peak 30636 MB · total peak 62100 MB
  Rank 2: Host RAM sweep-peak 42687 MB · VmHWM 71959 MB   VRAM op-pool peak 30403 MB · total peak 61684 MB
  Rank 3: Host RAM sweep-peak 43974 MB · VmHWM 71828 MB   VRAM op-pool peak 30703 MB · total peak 62110 MB
  Block stores (peak bond, per rank): distributed A/B share 12216 MB (~K²M²/np) · owner cre/des 389 · S 194 MB (~KM²/np) · replicated floor 36 MB [stubs 3 (~KM) · H 33 (~M²)]
  OOC scratch  1318053 MB on disk  (sum over all ranks)
  Timings (wall 652.9 s)
    build                    [CPU]           106.2 s
      formPQ                 [GPU·CPU·IO]    34.1 s   (GPU 3.5 · IO 11.0 · CPU 19.5)
        exec-gemm            [GPU]             0.9 s   (73.28 TFLOPS total · 18.32/GPU)
        exec-kern            [GPU]             2.7 s
        transfer             [IO]             11.0 s
        exec-hostprep        [CPU]            15.2 s
        prep (W+layout)      [CPU]             0.1 s
        complete (MPI)       [IO]              3.1 s
        wdesc (Wsub+reds)    [CPU]             0.3 s
        (other)              [CPU]             0.8 s
      [kern] executor reductions (all phases): res-zero 0.0 · gather 15.3 · reduce 27.8 · accumulate 0.9 s
      sys                    [CPU]             1.4 s
      env                    [CPU]             0.8 s
      compPQ-form            [CPU]             0.6 s
        bsblock              [CPU]             0.1 s
        match                [CPU]             0.4 s
          pump (src dedup)   [CPU]             0.2 s
          emit (owned)       [CPU]             0.1 s
          (other)            [CPU]             0.1 s
      assembly               [CPU]             0.3 s
      compS-form-gpu (MPI)   [GPU·CPU·IO]    68.5 s   (GPU 26.3 · IO 14.3 · CPU 27.9)
        bsblock (store walk) [CPU]             0.2 s
        recipe (host,replic) [CPU]             1.1 s
        form (gpu+D2H)       [GPU·IO]        56.1 s
        reduce (NCCL/host)   [IO]              3.3 s
        unpack (D2H)         [CPU·IO]         7.8 s
        (other)              [CPU]             0.1 s
      (other)                [CPU]             0.5 s
    matvec                   [GPU·CPU·IO]   291.4 s   (GPU 249.6 · IO 0.0 · CPU 41.7)
      gemm                   [GPU]           212.7 s   (109.84 TFLOPS total · 27.46/GPU)
      kern                   [GPU]            36.9 s
      host                   [CPU]            41.7 s
        planEnum             [CPU]             3.9 s
        ctorAlloc(upload)    [CPU·IO]         8.7 s
        ctorGroup            [CPU]             0.6 s
        ctorForm             [GPU]             0.8 s
        (other)              [CPU]            27.7 s
    decimate                 [CPU]            25.6 s
      rho (dist)             [CPU]             4.4 s
      eigh (dist)            [CPU]            12.1 s
      share (MPI wait)       [CPU·IO]         7.6 s
      select+assemble        [CPU]             0.5 s
      (other)                [CPU]             1.0 s
    grow                     [GPU·CPU·IO]   113.0 s   (GPU 26.2 · IO 29.4 · CPU 57.5) · 106.95 TFLOPS total · 26.74/GPU
      gpu_proj (project)     [GPU·CPU·IO]    62.7 s
        recipe               [CPU]             0.6 s
        fap_exec             [GPU·IO]        57.5 s
        fap_merge            [CPU]             0.7 s
        fap_ctx              [CPU]             0.3 s
        fap_unpack           [CPU]             1.5 s
      reduceSH (MPI)         [CPU·IO]         6.1 s
        sync (hash+wait)     [CPU·IO]         4.3 s
        pack                 [CPU]             0.5 s
        xfer (NCCL/host)     [IO]              1.1 s
        unpack               [CPU]             0.3 s
      (other)                [CPU]            44.1 s
    predict                  [CPU]            11.1 s
    ooc                      [IO]              0.2 s
      load                   [IO]              0.2 s

################## Sweep 8/10 (forward) summary ##################
  Energy       -2987.5428288268 Ha
  dE vs prev sweep  -6.375e-07 Ha
  Discarded weight  2.927e-04  (max over this sweep's decimations)
  Rank 0: Host RAM sweep-peak 42004 MB · VmHWM 72244 MB   VRAM op-pool peak 30427 MB · total peak 61706 MB
  Rank 1: Host RAM sweep-peak 41588 MB · VmHWM 71793 MB   VRAM op-pool peak 30636 MB · total peak 62100 MB
  Rank 2: Host RAM sweep-peak 41755 MB · VmHWM 71959 MB   VRAM op-pool peak 30403 MB · total peak 61684 MB
  Rank 3: Host RAM sweep-peak 41897 MB · VmHWM 71828 MB   VRAM op-pool peak 30703 MB · total peak 62110 MB
  Block stores (peak bond, per rank): distributed A/B share 12220 MB (~K²M²/np) · owner cre/des 389 · S 195 MB (~KM²/np) · replicated floor 36 MB [stubs 3 (~KM) · H 33 (~M²)]
  OOC scratch  1318277 MB on disk  (sum over all ranks)
  Timings (wall 656.9 s)
    build                    [CPU]           106.7 s
      formPQ                 [GPU·CPU·IO]    34.8 s   (GPU 3.5 · IO 10.9 · CPU 20.4)
        exec-gemm            [GPU]             0.9 s   (73.43 TFLOPS total · 18.36/GPU)
        exec-kern            [GPU]             2.7 s
        transfer             [IO]             10.9 s
        exec-hostprep        [CPU]            16.2 s
        prep (W+layout)      [CPU]             0.1 s
        complete (MPI)       [IO]              3.0 s
        wdesc (Wsub+reds)    [CPU]             0.3 s
        (other)              [CPU]             0.8 s
      [kern] executor reductions (all phases): res-zero 0.0 · gather 15.7 · reduce 27.8 · accumulate 0.9 s
      sys                    [CPU]             0.8 s
      env                    [CPU]             1.6 s
      compPQ-form            [CPU]             0.7 s
        bsblock              [CPU]             0.1 s
        match                [CPU]             0.4 s
          pump (src dedup)   [CPU]             0.2 s
          emit (owned)       [CPU]             0.2 s
          (other)            [CPU]             0.1 s
      assembly               [CPU]             0.3 s
      compS-form-gpu (MPI)   [GPU·CPU·IO]    68.0 s   (GPU 26.3 · IO 14.1 · CPU 27.5)
        bsblock (store walk) [CPU]             0.3 s
        recipe (host,replic) [CPU]             1.1 s
        form (gpu+D2H)       [GPU·IO]        55.8 s
        reduce (NCCL/host)   [IO]              3.3 s
        unpack (D2H)         [CPU·IO]         7.5 s
        (other)              [CPU]             0.1 s
      (other)                [CPU]             0.5 s
    matvec                   [GPU·CPU·IO]   288.6 s   (GPU 247.1 · IO 0.0 · CPU 41.5)
      gemm                   [GPU]           210.5 s   (109.45 TFLOPS total · 27.36/GPU)
      kern                   [GPU]            36.6 s
      host                   [CPU]            41.5 s
        planEnum             [CPU]             4.0 s
        ctorAlloc(upload)    [CPU·IO]         8.5 s
        ctorGroup            [CPU]             0.6 s
        ctorForm             [GPU]             0.8 s
        (other)              [CPU]            27.7 s
    decimate                 [CPU]            25.7 s
      rho (dist)             [CPU]             4.8 s
      eigh (dist)            [CPU]            12.1 s
      share (MPI wait)       [CPU·IO]         7.3 s
      select+assemble        [CPU]             0.5 s
      (other)                [CPU]             1.0 s
    grow                     [GPU·CPU·IO]   115.5 s   (GPU 26.7 · IO 30.9 · CPU 57.9) · 106.24 TFLOPS total · 26.56/GPU
      gpu_proj (project)     [GPU·CPU·IO]    64.6 s
        recipe               [CPU]             0.6 s
        fap_exec             [GPU·IO]        59.5 s
        fap_merge            [CPU]             0.7 s
        fap_ctx              [CPU]             0.3 s
        fap_unpack           [CPU]             1.4 s
      reduceSH (MPI)         [CPU·IO]         8.7 s
        sync (hash+wait)     [CPU·IO]         6.9 s
        pack                 [CPU]             0.5 s
        xfer (NCCL/host)     [IO]              1.1 s
        unpack               [CPU]             0.3 s
      (other)                [CPU]            42.2 s
    predict                  [CPU]            15.3 s
    ooc                      [IO]              0.3 s
      load                   [IO]              0.3 s

################## Sweep 9/10 (backward) summary ##################
  Energy       -2987.5428291329 Ha
  dE vs prev sweep  -3.061e-07 Ha
  Discarded weight  2.923e-04  (max over this sweep's decimations)
  Rank 0: Host RAM sweep-peak 42843 MB · VmHWM 72244 MB   VRAM op-pool peak 30427 MB · total peak 61706 MB
  Rank 1: Host RAM sweep-peak 43188 MB · VmHWM 71793 MB   VRAM op-pool peak 30636 MB · total peak 62100 MB
  Rank 2: Host RAM sweep-peak 42922 MB · VmHWM 71959 MB   VRAM op-pool peak 30403 MB · total peak 61684 MB
  Rank 3: Host RAM sweep-peak 42982 MB · VmHWM 71828 MB   VRAM op-pool peak 30703 MB · total peak 62110 MB
  Block stores (peak bond, per rank): distributed A/B share 12230 MB (~K²M²/np) · owner cre/des 389 · S 195 MB (~KM²/np) · replicated floor 36 MB [stubs 3 (~KM) · H 33 (~M²)]
  OOC scratch  1317925 MB on disk  (sum over all ranks)
  Timings (wall 652.5 s)
    build                    [CPU]           106.6 s
      formPQ                 [GPU·CPU·IO]    34.5 s   (GPU 3.5 · IO 11.1 · CPU 19.9)
        exec-gemm            [GPU]             0.9 s   (73.33 TFLOPS total · 18.33/GPU)
        exec-kern            [GPU]             2.7 s
        transfer             [IO]             11.1 s
        exec-hostprep        [CPU]            15.4 s
        prep (W+layout)      [CPU]             0.1 s
        complete (MPI)       [IO]              3.3 s
        wdesc (Wsub+reds)    [CPU]             0.3 s
        (other)              [CPU]             0.8 s
      [kern] executor reductions (all phases): res-zero 0.0 · gather 15.3 · reduce 27.8 · accumulate 0.9 s
      sys                    [CPU]             1.5 s
      env                    [CPU]             0.8 s
      compPQ-form            [CPU]             0.7 s
        bsblock              [CPU]             0.1 s
        match                [CPU]             0.4 s
          pump (src dedup)   [CPU]             0.2 s
          emit (owned)       [CPU]             0.1 s
          (other)            [CPU]             0.1 s
      assembly               [CPU]             0.3 s
      compS-form-gpu (MPI)   [GPU·CPU·IO]    68.3 s   (GPU 26.3 · IO 14.4 · CPU 27.6)
        bsblock (store walk) [CPU]             0.2 s
        recipe (host,replic) [CPU]             1.1 s
        form (gpu+D2H)       [GPU·IO]        56.3 s
        reduce (NCCL/host)   [IO]              3.0 s
        unpack (D2H)         [CPU·IO]         7.6 s
        (other)              [CPU]             0.1 s
      (other)                [CPU]             0.5 s
    matvec                   [GPU·CPU·IO]   291.5 s   (GPU 249.6 · IO 0.0 · CPU 41.9)
      gemm                   [GPU]           212.7 s   (109.75 TFLOPS total · 27.44/GPU)
      kern                   [GPU]            36.9 s
      host                   [CPU]            41.9 s
        planEnum             [CPU]             3.9 s
        ctorAlloc(upload)    [CPU·IO]         8.7 s
        ctorGroup            [CPU]             0.6 s
        ctorForm             [GPU]             0.8 s
        (other)              [CPU]            27.9 s
    decimate                 [CPU]            25.5 s
      rho (dist)             [CPU]             4.3 s
      eigh (dist)            [CPU]            12.0 s
      share (MPI wait)       [CPU·IO]         7.6 s
      select+assemble        [CPU]             0.5 s
      (other)                [CPU]             1.0 s
    grow                     [GPU·CPU·IO]   112.7 s   (GPU 26.1 · IO 29.2 · CPU 57.4) · 106.89 TFLOPS total · 26.72/GPU
      gpu_proj (project)     [GPU·CPU·IO]    62.5 s
        recipe               [CPU]             0.6 s
        fap_exec             [GPU·IO]        57.3 s
        fap_merge            [CPU]             0.7 s
        fap_ctx              [CPU]             0.3 s
        fap_unpack           [CPU]             1.4 s
      reduceSH (MPI)         [CPU·IO]         6.9 s
        sync (hash+wait)     [CPU·IO]         5.1 s
        pack                 [CPU]             0.5 s
        xfer (NCCL/host)     [IO]              1.1 s
        unpack               [CPU]             0.3 s
      (other)                [CPU]            43.2 s
    predict                  [CPU]            11.2 s
    ooc                      [IO]              0.3 s
      load                   [IO]              0.3 s

################## Sweep 10/10 (forward) summary ##################
  Energy       -2987.5428294705 Ha
  dE vs prev sweep  -3.376e-07 Ha
  Discarded weight  2.920e-04  (max over this sweep's decimations)
  Rank 0: Host RAM sweep-peak 43235 MB · VmHWM 72244 MB   VRAM op-pool peak 30427 MB · total peak 61706 MB
  Rank 1: Host RAM sweep-peak 42564 MB · VmHWM 71793 MB   VRAM op-pool peak 30636 MB · total peak 62100 MB
  Rank 2: Host RAM sweep-peak 42913 MB · VmHWM 71959 MB   VRAM op-pool peak 30403 MB · total peak 61684 MB
  Rank 3: Host RAM sweep-peak 42916 MB · VmHWM 71828 MB   VRAM op-pool peak 30703 MB · total peak 62110 MB
  Block stores (peak bond, per rank): distributed A/B share 12236 MB (~K²M²/np) · owner cre/des 389 · S 195 MB (~KM²/np) · replicated floor 36 MB [stubs 3 (~KM) · H 33 (~M²)]
  OOC scratch  1316170 MB on disk  (sum over all ranks)
  Timings (wall 657.2 s)
    build                    [CPU]           107.4 s
      formPQ                 [GPU·CPU·IO]    35.4 s   (GPU 3.5 · IO 11.0 · CPU 20.9)
        exec-gemm            [GPU]             0.9 s   (73.26 TFLOPS total · 18.32/GPU)
        exec-kern            [GPU]             2.7 s
        transfer             [IO]             11.0 s
        exec-hostprep        [CPU]            15.4 s
        prep (W+layout)      [CPU]             0.1 s
        complete (MPI)       [IO]              4.3 s
        wdesc (Wsub+reds)    [CPU]             0.3 s
        (other)              [CPU]             0.8 s
      [kern] executor reductions (all phases): res-zero 0.0 · gather 15.7 · reduce 27.8 · accumulate 0.9 s
      sys                    [CPU]             0.8 s
      env                    [CPU]             1.6 s
      compPQ-form            [CPU]             0.7 s
        bsblock              [CPU]             0.1 s
        match                [CPU]             0.4 s
          pump (src dedup)   [CPU]             0.1 s
          emit (owned)       [CPU]             0.2 s
          (other)            [CPU]             0.1 s
      assembly               [CPU]             0.3 s
      compS-form-gpu (MPI)   [GPU·CPU·IO]    68.1 s   (GPU 26.3 · IO 14.3 · CPU 27.6)
        bsblock (store walk) [CPU]             0.3 s
        recipe (host,replic) [CPU]             1.1 s
        form (gpu+D2H)       [GPU·IO]        55.9 s
        reduce (NCCL/host)   [IO]              3.4 s
        unpack (D2H)         [CPU·IO]         7.5 s
        (other)              [CPU]             0.1 s
      (other)                [CPU]             0.5 s
    matvec                   [GPU·CPU·IO]   289.0 s   (GPU 247.2 · IO 0.0 · CPU 41.8)
      gemm                   [GPU]           210.6 s   (109.37 TFLOPS total · 27.34/GPU)
      kern                   [GPU]            36.6 s
      host                   [CPU]            41.8 s
        planEnum             [CPU]             3.9 s
        ctorAlloc(upload)    [CPU·IO]         8.5 s
        ctorGroup            [CPU]             0.6 s
        ctorForm             [GPU]             0.8 s
        (other)              [CPU]            28.0 s
    decimate                 [CPU]            25.4 s
      rho (dist)             [CPU]             4.8 s
      eigh (dist)            [CPU]            12.0 s
      share (MPI wait)       [CPU·IO]         7.0 s
      select+assemble        [CPU]             0.5 s
      (other)                [CPU]             1.0 s
    grow                     [GPU·CPU·IO]   115.3 s   (GPU 26.7 · IO 30.8 · CPU 57.8) · 105.56 TFLOPS total · 26.39/GPU
      gpu_proj (project)     [GPU·CPU·IO]    64.4 s
        recipe               [CPU]             0.6 s
        fap_exec             [GPU·IO]        59.4 s
        fap_merge            [CPU]             0.7 s
        fap_ctx              [CPU]             0.3 s
        fap_unpack           [CPU]             1.4 s
      reduceSH (MPI)         [CPU·IO]         8.7 s
        sync (hash+wait)     [CPU·IO]         6.9 s
        pack                 [CPU]             0.5 s
        xfer (NCCL/host)     [IO]              1.1 s
        unpack               [CPU]             0.3 s
      (other)                [CPU]            42.1 s
    predict                  [CPU]            14.6 s
    ooc                      [IO]              0.3 s
      load                   [IO]              0.3 s
[qops] WARNING: energy NOT converged after 10 sweeps: |dE| = 3.376e-07 >= e_conv = 1.000e-09

################## Run total ##################
  10 sweep(s) + warmup: 6761.9 s wall · final E -2987.5428294705 Ha · VmHWM 72244 MB
  ooc async residual wait (not hidden behind compute): save 0.5 · load 18.5 s (0% of runtime)
[rc] ladder BD=4000 done
[qops] MPI np=4 · GPU=on · device collectives: NCCL (NVLink/GPUDirect)
[qops] A/B host-offload: ON (stubs + pager spill)

################## Sweep 1/10 (backward) summary ##################
  Energy       -2987.5422805270 Ha
  Discarded weight  6.823e-04  (max over this sweep's decimations)
  Rank 0: Host RAM sweep-peak 35833 MB · VmHWM 72244 MB   VRAM op-pool peak 30427 MB · total peak 61706 MB
  Rank 1: Host RAM sweep-peak 35837 MB · VmHWM 71793 MB   VRAM op-pool peak 30636 MB · total peak 62100 MB
  Rank 2: Host RAM sweep-peak 35307 MB · VmHWM 71959 MB   VRAM op-pool peak 30403 MB · total peak 61684 MB
  Rank 3: Host RAM sweep-peak 35302 MB · VmHWM 71828 MB   VRAM op-pool peak 30703 MB · total peak 62110 MB
  Block stores (peak bond, per rank): distributed A/B share 12181 MB (~K²M²/np) · owner cre/des 338 · S 135 MB (~KM²/np) · replicated floor 29 MB [stubs 2 (~KM) · H 26 (~M²)]
  OOC scratch  1055312 MB on disk  (sum over all ranks)
  Timings (wall 499.1 s)
    build                    [CPU]            97.4 s
      formPQ                 [GPU·CPU·IO]    33.4 s   (GPU 2.8 · IO 10.8 · CPU 19.7)
        exec-gemm            [GPU]             0.7 s   (72.28 TFLOPS total · 18.07/GPU)
        exec-kern            [GPU]             2.1 s
        transfer             [IO]             10.8 s
        exec-hostprep        [CPU]            15.4 s
        prep (W+layout)      [CPU]             0.1 s
        complete (MPI)       [IO]              3.3 s
        wdesc (Wsub+reds)    [CPU]             0.3 s
        (other)              [CPU]             0.6 s
      [kern] executor reductions (all phases): res-zero 0.0 · gather 9.1 · reduce 21.6 · accumulate 0.6 s
      sys                    [CPU]             1.6 s
      env                    [CPU]             0.5 s
      compPQ-form            [CPU]             0.6 s
        bsblock              [CPU]             0.1 s
        match                [CPU]             0.4 s
          pump (src dedup)   [CPU]             0.1 s
          emit (owned)       [CPU]             0.1 s
          (other)            [CPU]             0.1 s
      assembly               [CPU]             0.3 s
      compS-form-gpu (MPI)   [GPU·CPU·IO]    60.5 s   (GPU 20.6 · IO 14.2 · CPU 25.6)
        bsblock (store walk) [CPU]             0.2 s
        recipe (host,replic) [CPU]             1.1 s
        form (gpu+D2H)       [GPU·IO]        50.2 s
        reduce (NCCL/host)   [IO]              2.9 s
        unpack (D2H)         [CPU·IO]         5.9 s
        (other)              [CPU]             0.1 s
      (other)                [CPU]             0.5 s
    matvec                   [GPU·CPU·IO]   211.2 s   (GPU 177.7 · IO 0.0 · CPU 33.5)
      gemm                   [GPU]           148.5 s   (104.08 TFLOPS total · 26.02/GPU)
      kern                   [GPU]            29.2 s
      host                   [CPU]            33.5 s
        planEnum             [CPU]             3.7 s
        ctorAlloc(upload)    [CPU·IO]         7.1 s
        ctorGroup            [CPU]             0.7 s
        ctorForm             [GPU]             0.6 s
        (other)              [CPU]            21.4 s
    decimate                 [CPU]            15.8 s
      rho (dist)             [CPU]             2.9 s
      eigh (dist)            [CPU]             7.4 s
      share (MPI wait)       [CPU·IO]         4.7 s
      select+assemble        [CPU]             0.3 s
      (other)                [CPU]             0.6 s
    grow                     [GPU·CPU·IO]    62.6 s   (GPU 14.3 · IO 14.2 · CPU 34.2) · 94.86 TFLOPS total · 23.71/GPU
      gpu_proj (project)     [GPU·CPU·IO]    33.7 s
        recipe               [CPU]             0.6 s
        fap_exec             [GPU·IO]        30.0 s
        fap_merge            [CPU]             0.6 s
        fap_ctx              [CPU]             0.3 s
        fap_unpack           [CPU]             0.5 s
      reduceSH (MPI)         [CPU·IO]         5.2 s
        sync (hash+wait)     [CPU·IO]         4.0 s
        pack                 [CPU]             0.3 s
        xfer (NCCL/host)     [IO]              0.7 s
        unpack               [CPU]             0.1 s
      (other)                [CPU]            23.7 s
    predict                  [CPU]             8.2 s
    ooc                      [IO]              0.3 s
      load                   [IO]              0.3 s

################## Sweep 2/10 (forward) summary ##################
  Energy       -2987.5406091783 Ha
  dE vs prev sweep  +1.671e-03 Ha
  Discarded weight  3.894e-04  (max over this sweep's decimations)
  Rank 0: Host RAM sweep-peak 35712 MB · VmHWM 72244 MB   VRAM op-pool peak 30427 MB · total peak 61706 MB
  Rank 1: Host RAM sweep-peak 34934 MB · VmHWM 71793 MB   VRAM op-pool peak 30636 MB · total peak 62100 MB
  Rank 2: Host RAM sweep-peak 35829 MB · VmHWM 71959 MB   VRAM op-pool peak 30403 MB · total peak 61684 MB
  Rank 3: Host RAM sweep-peak 35110 MB · VmHWM 71828 MB   VRAM op-pool peak 30703 MB · total peak 62110 MB
  Block stores (peak bond, per rank): distributed A/B share 6865 MB (~K²M²/np) · owner cre/des 226 · S 113 MB (~KM²/np) · replicated floor 21 MB [stubs 2 (~KM) · H 19 (~M²)]
  OOC scratch  762079 MB on disk  (sum over all ranks)
  Timings (wall 369.0 s)
    build                    [CPU]            63.3 s
      formPQ                 [GPU·CPU·IO]    20.0 s   (GPU 2.1 · IO 6.1 · CPU 11.7)
        exec-gemm            [GPU]             0.5 s   (70.16 TFLOPS total · 17.54/GPU)
        exec-kern            [GPU]             1.6 s
        transfer             [IO]              6.1 s
        exec-hostprep        [CPU]             8.7 s
        prep (W+layout)      [CPU]             0.1 s
        complete (MPI)       [IO]              2.0 s
        wdesc (Wsub+reds)    [CPU]             0.3 s
        (other)              [CPU]             0.6 s
      [kern] executor reductions (all phases): res-zero 0.0 · gather 9.1 · reduce 15.7 · accumulate 0.5 s
      sys                    [CPU]             0.6 s
      env                    [CPU]             0.9 s
      compPQ-form            [CPU]             0.5 s
        bsblock              [CPU]             0.1 s
        match                [CPU]             0.3 s
          pump (src dedup)   [CPU]             0.1 s
          emit (owned)       [CPU]             0.1 s
          (other)            [CPU]             0.1 s
      assembly               [CPU]             0.3 s
      compS-form-gpu (MPI)   [GPU·CPU·IO]    40.5 s   (GPU 14.8 · IO 8.1 · CPU 17.5)
        bsblock (store walk) [CPU]             0.2 s
        recipe (host,replic) [CPU]             1.1 s
        form (gpu+D2H)       [GPU·IO]        32.2 s
        reduce (NCCL/host)   [IO]              2.2 s
        unpack (D2H)         [CPU·IO]         4.8 s
        (other)              [CPU]             0.1 s
      (other)                [CPU]             0.5 s
    matvec                   [GPU·CPU·IO]   157.1 s   (GPU 131.0 · IO 0.0 · CPU 26.1)
      gemm                   [GPU]           107.4 s   (97.44 TFLOPS total · 24.36/GPU)
      kern                   [GPU]            23.5 s
      host                   [CPU]            26.1 s
        planEnum             [CPU]             3.6 s
        ctorAlloc(upload)    [CPU·IO]         4.8 s
        ctorGroup            [CPU]             0.7 s
        ctorForm             [GPU]             0.5 s
        (other)              [CPU]            16.5 s
    decimate                 [CPU]            15.8 s
      rho (dist)             [CPU]             2.6 s
      eigh (dist)            [CPU]             8.0 s
      share (MPI wait)       [CPU·IO]         4.3 s
      select+assemble        [CPU]             0.3 s
      (other)                [CPU]             0.7 s
    grow                     [GPU·CPU·IO]    63.4 s   (GPU 15.0 · IO 15.3 · CPU 33.2) · 91.29 TFLOPS total · 22.82/GPU
      gpu_proj (project)     [GPU·CPU·IO]    35.3 s
        recipe               [CPU]             0.6 s
        fap_exec             [GPU·IO]        31.8 s
        fap_merge            [CPU]             0.5 s
        fap_ctx              [CPU]             0.3 s
        fap_unpack           [CPU]             0.5 s
      reduceSH (MPI)         [CPU·IO]         3.6 s
        sync (hash+wait)     [CPU·IO]         2.4 s
        pack                 [CPU]             0.3 s
        xfer (NCCL/host)     [IO]              0.7 s
        unpack               [CPU]             0.1 s
      (other)                [CPU]            24.5 s
    predict                  [CPU]             7.0 s
    ooc                      [IO]              0.1 s
      load                   [IO]              0.1 s

################## Sweep 3/10 (backward) summary ##################
  Energy       -2987.5407517983 Ha
  dE vs prev sweep  -1.426e-04 Ha
  Discarded weight  3.632e-04  (max over this sweep's decimations)
  Rank 0: Host RAM sweep-peak 35776 MB · VmHWM 72244 MB   VRAM op-pool peak 30427 MB · total peak 61706 MB
  Rank 1: Host RAM sweep-peak 35524 MB · VmHWM 71793 MB   VRAM op-pool peak 30636 MB · total peak 62100 MB
  Rank 2: Host RAM sweep-peak 35286 MB · VmHWM 71959 MB   VRAM op-pool peak 30403 MB · total peak 61684 MB
  Rank 3: Host RAM sweep-peak 35774 MB · VmHWM 71828 MB   VRAM op-pool peak 30703 MB · total peak 62110 MB
  Block stores (peak bond, per rank): distributed A/B share 6951 MB (~K²M²/np) · owner cre/des 226 · S 113 MB (~KM²/np) · replicated floor 21 MB [stubs 2 (~KM) · H 19 (~M²)]
  OOC scratch  765726 MB on disk  (sum over all ranks)
  Timings (wall 366.1 s)
    build                    [CPU]            62.6 s
      formPQ                 [GPU·CPU·IO]    19.3 s   (GPU 2.1 · IO 6.0 · CPU 11.3)
        exec-gemm            [GPU]             0.5 s   (70.22 TFLOPS total · 17.55/GPU)
        exec-kern            [GPU]             1.6 s
        transfer             [IO]              6.0 s
        exec-hostprep        [CPU]             8.5 s
        prep (W+layout)      [CPU]             0.1 s
        complete (MPI)       [IO]              1.8 s
        wdesc (Wsub+reds)    [CPU]             0.3 s
        (other)              [CPU]             0.6 s
      [kern] executor reductions (all phases): res-zero 0.0 · gather 8.9 · reduce 15.8 · accumulate 0.5 s
      sys                    [CPU]             0.9 s
      env                    [CPU]             0.5 s
      compPQ-form            [CPU]             0.5 s
        bsblock              [CPU]             0.1 s
        match                [CPU]             0.3 s
          pump (src dedup)   [CPU]             0.1 s
          emit (owned)       [CPU]             0.1 s
          (other)            [CPU]             0.1 s
      assembly               [CPU]             0.3 s
      compS-form-gpu (MPI)   [GPU·CPU·IO]    40.5 s   (GPU 14.9 · IO 8.3 · CPU 17.3)
        bsblock (store walk) [CPU]             0.1 s
        recipe (host,replic) [CPU]             1.1 s
        form (gpu+D2H)       [GPU·IO]        32.5 s
        reduce (NCCL/host)   [IO]              2.1 s
        unpack (D2H)         [CPU·IO]         4.6 s
        (other)              [CPU]             0.1 s
      (other)                [CPU]             0.5 s
    matvec                   [GPU·CPU·IO]   158.6 s   (GPU 132.0 · IO 0.0 · CPU 26.5)
      gemm                   [GPU]           108.3 s   (98.34 TFLOPS total · 24.58/GPU)
      kern                   [GPU]            23.8 s
      host                   [CPU]            26.5 s
        planEnum             [CPU]             3.6 s
        ctorAlloc(upload)    [CPU·IO]         5.1 s
        ctorGroup            [CPU]             0.7 s
        ctorForm             [GPU]             0.5 s
        (other)              [CPU]            16.7 s
    decimate                 [CPU]            15.8 s
      rho (dist)             [CPU]             2.4 s
      eigh (dist)            [CPU]             7.8 s
      share (MPI wait)       [CPU·IO]         4.5 s
      select+assemble        [CPU]             0.3 s
      (other)                [CPU]             0.7 s
    grow                     [GPU·CPU·IO]    61.9 s   (GPU 14.3 · IO 14.6 · CPU 33.0) · 95.35 TFLOPS total · 23.84/GPU
      gpu_proj (project)     [GPU·CPU·IO]    34.0 s
        recipe               [CPU]             0.6 s
        fap_exec             [GPU·IO]        30.4 s
        fap_merge            [CPU]             0.5 s
        fap_ctx              [CPU]             0.3 s
        fap_unpack           [CPU]             0.5 s
      reduceSH (MPI)         [CPU·IO]         4.0 s
        sync (hash+wait)     [CPU·IO]         2.8 s
        pack                 [CPU]             0.3 s
        xfer (NCCL/host)     [IO]              0.7 s
        unpack               [CPU]             0.1 s
      (other)                [CPU]            23.9 s
    predict                  [CPU]             5.5 s
    ooc                      [IO]              0.1 s
      load                   [IO]              0.1 s

################## Sweep 4/10 (forward) summary ##################
  Energy       -2987.5407713525 Ha
  dE vs prev sweep  -1.955e-05 Ha
  Discarded weight  3.562e-04  (max over this sweep's decimations)
  Rank 0: Host RAM sweep-peak 35354 MB · VmHWM 72244 MB   VRAM op-pool peak 30427 MB · total peak 61706 MB
  Rank 1: Host RAM sweep-peak 35050 MB · VmHWM 71793 MB   VRAM op-pool peak 30636 MB · total peak 62100 MB
  Rank 2: Host RAM sweep-peak 35285 MB · VmHWM 71959 MB   VRAM op-pool peak 30403 MB · total peak 61684 MB
  Rank 3: Host RAM sweep-peak 35184 MB · VmHWM 71828 MB   VRAM op-pool peak 30703 MB · total peak 62110 MB
  Block stores (peak bond, per rank): distributed A/B share 6871 MB (~K²M²/np) · owner cre/des 226 · S 113 MB (~KM²/np) · replicated floor 21 MB [stubs 2 (~KM) · H 19 (~M²)]
  OOC scratch  765995 MB on disk  (sum over all ranks)
  Timings (wall 367.4 s)
    build                    [CPU]            62.9 s
      formPQ                 [GPU·CPU·IO]    19.7 s   (GPU 2.1 · IO 6.2 · CPU 11.4)
        exec-gemm            [GPU]             0.5 s   (70.17 TFLOPS total · 17.54/GPU)
        exec-kern            [GPU]             1.6 s
        transfer             [IO]              6.2 s
        exec-hostprep        [CPU]             8.5 s
        prep (W+layout)      [CPU]             0.1 s
        complete (MPI)       [IO]              1.9 s
        wdesc (Wsub+reds)    [CPU]             0.3 s
        (other)              [CPU]             0.6 s
      [kern] executor reductions (all phases): res-zero 0.0 · gather 9.1 · reduce 15.9 · accumulate 0.5 s
      sys                    [CPU]             0.6 s
      env                    [CPU]             0.9 s
      compPQ-form            [CPU]             0.5 s
        bsblock              [CPU]             0.1 s
        match                [CPU]             0.3 s
          pump (src dedup)   [CPU]             0.1 s
          emit (owned)       [CPU]             0.1 s
          (other)            [CPU]             0.1 s
      assembly               [CPU]             0.3 s
      compS-form-gpu (MPI)   [GPU·CPU·IO]    40.4 s   (GPU 14.9 · IO 8.2 · CPU 17.3)
        bsblock (store walk) [CPU]             0.2 s
        recipe (host,replic) [CPU]             1.1 s
        form (gpu+D2H)       [GPU·IO]        32.4 s
        reduce (NCCL/host)   [IO]              2.1 s
        unpack (D2H)         [CPU·IO]         4.6 s
        (other)              [CPU]             0.1 s
      (other)                [CPU]             0.5 s
    matvec                   [GPU·CPU·IO]   156.9 s   (GPU 130.5 · IO 0.0 · CPU 26.4)
      gemm                   [GPU]           107.0 s   (97.87 TFLOPS total · 24.47/GPU)
      kern                   [GPU]            23.5 s
      host                   [CPU]            26.4 s
        planEnum             [CPU]             3.7 s
        ctorAlloc(upload)    [CPU·IO]         4.9 s
        ctorGroup            [CPU]             0.7 s
        ctorForm             [GPU]             0.5 s
        (other)              [CPU]            16.6 s
    decimate                 [CPU]            15.9 s
      rho (dist)             [CPU]             2.6 s
      eigh (dist)            [CPU]             8.0 s
      share (MPI wait)       [CPU·IO]         4.3 s
      select+assemble        [CPU]             0.3 s
      (other)                [CPU]             0.7 s
    grow                     [GPU·CPU·IO]    62.4 s   (GPU 15.0 · IO 15.3 · CPU 32.2) · 91.93 TFLOPS total · 22.98/GPU
      gpu_proj (project)     [GPU·CPU·IO]    35.3 s
        recipe               [CPU]             0.6 s
        fap_exec             [GPU·IO]        31.8 s
        fap_merge            [CPU]             0.6 s
        fap_ctx              [CPU]             0.3 s
        fap_unpack           [CPU]             0.5 s
      reduceSH (MPI)         [CPU·IO]         3.0 s
        sync (hash+wait)     [CPU·IO]         1.9 s
        pack                 [CPU]             0.3 s
        xfer (NCCL/host)     [IO]              0.7 s
        unpack               [CPU]             0.1 s
      (other)                [CPU]            24.1 s
    predict                  [CPU]             7.2 s
    ooc                      [IO]              0.1 s
      load                   [IO]              0.1 s

################## Sweep 5/10 (backward) summary ##################
  Energy       -2987.5407760167 Ha
  dE vs prev sweep  -4.664e-06 Ha
  Discarded weight  3.531e-04  (max over this sweep's decimations)
  Rank 0: Host RAM sweep-peak 35659 MB · VmHWM 72244 MB   VRAM op-pool peak 30427 MB · total peak 61706 MB
  Rank 1: Host RAM sweep-peak 35489 MB · VmHWM 71793 MB   VRAM op-pool peak 30636 MB · total peak 62100 MB
  Rank 2: Host RAM sweep-peak 35326 MB · VmHWM 71959 MB   VRAM op-pool peak 30403 MB · total peak 61684 MB
  Rank 3: Host RAM sweep-peak 35330 MB · VmHWM 71828 MB   VRAM op-pool peak 30703 MB · total peak 62110 MB
  Block stores (peak bond, per rank): distributed A/B share 6949 MB (~K²M²/np) · owner cre/des 226 · S 113 MB (~KM²/np) · replicated floor 21 MB [stubs 2 (~KM) · H 19 (~M²)]
  OOC scratch  764883 MB on disk  (sum over all ranks)
  Timings (wall 365.2 s)
    build                    [CPU]            62.8 s
      formPQ                 [GPU·CPU·IO]    19.4 s   (GPU 2.1 · IO 6.0 · CPU 11.3)
        exec-gemm            [GPU]             0.5 s   (70.18 TFLOPS total · 17.54/GPU)
        exec-kern            [GPU]             1.6 s
        transfer             [IO]              6.0 s
        exec-hostprep        [CPU]             8.6 s
        prep (W+layout)      [CPU]             0.1 s
        complete (MPI)       [IO]              1.7 s
        wdesc (Wsub+reds)    [CPU]             0.3 s
        (other)              [CPU]             0.6 s
      [kern] executor reductions (all phases): res-zero 0.0 · gather 8.9 · reduce 15.8 · accumulate 0.5 s
      sys                    [CPU]             0.9 s
      env                    [CPU]             0.6 s
      compPQ-form            [CPU]             0.5 s
        bsblock              [CPU]             0.1 s
        match                [CPU]             0.3 s
          pump (src dedup)   [CPU]             0.1 s
          emit (owned)       [CPU]             0.1 s
          (other)            [CPU]             0.1 s
      assembly               [CPU]             0.3 s
      compS-form-gpu (MPI)   [GPU·CPU·IO]    40.6 s   (GPU 14.9 · IO 8.3 · CPU 17.4)
        bsblock (store walk) [CPU]             0.1 s
        recipe (host,replic) [CPU]             1.1 s
        form (gpu+D2H)       [GPU·IO]        32.7 s
        reduce (NCCL/host)   [IO]              2.0 s
        unpack (D2H)         [CPU·IO]         4.7 s
        (other)              [CPU]             0.1 s
      (other)                [CPU]             0.5 s
    matvec                   [GPU·CPU·IO]   157.2 s   (GPU 130.5 · IO 0.0 · CPU 26.7)
      gemm                   [GPU]           107.1 s   (98.23 TFLOPS total · 24.56/GPU)
      kern                   [GPU]            23.5 s
      host                   [CPU]            26.7 s
        planEnum             [CPU]             3.6 s
        ctorAlloc(upload)    [CPU·IO]         5.1 s
        ctorGroup            [CPU]             0.7 s
        ctorForm             [GPU]             0.5 s
        (other)              [CPU]            16.7 s
    decimate                 [CPU]            15.6 s
      rho (dist)             [CPU]             2.4 s
      eigh (dist)            [CPU]             7.7 s
      share (MPI wait)       [CPU·IO]         4.6 s
      select+assemble        [CPU]             0.3 s
      (other)                [CPU]             0.7 s
    grow                     [GPU·CPU·IO]    61.9 s   (GPU 14.3 · IO 14.4 · CPU 33.2) · 95.38 TFLOPS total · 23.84/GPU
      gpu_proj (project)     [GPU·CPU·IO]    33.9 s
        recipe               [CPU]             0.6 s
        fap_exec             [GPU·IO]        30.3 s
        fap_merge            [CPU]             0.5 s
        fap_ctx              [CPU]             0.3 s
        fap_unpack           [CPU]             0.5 s
      reduceSH (MPI)         [CPU·IO]         4.3 s
        sync (hash+wait)     [CPU·IO]         3.2 s
        pack                 [CPU]             0.3 s
        xfer (NCCL/host)     [IO]              0.7 s
        unpack               [CPU]             0.1 s
      (other)                [CPU]            23.7 s
    predict                  [CPU]             5.5 s
    ooc                      [IO]              0.1 s
      load                   [IO]              0.1 s

################## Sweep 6/10 (forward) summary ##################
  Energy       -2987.5407801100 Ha
  dE vs prev sweep  -4.093e-06 Ha
  Discarded weight  3.505e-04  (max over this sweep's decimations)
  Rank 0: Host RAM sweep-peak 35270 MB · VmHWM 72244 MB   VRAM op-pool peak 30427 MB · total peak 61706 MB
  Rank 1: Host RAM sweep-peak 35023 MB · VmHWM 71793 MB   VRAM op-pool peak 30636 MB · total peak 62100 MB
  Rank 2: Host RAM sweep-peak 34963 MB · VmHWM 71959 MB   VRAM op-pool peak 30403 MB · total peak 61684 MB
  Rank 3: Host RAM sweep-peak 35137 MB · VmHWM 71828 MB   VRAM op-pool peak 30703 MB · total peak 62110 MB
  Block stores (peak bond, per rank): distributed A/B share 6846 MB (~K²M²/np) · owner cre/des 226 · S 113 MB (~KM²/np) · replicated floor 21 MB [stubs 2 (~KM) · H 19 (~M²)]
  OOC scratch  765151 MB on disk  (sum over all ranks)
  Timings (wall 368.2 s)
    build                    [CPU]            62.9 s
      formPQ                 [GPU·CPU·IO]    19.7 s   (GPU 2.1 · IO 6.2 · CPU 11.4)
        exec-gemm            [GPU]             0.5 s   (70.02 TFLOPS total · 17.50/GPU)
        exec-kern            [GPU]             1.6 s
        transfer             [IO]              6.2 s
        exec-hostprep        [CPU]             8.9 s
        prep (W+layout)      [CPU]             0.1 s
        complete (MPI)       [IO]              1.5 s
        wdesc (Wsub+reds)    [CPU]             0.3 s
        (other)              [CPU]             0.6 s
      [kern] executor reductions (all phases): res-zero 0.0 · gather 9.1 · reduce 15.9 · accumulate 0.5 s
      sys                    [CPU]             0.6 s
      env                    [CPU]             1.0 s
      compPQ-form            [CPU]             0.5 s
        bsblock              [CPU]             0.1 s
        match                [CPU]             0.3 s
          pump (src dedup)   [CPU]             0.1 s
          emit (owned)       [CPU]             0.1 s
          (other)            [CPU]             0.1 s
      assembly               [CPU]             0.3 s
      compS-form-gpu (MPI)   [GPU·CPU·IO]    40.3 s   (GPU 14.9 · IO 8.2 · CPU 17.2)
        bsblock (store walk) [CPU]             0.2 s
        recipe (host,replic) [CPU]             1.1 s
        form (gpu+D2H)       [GPU·IO]        32.4 s
        reduce (NCCL/host)   [IO]              2.0 s
        unpack (D2H)         [CPU·IO]         4.6 s
        (other)              [CPU]             0.1 s
      (other)                [CPU]             0.5 s
    matvec                   [GPU·CPU·IO]   156.3 s   (GPU 129.7 · IO 0.0 · CPU 26.6)
      gemm                   [GPU]           106.3 s   (97.98 TFLOPS total · 24.50/GPU)
      kern                   [GPU]            23.3 s
      host                   [CPU]            26.6 s
        planEnum             [CPU]             3.7 s
        ctorAlloc(upload)    [CPU·IO]         4.9 s
        ctorGroup            [CPU]             0.7 s
        ctorForm             [GPU]             0.5 s
        (other)              [CPU]            16.9 s
    decimate                 [CPU]            16.0 s
      rho (dist)             [CPU]             2.6 s
      eigh (dist)            [CPU]             8.0 s
      share (MPI wait)       [CPU·IO]         4.4 s
      select+assemble        [CPU]             0.3 s
      (other)                [CPU]             0.7 s
    grow                     [GPU·CPU·IO]    63.0 s   (GPU 15.0 · IO 15.2 · CPU 32.8) · 91.62 TFLOPS total · 22.90/GPU
      gpu_proj (project)     [GPU·CPU·IO]    35.3 s
        recipe               [CPU]             0.6 s
        fap_exec             [GPU·IO]        31.7 s
        fap_merge            [CPU]             0.5 s
        fap_ctx              [CPU]             0.3 s
        fap_unpack           [CPU]             0.5 s
      reduceSH (MPI)         [CPU·IO]         3.3 s
        sync (hash+wait)     [CPU·IO]         2.2 s
        pack                 [CPU]             0.3 s
        xfer (NCCL/host)     [IO]              0.7 s
        unpack               [CPU]             0.1 s
      (other)                [CPU]            24.4 s
    predict                  [CPU]             7.1 s
    ooc                      [IO]              0.2 s
      load                   [IO]              0.2 s

################## Sweep 7/10 (backward) summary ##################
  Energy       -2987.5407814426 Ha
  dE vs prev sweep  -1.333e-06 Ha
  Discarded weight  3.490e-04  (max over this sweep's decimations)
  Rank 0: Host RAM sweep-peak 35830 MB · VmHWM 72244 MB   VRAM op-pool peak 30427 MB · total peak 61706 MB
  Rank 1: Host RAM sweep-peak 35951 MB · VmHWM 71793 MB   VRAM op-pool peak 30636 MB · total peak 62100 MB
  Rank 2: Host RAM sweep-peak 35648 MB · VmHWM 71959 MB   VRAM op-pool peak 30403 MB · total peak 61684 MB
  Rank 3: Host RAM sweep-peak 35382 MB · VmHWM 71828 MB   VRAM op-pool peak 30703 MB · total peak 62110 MB
  Block stores (peak bond, per rank): distributed A/B share 6962 MB (~K²M²/np) · owner cre/des 226 · S 113 MB (~KM²/np) · replicated floor 21 MB [stubs 2 (~KM) · H 19 (~M²)]
  OOC scratch  765181 MB on disk  (sum over all ranks)
  Timings (wall 362.1 s)
    build                    [CPU]            62.5 s
      formPQ                 [GPU·CPU·IO]    19.2 s   (GPU 2.1 · IO 6.0 · CPU 11.1)
        exec-gemm            [GPU]             0.5 s   (70.11 TFLOPS total · 17.53/GPU)
        exec-kern            [GPU]             1.6 s
        transfer             [IO]              6.0 s
        exec-hostprep        [CPU]             8.7 s
        prep (W+layout)      [CPU]             0.1 s
        complete (MPI)       [IO]              1.4 s
        wdesc (Wsub+reds)    [CPU]             0.3 s
        (other)              [CPU]             0.6 s
      [kern] executor reductions (all phases): res-zero 0.0 · gather 8.9 · reduce 15.9 · accumulate 0.5 s
      sys                    [CPU]             1.0 s
      env                    [CPU]             0.6 s
      compPQ-form            [CPU]             0.5 s
        bsblock              [CPU]             0.1 s
        match                [CPU]             0.3 s
          pump (src dedup)   [CPU]             0.1 s
          emit (owned)       [CPU]             0.1 s
          (other)            [CPU]             0.1 s
      assembly               [CPU]             0.3 s
      compS-form-gpu (MPI)   [GPU·CPU·IO]    40.5 s   (GPU 15.0 · IO 8.3 · CPU 17.2)
        bsblock (store walk) [CPU]             0.1 s
        recipe (host,replic) [CPU]             1.1 s
        form (gpu+D2H)       [GPU·IO]        32.7 s
        reduce (NCCL/host)   [IO]              1.8 s
        unpack (D2H)         [CPU·IO]         4.7 s
        (other)              [CPU]             0.1 s
      (other)                [CPU]             0.5 s
    matvec                   [GPU·CPU·IO]   155.3 s   (GPU 128.8 · IO 0.0 · CPU 26.5)
      gemm                   [GPU]           105.6 s   (98.44 TFLOPS total · 24.61/GPU)
      kern                   [GPU]            23.2 s
      host                   [CPU]            26.5 s
        planEnum             [CPU]             3.6 s
        ctorAlloc(upload)    [CPU·IO]         5.1 s
        ctorGroup            [CPU]             0.7 s
        ctorForm             [GPU]             0.5 s
        (other)              [CPU]            16.6 s
    decimate                 [CPU]            15.8 s
      rho (dist)             [CPU]             2.4 s
      eigh (dist)            [CPU]             7.9 s
      share (MPI wait)       [CPU·IO]         4.5 s
      select+assemble        [CPU]             0.3 s
      (other)                [CPU]             0.7 s
    grow                     [GPU·CPU·IO]    61.3 s   (GPU 14.4 · IO 14.2 · CPU 32.7) · 95.13 TFLOPS total · 23.78/GPU
      gpu_proj (project)     [GPU·CPU·IO]    33.8 s
        recipe               [CPU]             0.6 s
        fap_exec             [GPU·IO]        30.2 s
        fap_merge            [CPU]             0.5 s
        fap_ctx              [CPU]             0.3 s
        fap_unpack           [CPU]             0.5 s
      reduceSH (MPI)         [CPU·IO]         3.9 s
        sync (hash+wait)     [CPU·IO]         2.8 s
        pack                 [CPU]             0.3 s
        xfer (NCCL/host)     [IO]              0.7 s
        unpack               [CPU]             0.1 s
      (other)                [CPU]            23.7 s
    predict                  [CPU]             5.5 s
    ooc                      [IO]              0.1 s
      load                   [IO]              0.1 s

################## Sweep 8/10 (forward) summary ##################
  Energy       -2987.5407827498 Ha
  dE vs prev sweep  -1.307e-06 Ha
  Discarded weight  3.478e-04  (max over this sweep's decimations)
  Rank 0: Host RAM sweep-peak 35515 MB · VmHWM 72244 MB   VRAM op-pool peak 30427 MB · total peak 61706 MB
  Rank 1: Host RAM sweep-peak 35189 MB · VmHWM 71793 MB   VRAM op-pool peak 30636 MB · total peak 62100 MB
  Rank 2: Host RAM sweep-peak 35381 MB · VmHWM 71959 MB   VRAM op-pool peak 30403 MB · total peak 61684 MB
  Rank 3: Host RAM sweep-peak 35328 MB · VmHWM 71828 MB   VRAM op-pool peak 30703 MB · total peak 62110 MB
  Block stores (peak bond, per rank): distributed A/B share 6851 MB (~K²M²/np) · owner cre/des 226 · S 113 MB (~KM²/np) · replicated floor 21 MB [stubs 2 (~KM) · H 19 (~M²)]
  OOC scratch  765463 MB on disk  (sum over all ranks)
  Timings (wall 366.1 s)
    build                    [CPU]            63.1 s
      formPQ                 [GPU·CPU·IO]    19.9 s   (GPU 2.1 · IO 6.1 · CPU 11.6)
        exec-gemm            [GPU]             0.5 s   (70.05 TFLOPS total · 17.51/GPU)
        exec-kern            [GPU]             1.6 s
        transfer             [IO]              6.1 s
        exec-hostprep        [CPU]             9.0 s
        prep (W+layout)      [CPU]             0.1 s
        complete (MPI)       [IO]              1.7 s
        wdesc (Wsub+reds)    [CPU]             0.3 s
        (other)              [CPU]             0.6 s
      [kern] executor reductions (all phases): res-zero 0.0 · gather 9.1 · reduce 15.9 · accumulate 0.5 s
      sys                    [CPU]             0.6 s
      env                    [CPU]             0.9 s
      compPQ-form            [CPU]             0.5 s
        bsblock              [CPU]             0.1 s
        match                [CPU]             0.3 s
          pump (src dedup)   [CPU]             0.1 s
          emit (owned)       [CPU]             0.1 s
          (other)            [CPU]             0.1 s
      assembly               [CPU]             0.3 s
      compS-form-gpu (MPI)   [GPU·CPU·IO]    40.4 s   (GPU 15.0 · IO 8.2 · CPU 17.3)
        bsblock (store walk) [CPU]             0.2 s
        recipe (host,replic) [CPU]             1.1 s
        form (gpu+D2H)       [GPU·IO]        32.5 s
        reduce (NCCL/host)   [IO]              2.0 s
        unpack (D2H)         [CPU·IO]         4.6 s
        (other)              [CPU]             0.1 s
      (other)                [CPU]             0.5 s
    matvec                   [GPU·CPU·IO]   155.4 s   (GPU 129.2 · IO 0.0 · CPU 26.2)
      gemm                   [GPU]           106.0 s   (98.09 TFLOPS total · 24.52/GPU)
      kern                   [GPU]            23.2 s
      host                   [CPU]            26.2 s
        planEnum             [CPU]             3.7 s
        ctorAlloc(upload)    [CPU·IO]         4.9 s
        ctorGroup            [CPU]             0.7 s
        ctorForm             [GPU]             0.5 s
        (other)              [CPU]            16.5 s
    decimate                 [CPU]            15.8 s
      rho (dist)             [CPU]             2.6 s
      eigh (dist)            [CPU]             7.9 s
      share (MPI wait)       [CPU·IO]         4.3 s
      select+assemble        [CPU]             0.3 s
      (other)                [CPU]             0.7 s
    grow                     [GPU·CPU·IO]    62.1 s   (GPU 15.0 · IO 15.3 · CPU 31.8) · 91.70 TFLOPS total · 22.93/GPU
      gpu_proj (project)     [GPU·CPU·IO]    35.6 s
        recipe               [CPU]             0.6 s
        fap_exec             [GPU·IO]        31.9 s
        fap_merge            [CPU]             0.6 s
        fap_ctx              [CPU]             0.3 s
        fap_unpack           [CPU]             0.5 s
      reduceSH (MPI)         [CPU·IO]         2.6 s
        sync (hash+wait)     [CPU·IO]         1.5 s
        pack                 [CPU]             0.3 s
        xfer (NCCL/host)     [IO]              0.7 s
        unpack               [CPU]             0.1 s
      (other)                [CPU]            23.9 s
    predict                  [CPU]             7.5 s
    ooc                      [IO]              0.2 s
      load                   [IO]              0.2 s

################## Sweep 9/10 (backward) summary ##################
  Energy       -2987.5407835935 Ha
  dE vs prev sweep  -8.437e-07 Ha
  Discarded weight  3.470e-04  (max over this sweep's decimations)
  Rank 0: Host RAM sweep-peak 35384 MB · VmHWM 72244 MB   VRAM op-pool peak 30427 MB · total peak 61706 MB
  Rank 1: Host RAM sweep-peak 35293 MB · VmHWM 71793 MB   VRAM op-pool peak 30636 MB · total peak 62100 MB
  Rank 2: Host RAM sweep-peak 35414 MB · VmHWM 71959 MB   VRAM op-pool peak 30403 MB · total peak 61684 MB
  Rank 3: Host RAM sweep-peak 35134 MB · VmHWM 71828 MB   VRAM op-pool peak 30703 MB · total peak 62110 MB
  Block stores (peak bond, per rank): distributed A/B share 6965 MB (~K²M²/np) · owner cre/des 226 · S 113 MB (~KM²/np) · replicated floor 21 MB [stubs 2 (~KM) · H 19 (~M²)]
  OOC scratch  766188 MB on disk  (sum over all ranks)
  Timings (wall 363.5 s)
    build                    [CPU]            62.7 s
      formPQ                 [GPU·CPU·IO]    19.3 s   (GPU 2.1 · IO 6.0 · CPU 11.2)
        exec-gemm            [GPU]             0.5 s   (70.16 TFLOPS total · 17.54/GPU)
        exec-kern            [GPU]             1.6 s
        transfer             [IO]              6.0 s
        exec-hostprep        [CPU]             8.5 s
        prep (W+layout)      [CPU]             0.1 s
        complete (MPI)       [IO]              1.7 s
        wdesc (Wsub+reds)    [CPU]             0.3 s
        (other)              [CPU]             0.6 s
      [kern] executor reductions (all phases): res-zero 0.0 · gather 8.9 · reduce 15.9 · accumulate 0.5 s
      sys                    [CPU]             0.9 s
      env                    [CPU]             0.6 s
      compPQ-form            [CPU]             0.5 s
        bsblock              [CPU]             0.1 s
        match                [CPU]             0.3 s
          pump (src dedup)   [CPU]             0.1 s
          emit (owned)       [CPU]             0.1 s
          (other)            [CPU]             0.1 s
      assembly               [CPU]             0.3 s
      compS-form-gpu (MPI)   [GPU·CPU·IO]    40.6 s   (GPU 15.0 · IO 8.4 · CPU 17.3)
        bsblock (store walk) [CPU]             0.1 s
        recipe (host,replic) [CPU]             1.1 s
        form (gpu+D2H)       [GPU·IO]        32.8 s
        reduce (NCCL/host)   [IO]              2.0 s
        unpack (D2H)         [CPU·IO]         4.6 s
        (other)              [CPU]             0.1 s
      (other)                [CPU]             0.5 s
    matvec                   [GPU·CPU·IO]   155.1 s   (GPU 128.4 · IO 0.0 · CPU 26.7)
      gemm                   [GPU]           105.3 s   (98.59 TFLOPS total · 24.65/GPU)
      kern                   [GPU]            23.1 s
      host                   [CPU]            26.7 s
        planEnum             [CPU]             3.6 s
        ctorAlloc(upload)    [CPU·IO]         5.1 s
        ctorGroup            [CPU]             0.7 s
        ctorForm             [GPU]             0.5 s
        (other)              [CPU]            16.7 s
    decimate                 [CPU]            15.7 s
      rho (dist)             [CPU]             2.4 s
      eigh (dist)            [CPU]             7.8 s
      share (MPI wait)       [CPU·IO]         4.5 s
      select+assemble        [CPU]             0.3 s
      (other)                [CPU]             0.7 s
    grow                     [GPU·CPU·IO]    61.9 s   (GPU 14.3 · IO 14.4 · CPU 33.2) · 95.99 TFLOPS total · 24.00/GPU
      gpu_proj (project)     [GPU·CPU·IO]    33.9 s
        recipe               [CPU]             0.6 s
        fap_exec             [GPU·IO]        30.3 s
        fap_merge            [CPU]             0.5 s
        fap_ctx              [CPU]             0.3 s
        fap_unpack           [CPU]             0.5 s
      reduceSH (MPI)         [CPU·IO]         4.1 s
        sync (hash+wait)     [CPU·IO]         3.0 s
        pack                 [CPU]             0.3 s
        xfer (NCCL/host)     [IO]              0.7 s
        unpack               [CPU]             0.1 s
      (other)                [CPU]            23.9 s
    predict                  [CPU]             5.6 s
    ooc                      [IO]              0.2 s
      load                   [IO]              0.2 s

################## Sweep 10/10 (forward) summary ##################
  Energy       -2987.5407847319 Ha
  dE vs prev sweep  -1.138e-06 Ha
  Discarded weight  3.465e-04  (max over this sweep's decimations)
  Rank 0: Host RAM sweep-peak 38886 MB · VmHWM 72244 MB   VRAM op-pool peak 30427 MB · total peak 61706 MB
  Rank 1: Host RAM sweep-peak 37782 MB · VmHWM 71793 MB   VRAM op-pool peak 30636 MB · total peak 62100 MB
  Rank 2: Host RAM sweep-peak 37753 MB · VmHWM 71959 MB   VRAM op-pool peak 30403 MB · total peak 61684 MB
  Rank 3: Host RAM sweep-peak 37954 MB · VmHWM 71828 MB   VRAM op-pool peak 30703 MB · total peak 62110 MB
  Block stores (peak bond, per rank): distributed A/B share 6830 MB (~K²M²/np) · owner cre/des 226 · S 113 MB (~KM²/np) · replicated floor 21 MB [stubs 2 (~KM) · H 19 (~M²)]
  OOC scratch  767207 MB on disk  (sum over all ranks)
  Timings (wall 366.2 s)
    build                    [CPU]            63.2 s
      formPQ                 [GPU·CPU·IO]    20.0 s   (GPU 2.1 · IO 6.1 · CPU 11.8)
        exec-gemm            [GPU]             0.5 s   (70.08 TFLOPS total · 17.52/GPU)
        exec-kern            [GPU]             1.6 s
        transfer             [IO]              6.1 s
        exec-hostprep        [CPU]             8.9 s
        prep (W+layout)      [CPU]             0.1 s
        complete (MPI)       [IO]              1.8 s
        wdesc (Wsub+reds)    [CPU]             0.3 s
        (other)              [CPU]             0.6 s
      [kern] executor reductions (all phases): res-zero 0.0 · gather 9.1 · reduce 15.9 · accumulate 0.5 s
      sys                    [CPU]             0.6 s
      env                    [CPU]             1.0 s
      compPQ-form            [CPU]             0.5 s
        bsblock              [CPU]             0.1 s
        match                [CPU]             0.3 s
          pump (src dedup)   [CPU]             0.1 s
          emit (owned)       [CPU]             0.1 s
          (other)            [CPU]             0.1 s
      assembly               [CPU]             0.3 s
      compS-form-gpu (MPI)   [GPU·CPU·IO]    40.4 s   (GPU 15.0 · IO 8.2 · CPU 17.3)
        bsblock (store walk) [CPU]             0.2 s
        recipe (host,replic) [CPU]             1.1 s
        form (gpu+D2H)       [GPU·IO]        32.4 s
        reduce (NCCL/host)   [IO]              2.1 s
        unpack (D2H)         [CPU·IO]         4.5 s
        (other)              [CPU]             0.1 s
      (other)                [CPU]             0.5 s
    matvec                   [GPU·CPU·IO]   155.2 s   (GPU 129.0 · IO 0.0 · CPU 26.2)
      gemm                   [GPU]           105.8 s   (98.17 TFLOPS total · 24.54/GPU)
      kern                   [GPU]            23.2 s
      host                   [CPU]            26.2 s
        planEnum             [CPU]             3.7 s
        ctorAlloc(upload)    [CPU·IO]         4.8 s
        ctorGroup            [CPU]             0.7 s
        ctorForm             [GPU]             0.5 s
        (other)              [CPU]            16.5 s
    decimate                 [CPU]            15.9 s
      rho (dist)             [CPU]             2.6 s
      eigh (dist)            [CPU]             8.0 s
      share (MPI wait)       [CPU·IO]         4.3 s
      select+assemble        [CPU]             0.3 s
      (other)                [CPU]             0.7 s
    grow                     [GPU·CPU·IO]    62.5 s   (GPU 14.9 · IO 14.3 · CPU 33.3) · 91.52 TFLOPS total · 22.88/GPU
      gpu_proj (project)     [GPU·CPU·IO]    34.4 s
        recipe               [CPU]             0.6 s
        fap_exec             [GPU·IO]        30.8 s
        fap_merge            [CPU]             0.6 s
        fap_ctx              [CPU]             0.3 s
        fap_unpack           [CPU]             0.5 s
      reduceSH (MPI)         [CPU·IO]         3.1 s
        sync (hash+wait)     [CPU·IO]         1.9 s
        pack                 [CPU]             0.3 s
        xfer (NCCL/host)     [IO]              0.7 s
        unpack               [CPU]             0.1 s
      (other)                [CPU]            25.0 s
    predict                  [CPU]             7.1 s
    ooc                      [IO]              0.1 s
      load                   [IO]              0.1 s
[qops] WARNING: energy NOT converged after 10 sweeps: |dE| = 1.138e-06 >= e_conv = 1.000e-09

################## Run total ##################
  10 sweep(s) + warmup: 3793.3 s wall · final E -2987.5407847319 Ha · VmHWM 72244 MB
  ooc async residual wait (not hidden behind compute): save 0.5 · load 20.1 s (1% of runtime)
[rc] ladder BD=3000 done
[qops] MPI np=4 · GPU=on · device collectives: NCCL (NVLink/GPUDirect)
[qops] A/B host-offload: ON (stubs + pager spill)

################## Sweep 1/10 (backward) summary ##################
  Energy       -2987.5401677143 Ha
  Discarded weight  9.785e-04  (max over this sweep's decimations)
  Rank 0: Host RAM sweep-peak 32036 MB · VmHWM 72244 MB   VRAM op-pool peak 30427 MB · total peak 61706 MB
  Rank 1: Host RAM sweep-peak 31934 MB · VmHWM 71793 MB   VRAM op-pool peak 30636 MB · total peak 62100 MB
  Rank 2: Host RAM sweep-peak 31642 MB · VmHWM 71959 MB   VRAM op-pool peak 30403 MB · total peak 61684 MB
  Rank 3: Host RAM sweep-peak 31554 MB · VmHWM 71828 MB   VRAM op-pool peak 30703 MB · total peak 62110 MB
  Block stores (peak bond, per rank): distributed A/B share 6899 MB (~K²M²/np) · owner cre/des 187 · S 69 MB (~KM²/np) · replicated floor 16 MB [stubs 2 (~KM) · H 15 (~M²)]
  OOC scratch  573985 MB on disk  (sum over all ranks)
  Timings (wall 265.1 s)
    build                    [CPU]            55.8 s
      formPQ                 [GPU·CPU·IO]    18.4 s   (GPU 1.6 · IO 5.9 · CPU 10.9)
        exec-gemm            [GPU]             0.4 s   (66.51 TFLOPS total · 16.63/GPU)
        exec-kern            [GPU]             1.2 s
        transfer             [IO]              5.9 s
        exec-hostprep        [CPU]             8.4 s
        prep (W+layout)      [CPU]             0.1 s
        complete (MPI)       [IO]              1.6 s
        wdesc (Wsub+reds)    [CPU]             0.3 s
        (other)              [CPU]             0.5 s
      [kern] executor reductions (all phases): res-zero 0.0 · gather 4.5 · reduce 11.6 · accumulate 0.3 s
      sys                    [CPU]             1.0 s
      env                    [CPU]             0.4 s
      compPQ-form            [CPU]             0.4 s
        bsblock              [CPU]             0.1 s
        match                [CPU]             0.3 s
          pump (src dedup)   [CPU]             0.1 s
          emit (owned)       [CPU]             0.1 s
          (other)            [CPU]             0.1 s
      assembly               [CPU]             0.3 s
      compS-form-gpu (MPI)   [GPU·CPU·IO]    34.8 s   (GPU 11.0 · IO 8.2 · CPU 15.7)
        bsblock (store walk) [CPU]             0.1 s
        recipe (host,replic) [CPU]             1.1 s
        form (gpu+D2H)       [GPU·IO]        28.4 s
        reduce (NCCL/host)   [IO]              1.5 s
        unpack (D2H)         [CPU·IO]         3.6 s
        (other)              [CPU]             0.1 s
      (other)                [CPU]             0.5 s
    matvec                   [GPU·CPU·IO]   105.6 s   (GPU 85.6 · IO 0.0 · CPU 20.0)
      gemm                   [GPU]            68.2 s   (88.30 TFLOPS total · 22.08/GPU)
      kern                   [GPU]            17.3 s
      host                   [CPU]            20.0 s
        planEnum             [CPU]             3.4 s
        ctorAlloc(upload)    [CPU·IO]         4.0 s
        ctorGroup            [CPU]             0.8 s
        ctorForm             [GPU]             0.4 s
        (other)              [CPU]            11.4 s
    decimate                 [CPU]             9.4 s
      rho (dist)             [CPU]             1.3 s
      eigh (dist)            [CPU]             3.9 s
      share (MPI wait)       [CPU·IO]         3.7 s
      select+assemble        [CPU]             0.1 s
      (other)                [CPU]             0.4 s
    grow                     [GPU·CPU·IO]    29.1 s   (GPU 6.6 · IO 5.0 · CPU 17.6) · 76.31 TFLOPS total · 19.08/GPU
      gpu_proj (project)     [GPU·CPU·IO]    15.6 s
        recipe               [CPU]             0.6 s
        fap_exec             [GPU·IO]        12.8 s
        fap_merge            [CPU]             0.4 s
        fap_ctx              [CPU]             0.2 s
        fap_unpack           [CPU]             0.1 s
      reduceSH (MPI)         [CPU·IO]         1.4 s
        sync (hash+wait)     [CPU·IO]         0.8 s
        pack                 [CPU]             0.2 s
        xfer (NCCL/host)     [IO]              0.3 s
        unpack               [CPU]             0.1 s
      (other)                [CPU]            12.2 s
    predict                  [CPU]             3.8 s
    ooc                      [IO]              0.2 s
      load                   [IO]              0.2 s

################## Sweep 2/10 (forward) summary ##################
  Energy       -2987.5364959766 Ha
  dE vs prev sweep  +3.672e-03 Ha
  Discarded weight  4.755e-04  (max over this sweep's decimations)
  Rank 0: Host RAM sweep-peak 31158 MB · VmHWM 72244 MB   VRAM op-pool peak 30427 MB · total peak 61706 MB
  Rank 1: Host RAM sweep-peak 30982 MB · VmHWM 71793 MB   VRAM op-pool peak 30636 MB · total peak 62100 MB
  Rank 2: Host RAM sweep-peak 30992 MB · VmHWM 71959 MB   VRAM op-pool peak 30403 MB · total peak 61684 MB
  Rank 3: Host RAM sweep-peak 31114 MB · VmHWM 71828 MB   VRAM op-pool peak 30703 MB · total peak 62110 MB
  Block stores (peak bond, per rank): distributed A/B share 3185 MB (~K²M²/np) · owner cre/des 106 · S 53 MB (~KM²/np) · replicated floor 11 MB [stubs 1 (~KM) · H 9 (~M²)]
  OOC scratch  358868 MB on disk  (sum over all ranks)
  Timings (wall 173.5 s)
    build                    [CPU]            32.0 s
      formPQ                 [GPU·CPU·IO]     9.7 s   (GPU 1.1 · IO 2.9 · CPU 5.8)
        exec-gemm            [GPU]             0.3 s   (61.65 TFLOPS total · 15.41/GPU)
        exec-kern            [GPU]             0.8 s
        transfer             [IO]              2.9 s
        exec-hostprep        [CPU]             4.1 s
        prep (W+layout)      [CPU]             0.1 s
        complete (MPI)       [IO]              0.8 s
        wdesc (Wsub+reds)    [CPU]             0.3 s
        (other)              [CPU]             0.5 s
      [kern] executor reductions (all phases): res-zero 0.0 · gather 4.2 · reduce 7.3 · accumulate 0.3 s
      sys                    [CPU]             0.3 s
      env                    [CPU]             0.5 s
      compPQ-form            [CPU]             0.4 s
        match                [CPU]             0.2 s
          pump (src dedup)   [CPU]             0.1 s
          emit (owned)       [CPU]             0.1 s
          (other)            [CPU]             0.1 s
      assembly               [CPU]             0.3 s
      compS-form-gpu (MPI)   [GPU·CPU·IO]    20.3 s   (GPU 6.8 · IO 3.8 · CPU 9.7)
        bsblock (store walk) [CPU]             0.1 s
        recipe (host,replic) [CPU]             1.1 s
        form (gpu+D2H)       [GPU·IO]        15.4 s
        reduce (NCCL/host)   [IO]              1.1 s
        unpack (D2H)         [CPU·IO]         2.5 s
        (other)              [CPU]             0.1 s
      (other)                [CPU]             0.5 s
    matvec                   [GPU·CPU·IO]    70.1 s   (GPU 55.8 · IO 0.0 · CPU 14.3)
      gemm                   [GPU]            43.4 s   (78.56 TFLOPS total · 19.64/GPU)
      kern                   [GPU]            12.3 s
      host                   [CPU]            14.3 s
        planEnum             [CPU]             3.1 s
        ctorAlloc(upload)    [CPU·IO]         2.4 s
        ctorGroup            [CPU]             0.8 s
        ctorForm             [GPU]             0.3 s
        (other)              [CPU]             7.8 s
    decimate                 [CPU]             9.3 s
      rho (dist)             [CPU]             1.1 s
      eigh (dist)            [CPU]             4.2 s
      share (MPI wait)       [CPU·IO]         3.2 s
      select+assemble        [CPU]             0.1 s
      (other)                [CPU]             0.6 s
    grow                     [GPU·CPU·IO]    28.6 s   (GPU 6.5 · IO 5.3 · CPU 16.8) · 77.54 TFLOPS total · 19.38/GPU
      gpu_proj (project)     [GPU·CPU·IO]    15.6 s
        recipe               [CPU]             0.6 s
        fap_exec             [GPU·IO]        13.0 s
        fap_merge            [CPU]             0.4 s
        fap_ctx              [CPU]             0.2 s
        fap_unpack           [CPU]             0.1 s
      reduceSH (MPI)         [CPU·IO]         1.2 s
        sync (hash+wait)     [CPU·IO]         0.6 s
        pack                 [CPU]             0.2 s
        xfer (NCCL/host)     [IO]              0.3 s
        unpack               [CPU]             0.1 s
      (other)                [CPU]            11.8 s
    predict                  [CPU]             2.6 s
    ooc                      [IO]              0.1 s
      load                   [IO]              0.1 s

################## Sweep 3/10 (backward) summary ##################
  Energy       -2987.5368693534 Ha
  dE vs prev sweep  -3.734e-04 Ha
  Discarded weight  4.405e-04  (max over this sweep's decimations)
  Rank 0: Host RAM sweep-peak 31722 MB · VmHWM 72244 MB   VRAM op-pool peak 30427 MB · total peak 61706 MB
  Rank 1: Host RAM sweep-peak 30750 MB · VmHWM 71793 MB   VRAM op-pool peak 30636 MB · total peak 62100 MB
  Rank 2: Host RAM sweep-peak 31420 MB · VmHWM 71959 MB   VRAM op-pool peak 30403 MB · total peak 61684 MB
  Rank 3: Host RAM sweep-peak 31249 MB · VmHWM 71828 MB   VRAM op-pool peak 30703 MB · total peak 62110 MB
  Block stores (peak bond, per rank): distributed A/B share 3246 MB (~K²M²/np) · owner cre/des 106 · S 53 MB (~KM²/np) · replicated floor 11 MB [stubs 1 (~KM) · H 9 (~M²)]
  OOC scratch  358993 MB on disk  (sum over all ranks)
  Timings (wall 174.3 s)
    build                    [CPU]            32.2 s
      formPQ                 [GPU·CPU·IO]     9.8 s   (GPU 1.0 · IO 2.9 · CPU 5.9)
        exec-gemm            [GPU]             0.3 s   (61.68 TFLOPS total · 15.42/GPU)
        exec-kern            [GPU]             0.8 s
        transfer             [IO]              2.9 s
        exec-hostprep        [CPU]             4.2 s
        prep (W+layout)      [CPU]             0.1 s
        complete (MPI)       [IO]              0.9 s
        wdesc (Wsub+reds)    [CPU]             0.3 s
        (other)              [CPU]             0.5 s
      [kern] executor reductions (all phases): res-zero 0.0 · gather 4.2 · reduce 7.3 · accumulate 0.3 s
      sys                    [CPU]             0.5 s
      env                    [CPU]             0.3 s
      compPQ-form            [CPU]             0.4 s
        match                [CPU]             0.3 s
          pump (src dedup)   [CPU]             0.1 s
          emit (owned)       [CPU]             0.1 s
          (other)            [CPU]             0.1 s
      assembly               [CPU]             0.3 s
      compS-form-gpu (MPI)   [GPU·CPU·IO]    20.3 s   (GPU 6.8 · IO 3.9 · CPU 9.7)
        bsblock (store walk) [CPU]             0.1 s
        recipe (host,replic) [CPU]             1.1 s
        form (gpu+D2H)       [GPU·IO]        15.6 s
        reduce (NCCL/host)   [IO]              0.9 s
        unpack (D2H)         [CPU·IO]         2.5 s
        (other)              [CPU]             0.1 s
      (other)                [CPU]             0.5 s
    matvec                   [GPU·CPU·IO]    71.1 s   (GPU 56.6 · IO 0.0 · CPU 14.5)
      gemm                   [GPU]            44.1 s   (79.50 TFLOPS total · 19.87/GPU)
      kern                   [GPU]            12.5 s
      host                   [CPU]            14.5 s
        planEnum             [CPU]             3.1 s
        ctorAlloc(upload)    [CPU·IO]         2.5 s
        ctorGroup            [CPU]             0.8 s
        ctorForm             [GPU]             0.3 s
        (other)              [CPU]             7.9 s
    decimate                 [CPU]             9.0 s
      rho (dist)             [CPU]             1.0 s
      eigh (dist)            [CPU]             4.0 s
      share (MPI wait)       [CPU·IO]         3.4 s
      select+assemble        [CPU]             0.1 s
      (other)                [CPU]             0.5 s
    grow                     [GPU·CPU·IO]    28.7 s   (GPU 6.5 · IO 5.0 · CPU 17.2) · 77.16 TFLOPS total · 19.29/GPU
      gpu_proj (project)     [GPU·CPU·IO]    15.4 s
        recipe               [CPU]             0.6 s
        fap_exec             [GPU·IO]        12.7 s
        fap_merge            [CPU]             0.4 s
        fap_ctx              [CPU]             0.2 s
        fap_unpack           [CPU]             0.1 s
      reduceSH (MPI)         [CPU·IO]         1.5 s
        sync (hash+wait)     [CPU·IO]         0.9 s
        pack                 [CPU]             0.2 s
        xfer (NCCL/host)     [IO]              0.3 s
        unpack               [CPU]             0.1 s
      (other)                [CPU]            11.8 s
    predict                  [CPU]             2.8 s
    ooc                      [IO]              0.0 s

################## Sweep 4/10 (forward) summary ##################
  Energy       -2987.5369023621 Ha
  dE vs prev sweep  -3.301e-05 Ha
  Discarded weight  4.327e-04  (max over this sweep's decimations)
  Rank 0: Host RAM sweep-peak 31694 MB · VmHWM 72244 MB   VRAM op-pool peak 30427 MB · total peak 61706 MB
  Rank 1: Host RAM sweep-peak 30987 MB · VmHWM 71793 MB   VRAM op-pool peak 30636 MB · total peak 62100 MB
  Rank 2: Host RAM sweep-peak 31613 MB · VmHWM 71959 MB   VRAM op-pool peak 30403 MB · total peak 61684 MB
  Rank 3: Host RAM sweep-peak 31565 MB · VmHWM 71828 MB   VRAM op-pool peak 30703 MB · total peak 62110 MB
  Block stores (peak bond, per rank): distributed A/B share 3210 MB (~K²M²/np) · owner cre/des 106 · S 53 MB (~KM²/np) · replicated floor 11 MB [stubs 1 (~KM) · H 9 (~M²)]
  OOC scratch  358463 MB on disk  (sum over all ranks)
  Timings (wall 172.1 s)
    build                    [CPU]            32.3 s
      formPQ                 [GPU·CPU·IO]     9.9 s   (GPU 1.0 · IO 2.9 · CPU 6.0)
        exec-gemm            [GPU]             0.3 s   (61.95 TFLOPS total · 15.49/GPU)
        exec-kern            [GPU]             0.8 s
        transfer             [IO]              2.9 s
        exec-hostprep        [CPU]             4.4 s
        prep (W+layout)      [CPU]             0.1 s
        complete (MPI)       [IO]              0.8 s
        wdesc (Wsub+reds)    [CPU]             0.3 s
        (other)              [CPU]             0.5 s
      [kern] executor reductions (all phases): res-zero 0.0 · gather 4.2 · reduce 7.3 · accumulate 0.2 s
      sys                    [CPU]             0.3 s
      env                    [CPU]             0.5 s
      compPQ-form            [CPU]             0.4 s
        match                [CPU]             0.2 s
          pump (src dedup)   [CPU]             0.1 s
          emit (owned)       [CPU]             0.1 s
          (other)            [CPU]             0.1 s
      assembly               [CPU]             0.3 s
      compS-form-gpu (MPI)   [GPU·CPU·IO]    20.3 s   (GPU 6.8 · IO 3.8 · CPU 9.8)
        bsblock (store walk) [CPU]             0.1 s
        recipe (host,replic) [CPU]             1.1 s
        form (gpu+D2H)       [GPU·IO]        15.5 s
        reduce (NCCL/host)   [IO]              1.1 s
        unpack (D2H)         [CPU·IO]         2.6 s
        (other)              [CPU]             0.1 s
      (other)                [CPU]             0.5 s
    matvec                   [GPU·CPU·IO]    69.3 s   (GPU 55.2 · IO 0.0 · CPU 14.1)
      gemm                   [GPU]            43.0 s   (79.44 TFLOPS total · 19.86/GPU)
      kern                   [GPU]            12.2 s
      host                   [CPU]            14.1 s
        planEnum             [CPU]             3.0 s
        ctorAlloc(upload)    [CPU·IO]         2.3 s
        ctorGroup            [CPU]             0.7 s
        ctorForm             [GPU]             0.3 s
        (other)              [CPU]             7.7 s
    decimate                 [CPU]             9.3 s
      rho (dist)             [CPU]             1.0 s
      eigh (dist)            [CPU]             4.1 s
      share (MPI wait)       [CPU·IO]         3.5 s
      select+assemble        [CPU]             0.1 s
      (other)                [CPU]             0.5 s
    grow                     [GPU·CPU·IO]    28.3 s   (GPU 6.5 · IO 5.1 · CPU 16.7) · 77.84 TFLOPS total · 19.46/GPU
      gpu_proj (project)     [GPU·CPU·IO]    15.3 s
        recipe               [CPU]             0.6 s
        fap_exec             [GPU·IO]        12.8 s
        fap_merge            [CPU]             0.4 s
        fap_ctx              [CPU]             0.2 s
        fap_unpack           [CPU]             0.1 s
      reduceSH (MPI)         [CPU·IO]         1.2 s
        sync (hash+wait)     [CPU·IO]         0.6 s
        pack                 [CPU]             0.2 s
        xfer (NCCL/host)     [IO]              0.3 s
        unpack               [CPU]             0.1 s
      (other)                [CPU]            11.8 s
    predict                  [CPU]             2.7 s
    ooc                      [IO]              0.1 s
      load                   [IO]              0.1 s

################## Sweep 5/10 (backward) summary ##################
  Energy       -2987.5369133693 Ha
  dE vs prev sweep  -1.101e-05 Ha
  Discarded weight  4.290e-04  (max over this sweep's decimations)
  Rank 0: Host RAM sweep-peak 32009 MB · VmHWM 72244 MB   VRAM op-pool peak 30427 MB · total peak 61706 MB
  Rank 1: Host RAM sweep-peak 31543 MB · VmHWM 71793 MB   VRAM op-pool peak 30636 MB · total peak 62100 MB
  Rank 2: Host RAM sweep-peak 31905 MB · VmHWM 71959 MB   VRAM op-pool peak 30403 MB · total peak 61684 MB
  Rank 3: Host RAM sweep-peak 30985 MB · VmHWM 71828 MB   VRAM op-pool peak 30703 MB · total peak 62110 MB
  Block stores (peak bond, per rank): distributed A/B share 3285 MB (~K²M²/np) · owner cre/des 106 · S 53 MB (~KM²/np) · replicated floor 11 MB [stubs 1 (~KM) · H 9 (~M²)]
  OOC scratch  358653 MB on disk  (sum over all ranks)
  Timings (wall 170.6 s)
    build                    [CPU]            32.1 s
      formPQ                 [GPU·CPU·IO]     9.7 s   (GPU 1.0 · IO 2.8 · CPU 5.8)
        exec-gemm            [GPU]             0.3 s   (61.91 TFLOPS total · 15.48/GPU)
        exec-kern            [GPU]             0.8 s
        transfer             [IO]              2.8 s
        exec-hostprep        [CPU]             4.2 s
        prep (W+layout)      [CPU]             0.1 s
        complete (MPI)       [IO]              0.7 s
        wdesc (Wsub+reds)    [CPU]             0.3 s
        (other)              [CPU]             0.5 s
      [kern] executor reductions (all phases): res-zero 0.0 · gather 4.2 · reduce 7.3 · accumulate 0.3 s
      sys                    [CPU]             0.5 s
      env                    [CPU]             0.4 s
      compPQ-form            [CPU]             0.4 s
        bsblock              [CPU]             0.1 s
        match                [CPU]             0.3 s
          pump (src dedup)   [CPU]             0.1 s
          emit (owned)       [CPU]             0.1 s
          (other)            [CPU]             0.1 s
      assembly               [CPU]             0.3 s
      compS-form-gpu (MPI)   [GPU·CPU·IO]    20.3 s   (GPU 6.8 · IO 3.8 · CPU 9.7)
        bsblock (store walk) [CPU]             0.1 s
        recipe (host,replic) [CPU]             1.1 s
        form (gpu+D2H)       [GPU·IO]        15.5 s
        reduce (NCCL/host)   [IO]              0.9 s
        unpack (D2H)         [CPU·IO]         2.6 s
        (other)              [CPU]             0.1 s
      (other)                [CPU]             0.5 s
    matvec                   [GPU·CPU·IO]    68.7 s   (GPU 54.3 · IO 0.0 · CPU 14.4)
      gemm                   [GPU]            42.3 s   (79.69 TFLOPS total · 19.92/GPU)
      kern                   [GPU]            12.0 s
      host                   [CPU]            14.4 s
        planEnum             [CPU]             3.0 s
        ctorAlloc(upload)    [CPU·IO]         2.5 s
        ctorGroup            [CPU]             0.7 s
        ctorForm             [GPU]             0.3 s
        (other)              [CPU]             7.9 s
    decimate                 [CPU]             9.1 s
      rho (dist)             [CPU]             1.0 s
      eigh (dist)            [CPU]             4.0 s
      share (MPI wait)       [CPU·IO]         3.5 s
      select+assemble        [CPU]             0.1 s
      (other)                [CPU]             0.5 s
    grow                     [GPU·CPU·IO]    28.3 s   (GPU 6.5 · IO 5.0 · CPU 16.8) · 77.17 TFLOPS total · 19.29/GPU
      gpu_proj (project)     [GPU·CPU·IO]    15.4 s
        recipe               [CPU]             0.6 s
        fap_exec             [GPU·IO]        12.7 s
        fap_merge            [CPU]             0.4 s
        fap_ctx              [CPU]             0.2 s
        fap_unpack           [CPU]             0.1 s
      reduceSH (MPI)         [CPU·IO]         1.1 s
        sync (hash+wait)     [CPU·IO]         0.6 s
        pack                 [CPU]             0.2 s
        xfer (NCCL/host)     [IO]              0.3 s
        unpack               [CPU]             0.1 s
      (other)                [CPU]            11.8 s
    predict                  [CPU]             2.2 s
    ooc                      [IO]              0.1 s
      load                   [IO]              0.1 s

################## Sweep 6/10 (forward) summary ##################
  Energy       -2987.5369196715 Ha
  dE vs prev sweep  -6.302e-06 Ha
  Discarded weight  4.267e-04  (max over this sweep's decimations)
  Rank 0: Host RAM sweep-peak 31407 MB · VmHWM 72244 MB   VRAM op-pool peak 30427 MB · total peak 61706 MB
  Rank 1: Host RAM sweep-peak 30575 MB · VmHWM 71793 MB   VRAM op-pool peak 30636 MB · total peak 62100 MB
  Rank 2: Host RAM sweep-peak 31310 MB · VmHWM 71959 MB   VRAM op-pool peak 30403 MB · total peak 61684 MB
  Rank 3: Host RAM sweep-peak 30898 MB · VmHWM 71828 MB   VRAM op-pool peak 30703 MB · total peak 62110 MB
  Block stores (peak bond, per rank): distributed A/B share 3191 MB (~K²M²/np) · owner cre/des 106 · S 53 MB (~KM²/np) · replicated floor 11 MB [stubs 1 (~KM) · H 9 (~M²)]
  OOC scratch  357919 MB on disk  (sum over all ranks)
  Timings (wall 171.2 s)
    build                    [CPU]            32.3 s
      formPQ                 [GPU·CPU·IO]     9.9 s   (GPU 1.0 · IO 2.9 · CPU 6.0)
        exec-gemm            [GPU]             0.3 s   (61.98 TFLOPS total · 15.49/GPU)
        exec-kern            [GPU]             0.8 s
        transfer             [IO]              2.9 s
        exec-hostprep        [CPU]             4.4 s
        prep (W+layout)      [CPU]             0.1 s
        complete (MPI)       [IO]              0.8 s
        wdesc (Wsub+reds)    [CPU]             0.3 s
        (other)              [CPU]             0.5 s
      [kern] executor reductions (all phases): res-zero 0.0 · gather 4.2 · reduce 7.3 · accumulate 0.2 s
      sys                    [CPU]             0.4 s
      env                    [CPU]             0.5 s
      compPQ-form            [CPU]             0.4 s
        match                [CPU]             0.2 s
          pump (src dedup)   [CPU]             0.1 s
          emit (owned)       [CPU]             0.1 s
          (other)            [CPU]             0.1 s
      assembly               [CPU]             0.3 s
      compS-form-gpu (MPI)   [GPU·CPU·IO]    20.3 s   (GPU 6.8 · IO 3.8 · CPU 9.7)
        bsblock (store walk) [CPU]             0.1 s
        recipe (host,replic) [CPU]             1.1 s
        form (gpu+D2H)       [GPU·IO]        15.5 s
        reduce (NCCL/host)   [IO]              1.0 s
        unpack (D2H)         [CPU·IO]         2.5 s
        (other)              [CPU]             0.1 s
      (other)                [CPU]             0.5 s
    matvec                   [GPU·CPU·IO]    68.6 s   (GPU 54.4 · IO 0.0 · CPU 14.2)
      gemm                   [GPU]            42.4 s   (79.51 TFLOPS total · 19.88/GPU)
      kern                   [GPU]            12.0 s
      host                   [CPU]            14.2 s
        planEnum             [CPU]             3.0 s
        ctorAlloc(upload)    [CPU·IO]         2.3 s
        ctorGroup            [CPU]             0.8 s
        ctorForm             [GPU]             0.3 s
        (other)              [CPU]             7.8 s
    decimate                 [CPU]             9.1 s
      rho (dist)             [CPU]             1.1 s
      eigh (dist)            [CPU]             4.1 s
      share (MPI wait)       [CPU·IO]         3.2 s
      select+assemble        [CPU]             0.1 s
      (other)                [CPU]             0.5 s
    grow                     [GPU·CPU·IO]    28.3 s   (GPU 6.5 · IO 5.1 · CPU 16.7) · 77.66 TFLOPS total · 19.42/GPU
      gpu_proj (project)     [GPU·CPU·IO]    15.3 s
        recipe               [CPU]             0.6 s
        fap_exec             [GPU·IO]        12.7 s
        fap_merge            [CPU]             0.4 s
        fap_ctx              [CPU]             0.2 s
        fap_unpack           [CPU]             0.1 s
      reduceSH (MPI)         [CPU·IO]         1.1 s
        sync (hash+wait)     [CPU·IO]         0.5 s
        pack                 [CPU]             0.2 s
        xfer (NCCL/host)     [IO]              0.3 s
        unpack               [CPU]             0.1 s
      (other)                [CPU]            11.8 s
    predict                  [CPU]             2.7 s
    ooc                      [IO]              0.1 s
      load                   [IO]              0.1 s

################## Sweep 7/10 (backward) summary ##################
  Energy       -2987.5369230052 Ha
  dE vs prev sweep  -3.334e-06 Ha
  Discarded weight  4.245e-04  (max over this sweep's decimations)
  Rank 0: Host RAM sweep-peak 31856 MB · VmHWM 72244 MB   VRAM op-pool peak 30427 MB · total peak 61706 MB
  Rank 1: Host RAM sweep-peak 31540 MB · VmHWM 71793 MB   VRAM op-pool peak 30636 MB · total peak 62100 MB
  Rank 2: Host RAM sweep-peak 31679 MB · VmHWM 71959 MB   VRAM op-pool peak 30403 MB · total peak 61684 MB
  Rank 3: Host RAM sweep-peak 31387 MB · VmHWM 71828 MB   VRAM op-pool peak 30703 MB · total peak 62110 MB
  Block stores (peak bond, per rank): distributed A/B share 3260 MB (~K²M²/np) · owner cre/des 106 · S 53 MB (~KM²/np) · replicated floor 11 MB [stubs 1 (~KM) · H 9 (~M²)]
  OOC scratch  358717 MB on disk  (sum over all ranks)
  Timings (wall 171.9 s)
    build                    [CPU]            32.2 s
      formPQ                 [GPU·CPU·IO]     9.8 s   (GPU 1.1 · IO 2.8 · CPU 5.9)
        exec-gemm            [GPU]             0.3 s   (61.95 TFLOPS total · 15.49/GPU)
        exec-kern            [GPU]             0.8 s
        transfer             [IO]              2.8 s
        exec-hostprep        [CPU]             4.2 s
        prep (W+layout)      [CPU]             0.1 s
        complete (MPI)       [IO]              0.8 s
        wdesc (Wsub+reds)    [CPU]             0.3 s
        (other)              [CPU]             0.4 s
      [kern] executor reductions (all phases): res-zero 0.0 · gather 4.2 · reduce 7.3 · accumulate 0.3 s
      sys                    [CPU]             0.5 s
      env                    [CPU]             0.4 s
      compPQ-form            [CPU]             0.4 s
        match                [CPU]             0.2 s
          pump (src dedup)   [CPU]             0.1 s
          emit (owned)       [CPU]             0.1 s
          (other)            [CPU]             0.1 s
      assembly               [CPU]             0.3 s
      compS-form-gpu (MPI)   [GPU·CPU·IO]    20.3 s   (GPU 6.8 · IO 3.8 · CPU 9.7)
        bsblock (store walk) [CPU]             0.1 s
        recipe (host,replic) [CPU]             1.1 s
        form (gpu+D2H)       [GPU·IO]        15.5 s
        reduce (NCCL/host)   [IO]              0.9 s
        unpack (D2H)         [CPU·IO]         2.6 s
        (other)              [CPU]             0.1 s
      (other)                [CPU]             0.5 s
    matvec                   [GPU·CPU·IO]    68.6 s   (GPU 54.2 · IO 0.0 · CPU 14.4)
      gemm                   [GPU]            42.2 s   (79.94 TFLOPS total · 19.99/GPU)
      kern                   [GPU]            12.0 s
      host                   [CPU]            14.4 s
        planEnum             [CPU]             3.0 s
        ctorAlloc(upload)    [CPU·IO]         2.5 s
        ctorGroup            [CPU]             0.8 s
        ctorForm             [GPU]             0.3 s
        (other)              [CPU]             7.8 s
    decimate                 [CPU]             9.1 s
      rho (dist)             [CPU]             1.0 s
      eigh (dist)            [CPU]             3.9 s
      share (MPI wait)       [CPU·IO]         3.5 s
      select+assemble        [CPU]             0.1 s
      (other)                [CPU]             0.5 s
    grow                     [GPU·CPU·IO]    28.1 s   (GPU 6.5 · IO 5.0 · CPU 16.6) · 77.22 TFLOPS total · 19.31/GPU
      gpu_proj (project)     [GPU·CPU·IO]    15.3 s
        recipe               [CPU]             0.6 s
        fap_exec             [GPU·IO]        12.7 s
        fap_merge            [CPU]             0.4 s
        fap_ctx              [CPU]             0.2 s
        fap_unpack           [CPU]             0.1 s
      reduceSH (MPI)         [CPU·IO]         1.5 s
        sync (hash+wait)     [CPU·IO]         0.9 s
        pack                 [CPU]             0.2 s
        xfer (NCCL/host)     [IO]              0.3 s
        unpack               [CPU]             0.1 s
      (other)                [CPU]            11.3 s
    predict                  [CPU]             2.2 s
    ooc                      [IO]              0.1 s
      load                   [IO]              0.1 s

################## Sweep 8/10 (forward) summary ##################
  Energy       -2987.5369260562 Ha
  dE vs prev sweep  -3.051e-06 Ha
  Discarded weight  4.226e-04  (max over this sweep's decimations)
  Rank 0: Host RAM sweep-peak 31808 MB · VmHWM 72244 MB   VRAM op-pool peak 30427 MB · total peak 61706 MB
  Rank 1: Host RAM sweep-peak 31178 MB · VmHWM 71793 MB   VRAM op-pool peak 30636 MB · total peak 62100 MB
  Rank 2: Host RAM sweep-peak 31291 MB · VmHWM 71959 MB   VRAM op-pool peak 30403 MB · total peak 61684 MB
  Rank 3: Host RAM sweep-peak 30963 MB · VmHWM 71828 MB   VRAM op-pool peak 30703 MB · total peak 62110 MB
  Block stores (peak bond, per rank): distributed A/B share 3204 MB (~K²M²/np) · owner cre/des 106 · S 53 MB (~KM²/np) · replicated floor 11 MB [stubs 1 (~KM) · H 9 (~M²)]
  OOC scratch  357932 MB on disk  (sum over all ranks)
  Timings (wall 171.1 s)
    build                    [CPU]            32.3 s
      formPQ                 [GPU·CPU·IO]    10.0 s   (GPU 1.0 · IO 2.9 · CPU 6.0)
        exec-gemm            [GPU]             0.3 s   (61.94 TFLOPS total · 15.49/GPU)
        exec-kern            [GPU]             0.8 s
        transfer             [IO]              2.9 s
        exec-hostprep        [CPU]             4.5 s
        prep (W+layout)      [CPU]             0.1 s
        complete (MPI)       [IO]              0.7 s
        wdesc (Wsub+reds)    [CPU]             0.3 s
        (other)              [CPU]             0.5 s
      [kern] executor reductions (all phases): res-zero 0.0 · gather 4.2 · reduce 7.3 · accumulate 0.2 s
      sys                    [CPU]             0.4 s
      env                    [CPU]             0.5 s
      compPQ-form            [CPU]             0.4 s
        match                [CPU]             0.2 s
          pump (src dedup)   [CPU]             0.1 s
          emit (owned)       [CPU]             0.1 s
          (other)            [CPU]             0.1 s
      assembly               [CPU]             0.3 s
      compS-form-gpu (MPI)   [GPU·CPU·IO]    20.3 s   (GPU 6.8 · IO 3.8 · CPU 9.7)
        bsblock (store walk) [CPU]             0.1 s
        recipe (host,replic) [CPU]             1.1 s
        form (gpu+D2H)       [GPU·IO]        15.5 s
        reduce (NCCL/host)   [IO]              1.0 s
        unpack (D2H)         [CPU·IO]         2.6 s
        (other)              [CPU]             0.1 s
      (other)                [CPU]             0.5 s
    matvec                   [GPU·CPU·IO]    68.3 s   (GPU 54.2 · IO 0.0 · CPU 14.2)
      gemm                   [GPU]            42.2 s   (79.61 TFLOPS total · 19.90/GPU)
      kern                   [GPU]            12.0 s
      host                   [CPU]            14.2 s
        planEnum             [CPU]             3.0 s
        ctorAlloc(upload)    [CPU·IO]         2.3 s
        ctorGroup            [CPU]             0.8 s
        ctorForm             [GPU]             0.3 s
        (other)              [CPU]             7.7 s
    decimate                 [CPU]             9.0 s
      rho (dist)             [CPU]             1.1 s
      eigh (dist)            [CPU]             4.1 s
      share (MPI wait)       [CPU·IO]         3.2 s
      select+assemble        [CPU]             0.1 s
      (other)                [CPU]             0.5 s
    grow                     [GPU·CPU·IO]    28.5 s   (GPU 6.5 · IO 5.3 · CPU 16.8) · 76.98 TFLOPS total · 19.24/GPU
      gpu_proj (project)     [GPU·CPU·IO]    15.5 s
        recipe               [CPU]             0.6 s
        fap_exec             [GPU·IO]        12.9 s
        fap_merge            [CPU]             0.4 s
        fap_ctx              [CPU]             0.2 s
        fap_unpack           [CPU]             0.1 s
      reduceSH (MPI)         [CPU·IO]         1.2 s
        sync (hash+wait)     [CPU·IO]         0.6 s
        pack                 [CPU]             0.2 s
        xfer (NCCL/host)     [IO]              0.3 s
        unpack               [CPU]             0.1 s
      (other)                [CPU]            11.9 s
    predict                  [CPU]             2.7 s
    ooc                      [IO]              0.1 s
      load                   [IO]              0.1 s

################## Sweep 9/10 (backward) summary ##################
  Energy       -2987.5369298544 Ha
  dE vs prev sweep  -3.798e-06 Ha
  Discarded weight  4.216e-04  (max over this sweep's decimations)
  Rank 0: Host RAM sweep-peak 31685 MB · VmHWM 72244 MB   VRAM op-pool peak 30427 MB · total peak 61706 MB
  Rank 1: Host RAM sweep-peak 31577 MB · VmHWM 71793 MB   VRAM op-pool peak 30636 MB · total peak 62100 MB
  Rank 2: Host RAM sweep-peak 31540 MB · VmHWM 71959 MB   VRAM op-pool peak 30403 MB · total peak 61684 MB
  Rank 3: Host RAM sweep-peak 31391 MB · VmHWM 71828 MB   VRAM op-pool peak 30703 MB · total peak 62110 MB
  Block stores (peak bond, per rank): distributed A/B share 3256 MB (~K²M²/np) · owner cre/des 106 · S 53 MB (~KM²/np) · replicated floor 11 MB [stubs 1 (~KM) · H 9 (~M²)]
  OOC scratch  358129 MB on disk  (sum over all ranks)
  Timings (wall 170.8 s)
    build                    [CPU]            32.3 s
      formPQ                 [GPU·CPU·IO]     9.8 s   (GPU 1.0 · IO 2.8 · CPU 5.9)
        exec-gemm            [GPU]             0.3 s   (62.03 TFLOPS total · 15.51/GPU)
        exec-kern            [GPU]             0.8 s
        transfer             [IO]              2.8 s
        exec-hostprep        [CPU]             4.3 s
        prep (W+layout)      [CPU]             0.1 s
        complete (MPI)       [IO]              0.8 s
        wdesc (Wsub+reds)    [CPU]             0.3 s
        (other)              [CPU]             0.5 s
      [kern] executor reductions (all phases): res-zero 0.0 · gather 4.2 · reduce 7.3 · accumulate 0.3 s
      sys                    [CPU]             0.6 s
      env                    [CPU]             0.4 s
      compPQ-form            [CPU]             0.4 s
        bsblock              [CPU]             0.1 s
        match                [CPU]             0.2 s
          pump (src dedup)   [CPU]             0.1 s
          emit (owned)       [CPU]             0.1 s
          (other)            [CPU]             0.1 s
      assembly               [CPU]             0.3 s
      compS-form-gpu (MPI)   [GPU·CPU·IO]    20.4 s   (GPU 6.8 · IO 3.8 · CPU 9.8)
        bsblock (store walk) [CPU]             0.1 s
        recipe (host,replic) [CPU]             1.1 s
        form (gpu+D2H)       [GPU·IO]        15.6 s
        reduce (NCCL/host)   [IO]              0.9 s
        unpack (D2H)         [CPU·IO]         2.7 s
        (other)              [CPU]             0.1 s
      (other)                [CPU]             0.5 s
    matvec                   [GPU·CPU·IO]    68.7 s   (GPU 54.3 · IO 0.0 · CPU 14.5)
      gemm                   [GPU]            42.3 s   (79.78 TFLOPS total · 19.95/GPU)
      kern                   [GPU]            12.0 s
      host                   [CPU]            14.5 s
        planEnum             [CPU]             3.1 s
        ctorAlloc(upload)    [CPU·IO]         2.5 s
        ctorGroup            [CPU]             0.7 s
        ctorForm             [GPU]             0.3 s
        (other)              [CPU]             7.9 s
    decimate                 [CPU]             9.2 s
      rho (dist)             [CPU]             1.0 s
      eigh (dist)            [CPU]             4.0 s
      share (MPI wait)       [CPU·IO]         3.6 s
      select+assemble        [CPU]             0.1 s
      (other)                [CPU]             0.5 s
    grow                     [GPU·CPU·IO]    28.2 s   (GPU 6.5 · IO 5.0 · CPU 16.7) · 77.28 TFLOPS total · 19.32/GPU
      gpu_proj (project)     [GPU·CPU·IO]    15.3 s
        recipe               [CPU]             0.6 s
        fap_exec             [GPU·IO]        12.7 s
        fap_merge            [CPU]             0.4 s
        fap_ctx              [CPU]             0.2 s
        fap_unpack           [CPU]             0.1 s
      reduceSH (MPI)         [CPU·IO]         1.4 s
        sync (hash+wait)     [CPU·IO]         0.8 s
        pack                 [CPU]             0.2 s
        xfer (NCCL/host)     [IO]              0.3 s
        unpack               [CPU]             0.1 s
      (other)                [CPU]            11.5 s
    predict                  [CPU]             2.4 s
    ooc                      [IO]              0.1 s
      load                   [IO]              0.1 s

################## Sweep 10/10 (forward) summary ##################
  Energy       -2987.5369328740 Ha
  dE vs prev sweep  -3.020e-06 Ha
  Discarded weight  4.207e-04  (max over this sweep's decimations)
  Rank 0: Host RAM sweep-peak 31677 MB · VmHWM 72244 MB   VRAM op-pool peak 30427 MB · total peak 61706 MB
  Rank 1: Host RAM sweep-peak 30763 MB · VmHWM 71793 MB   VRAM op-pool peak 30636 MB · total peak 62100 MB
  Rank 2: Host RAM sweep-peak 31315 MB · VmHWM 71959 MB   VRAM op-pool peak 30403 MB · total peak 61684 MB
  Rank 3: Host RAM sweep-peak 30899 MB · VmHWM 71828 MB   VRAM op-pool peak 30703 MB · total peak 62110 MB
  Block stores (peak bond, per rank): distributed A/B share 3189 MB (~K²M²/np) · owner cre/des 106 · S 53 MB (~KM²/np) · replicated floor 11 MB [stubs 1 (~KM) · H 9 (~M²)]
  OOC scratch  357778 MB on disk  (sum over all ranks)
  Timings (wall 171.3 s)
    build                    [CPU]            32.4 s
      formPQ                 [GPU·CPU·IO]    10.0 s   (GPU 1.0 · IO 2.9 · CPU 6.1)
        exec-gemm            [GPU]             0.3 s   (62.09 TFLOPS total · 15.52/GPU)
        exec-kern            [GPU]             0.8 s
        transfer             [IO]              2.9 s
        exec-hostprep        [CPU]             4.3 s
        prep (W+layout)      [CPU]             0.1 s
        complete (MPI)       [IO]              0.9 s
        wdesc (Wsub+reds)    [CPU]             0.3 s
        (other)              [CPU]             0.5 s
      [kern] executor reductions (all phases): res-zero 0.0 · gather 4.2 · reduce 7.3 · accumulate 0.2 s
      sys                    [CPU]             0.4 s
      env                    [CPU]             0.5 s
      compPQ-form            [CPU]             0.4 s
        match                [CPU]             0.2 s
          pump (src dedup)   [CPU]             0.1 s
          emit (owned)       [CPU]             0.1 s
          (other)            [CPU]             0.1 s
      assembly               [CPU]             0.3 s
      compS-form-gpu (MPI)   [GPU·CPU·IO]    20.3 s   (GPU 6.8 · IO 3.8 · CPU 9.7)
        bsblock (store walk) [CPU]             0.1 s
        recipe (host,replic) [CPU]             1.1 s
        form (gpu+D2H)       [GPU·IO]        15.5 s
        reduce (NCCL/host)   [IO]              1.0 s
        unpack (D2H)         [CPU·IO]         2.5 s
        (other)              [CPU]             0.1 s
      (other)                [CPU]             0.5 s
    matvec                   [GPU·CPU·IO]    68.4 s   (GPU 54.2 · IO 0.0 · CPU 14.2)
      gemm                   [GPU]            42.2 s   (79.44 TFLOPS total · 19.86/GPU)
      kern                   [GPU]            12.0 s
      host                   [CPU]            14.2 s
        planEnum             [CPU]             3.0 s
        ctorAlloc(upload)    [CPU·IO]         2.3 s
        ctorGroup            [CPU]             0.7 s
        ctorForm             [GPU]             0.3 s
        (other)              [CPU]             7.9 s
    decimate                 [CPU]             9.4 s
      rho (dist)             [CPU]             1.0 s
      eigh (dist)            [CPU]             4.1 s
      share (MPI wait)       [CPU·IO]         3.6 s
      select+assemble        [CPU]             0.1 s
      (other)                [CPU]             0.5 s
    grow                     [GPU·CPU·IO]    28.2 s   (GPU 6.5 · IO 5.1 · CPU 16.6) · 77.13 TFLOPS total · 19.28/GPU
      gpu_proj (project)     [GPU·CPU·IO]    15.3 s
        recipe               [CPU]             0.6 s
        fap_exec             [GPU·IO]        12.7 s
        fap_merge            [CPU]             0.4 s
        fap_ctx              [CPU]             0.2 s
        fap_unpack           [CPU]             0.1 s
      reduceSH (MPI)         [CPU·IO]         1.1 s
        sync (hash+wait)     [CPU·IO]         0.5 s
        pack                 [CPU]             0.2 s
        xfer (NCCL/host)     [IO]              0.3 s
        unpack               [CPU]             0.1 s
      (other)                [CPU]            11.8 s
    predict                  [CPU]             2.7 s
    ooc                      [IO]              0.1 s
      load                   [IO]              0.1 s
[qops] WARNING: energy NOT converged after 10 sweeps: |dE| = 3.020e-06 >= e_conv = 1.000e-09

################## Run total ##################
  10 sweep(s) + warmup: 1812.4 s wall · final E -2987.5369328740 Ha · VmHWM 72244 MB
  ooc async residual wait (not hidden behind compute): save 0.5 · load 20.9 s (1% of runtime)
[rc] ladder BD=2000 done
[qops] MPI np=4 · GPU=on · device collectives: NCCL (NVLink/GPUDirect)
[qops] A/B host-offload: ON (stubs + pager spill)

################## Sweep 1/10 (backward) summary ##################
  Energy       -2987.5362367878 Ha
  Discarded weight  1.542e-03  (max over this sweep's decimations)
  Rank 0: Host RAM sweep-peak 24894 MB · VmHWM 72244 MB   VRAM op-pool peak 30427 MB · total peak 61706 MB
  Rank 1: Host RAM sweep-peak 24870 MB · VmHWM 71793 MB   VRAM op-pool peak 30636 MB · total peak 62100 MB
  Rank 2: Host RAM sweep-peak 24659 MB · VmHWM 71959 MB   VRAM op-pool peak 30403 MB · total peak 61684 MB
  Rank 3: Host RAM sweep-peak 24947 MB · VmHWM 71828 MB   VRAM op-pool peak 30703 MB · total peak 62110 MB
  Block stores (peak bond, per rank): distributed A/B share 3264 MB (~K²M²/np) · owner cre/des 114 · S 0 MB (~KM²/np) · replicated floor 5 MB [stubs 1 (~KM) · H 5 (~M²)]
  OOC scratch  229645 MB on disk  (sum over all ranks)
  Timings (wall 108.5 s)
    build                    [CPU]            27.2 s
      formPQ                 [GPU·CPU·IO]     8.8 s   (GPU 0.7 · IO 2.8 · CPU 5.3)
        exec-gemm            [GPU]             0.2 s   (54.54 TFLOPS total · 13.63/GPU)
        exec-kern            [GPU]             0.5 s
        transfer             [IO]              2.8 s
        exec-hostprep        [CPU]             4.0 s
        prep (W+layout)      [CPU]             0.1 s
        complete (MPI)       [IO]              0.5 s
        wdesc (Wsub+reds)    [CPU]             0.2 s
        (other)              [CPU]             0.5 s
      [kern] executor reductions (all phases): res-zero 0.0 · gather 1.2 · reduce 4.5 · accumulate 0.1 s
      sys                    [CPU]             0.6 s
      env                    [CPU]             0.2 s
      compPQ-form            [CPU]             0.3 s
        match                [CPU]             0.2 s
          emit (owned)       [CPU]             0.1 s
          (other)            [CPU]             0.1 s
      assembly               [CPU]             0.3 s
      compS-form-gpu (MPI)   [GPU·CPU·IO]    16.6 s   (GPU 4.2 · IO 3.8 · CPU 8.6)
        bsblock (store walk) [CPU]             0.1 s
        recipe (host,replic) [CPU]             1.1 s
        form (gpu+D2H)       [GPU·IO]        12.7 s
        reduce (NCCL/host)   [IO]              0.6 s
        unpack (D2H)         [CPU·IO]         2.0 s
        (other)              [CPU]             0.1 s
      (other)                [CPU]             0.5 s
    matvec                   [GPU·CPU·IO]    38.0 s   (GPU 27.8 · IO 0.0 · CPU 10.2)
      gemm                   [GPU]            20.9 s   (63.75 TFLOPS total · 15.94/GPU)
      kern                   [GPU]             6.8 s
      host                   [CPU]            10.2 s
        planEnum             [CPU]             2.6 s
        ctorAlloc(upload)    [CPU·IO]         1.7 s
        ctorGroup            [CPU]             0.8 s
        ctorForm             [GPU]             0.2 s
        (other)              [CPU]             4.8 s
    decimate                 [CPU]             3.1 s
      rho (dist)             [CPU]             0.3 s
      eigh (dist)            [CPU]             1.3 s
      share (MPI wait)       [CPU·IO]         1.2 s
      (other)                [CPU]             0.2 s
    grow                     [GPU·CPU·IO]     8.9 s   (GPU 1.7 · IO 1.0 · CPU 6.3) · 42.09 TFLOPS total · 10.52/GPU
      gpu_proj (project)     [GPU·CPU·IO]     6.2 s
        recipe               [CPU]             0.6 s
        fap_exec             [GPU·IO]         3.7 s
        fap_merge            [CPU]             0.3 s
        fap_ctx              [CPU]             0.2 s
      reduceSH (MPI)         [CPU·IO]         0.3 s
        sync (hash+wait)     [CPU·IO]         0.1 s
        xfer (NCCL/host)     [IO]              0.1 s
      (other)                [CPU]             2.5 s
    predict                  [CPU]             1.4 s
    ooc                      [IO]              0.1 s
      load                   [IO]              0.1 s

################## Sweep 2/10 (forward) summary ##################
  Energy       -2987.5277449680 Ha
  dE vs prev sweep  +8.492e-03 Ha
  Discarded weight  5.387e-04  (max over this sweep's decimations)
  Rank 0: Host RAM sweep-peak 23758 MB · VmHWM 72244 MB   VRAM op-pool peak 30427 MB · total peak 61706 MB
  Rank 1: Host RAM sweep-peak 23647 MB · VmHWM 71793 MB   VRAM op-pool peak 30636 MB · total peak 62100 MB
  Rank 2: Host RAM sweep-peak 23480 MB · VmHWM 71959 MB   VRAM op-pool peak 30403 MB · total peak 61684 MB
  Rank 3: Host RAM sweep-peak 23620 MB · VmHWM 71828 MB   VRAM op-pool peak 30703 MB · total peak 62110 MB
  Block stores (peak bond, per rank): distributed A/B share 772 MB (~K²M²/np) · owner cre/des 28 · S 14 MB (~KM²/np) · replicated floor 3 MB [stubs 1 (~KM) · H 2 (~M²)]
  OOC scratch  92882 MB on disk  (sum over all ranks)
  Timings (wall 55.2 s)
    build                    [CPU]            12.7 s
      formPQ                 [GPU·CPU·IO]     3.7 s   (GPU 0.4 · IO 0.8 · CPU 2.5)
        exec-gemm            [GPU]             0.1 s   (38.05 TFLOPS total · 9.51/GPU)
        exec-kern            [GPU]             0.2 s
        transfer             [IO]              0.8 s
        exec-hostprep        [CPU]             1.5 s
        prep (W+layout)      [CPU]             0.1 s
        complete (MPI)       [IO]              0.2 s
        wdesc (Wsub+reds)    [CPU]             0.2 s
        (other)              [CPU]             0.4 s
      [kern] executor reductions (all phases): res-zero 0.0 · gather 1.0 · reduce 1.8 · accumulate 0.1 s
      sys                    [CPU]             0.2 s
      env                    [CPU]             0.2 s
      compPQ-form            [CPU]             0.3 s
        match                [CPU]             0.2 s
          emit (owned)       [CPU]             0.1 s
          (other)            [CPU]             0.1 s
      assembly               [CPU]             0.2 s
      compS-form-gpu (MPI)   [GPU·CPU·IO]     7.7 s   (GPU 1.5 · IO 1.0 · CPU 5.1)
        recipe (host,replic) [CPU]             1.1 s
        form (gpu+D2H)       [GPU·IO]         4.4 s
        reduce (NCCL/host)   [IO]              0.5 s
        unpack (D2H)         [CPU·IO]         1.6 s
        (other)              [CPU]             0.1 s
      (other)                [CPU]             0.5 s
    matvec                   [GPU·CPU·IO]    21.5 s   (GPU 13.8 · IO 0.0 · CPU 7.6)
      gemm                   [GPU]            10.0 s   (48.73 TFLOPS total · 12.18/GPU)
      kern                   [GPU]             3.9 s
      host                   [CPU]             7.6 s
        planEnum             [CPU]             2.5 s
        ctorAlloc(upload)    [CPU·IO]         0.9 s
        ctorGroup            [CPU]             1.0 s
        ctorForm             [GPU]             0.1 s
        (other)              [CPU]             3.1 s
    decimate                 [CPU]             2.7 s
      rho (dist)             [CPU]             0.2 s
      eigh (dist)            [CPU]             1.2 s
      share (MPI wait)       [CPU·IO]         1.0 s
      (other)                [CPU]             0.2 s
    grow                     [GPU·CPU·IO]     9.1 s   (GPU 1.7 · IO 1.1 · CPU 6.3) · 42.35 TFLOPS total · 10.59/GPU
      gpu_proj (project)     [GPU·CPU·IO]     6.3 s
        recipe               [CPU]             0.6 s
        fap_exec             [GPU·IO]         4.0 s
        fap_merge            [CPU]             0.3 s
        fap_ctx              [CPU]             0.2 s
      reduceSH (MPI)         [CPU·IO]         0.2 s
        xfer (NCCL/host)     [IO]              0.1 s
      (other)                [CPU]             2.6 s
    predict                  [CPU]             0.5 s
    ooc                      [IO]              0.0 s

################## Sweep 3/10 (backward) summary ##################
  Energy       -2987.5285162686 Ha
  dE vs prev sweep  -7.713e-04 Ha
  Discarded weight  4.948e-04  (max over this sweep's decimations)
  Rank 0: Host RAM sweep-peak 23729 MB · VmHWM 72244 MB   VRAM op-pool peak 30427 MB · total peak 61706 MB
  Rank 1: Host RAM sweep-peak 23701 MB · VmHWM 71793 MB   VRAM op-pool peak 30636 MB · total peak 62100 MB
  Rank 2: Host RAM sweep-peak 23453 MB · VmHWM 71959 MB   VRAM op-pool peak 30403 MB · total peak 61684 MB
  Rank 3: Host RAM sweep-peak 23655 MB · VmHWM 71828 MB   VRAM op-pool peak 30703 MB · total peak 62110 MB
  Block stores (peak bond, per rank): distributed A/B share 791 MB (~K²M²/np) · owner cre/des 28 · S 14 MB (~KM²/np) · replicated floor 3 MB [stubs 1 (~KM) · H 2 (~M²)]
  OOC scratch  93455 MB on disk  (sum over all ranks)
  Timings (wall 56.1 s)
    build                    [CPU]            12.8 s
      formPQ                 [GPU·CPU·IO]     3.7 s   (GPU 0.4 · IO 0.8 · CPU 2.5)
        exec-gemm            [GPU]             0.1 s   (37.99 TFLOPS total · 9.50/GPU)
        exec-kern            [GPU]             0.2 s
        transfer             [IO]              0.8 s
        exec-hostprep        [CPU]             1.5 s
        prep (W+layout)      [CPU]             0.1 s
        complete (MPI)       [IO]              0.3 s
        wdesc (Wsub+reds)    [CPU]             0.2 s
        (other)              [CPU]             0.4 s
      [kern] executor reductions (all phases): res-zero 0.0 · gather 1.0 · reduce 1.8 · accumulate 0.1 s
      sys                    [CPU]             0.2 s
      env                    [CPU]             0.1 s
      compPQ-form            [CPU]             0.3 s
        match                [CPU]             0.2 s
          emit (owned)       [CPU]             0.1 s
          (other)            [CPU]             0.1 s
      assembly               [CPU]             0.2 s
      compS-form-gpu (MPI)   [GPU·CPU·IO]     7.7 s   (GPU 1.5 · IO 1.0 · CPU 5.2)
        recipe (host,replic) [CPU]             1.1 s
        form (gpu+D2H)       [GPU·IO]         4.5 s
        reduce (NCCL/host)   [IO]              0.5 s
        unpack (D2H)         [CPU·IO]         1.5 s
        (other)              [CPU]             0.1 s
      (other)                [CPU]             0.5 s
    matvec                   [GPU·CPU·IO]    21.4 s   (GPU 13.8 · IO 0.0 · CPU 7.6)
      gemm                   [GPU]             9.9 s   (49.69 TFLOPS total · 12.42/GPU)
      kern                   [GPU]             3.9 s
      host                   [CPU]             7.6 s
        planEnum             [CPU]             2.5 s
        ctorAlloc(upload)    [CPU·IO]         0.9 s
        ctorGroup            [CPU]             1.0 s
        ctorForm             [GPU]             0.1 s
        (other)              [CPU]             3.0 s
    decimate                 [CPU]             2.5 s
      rho (dist)             [CPU]             0.2 s
      eigh (dist)            [CPU]             1.2 s
      share (MPI wait)       [CPU·IO]         0.9 s
      (other)                [CPU]             0.2 s
    grow                     [GPU·CPU·IO]     8.9 s   (GPU 1.7 · IO 1.0 · CPU 6.2) · 42.71 TFLOPS total · 10.68/GPU
      gpu_proj (project)     [GPU·CPU·IO]     6.1 s
        recipe               [CPU]             0.6 s
        fap_exec             [GPU·IO]         3.8 s
        fap_merge            [CPU]             0.3 s
        fap_ctx              [CPU]             0.2 s
      reduceSH (MPI)         [CPU·IO]         0.3 s
        sync (hash+wait)     [CPU·IO]         0.1 s
        pack                 [CPU]             0.1 s
        xfer (NCCL/host)     [IO]              0.1 s
      (other)                [CPU]             2.5 s
    predict                  [CPU]             0.5 s
    ooc                      [IO]              0.0 s

################## Sweep 4/10 (forward) summary ##################
  Energy       -2987.5285996951 Ha
  dE vs prev sweep  -8.343e-05 Ha
  Discarded weight  4.854e-04  (max over this sweep's decimations)
  Rank 0: Host RAM sweep-peak 23760 MB · VmHWM 72244 MB   VRAM op-pool peak 30427 MB · total peak 61706 MB
  Rank 1: Host RAM sweep-peak 23625 MB · VmHWM 71793 MB   VRAM op-pool peak 30636 MB · total peak 62100 MB
  Rank 2: Host RAM sweep-peak 23458 MB · VmHWM 71959 MB   VRAM op-pool peak 30403 MB · total peak 61684 MB
  Rank 3: Host RAM sweep-peak 23579 MB · VmHWM 71828 MB   VRAM op-pool peak 30703 MB · total peak 62110 MB
  Block stores (peak bond, per rank): distributed A/B share 778 MB (~K²M²/np) · owner cre/des 28 · S 14 MB (~KM²/np) · replicated floor 3 MB [stubs 1 (~KM) · H 2 (~M²)]
  OOC scratch  93230 MB on disk  (sum over all ranks)
  Timings (wall 55.6 s)
    build                    [CPU]            12.9 s
      formPQ                 [GPU·CPU·IO]     3.8 s   (GPU 0.4 · IO 0.8 · CPU 2.6)
        exec-gemm            [GPU]             0.1 s   (37.93 TFLOPS total · 9.48/GPU)
        exec-kern            [GPU]             0.2 s
        transfer             [IO]              0.8 s
        exec-hostprep        [CPU]             1.5 s
        prep (W+layout)      [CPU]             0.1 s
        complete (MPI)       [IO]              0.4 s
        wdesc (Wsub+reds)    [CPU]             0.2 s
        (other)              [CPU]             0.4 s
      [kern] executor reductions (all phases): res-zero 0.0 · gather 1.1 · reduce 1.8 · accumulate 0.1 s
      sys                    [CPU]             0.1 s
      env                    [CPU]             0.2 s
      compPQ-form            [CPU]             0.3 s
        match                [CPU]             0.2 s
          emit (owned)       [CPU]             0.1 s
          (other)            [CPU]             0.1 s
      assembly               [CPU]             0.2 s
      compS-form-gpu (MPI)   [GPU·CPU·IO]     7.7 s   (GPU 1.5 · IO 1.0 · CPU 5.2)
        recipe (host,replic) [CPU]             1.1 s
        form (gpu+D2H)       [GPU·IO]         4.4 s
        reduce (NCCL/host)   [IO]              0.5 s
        unpack (D2H)         [CPU·IO]         1.6 s
        (other)              [CPU]             0.1 s
      (other)                [CPU]             0.5 s
    matvec                   [GPU·CPU·IO]    21.1 s   (GPU 13.6 · IO 0.0 · CPU 7.5)
      gemm                   [GPU]             9.8 s   (49.02 TFLOPS total · 12.26/GPU)
      kern                   [GPU]             3.8 s
      host                   [CPU]             7.5 s
        planEnum             [CPU]             2.5 s
        ctorAlloc(upload)    [CPU·IO]         0.9 s
        ctorGroup            [CPU]             1.0 s
        ctorForm             [GPU]             0.1 s
        (other)              [CPU]             3.0 s
    decimate                 [CPU]             2.6 s
      rho (dist)             [CPU]             0.2 s
      eigh (dist)            [CPU]             1.2 s
      share (MPI wait)       [CPU·IO]         0.9 s
      (other)                [CPU]             0.2 s
    grow                     [GPU·CPU·IO]     9.1 s   (GPU 1.7 · IO 1.1 · CPU 6.3) · 42.34 TFLOPS total · 10.58/GPU
      gpu_proj (project)     [GPU·CPU·IO]     6.3 s
        recipe               [CPU]             0.6 s
        fap_exec             [GPU·IO]         4.0 s
        fap_merge            [CPU]             0.3 s
        fap_ctx              [CPU]             0.2 s
      reduceSH (MPI)         [CPU·IO]         0.3 s
        sync (hash+wait)     [CPU·IO]         0.1 s
        pack                 [CPU]             0.1 s
        xfer (NCCL/host)     [IO]              0.1 s
      (other)                [CPU]             2.5 s
    predict                  [CPU]             0.5 s
    ooc                      [IO]              0.0 s

################## Sweep 5/10 (backward) summary ##################
  Energy       -2987.5286315390 Ha
  dE vs prev sweep  -3.184e-05 Ha
  Discarded weight  4.825e-04  (max over this sweep's decimations)
  Rank 0: Host RAM sweep-peak 23760 MB · VmHWM 72244 MB   VRAM op-pool peak 30427 MB · total peak 61706 MB
  Rank 1: Host RAM sweep-peak 23707 MB · VmHWM 71793 MB   VRAM op-pool peak 30636 MB · total peak 62100 MB
  Rank 2: Host RAM sweep-peak 23498 MB · VmHWM 71959 MB   VRAM op-pool peak 30403 MB · total peak 61684 MB
  Rank 3: Host RAM sweep-peak 23662 MB · VmHWM 71828 MB   VRAM op-pool peak 30703 MB · total peak 62110 MB
  Block stores (peak bond, per rank): distributed A/B share 782 MB (~K²M²/np) · owner cre/des 28 · S 14 MB (~KM²/np) · replicated floor 3 MB [stubs 1 (~KM) · H 2 (~M²)]
  OOC scratch  93244 MB on disk  (sum over all ranks)
  Timings (wall 55.2 s)
    build                    [CPU]            12.9 s
      formPQ                 [GPU·CPU·IO]     3.7 s   (GPU 0.4 · IO 0.8 · CPU 2.6)
        exec-gemm            [GPU]             0.1 s   (38.12 TFLOPS total · 9.53/GPU)
        exec-kern            [GPU]             0.2 s
        transfer             [IO]              0.8 s
        exec-hostprep        [CPU]             1.6 s
        prep (W+layout)      [CPU]             0.1 s
        complete (MPI)       [IO]              0.2 s
        wdesc (Wsub+reds)    [CPU]             0.2 s
        (other)              [CPU]             0.4 s
      [kern] executor reductions (all phases): res-zero 0.0 · gather 1.0 · reduce 1.8 · accumulate 0.1 s
      sys                    [CPU]             0.2 s
      env                    [CPU]             0.1 s
      compPQ-form            [CPU]             0.3 s
        match                [CPU]             0.2 s
          emit (owned)       [CPU]             0.1 s
          (other)            [CPU]             0.1 s
      assembly               [CPU]             0.2 s
      compS-form-gpu (MPI)   [GPU·CPU·IO]     7.7 s   (GPU 1.5 · IO 1.0 · CPU 5.2)
        recipe (host,replic) [CPU]             1.1 s
        form (gpu+D2H)       [GPU·IO]         4.5 s
        reduce (NCCL/host)   [IO]              0.5 s
        unpack (D2H)         [CPU·IO]         1.6 s
        (other)              [CPU]             0.1 s
      (other)                [CPU]             0.5 s
    matvec                   [GPU·CPU·IO]    21.2 s   (GPU 13.6 · IO 0.0 · CPU 7.6)
      gemm                   [GPU]             9.8 s   (49.35 TFLOPS total · 12.34/GPU)
      kern                   [GPU]             3.8 s
      host                   [CPU]             7.6 s
        planEnum             [CPU]             2.5 s
        ctorAlloc(upload)    [CPU·IO]         0.9 s
        ctorGroup            [CPU]             1.0 s
        ctorForm             [GPU]             0.1 s
        (other)              [CPU]             3.0 s
    decimate                 [CPU]             2.7 s
      rho (dist)             [CPU]             0.2 s
      eigh (dist)            [CPU]             1.2 s
      share (MPI wait)       [CPU·IO]         1.0 s
      (other)                [CPU]             0.2 s
    grow                     [GPU·CPU·IO]     8.9 s   (GPU 1.7 · IO 1.0 · CPU 6.2) · 42.65 TFLOPS total · 10.66/GPU
      gpu_proj (project)     [GPU·CPU·IO]     6.1 s
        recipe               [CPU]             0.6 s
        fap_exec             [GPU·IO]         3.8 s
        fap_merge            [CPU]             0.3 s
        fap_ctx              [CPU]             0.2 s
      reduceSH (MPI)         [CPU·IO]         0.3 s
        sync (hash+wait)     [CPU·IO]         0.1 s
        pack                 [CPU]             0.1 s
        xfer (NCCL/host)     [IO]              0.1 s
      (other)                [CPU]             2.5 s
    predict                  [CPU]             0.4 s
    ooc                      [IO]              0.0 s

################## Sweep 6/10 (forward) summary ##################
  Energy       -2987.5286400281 Ha
  dE vs prev sweep  -8.489e-06 Ha
  Discarded weight  4.770e-04  (max over this sweep's decimations)
  Rank 0: Host RAM sweep-peak 23750 MB · VmHWM 72244 MB   VRAM op-pool peak 30427 MB · total peak 61706 MB
  Rank 1: Host RAM sweep-peak 23649 MB · VmHWM 71793 MB   VRAM op-pool peak 30636 MB · total peak 62100 MB
  Rank 2: Host RAM sweep-peak 23446 MB · VmHWM 71959 MB   VRAM op-pool peak 30403 MB · total peak 61684 MB
  Rank 3: Host RAM sweep-peak 23620 MB · VmHWM 71828 MB   VRAM op-pool peak 30703 MB · total peak 62110 MB
  Block stores (peak bond, per rank): distributed A/B share 776 MB (~K²M²/np) · owner cre/des 28 · S 14 MB (~KM²/np) · replicated floor 3 MB [stubs 1 (~KM) · H 2 (~M²)]
  OOC scratch  93226 MB on disk  (sum over all ranks)
  Timings (wall 55.2 s)
    build                    [CPU]            12.9 s
      formPQ                 [GPU·CPU·IO]     3.7 s   (GPU 0.4 · IO 0.8 · CPU 2.6)
        exec-gemm            [GPU]             0.1 s   (38.11 TFLOPS total · 9.53/GPU)
        exec-kern            [GPU]             0.2 s
        transfer             [IO]              0.8 s
        exec-hostprep        [CPU]             1.5 s
        prep (W+layout)      [CPU]             0.1 s
        complete (MPI)       [IO]              0.3 s
        wdesc (Wsub+reds)    [CPU]             0.2 s
        (other)              [CPU]             0.4 s
      [kern] executor reductions (all phases): res-zero 0.0 · gather 1.0 · reduce 1.8 · accumulate 0.1 s
      sys                    [CPU]             0.1 s
      env                    [CPU]             0.2 s
      compPQ-form            [CPU]             0.3 s
        match                [CPU]             0.2 s
          emit (owned)       [CPU]             0.1 s
          (other)            [CPU]             0.1 s
      assembly               [CPU]             0.2 s
      compS-form-gpu (MPI)   [GPU·CPU·IO]     7.8 s   (GPU 1.5 · IO 1.0 · CPU 5.2)
        recipe (host,replic) [CPU]             1.1 s
        form (gpu+D2H)       [GPU·IO]         4.5 s
        reduce (NCCL/host)   [IO]              0.5 s
        unpack (D2H)         [CPU·IO]         1.6 s
        (other)              [CPU]             0.1 s
      (other)                [CPU]             0.5 s
    matvec                   [GPU·CPU·IO]    21.0 s   (GPU 13.5 · IO 0.0 · CPU 7.6)
      gemm                   [GPU]             9.7 s   (48.94 TFLOPS total · 12.24/GPU)
      kern                   [GPU]             3.8 s
      host                   [CPU]             7.6 s
        planEnum             [CPU]             2.5 s
        ctorAlloc(upload)    [CPU·IO]         0.9 s
        ctorGroup            [CPU]             1.0 s
        ctorForm             [GPU]             0.1 s
        (other)              [CPU]             3.0 s
    decimate                 [CPU]             2.8 s
      rho (dist)             [CPU]             0.2 s
      eigh (dist)            [CPU]             1.2 s
      share (MPI wait)       [CPU·IO]         1.0 s
      (other)                [CPU]             0.2 s
    grow                     [GPU·CPU·IO]     9.1 s   (GPU 1.7 · IO 1.1 · CPU 6.3) · 42.16 TFLOPS total · 10.54/GPU
      gpu_proj (project)     [GPU·CPU·IO]     6.3 s
        recipe               [CPU]             0.6 s
        fap_exec             [GPU·IO]         4.0 s
        fap_merge            [CPU]             0.3 s
        fap_ctx              [CPU]             0.2 s
      reduceSH (MPI)         [CPU·IO]         0.3 s
        sync (hash+wait)     [CPU·IO]         0.1 s
        xfer (NCCL/host)     [IO]              0.1 s
      (other)                [CPU]             2.6 s
    predict                  [CPU]             0.6 s
    ooc                      [IO]              0.0 s

################## Sweep 7/10 (backward) summary ##################
  Energy       -2987.5286504478 Ha
  dE vs prev sweep  -1.042e-05 Ha
  Discarded weight  4.756e-04  (max over this sweep's decimations)
  Rank 0: Host RAM sweep-peak 23717 MB · VmHWM 72244 MB   VRAM op-pool peak 30427 MB · total peak 61706 MB
  Rank 1: Host RAM sweep-peak 23679 MB · VmHWM 71793 MB   VRAM op-pool peak 30636 MB · total peak 62100 MB
  Rank 2: Host RAM sweep-peak 23410 MB · VmHWM 71959 MB   VRAM op-pool peak 30403 MB · total peak 61684 MB
  Rank 3: Host RAM sweep-peak 23648 MB · VmHWM 71828 MB   VRAM op-pool peak 30703 MB · total peak 62110 MB
  Block stores (peak bond, per rank): distributed A/B share 784 MB (~K²M²/np) · owner cre/des 28 · S 14 MB (~KM²/np) · replicated floor 3 MB [stubs 1 (~KM) · H 2 (~M²)]
  OOC scratch  93240 MB on disk  (sum over all ranks)
  Timings (wall 54.9 s)
    build                    [CPU]            12.8 s
      formPQ                 [GPU·CPU·IO]     3.6 s   (GPU 0.4 · IO 0.8 · CPU 2.4)
        exec-gemm            [GPU]             0.1 s   (38.12 TFLOPS total · 9.53/GPU)
        exec-kern            [GPU]             0.2 s
        transfer             [IO]              0.8 s
        exec-hostprep        [CPU]             1.5 s
        prep (W+layout)      [CPU]             0.1 s
        complete (MPI)       [IO]              0.2 s
        wdesc (Wsub+reds)    [CPU]             0.2 s
        (other)              [CPU]             0.4 s
      [kern] executor reductions (all phases): res-zero 0.0 · gather 1.0 · reduce 1.8 · accumulate 0.1 s
      sys                    [CPU]             0.2 s
      env                    [CPU]             0.2 s
      compPQ-form            [CPU]             0.3 s
        match                [CPU]             0.2 s
          emit (owned)       [CPU]             0.1 s
          (other)            [CPU]             0.1 s
      assembly               [CPU]             0.3 s
      compS-form-gpu (MPI)   [GPU·CPU·IO]     7.8 s   (GPU 1.5 · IO 1.0 · CPU 5.2)
        recipe (host,replic) [CPU]             1.1 s
        form (gpu+D2H)       [GPU·IO]         4.5 s
        reduce (NCCL/host)   [IO]              0.5 s
        unpack (D2H)         [CPU·IO]         1.5 s
        (other)              [CPU]             0.1 s
      (other)                [CPU]             0.5 s
    matvec                   [GPU·CPU·IO]    21.1 s   (GPU 13.5 · IO 0.0 · CPU 7.6)
      gemm                   [GPU]             9.7 s   (49.37 TFLOPS total · 12.34/GPU)
      kern                   [GPU]             3.8 s
      host                   [CPU]             7.6 s
        planEnum             [CPU]             2.5 s
        ctorAlloc(upload)    [CPU·IO]         0.9 s
        ctorGroup            [CPU]             1.0 s
        ctorForm             [GPU]             0.1 s
        (other)              [CPU]             3.0 s
    decimate                 [CPU]             2.7 s
      rho (dist)             [CPU]             0.2 s
      eigh (dist)            [CPU]             1.2 s
      share (MPI wait)       [CPU·IO]         1.1 s
      (other)                [CPU]             0.2 s
    grow                     [GPU·CPU·IO]     8.8 s   (GPU 1.7 · IO 1.1 · CPU 6.1) · 42.67 TFLOPS total · 10.67/GPU
      gpu_proj (project)     [GPU·CPU·IO]     6.0 s
        recipe               [CPU]             0.6 s
        fap_exec             [GPU·IO]         3.8 s
        fap_merge            [CPU]             0.3 s
        fap_ctx              [CPU]             0.2 s
      reduceSH (MPI)         [CPU·IO]         0.4 s
        sync (hash+wait)     [CPU·IO]         0.1 s
        pack                 [CPU]             0.1 s
        xfer (NCCL/host)     [IO]              0.2 s
      (other)                [CPU]             2.4 s
    predict                  [CPU]             0.5 s
    ooc                      [IO]              0.0 s

################## Sweep 8/10 (forward) summary ##################
  Energy       -2987.5286557888 Ha
  dE vs prev sweep  -5.341e-06 Ha
  Discarded weight  4.743e-04  (max over this sweep's decimations)
  Rank 0: Host RAM sweep-peak 23727 MB · VmHWM 72244 MB   VRAM op-pool peak 30427 MB · total peak 61706 MB
  Rank 1: Host RAM sweep-peak 23639 MB · VmHWM 71793 MB   VRAM op-pool peak 30636 MB · total peak 62100 MB
  Rank 2: Host RAM sweep-peak 23419 MB · VmHWM 71959 MB   VRAM op-pool peak 30403 MB · total peak 61684 MB
  Rank 3: Host RAM sweep-peak 23601 MB · VmHWM 71828 MB   VRAM op-pool peak 30703 MB · total peak 62110 MB
  Block stores (peak bond, per rank): distributed A/B share 776 MB (~K²M²/np) · owner cre/des 28 · S 14 MB (~KM²/np) · replicated floor 3 MB [stubs 1 (~KM) · H 2 (~M²)]
  OOC scratch  93152 MB on disk  (sum over all ranks)
  Timings (wall 55.0 s)
    build                    [CPU]            12.8 s
      formPQ                 [GPU·CPU·IO]     3.7 s   (GPU 0.4 · IO 0.8 · CPU 2.6)
        exec-gemm            [GPU]             0.1 s   (38.27 TFLOPS total · 9.57/GPU)
        exec-kern            [GPU]             0.2 s
        transfer             [IO]              0.8 s
        exec-hostprep        [CPU]             1.6 s
        prep (W+layout)      [CPU]             0.1 s
        complete (MPI)       [IO]              0.2 s
        wdesc (Wsub+reds)    [CPU]             0.2 s
        (other)              [CPU]             0.4 s
      [kern] executor reductions (all phases): res-zero 0.0 · gather 1.0 · reduce 1.8 · accumulate 0.1 s
      sys                    [CPU]             0.2 s
      env                    [CPU]             0.2 s
      compPQ-form            [CPU]             0.3 s
        match                [CPU]             0.2 s
          emit (owned)       [CPU]             0.1 s
          (other)            [CPU]             0.1 s
      assembly               [CPU]             0.2 s
      compS-form-gpu (MPI)   [GPU·CPU·IO]     7.7 s   (GPU 1.5 · IO 1.0 · CPU 5.2)
        recipe (host,replic) [CPU]             1.1 s
        form (gpu+D2H)       [GPU·IO]         4.5 s
        reduce (NCCL/host)   [IO]              0.5 s
        unpack (D2H)         [CPU·IO]         1.5 s
        (other)              [CPU]             0.1 s
      (other)                [CPU]             0.5 s
    matvec                   [GPU·CPU·IO]    20.9 s   (GPU 13.3 · IO 0.0 · CPU 7.6)
      gemm                   [GPU]             9.6 s   (49.08 TFLOPS total · 12.27/GPU)
      kern                   [GPU]             3.7 s
      host                   [CPU]             7.6 s
        planEnum             [CPU]             2.5 s
        ctorAlloc(upload)    [CPU·IO]         0.9 s
        ctorGroup            [CPU]             1.0 s
        ctorForm             [GPU]             0.1 s
        (other)              [CPU]             3.1 s
    decimate                 [CPU]             2.8 s
      rho (dist)             [CPU]             0.2 s
      eigh (dist)            [CPU]             1.2 s
      share (MPI wait)       [CPU·IO]         1.0 s
      (other)                [CPU]             0.2 s
    grow                     [GPU·CPU·IO]     9.1 s   (GPU 1.7 · IO 1.1 · CPU 6.3) · 42.33 TFLOPS total · 10.58/GPU
      gpu_proj (project)     [GPU·CPU·IO]     6.2 s
        recipe               [CPU]             0.6 s
        fap_exec             [GPU·IO]         4.0 s
        fap_merge            [CPU]             0.3 s
        fap_ctx              [CPU]             0.2 s
      reduceSH (MPI)         [CPU·IO]         0.3 s
        sync (hash+wait)     [CPU·IO]         0.1 s
        pack                 [CPU]             0.1 s
        xfer (NCCL/host)     [IO]              0.1 s
      (other)                [CPU]             2.5 s
    predict                  [CPU]             0.6 s
    ooc                      [IO]              0.0 s

################## Sweep 9/10 (backward) summary ##################
  Energy       -2987.5286596439 Ha
  dE vs prev sweep  -3.855e-06 Ha
  Discarded weight  4.736e-04  (max over this sweep's decimations)
  Rank 0: Host RAM sweep-peak 23748 MB · VmHWM 72244 MB   VRAM op-pool peak 30427 MB · total peak 61706 MB
  Rank 1: Host RAM sweep-peak 23711 MB · VmHWM 71793 MB   VRAM op-pool peak 30636 MB · total peak 62100 MB
  Rank 2: Host RAM sweep-peak 23454 MB · VmHWM 71959 MB   VRAM op-pool peak 30403 MB · total peak 61684 MB
  Rank 3: Host RAM sweep-peak 23676 MB · VmHWM 71828 MB   VRAM op-pool peak 30703 MB · total peak 62110 MB
  Block stores (peak bond, per rank): distributed A/B share 794 MB (~K²M²/np) · owner cre/des 28 · S 14 MB (~KM²/np) · replicated floor 3 MB [stubs 1 (~KM) · H 2 (~M²)]
  OOC scratch  93465 MB on disk  (sum over all ranks)
  Timings (wall 54.9 s)
    build                    [CPU]            12.8 s
      formPQ                 [GPU·CPU·IO]     3.7 s   (GPU 0.4 · IO 0.8 · CPU 2.5)
        exec-gemm            [GPU]             0.1 s   (38.07 TFLOPS total · 9.52/GPU)
        exec-kern            [GPU]             0.2 s
        transfer             [IO]              0.8 s
        exec-hostprep        [CPU]             1.5 s
        prep (W+layout)      [CPU]             0.1 s
        complete (MPI)       [IO]              0.3 s
        wdesc (Wsub+reds)    [CPU]             0.2 s
        (other)              [CPU]             0.4 s
      [kern] executor reductions (all phases): res-zero 0.0 · gather 1.0 · reduce 1.8 · accumulate 0.1 s
      sys                    [CPU]             0.2 s
      env                    [CPU]             0.1 s
      compPQ-form            [CPU]             0.3 s
        match                [CPU]             0.2 s
          emit (owned)       [CPU]             0.1 s
          (other)            [CPU]             0.1 s
      assembly               [CPU]             0.2 s
      compS-form-gpu (MPI)   [GPU·CPU·IO]     7.8 s   (GPU 1.5 · IO 1.0 · CPU 5.2)
        recipe (host,replic) [CPU]             1.1 s
        form (gpu+D2H)       [GPU·IO]         4.5 s
        reduce (NCCL/host)   [IO]              0.5 s
        unpack (D2H)         [CPU·IO]         1.6 s
        (other)              [CPU]             0.1 s
      (other)                [CPU]             0.5 s
    matvec                   [GPU·CPU·IO]    21.0 s   (GPU 13.4 · IO 0.0 · CPU 7.6)
      gemm                   [GPU]             9.6 s   (49.42 TFLOPS total · 12.36/GPU)
      kern                   [GPU]             3.8 s
      host                   [CPU]             7.6 s
        planEnum             [CPU]             2.5 s
        ctorAlloc(upload)    [CPU·IO]         0.9 s
        ctorGroup            [CPU]             1.0 s
        ctorForm             [GPU]             0.1 s
        (other)              [CPU]             3.0 s
    decimate                 [CPU]             2.7 s
      rho (dist)             [CPU]             0.2 s
      eigh (dist)            [CPU]             1.2 s
      share (MPI wait)       [CPU·IO]         1.0 s
      (other)                [CPU]             0.2 s
    grow                     [GPU·CPU·IO]     8.9 s   (GPU 1.7 · IO 1.0 · CPU 6.2) · 42.85 TFLOPS total · 10.71/GPU
      gpu_proj (project)     [GPU·CPU·IO]     6.1 s
        recipe               [CPU]             0.6 s
        fap_exec             [GPU·IO]         3.8 s
        fap_merge            [CPU]             0.3 s
        fap_ctx              [CPU]             0.2 s
      reduceSH (MPI)         [CPU·IO]         0.3 s
        sync (hash+wait)     [CPU·IO]         0.1 s
        pack                 [CPU]             0.1 s
        xfer (NCCL/host)     [IO]              0.1 s
      (other)                [CPU]             2.5 s
    predict                  [CPU]             0.5 s
    ooc                      [IO]              0.0 s

################## Sweep 10/10 (forward) summary ##################
  Energy       -2987.5286672163 Ha
  dE vs prev sweep  -7.572e-06 Ha
  Discarded weight  4.729e-04  (max over this sweep's decimations)
  Rank 0: Host RAM sweep-peak 23757 MB · VmHWM 72244 MB   VRAM op-pool peak 30427 MB · total peak 61706 MB
  Rank 1: Host RAM sweep-peak 23630 MB · VmHWM 71793 MB   VRAM op-pool peak 30636 MB · total peak 62100 MB
  Rank 2: Host RAM sweep-peak 23449 MB · VmHWM 71959 MB   VRAM op-pool peak 30403 MB · total peak 61684 MB
  Rank 3: Host RAM sweep-peak 23629 MB · VmHWM 71828 MB   VRAM op-pool peak 30703 MB · total peak 62110 MB
  Block stores (peak bond, per rank): distributed A/B share 782 MB (~K²M²/np) · owner cre/des 28 · S 14 MB (~KM²/np) · replicated floor 3 MB [stubs 1 (~KM) · H 2 (~M²)]
  OOC scratch  93408 MB on disk  (sum over all ranks)
  Timings (wall 55.4 s)
    build                    [CPU]            12.7 s
      formPQ                 [GPU·CPU·IO]     3.6 s   (GPU 0.4 · IO 0.8 · CPU 2.4)
        exec-gemm            [GPU]             0.1 s   (38.19 TFLOPS total · 9.55/GPU)
        exec-kern            [GPU]             0.2 s
        transfer             [IO]              0.8 s
        exec-hostprep        [CPU]             1.3 s
        prep (W+layout)      [CPU]             0.1 s
        complete (MPI)       [IO]              0.4 s
        wdesc (Wsub+reds)    [CPU]             0.2 s
        (other)              [CPU]             0.4 s
      [kern] executor reductions (all phases): res-zero 0.0 · gather 1.0 · reduce 1.8 · accumulate 0.1 s
      sys                    [CPU]             0.1 s
      env                    [CPU]             0.2 s
      compPQ-form            [CPU]             0.3 s
        match                [CPU]             0.2 s
          emit (owned)       [CPU]             0.1 s
          (other)            [CPU]             0.1 s
      assembly               [CPU]             0.2 s
      compS-form-gpu (MPI)   [GPU·CPU·IO]     7.8 s   (GPU 1.5 · IO 1.0 · CPU 5.2)
        recipe (host,replic) [CPU]             1.1 s
        form (gpu+D2H)       [GPU·IO]         4.4 s
        reduce (NCCL/host)   [IO]              0.5 s
        unpack (D2H)         [CPU·IO]         1.6 s
        (other)              [CPU]             0.1 s
      (other)                [CPU]             0.5 s
    matvec                   [GPU·CPU·IO]    20.8 s   (GPU 13.3 · IO 0.0 · CPU 7.5)
      gemm                   [GPU]             9.6 s   (49.14 TFLOPS total · 12.29/GPU)
      kern                   [GPU]             3.7 s
      host                   [CPU]             7.5 s
        planEnum             [CPU]             2.5 s
        ctorAlloc(upload)    [CPU·IO]         0.9 s
        ctorGroup            [CPU]             1.0 s
        ctorForm             [GPU]             0.1 s
        (other)              [CPU]             3.0 s
    decimate                 [CPU]             2.6 s
      rho (dist)             [CPU]             0.2 s
      eigh (dist)            [CPU]             1.2 s
      share (MPI wait)       [CPU·IO]         0.9 s
      (other)                [CPU]             0.2 s
    grow                     [GPU·CPU·IO]     9.1 s   (GPU 1.7 · IO 1.1 · CPU 6.2) · 42.42 TFLOPS total · 10.61/GPU
      gpu_proj (project)     [GPU·CPU·IO]     6.2 s
        recipe               [CPU]             0.6 s
        fap_exec             [GPU·IO]         4.0 s
        fap_merge            [CPU]             0.3 s
        fap_ctx              [CPU]             0.2 s
      reduceSH (MPI)         [CPU·IO]         0.3 s
        sync (hash+wait)     [CPU·IO]         0.1 s
        xfer (NCCL/host)     [IO]              0.1 s
      (other)                [CPU]             2.6 s
    predict                  [CPU]             0.6 s
    ooc                      [IO]              0.0 s
[qops] WARNING: energy NOT converged after 10 sweeps: |dE| = 7.572e-06 >= e_conv = 1.000e-09

################## Run total ##################
  10 sweep(s) + warmup: 606.6 s wall · final E -2987.5286672163 Ha · VmHWM 72244 MB
  ooc async residual wait (not hidden behind compute): save 0.5 · load 21.1 s (4% of runtime)
[rc] ladder BD=1000 done

==============================================================================
RESULTS  P450 RC  CAS(41,40)  2Sz=1  ecore=-2857.7927022167
          ranks = 4   threads/rank = 16   ooc = True
==============================================================================

Main run   BD = 5000
  E            = -2987.5439115105 Ha
  DW           = 2.429e-04
  sweeps       = 30   converged = False

<S^2>
  physical (with alpha/beta overlap) = 4.527847   (S = 1.6858; exact doublet 0.75)
  same-basis convention (comparison) = 1.250101

1-RDM      Tr dm1a = 21.000000   Tr dm1b = 20.000000
RDM energy check (E = ecore + h.dm1 + 1/2 g.dm2):
  reconstructed E = -2987.5434410926 Ha
  DMRG E          = -2987.5439115105 Ha
  difference      = 4.704e-04 Ha   (truncation-bounded; large => corrupt RDMs)
NO occupations (total: eigenvalues of dm1a+dm1b, sum = 41.000000; alpha/beta: of dm1a / dm1b, sums = 21.000000 / 20.000000;
                each set in its own eigenbasis -> per row total != alpha + beta):
            total       alpha        beta
  NO  1:  1.999282    0.999940    0.999940
  NO  2:  1.998186    0.999936    0.999918
  NO  3:  1.997005    0.999884    0.999585
  NO  4:  1.994382    0.999712    0.998488
  NO  5:  1.992730    0.999308    0.997653
  NO  6:  1.989495    0.997070    0.995679
  NO  7:  1.988125    0.996562    0.994446
  NO  8:  1.985555    0.994052    0.991445
  NO  9:  1.983033    0.991911    0.989851
  NO 10:  1.978461    0.989766    0.988009
  NO 11:  1.973300    0.988099    0.986198
  NO 12:  1.972322    0.986018    0.984354
  NO 13:  1.966284    0.983889    0.983031
  NO 14:  1.964115    0.982762    0.982449
  NO 15:  1.963721    0.982397    0.979626
  NO 16:  1.953989    0.980018    0.974920
  NO 17:  1.947817    0.974536    0.973791
  NO 18:  1.939239    0.973260    0.971082
  NO 19:  1.938236    0.970941    0.970569
  NO 20:  1.935967    0.970522    0.968848
  NO 21:  1.006809    0.968340    0.034227
  NO 22:  0.070017    0.034604    0.031091
  NO 23:  0.061481    0.031242    0.029957
  NO 24:  0.057823    0.029866    0.029531
  NO 25:  0.053580    0.029425    0.025006
  NO 26:  0.047210    0.025052    0.017506
  NO 27:  0.032774    0.017664    0.015807
  NO 28:  0.027597    0.015710    0.011772
  NO 29:  0.026055    0.012071    0.011602
  NO 30:  0.022124    0.011781    0.010795
  NO 31:  0.020927    0.010878    0.008554
  NO 32:  0.019170    0.008725    0.007566
  NO 33:  0.016838    0.008309    0.007447
  NO 34:  0.016019    0.007568    0.006916
  NO 35:  0.015336    0.007488    0.006414
  NO 36:  0.014931    0.006671    0.003984
  NO 37:  0.010963    0.005123    0.003626
  NO 38:  0.007326    0.004404    0.003042
  NO 39:  0.006124    0.002731    0.002858
  NO 40:  0.005652    0.001768    0.002414

Bond-dimension ladder:
      BD              E (Ha)          DW
    5000   -2987.5439115105   2.429e-04
    4000   -2987.5428294705   2.920e-04
    3000   -2987.5407847319   3.465e-04
    2000   -2987.5369328740   4.207e-04
    1000   -2987.5286672163   4.729e-04

Extrapolation (linear E(DW) -> 0, 5 points with DW > 0):
  E(DW->0)           = -2987.5606536754 Ha
  slope              = 6.2055e+01 Ha/DW
  max |residual|     = 2.643e-03 Ha
  best variational E = -2987.5439115105 Ha   (extrapolation gain = 1.674e-02 Ha)

Per-rank peaks:
  rank 0:  VmHWM 72243 MB · VRAM peak 61706 MiB
  rank 1:  VmHWM 71793 MB · VRAM peak 62100 MiB
  rank 2:  VmHWM 71959 MB · VRAM peak 61684 MiB
  rank 3:  VmHWM 71828 MB · VRAM peak 62110 MiB

Files written:
  dm1a.npy
  dm1b.npy
  dm2aa.npy
  dm2ab.npy
  dm2bb.npy
  no_occ.npy
  no_occ_a.npy
  no_occ_b.npy
==============================================================================
