    Apptainer 1.4.5 loaded. This package was installed with spack using gcc
11.4.1.

    Spack options were:
    +libsubid+network~suid

-------------------------------------------------------------------------------
There are messages associated with the following module(s):
-------------------------------------------------------------------------------

use.spack-core:
spack modules loaded. Full unload maybe required via: unload use.spack-core
Any other use.spack modules will also need to be unloaded in a similar manner

-------------------------------------------------------------------------------

[rc] CAS(21,20)  2Sz=1  ecore=-2951.6156065851  ranks=4 threads/rank=16 ooc=True
[qops] MPI np=4 · GPU=on · device collectives: NCCL (NVLink/GPUDirect)
[qops] A/B host-offload: ON (stubs + pager spill)

################## Warmup summary ##################
  Rank 0: Host RAM sweep-peak 0 MB · VmHWM 1986 MB   VRAM op-pool peak 0 MB · total peak 0 MB
  Rank 1: Host RAM sweep-peak 0 MB · VmHWM 1965 MB   VRAM op-pool peak 0 MB · total peak 0 MB
  Rank 2: Host RAM sweep-peak 0 MB · VmHWM 1972 MB   VRAM op-pool peak 0 MB · total peak 0 MB
  Rank 3: Host RAM sweep-peak 0 MB · VmHWM 1967 MB   VRAM op-pool peak 0 MB · total peak 0 MB
  OOC scratch  10957 MB on disk  (sum over all ranks)
  Timings (wall 8.9 s)
    build                    [CPU]             0.7 s
      (other)                [CPU]             0.7 s
    matvec                   [GPU·CPU·IO]     0.0 s   (GPU 0.0 · IO 0.0 · CPU 0.0)
    decimate                 [CPU]             3.1 s
    grow                     [GPU·CPU·IO]     4.6 s   (GPU 0.0 · IO 0.0 · CPU 4.6)
      gpu_proj (project)     [GPU·CPU·IO]     0.0 s
      construct (cpu path)   [CPU]             3.8 s
      reduceSH (MPI)         [CPU·IO]         0.8 s
        sync (hash+wait)     [CPU·IO]         0.1 s
        xfer (NCCL/host)     [IO]              0.7 s
    predict                  [CPU]             0.0 s
    ooc                      [IO]              0.1 s
      save                   [IO]              0.1 s

################## Sweep 1/30 (forward) summary ##################
  Energy       -2987.3830055027 Ha
  Discarded weight  8.866e-10  (max over this sweep's decimations)
  Rank 0: Host RAM sweep-peak 2194 MB · VmHWM 2205 MB   VRAM op-pool peak 209 MB · total peak 5986 MB
  Rank 1: Host RAM sweep-peak 2159 MB · VmHWM 2169 MB   VRAM op-pool peak 209 MB · total peak 5970 MB
  Rank 2: Host RAM sweep-peak 2172 MB · VmHWM 2182 MB   VRAM op-pool peak 212 MB · total peak 5968 MB
  Rank 3: Host RAM sweep-peak 2159 MB · VmHWM 2170 MB   VRAM op-pool peak 226 MB · total peak 6012 MB
  Block stores (peak bond, per rank): distributed A/B share 462 MB (~K²M²/np) · owner cre/des 18 · S 14 MB (~KM²/np) · replicated floor 2 MB [stubs 0 (~KM) · H 1 (~M²)]
  OOC scratch  17112 MB on disk  (sum over all ranks)
  Timings (wall 19.8 s)
    build                    [CPU]             3.3 s
      formPQ                 [GPU·CPU·IO]     0.5 s   (GPU 0.0 · IO 0.0 · CPU 0.4)
        exec-hostprep        [CPU]             0.3 s
        complete (MPI)       [IO]              0.1 s
      [kern] executor reductions (all phases): res-zero 0.0 · gather 0.0 · reduce 0.1 · accumulate 0.0 s
      sys                    [CPU]             0.2 s
      env                    [CPU]             0.2 s
      compPQ-form            [CPU]             0.3 s
        match                [CPU]             0.3 s
          emit (owned)       [CPU]             0.1 s
          (other)            [CPU]             0.1 s
      assembly               [CPU]             0.2 s
      compS-form-gpu (MPI)   [GPU·CPU·IO]     1.8 s   (GPU 0.0 · IO 0.0 · CPU 1.8)
        recipe (host,replic) [CPU]             0.1 s
        form (gpu+D2H)       [GPU·IO]         0.6 s
        reduce (NCCL/host)   [IO]              0.2 s
        unpack (D2H)         [CPU·IO]         0.8 s
    matvec                   [GPU·CPU·IO]    12.3 s   (GPU 9.3 · IO 0.0 · CPU 3.0)
      gemm                   [GPU]             8.9 s   (1.61 TFLOPS total · 0.40/GPU)
      kern                   [GPU]             0.4 s
      host                   [CPU]             3.0 s
        planEnum             [CPU]             1.0 s
        ctorAlloc(upload)    [CPU·IO]         0.2 s
        ctorGroup            [CPU]             0.7 s
        (other)              [CPU]             1.0 s
    decimate                 [CPU]             0.8 s
      eigh (dist)            [CPU]             0.3 s
      share (MPI wait)       [CPU·IO]         0.4 s
    grow                     [GPU·CPU·IO]     2.3 s   (GPU 0.3 · IO 0.8 · CPU 1.2) · 12.81 TFLOPS total · 3.20/GPU
      gpu_proj (project)     [GPU·CPU·IO]     1.6 s
        fap_exec             [GPU·IO]         1.3 s
      reduceSH (MPI)         [CPU·IO]         0.1 s
        sync (hash+wait)     [CPU·IO]         0.1 s
      (other)                [CPU]             0.5 s
    predict                  [CPU]             0.1 s
    ooc                      [IO]              0.1 s
      load                   [IO]              0.1 s

################## Sweep 2/30 (backward) summary ##################
  Energy       -2987.3923396322 Ha
  dE vs prev sweep  -9.334e-03 Ha
  Discarded weight  6.571e-06  (max over this sweep's decimations)
  Rank 0: Host RAM sweep-peak 2243 MB · VmHWM 2248 MB   VRAM op-pool peak 434 MB · total peak 11130 MB
  Rank 1: Host RAM sweep-peak 2237 MB · VmHWM 2241 MB   VRAM op-pool peak 445 MB · total peak 11354 MB
  Rank 2: Host RAM sweep-peak 2193 MB · VmHWM 2197 MB   VRAM op-pool peak 428 MB · total peak 11170 MB
  Rank 3: Host RAM sweep-peak 2241 MB · VmHWM 2245 MB   VRAM op-pool peak 434 MB · total peak 11270 MB
  Block stores (peak bond, per rank): distributed A/B share 238 MB (~K²M²/np) · owner cre/des 14 · S 7 MB (~KM²/np) · replicated floor 2 MB [stubs 0 (~KM) · H 2 (~M²)]
  OOC scratch  13840 MB on disk  (sum over all ranks)
  Timings (wall 11.5 s)
    build                    [CPU]             1.6 s
      formPQ                 [GPU·CPU·IO]     0.6 s   (GPU 0.1 · IO 0.1 · CPU 0.4)
        transfer             [IO]              0.1 s
        exec-hostprep        [CPU]             0.2 s
        (other)              [CPU]             0.1 s
      [kern] executor reductions (all phases): res-zero 0.0 · gather 0.1 · reduce 0.1 · accumulate 0.0 s
      compS-form-gpu (MPI)   [GPU·CPU·IO]     0.9 s   (GPU 0.1 · IO 0.1 · CPU 0.7)
        recipe (host,replic) [CPU]             0.1 s
        form (gpu+D2H)       [GPU·IO]         0.4 s
        reduce (NCCL/host)   [IO]              0.1 s
        unpack (D2H)         [CPU·IO]         0.2 s
    matvec                   [GPU·CPU·IO]     5.0 s   (GPU 3.4 · IO 0.0 · CPU 1.6)
      gemm                   [GPU]             3.0 s   (15.56 TFLOPS total · 3.89/GPU)
      kern                   [GPU]             0.4 s
      host                   [CPU]             1.6 s
        planEnum             [CPU]             0.5 s
        ctorAlloc(upload)    [CPU·IO]         0.2 s
        ctorGroup            [CPU]             0.3 s
        (other)              [CPU]             0.6 s
    decimate                 [CPU]             1.5 s
      rho (dist)             [CPU]             0.1 s
      eigh (dist)            [CPU]             0.5 s
      share (MPI wait)       [CPU·IO]         0.9 s
    grow                     [GPU·CPU·IO]     1.9 s   (GPU 0.2 · IO 0.4 · CPU 1.3) · 21.08 TFLOPS total · 5.27/GPU
      gpu_proj (project)     [GPU·CPU·IO]     1.2 s
        fap_exec             [GPU·IO]         0.9 s
      reduceSH (MPI)         [CPU·IO]         0.2 s
        sync (hash+wait)     [CPU·IO]         0.1 s
      (other)                [CPU]             0.5 s
    predict                  [CPU]             0.1 s
    ooc                      [IO]              0.0 s

################## Sweep 3/30 (forward) summary ##################
  Energy       -2987.3931246142 Ha
  dE vs prev sweep  -7.850e-04 Ha
  Discarded weight  2.679e-05  (max over this sweep's decimations)
  Rank 0: Host RAM sweep-peak 2220 MB · VmHWM 2248 MB   VRAM op-pool peak 434 MB · total peak 15212 MB
  Rank 1: Host RAM sweep-peak 2227 MB · VmHWM 2241 MB   VRAM op-pool peak 445 MB · total peak 15196 MB
  Rank 2: Host RAM sweep-peak 2238 MB · VmHWM 2242 MB   VRAM op-pool peak 428 MB · total peak 15152 MB
  Rank 3: Host RAM sweep-peak 2210 MB · VmHWM 2245 MB   VRAM op-pool peak 434 MB · total peak 15320 MB
  Block stores (peak bond, per rank): distributed A/B share 241 MB (~K²M²/np) · owner cre/des 16 · S 8 MB (~KM²/np) · replicated floor 3 MB [stubs 0 (~KM) · H 2 (~M²)]
  OOC scratch  14582 MB on disk  (sum over all ranks)
  Timings (wall 11.2 s)
    build                    [CPU]             1.8 s
      formPQ                 [GPU·CPU·IO]     0.7 s   (GPU 0.1 · IO 0.1 · CPU 0.5)
        transfer             [IO]              0.1 s
        exec-hostprep        [CPU]             0.3 s
        (other)              [CPU]             0.1 s
      [kern] executor reductions (all phases): res-zero 0.0 · gather 0.1 · reduce 0.1 · accumulate 0.0 s
      compS-form-gpu (MPI)   [GPU·CPU·IO]     0.9 s   (GPU 0.1 · IO 0.1 · CPU 0.7)
        recipe (host,replic) [CPU]             0.1 s
        form (gpu+D2H)       [GPU·IO]         0.5 s
        reduce (NCCL/host)   [IO]              0.1 s
        unpack (D2H)         [CPU·IO]         0.3 s
    matvec                   [GPU·CPU·IO]     4.5 s   (GPU 3.0 · IO 0.0 · CPU 1.6)
      gemm                   [GPU]             2.6 s   (25.23 TFLOPS total · 6.31/GPU)
      kern                   [GPU]             0.4 s
      host                   [CPU]             1.6 s
        planEnum             [CPU]             0.5 s
        ctorAlloc(upload)    [CPU·IO]         0.2 s
        ctorGroup            [CPU]             0.3 s
        (other)              [CPU]             0.6 s
    decimate                 [CPU]             1.9 s
      rho (dist)             [CPU]             0.1 s
      eigh (dist)            [CPU]             0.6 s
      share (MPI wait)       [CPU·IO]         1.1 s
    grow                     [GPU·CPU·IO]     1.6 s   (GPU 0.2 · IO 0.2 · CPU 1.1) · 23.61 TFLOPS total · 5.90/GPU
      gpu_proj (project)     [GPU·CPU·IO]     0.9 s
        fap_exec             [GPU·IO]         0.6 s
      reduceSH (MPI)         [CPU·IO]         0.1 s
        sync (hash+wait)     [CPU·IO]         0.1 s
      (other)                [CPU]             0.5 s
    predict                  [CPU]             0.2 s
    ooc                      [IO]              0.0 s

################## Sweep 4/30 (backward) summary ##################
  Energy       -2987.3933418804 Ha
  dE vs prev sweep  -2.173e-04 Ha
  Discarded weight  3.434e-05  (max over this sweep's decimations)
  Rank 0: Host RAM sweep-peak 2223 MB · VmHWM 2248 MB   VRAM op-pool peak 489 MB · total peak 15372 MB
  Rank 1: Host RAM sweep-peak 2245 MB · VmHWM 2250 MB   VRAM op-pool peak 496 MB · total peak 15354 MB
  Rank 2: Host RAM sweep-peak 2213 MB · VmHWM 2242 MB   VRAM op-pool peak 480 MB · total peak 15310 MB
  Rank 3: Host RAM sweep-peak 2202 MB · VmHWM 2245 MB   VRAM op-pool peak 488 MB · total peak 15486 MB
  Block stores (peak bond, per rank): distributed A/B share 242 MB (~K²M²/np) · owner cre/des 17 · S 8 MB (~KM²/np) · replicated floor 3 MB [stubs 0 (~KM) · H 3 (~M²)]
  OOC scratch  14784 MB on disk  (sum over all ranks)
  Timings (wall 10.9 s)
    build                    [CPU]             1.8 s
      formPQ                 [GPU·CPU·IO]     0.6 s   (GPU 0.1 · IO 0.1 · CPU 0.4)
        transfer             [IO]              0.1 s
        exec-hostprep        [CPU]             0.3 s
        complete (MPI)       [IO]              0.1 s
        (other)              [CPU]             0.1 s
      [kern] executor reductions (all phases): res-zero 0.0 · gather 0.1 · reduce 0.1 · accumulate 0.0 s
      sys                    [CPU]             0.1 s
      compS-form-gpu (MPI)   [GPU·CPU·IO]     0.9 s   (GPU 0.1 · IO 0.1 · CPU 0.7)
        recipe (host,replic) [CPU]             0.1 s
        form (gpu+D2H)       [GPU·IO]         0.5 s
        reduce (NCCL/host)   [IO]              0.1 s
        unpack (D2H)         [CPU·IO]         0.3 s
    matvec                   [GPU·CPU·IO]     4.3 s   (GPU 2.7 · IO 0.0 · CPU 1.6)
      gemm                   [GPU]             2.3 s   (27.32 TFLOPS total · 6.83/GPU)
      kern                   [GPU]             0.4 s
      host                   [CPU]             1.6 s
        planEnum             [CPU]             0.5 s
        ctorAlloc(upload)    [CPU·IO]         0.2 s
        ctorGroup            [CPU]             0.3 s
        (other)              [CPU]             0.6 s
    decimate                 [CPU]             1.7 s
      rho (dist)             [CPU]             0.1 s
      eigh (dist)            [CPU]             0.5 s
      share (MPI wait)       [CPU·IO]         1.1 s
    grow                     [GPU·CPU·IO]     1.7 s   (GPU 0.2 · IO 0.3 · CPU 1.1) · 22.51 TFLOPS total · 5.63/GPU
      gpu_proj (project)     [GPU·CPU·IO]     1.0 s
        fap_exec             [GPU·IO]         0.7 s
      reduceSH (MPI)         [CPU·IO]         0.1 s
        sync (hash+wait)     [CPU·IO]         0.1 s
      (other)                [CPU]             0.5 s
    predict                  [CPU]             0.2 s
    ooc                      [IO]              0.0 s

################## Sweep 5/30 (forward) summary ##################
  Energy       -2987.3934102536 Ha
  dE vs prev sweep  -6.837e-05 Ha
  Discarded weight  3.519e-05  (max over this sweep's decimations)
  Rank 0: Host RAM sweep-peak 2230 MB · VmHWM 2271 MB   VRAM op-pool peak 489 MB · total peak 15430 MB
  Rank 1: Host RAM sweep-peak 2213 MB · VmHWM 2250 MB   VRAM op-pool peak 496 MB · total peak 15412 MB
  Rank 2: Host RAM sweep-peak 2204 MB · VmHWM 2242 MB   VRAM op-pool peak 480 MB · total peak 15366 MB
  Rank 3: Host RAM sweep-peak 2239 MB · VmHWM 2245 MB   VRAM op-pool peak 488 MB · total peak 15540 MB
  Block stores (peak bond, per rank): distributed A/B share 241 MB (~K²M²/np) · owner cre/des 17 · S 8 MB (~KM²/np) · replicated floor 3 MB [stubs 0 (~KM) · H 3 (~M²)]
  OOC scratch  14850 MB on disk  (sum over all ranks)
  Timings (wall 11.2 s)
    build                    [CPU]             1.8 s
      formPQ                 [GPU·CPU·IO]     0.7 s   (GPU 0.1 · IO 0.1 · CPU 0.5)
        transfer             [IO]              0.1 s
        exec-hostprep        [CPU]             0.3 s
        complete (MPI)       [IO]              0.1 s
        (other)              [CPU]             0.1 s
      [kern] executor reductions (all phases): res-zero 0.0 · gather 0.1 · reduce 0.1 · accumulate 0.0 s
      compS-form-gpu (MPI)   [GPU·CPU·IO]     0.9 s   (GPU 0.1 · IO 0.1 · CPU 0.7)
        recipe (host,replic) [CPU]             0.1 s
        form (gpu+D2H)       [GPU·IO]         0.4 s
        reduce (NCCL/host)   [IO]              0.1 s
        unpack (D2H)         [CPU·IO]         0.3 s
    matvec                   [GPU·CPU·IO]     4.1 s   (GPU 2.5 · IO 0.0 · CPU 1.5)
      gemm                   [GPU]             2.2 s   (26.69 TFLOPS total · 6.67/GPU)
      kern                   [GPU]             0.3 s
      host                   [CPU]             1.5 s
        planEnum             [CPU]             0.5 s
        ctorAlloc(upload)    [CPU·IO]         0.2 s
        ctorGroup            [CPU]             0.3 s
        (other)              [CPU]             0.6 s
    decimate                 [CPU]             1.8 s
      rho (dist)             [CPU]             0.1 s
      eigh (dist)            [CPU]             0.6 s
      share (MPI wait)       [CPU·IO]         1.1 s
    grow                     [GPU·CPU·IO]     1.6 s   (GPU 0.2 · IO 0.2 · CPU 1.2) · 23.90 TFLOPS total · 5.97/GPU
      gpu_proj (project)     [GPU·CPU·IO]     1.0 s
        fap_exec             [GPU·IO]         0.6 s
      reduceSH (MPI)         [CPU·IO]         0.1 s
      (other)                [CPU]             0.5 s
    predict                  [CPU]             0.2 s
    ooc                      [IO]              0.0 s

################## Sweep 6/30 (backward) summary ##################
  Energy       -2987.3934416927 Ha
  dE vs prev sweep  -3.144e-05 Ha
  Discarded weight  3.604e-05  (max over this sweep's decimations)
  Rank 0: Host RAM sweep-peak 2226 MB · VmHWM 2271 MB   VRAM op-pool peak 492 MB · total peak 15430 MB
  Rank 1: Host RAM sweep-peak 2275 MB · VmHWM 2279 MB   VRAM op-pool peak 499 MB · total peak 15412 MB
  Rank 2: Host RAM sweep-peak 2203 MB · VmHWM 2242 MB   VRAM op-pool peak 484 MB · total peak 15366 MB
  Rank 3: Host RAM sweep-peak 2238 MB · VmHWM 2245 MB   VRAM op-pool peak 491 MB · total peak 15540 MB
  Block stores (peak bond, per rank): distributed A/B share 243 MB (~K²M²/np) · owner cre/des 17 · S 8 MB (~KM²/np) · replicated floor 3 MB [stubs 0 (~KM) · H 3 (~M²)]
  OOC scratch  14856 MB on disk  (sum over all ranks)
  Timings (wall 10.8 s)
    build                    [CPU]             1.8 s
      formPQ                 [GPU·CPU·IO]     0.7 s   (GPU 0.1 · IO 0.1 · CPU 0.5)
        transfer             [IO]              0.1 s
        exec-hostprep        [CPU]             0.3 s
        complete (MPI)       [IO]              0.1 s
        (other)              [CPU]             0.1 s
      [kern] executor reductions (all phases): res-zero 0.0 · gather 0.1 · reduce 0.1 · accumulate 0.0 s
      compS-form-gpu (MPI)   [GPU·CPU·IO]     0.9 s   (GPU 0.1 · IO 0.1 · CPU 0.7)
        recipe (host,replic) [CPU]             0.1 s
        form (gpu+D2H)       [GPU·IO]         0.5 s
        reduce (NCCL/host)   [IO]              0.1 s
        unpack (D2H)         [CPU·IO]         0.3 s
    matvec                   [GPU·CPU·IO]     4.1 s   (GPU 2.5 · IO 0.0 · CPU 1.6)
      gemm                   [GPU]             2.2 s   (27.54 TFLOPS total · 6.89/GPU)
      kern                   [GPU]             0.4 s
      host                   [CPU]             1.6 s
        planEnum             [CPU]             0.5 s
        ctorAlloc(upload)    [CPU·IO]         0.2 s
        ctorGroup            [CPU]             0.3 s
        (other)              [CPU]             0.6 s
    decimate                 [CPU]             1.8 s
      rho (dist)             [CPU]             0.1 s
      eigh (dist)            [CPU]             0.6 s
      share (MPI wait)       [CPU·IO]         1.0 s
    grow                     [GPU·CPU·IO]     1.6 s   (GPU 0.2 · IO 0.2 · CPU 1.2) · 22.92 TFLOPS total · 5.73/GPU
      gpu_proj (project)     [GPU·CPU·IO]     1.0 s
        fap_exec             [GPU·IO]         0.6 s
      reduceSH (MPI)         [CPU·IO]         0.2 s
        sync (hash+wait)     [CPU·IO]         0.2 s
      (other)                [CPU]             0.5 s
    predict                  [CPU]             0.2 s
    ooc                      [IO]              0.0 s

################## Sweep 7/30 (forward) summary ##################
  Energy       -2987.3934489211 Ha
  dE vs prev sweep  -7.228e-06 Ha
  Discarded weight  3.610e-05  (max over this sweep's decimations)
  Rank 0: Host RAM sweep-peak 2253 MB · VmHWM 2271 MB   VRAM op-pool peak 492 MB · total peak 15430 MB
  Rank 1: Host RAM sweep-peak 2200 MB · VmHWM 2279 MB   VRAM op-pool peak 499 MB · total peak 15412 MB
  Rank 2: Host RAM sweep-peak 2254 MB · VmHWM 2258 MB   VRAM op-pool peak 484 MB · total peak 15368 MB
  Rank 3: Host RAM sweep-peak 2250 MB · VmHWM 2255 MB   VRAM op-pool peak 491 MB · total peak 15540 MB
  Block stores (peak bond, per rank): distributed A/B share 241 MB (~K²M²/np) · owner cre/des 17 · S 8 MB (~KM²/np) · replicated floor 3 MB [stubs 0 (~KM) · H 3 (~M²)]
  OOC scratch  14826 MB on disk  (sum over all ranks)
  Timings (wall 10.9 s)
    build                    [CPU]             1.8 s
      formPQ                 [GPU·CPU·IO]     0.7 s   (GPU 0.1 · IO 0.1 · CPU 0.5)
        transfer             [IO]              0.1 s
        exec-hostprep        [CPU]             0.3 s
        complete (MPI)       [IO]              0.1 s
        (other)              [CPU]             0.1 s
      [kern] executor reductions (all phases): res-zero 0.0 · gather 0.1 · reduce 0.1 · accumulate 0.0 s
      compS-form-gpu (MPI)   [GPU·CPU·IO]     0.9 s   (GPU 0.1 · IO 0.1 · CPU 0.7)
        recipe (host,replic) [CPU]             0.1 s
        form (gpu+D2H)       [GPU·IO]         0.4 s
        reduce (NCCL/host)   [IO]              0.1 s
        unpack (D2H)         [CPU·IO]         0.3 s
    matvec                   [GPU·CPU·IO]     4.0 s   (GPU 2.5 · IO 0.0 · CPU 1.5)
      gemm                   [GPU]             2.1 s   (27.25 TFLOPS total · 6.81/GPU)
      kern                   [GPU]             0.3 s
      host                   [CPU]             1.5 s
        planEnum             [CPU]             0.5 s
        ctorAlloc(upload)    [CPU·IO]         0.2 s
        ctorGroup            [CPU]             0.3 s
        (other)              [CPU]             0.6 s
    decimate                 [CPU]             1.8 s
      rho (dist)             [CPU]             0.1 s
      eigh (dist)            [CPU]             0.6 s
      share (MPI wait)       [CPU·IO]         1.1 s
    grow                     [GPU·CPU·IO]     1.7 s   (GPU 0.2 · IO 0.2 · CPU 1.2) · 23.75 TFLOPS total · 5.94/GPU
      gpu_proj (project)     [GPU·CPU·IO]     1.0 s
        fap_exec             [GPU·IO]         0.6 s
      reduceSH (MPI)         [CPU·IO]         0.2 s
        sync (hash+wait)     [CPU·IO]         0.1 s
      (other)                [CPU]             0.5 s
    predict                  [CPU]             0.2 s
    ooc                      [IO]              0.0 s

################## Sweep 8/30 (backward) summary ##################
  Energy       -2987.3934566678 Ha
  dE vs prev sweep  -7.747e-06 Ha
  Discarded weight  3.637e-05  (max over this sweep's decimations)
  Rank 0: Host RAM sweep-peak 2197 MB · VmHWM 2271 MB   VRAM op-pool peak 492 MB · total peak 15430 MB
  Rank 1: Host RAM sweep-peak 2261 MB · VmHWM 2279 MB   VRAM op-pool peak 499 MB · total peak 15412 MB
  Rank 2: Host RAM sweep-peak 2201 MB · VmHWM 2258 MB   VRAM op-pool peak 484 MB · total peak 15368 MB
  Rank 3: Host RAM sweep-peak 2219 MB · VmHWM 2255 MB   VRAM op-pool peak 491 MB · total peak 15540 MB
  Block stores (peak bond, per rank): distributed A/B share 241 MB (~K²M²/np) · owner cre/des 17 · S 8 MB (~KM²/np) · replicated floor 3 MB [stubs 0 (~KM) · H 3 (~M²)]
  OOC scratch  14825 MB on disk  (sum over all ranks)
  Timings (wall 11.3 s)
    build                    [CPU]             1.7 s
      formPQ                 [GPU·CPU·IO]     0.6 s   (GPU 0.1 · IO 0.1 · CPU 0.4)
        transfer             [IO]              0.1 s
        exec-hostprep        [CPU]             0.2 s
        complete (MPI)       [IO]              0.1 s
        (other)              [CPU]             0.1 s
      [kern] executor reductions (all phases): res-zero 0.0 · gather 0.1 · reduce 0.1 · accumulate 0.0 s
      compS-form-gpu (MPI)   [GPU·CPU·IO]     0.9 s   (GPU 0.1 · IO 0.1 · CPU 0.7)
        recipe (host,replic) [CPU]             0.1 s
        form (gpu+D2H)       [GPU·IO]         0.5 s
        reduce (NCCL/host)   [IO]              0.1 s
        unpack (D2H)         [CPU·IO]         0.3 s
    matvec                   [GPU·CPU·IO]     4.1 s   (GPU 2.5 · IO 0.0 · CPU 1.6)
      gemm                   [GPU]             2.1 s   (27.81 TFLOPS total · 6.95/GPU)
      kern                   [GPU]             0.3 s
      host                   [CPU]             1.6 s
        planEnum             [CPU]             0.5 s
        ctorAlloc(upload)    [CPU·IO]         0.2 s
        ctorGroup            [CPU]             0.3 s
        (other)              [CPU]             0.6 s
    decimate                 [CPU]             1.7 s
      rho (dist)             [CPU]             0.1 s
      eigh (dist)            [CPU]             0.6 s
      share (MPI wait)       [CPU·IO]         1.0 s
    grow                     [GPU·CPU·IO]     1.7 s   (GPU 0.2 · IO 0.3 · CPU 1.1) · 22.33 TFLOPS total · 5.58/GPU
      gpu_proj (project)     [GPU·CPU·IO]     1.1 s
        fap_exec             [GPU·IO]         0.8 s
      reduceSH (MPI)         [CPU·IO]         0.1 s
        sync (hash+wait)     [CPU·IO]         0.1 s
      (other)                [CPU]             0.5 s
    predict                  [CPU]             0.1 s
    ooc                      [IO]              0.0 s

################## Sweep 9/30 (forward) summary ##################
  Energy       -2987.3934583428 Ha
  dE vs prev sweep  -1.675e-06 Ha
  Discarded weight  3.638e-05  (max over this sweep's decimations)
  Rank 0: Host RAM sweep-peak 2251 MB · VmHWM 2271 MB   VRAM op-pool peak 492 MB · total peak 15430 MB
  Rank 1: Host RAM sweep-peak 2211 MB · VmHWM 2279 MB   VRAM op-pool peak 499 MB · total peak 15412 MB
  Rank 2: Host RAM sweep-peak 2235 MB · VmHWM 2258 MB   VRAM op-pool peak 484 MB · total peak 15368 MB
  Rank 3: Host RAM sweep-peak 2232 MB · VmHWM 2255 MB   VRAM op-pool peak 491 MB · total peak 15540 MB
  Block stores (peak bond, per rank): distributed A/B share 240 MB (~K²M²/np) · owner cre/des 17 · S 8 MB (~KM²/np) · replicated floor 3 MB [stubs 0 (~KM) · H 3 (~M²)]
  OOC scratch  14828 MB on disk  (sum over all ranks)
  Timings (wall 10.7 s)
    build                    [CPU]             1.8 s
      formPQ                 [GPU·CPU·IO]     0.7 s   (GPU 0.1 · IO 0.1 · CPU 0.5)
        transfer             [IO]              0.1 s
        exec-hostprep        [CPU]             0.2 s
        complete (MPI)       [IO]              0.1 s
        (other)              [CPU]             0.1 s
      [kern] executor reductions (all phases): res-zero 0.0 · gather 0.1 · reduce 0.1 · accumulate 0.0 s
      compS-form-gpu (MPI)   [GPU·CPU·IO]     0.9 s   (GPU 0.1 · IO 0.1 · CPU 0.7)
        recipe (host,replic) [CPU]             0.1 s
        form (gpu+D2H)       [GPU·IO]         0.4 s
        reduce (NCCL/host)   [IO]              0.1 s
        unpack (D2H)         [CPU·IO]         0.3 s
    matvec                   [GPU·CPU·IO]     4.0 s   (GPU 2.5 · IO 0.0 · CPU 1.5)
      gemm                   [GPU]             2.1 s   (27.29 TFLOPS total · 6.82/GPU)
      kern                   [GPU]             0.3 s
      host                   [CPU]             1.5 s
        planEnum             [CPU]             0.5 s
        ctorAlloc(upload)    [CPU·IO]         0.2 s
        ctorGroup            [CPU]             0.3 s
        (other)              [CPU]             0.6 s
    decimate                 [CPU]             1.8 s
      rho (dist)             [CPU]             0.1 s
      eigh (dist)            [CPU]             0.6 s
      share (MPI wait)       [CPU·IO]         1.1 s
    grow                     [GPU·CPU·IO]     1.6 s   (GPU 0.2 · IO 0.2 · CPU 1.2) · 24.33 TFLOPS total · 6.08/GPU
      gpu_proj (project)     [GPU·CPU·IO]     1.0 s
        fap_exec             [GPU·IO]         0.6 s
      reduceSH (MPI)         [CPU·IO]         0.1 s
        sync (hash+wait)     [CPU·IO]         0.1 s
      (other)                [CPU]             0.5 s
    predict                  [CPU]             0.2 s
    ooc                      [IO]              0.0 s

################## Sweep 10/30 (backward) summary ##################
  Energy       -2987.3934651083 Ha
  dE vs prev sweep  -6.766e-06 Ha
  Discarded weight  3.669e-05  (max over this sweep's decimations)
  Rank 0: Host RAM sweep-peak 2245 MB · VmHWM 2271 MB   VRAM op-pool peak 492 MB · total peak 15430 MB
  Rank 1: Host RAM sweep-peak 2238 MB · VmHWM 2279 MB   VRAM op-pool peak 499 MB · total peak 15412 MB
  Rank 2: Host RAM sweep-peak 2240 MB · VmHWM 2258 MB   VRAM op-pool peak 484 MB · total peak 15368 MB
  Rank 3: Host RAM sweep-peak 2226 MB · VmHWM 2255 MB   VRAM op-pool peak 491 MB · total peak 15540 MB
  Block stores (peak bond, per rank): distributed A/B share 242 MB (~K²M²/np) · owner cre/des 17 · S 8 MB (~KM²/np) · replicated floor 3 MB [stubs 0 (~KM) · H 3 (~M²)]
  OOC scratch  14830 MB on disk  (sum over all ranks)
  Timings (wall 10.8 s)
    build                    [CPU]             1.7 s
      formPQ                 [GPU·CPU·IO]     0.6 s   (GPU 0.1 · IO 0.1 · CPU 0.4)
        transfer             [IO]              0.1 s
        exec-hostprep        [CPU]             0.2 s
        complete (MPI)       [IO]              0.1 s
        (other)              [CPU]             0.1 s
      [kern] executor reductions (all phases): res-zero 0.0 · gather 0.1 · reduce 0.1 · accumulate 0.0 s
      compS-form-gpu (MPI)   [GPU·CPU·IO]     0.9 s   (GPU 0.1 · IO 0.1 · CPU 0.7)
        recipe (host,replic) [CPU]             0.1 s
        form (gpu+D2H)       [GPU·IO]         0.4 s
        reduce (NCCL/host)   [IO]              0.1 s
        unpack (D2H)         [CPU·IO]         0.3 s
    matvec                   [GPU·CPU·IO]     4.0 s   (GPU 2.5 · IO 0.0 · CPU 1.6)
      gemm                   [GPU]             2.1 s   (27.83 TFLOPS total · 6.96/GPU)
      kern                   [GPU]             0.3 s
      host                   [CPU]             1.6 s
        planEnum             [CPU]             0.5 s
        ctorAlloc(upload)    [CPU·IO]         0.2 s
        ctorGroup            [CPU]             0.3 s
        (other)              [CPU]             0.6 s
    decimate                 [CPU]             1.7 s
      rho (dist)             [CPU]             0.1 s
      eigh (dist)            [CPU]             0.6 s
      share (MPI wait)       [CPU·IO]         1.1 s
    grow                     [GPU·CPU·IO]     1.6 s   (GPU 0.2 · IO 0.2 · CPU 1.2) · 22.99 TFLOPS total · 5.75/GPU
      gpu_proj (project)     [GPU·CPU·IO]     0.9 s
        fap_exec             [GPU·IO]         0.6 s
      reduceSH (MPI)         [CPU·IO]         0.2 s
        sync (hash+wait)     [CPU·IO]         0.1 s
      (other)                [CPU]             0.5 s
    predict                  [CPU]             0.2 s
    ooc                      [IO]              0.0 s

################## Sweep 11/30 (forward) summary ##################
  Energy       -2987.3934678376 Ha
  dE vs prev sweep  -2.729e-06 Ha
  Discarded weight  3.667e-05  (max over this sweep's decimations)
  Rank 0: Host RAM sweep-peak 2250 MB · VmHWM 2271 MB   VRAM op-pool peak 492 MB · total peak 15430 MB
  Rank 1: Host RAM sweep-peak 2192 MB · VmHWM 2279 MB   VRAM op-pool peak 499 MB · total peak 15412 MB
  Rank 2: Host RAM sweep-peak 2211 MB · VmHWM 2258 MB   VRAM op-pool peak 484 MB · total peak 15368 MB
  Rank 3: Host RAM sweep-peak 2202 MB · VmHWM 2255 MB   VRAM op-pool peak 491 MB · total peak 15540 MB
  Block stores (peak bond, per rank): distributed A/B share 241 MB (~K²M²/np) · owner cre/des 17 · S 8 MB (~KM²/np) · replicated floor 3 MB [stubs 0 (~KM) · H 3 (~M²)]
  OOC scratch  14873 MB on disk  (sum over all ranks)
  Timings (wall 10.7 s)
    build                    [CPU]             1.8 s
      formPQ                 [GPU·CPU·IO]     0.6 s   (GPU 0.1 · IO 0.1 · CPU 0.4)
        transfer             [IO]              0.1 s
        exec-hostprep        [CPU]             0.2 s
        complete (MPI)       [IO]              0.1 s
        (other)              [CPU]             0.1 s
      [kern] executor reductions (all phases): res-zero 0.0 · gather 0.1 · reduce 0.1 · accumulate 0.0 s
      env                    [CPU]             0.1 s
      compS-form-gpu (MPI)   [GPU·CPU·IO]     0.9 s   (GPU 0.1 · IO 0.1 · CPU 0.7)
        recipe (host,replic) [CPU]             0.1 s
        form (gpu+D2H)       [GPU·IO]         0.5 s
        reduce (NCCL/host)   [IO]              0.1 s
        unpack (D2H)         [CPU·IO]         0.3 s
    matvec                   [GPU·CPU·IO]     4.0 s   (GPU 2.5 · IO 0.0 · CPU 1.5)
      gemm                   [GPU]             2.1 s   (27.22 TFLOPS total · 6.81/GPU)
      kern                   [GPU]             0.3 s
      host                   [CPU]             1.5 s
        planEnum             [CPU]             0.5 s
        ctorAlloc(upload)    [CPU·IO]         0.2 s
        ctorGroup            [CPU]             0.3 s
        (other)              [CPU]             0.6 s
    decimate                 [CPU]             1.8 s
      rho (dist)             [CPU]             0.1 s
      eigh (dist)            [CPU]             0.6 s
      share (MPI wait)       [CPU·IO]         1.1 s
    grow                     [GPU·CPU·IO]     1.6 s   (GPU 0.2 · IO 0.2 · CPU 1.1) · 23.25 TFLOPS total · 5.81/GPU
      gpu_proj (project)     [GPU·CPU·IO]     1.0 s
        fap_exec             [GPU·IO]         0.6 s
      reduceSH (MPI)         [CPU·IO]         0.1 s
      (other)                [CPU]             0.5 s
    predict                  [CPU]             0.2 s
    ooc                      [IO]              0.0 s

################## Sweep 12/30 (backward) summary ##################
  Energy       -2987.3934716369 Ha
  dE vs prev sweep  -3.799e-06 Ha
  Discarded weight  3.683e-05  (max over this sweep's decimations)
  Rank 0: Host RAM sweep-peak 2240 MB · VmHWM 2271 MB   VRAM op-pool peak 492 MB · total peak 15430 MB
  Rank 1: Host RAM sweep-peak 2235 MB · VmHWM 2279 MB   VRAM op-pool peak 499 MB · total peak 15412 MB
  Rank 2: Host RAM sweep-peak 2193 MB · VmHWM 2258 MB   VRAM op-pool peak 484 MB · total peak 15368 MB
  Rank 3: Host RAM sweep-peak 2222 MB · VmHWM 2255 MB   VRAM op-pool peak 491 MB · total peak 15540 MB
  Block stores (peak bond, per rank): distributed A/B share 239 MB (~K²M²/np) · owner cre/des 17 · S 8 MB (~KM²/np) · replicated floor 3 MB [stubs 0 (~KM) · H 3 (~M²)]
  OOC scratch  14763 MB on disk  (sum over all ranks)
  Timings (wall 10.6 s)
    build                    [CPU]             1.7 s
      formPQ                 [GPU·CPU·IO]     0.6 s   (GPU 0.1 · IO 0.1 · CPU 0.4)
        transfer             [IO]              0.1 s
        exec-hostprep        [CPU]             0.2 s
        complete (MPI)       [IO]              0.1 s
        (other)              [CPU]             0.1 s
      [kern] executor reductions (all phases): res-zero 0.0 · gather 0.1 · reduce 0.1 · accumulate 0.0 s
      compS-form-gpu (MPI)   [GPU·CPU·IO]     0.9 s   (GPU 0.1 · IO 0.1 · CPU 0.7)
        recipe (host,replic) [CPU]             0.1 s
        form (gpu+D2H)       [GPU·IO]         0.4 s
        reduce (NCCL/host)   [IO]              0.1 s
        unpack (D2H)         [CPU·IO]         0.3 s
    matvec                   [GPU·CPU·IO]     4.0 s   (GPU 2.5 · IO 0.0 · CPU 1.6)
      gemm                   [GPU]             2.1 s   (27.80 TFLOPS total · 6.95/GPU)
      kern                   [GPU]             0.3 s
      host                   [CPU]             1.6 s
        planEnum             [CPU]             0.5 s
        ctorAlloc(upload)    [CPU·IO]         0.2 s
        ctorGroup            [CPU]             0.3 s
        (other)              [CPU]             0.6 s
    decimate                 [CPU]             1.8 s
      rho (dist)             [CPU]             0.1 s
      eigh (dist)            [CPU]             0.6 s
      share (MPI wait)       [CPU·IO]         1.1 s
    grow                     [GPU·CPU·IO]     1.5 s   (GPU 0.2 · IO 0.2 · CPU 1.1) · 23.12 TFLOPS total · 5.78/GPU
      gpu_proj (project)     [GPU·CPU·IO]     0.9 s
        fap_exec             [GPU·IO]         0.6 s
      reduceSH (MPI)         [CPU·IO]         0.1 s
        sync (hash+wait)     [CPU·IO]         0.1 s
      (other)                [CPU]             0.5 s
    predict                  [CPU]             0.2 s
    ooc                      [IO]              0.0 s

################## Sweep 13/30 (forward) summary ##################
  Energy       -2987.3934727537 Ha
  dE vs prev sweep  -1.117e-06 Ha
  Discarded weight  3.676e-05  (max over this sweep's decimations)
  Rank 0: Host RAM sweep-peak 2274 MB · VmHWM 2279 MB   VRAM op-pool peak 492 MB · total peak 15430 MB
  Rank 1: Host RAM sweep-peak 2252 MB · VmHWM 2279 MB   VRAM op-pool peak 499 MB · total peak 15412 MB
  Rank 2: Host RAM sweep-peak 2226 MB · VmHWM 2258 MB   VRAM op-pool peak 484 MB · total peak 15368 MB
  Rank 3: Host RAM sweep-peak 2234 MB · VmHWM 2255 MB   VRAM op-pool peak 491 MB · total peak 15540 MB
  Block stores (peak bond, per rank): distributed A/B share 241 MB (~K²M²/np) · owner cre/des 17 · S 8 MB (~KM²/np) · replicated floor 3 MB [stubs 0 (~KM) · H 3 (~M²)]
  OOC scratch  14854 MB on disk  (sum over all ranks)
  Timings (wall 10.8 s)
    build                    [CPU]             1.8 s
      formPQ                 [GPU·CPU·IO]     0.6 s   (GPU 0.1 · IO 0.1 · CPU 0.4)
        transfer             [IO]              0.1 s
        exec-hostprep        [CPU]             0.2 s
        complete (MPI)       [IO]              0.1 s
        (other)              [CPU]             0.1 s
      [kern] executor reductions (all phases): res-zero 0.0 · gather 0.1 · reduce 0.1 · accumulate 0.0 s
      compS-form-gpu (MPI)   [GPU·CPU·IO]     0.9 s   (GPU 0.1 · IO 0.1 · CPU 0.7)
        recipe (host,replic) [CPU]             0.1 s
        form (gpu+D2H)       [GPU·IO]         0.5 s
        reduce (NCCL/host)   [IO]              0.1 s
        unpack (D2H)         [CPU·IO]         0.3 s
    matvec                   [GPU·CPU·IO]     4.0 s   (GPU 2.5 · IO 0.0 · CPU 1.5)
      gemm                   [GPU]             2.1 s   (27.47 TFLOPS total · 6.87/GPU)
      kern                   [GPU]             0.3 s
      host                   [CPU]             1.5 s
        planEnum             [CPU]             0.5 s
        ctorAlloc(upload)    [CPU·IO]         0.2 s
        ctorGroup            [CPU]             0.3 s
        (other)              [CPU]             0.6 s
    decimate                 [CPU]             1.6 s
      rho (dist)             [CPU]             0.1 s
      eigh (dist)            [CPU]             0.6 s
      share (MPI wait)       [CPU·IO]         0.9 s
    grow                     [GPU·CPU·IO]     1.7 s   (GPU 0.2 · IO 0.2 · CPU 1.2) · 23.50 TFLOPS total · 5.88/GPU
      gpu_proj (project)     [GPU·CPU·IO]     1.0 s
        fap_exec             [GPU·IO]         0.7 s
      reduceSH (MPI)         [CPU·IO]         0.1 s
        sync (hash+wait)     [CPU·IO]         0.1 s
      (other)                [CPU]             0.5 s
    predict                  [CPU]             0.2 s
    ooc                      [IO]              0.0 s

################## Sweep 14/30 (backward) summary ##################
  Energy       -2987.3934747365 Ha
  dE vs prev sweep  -1.983e-06 Ha
  Discarded weight  3.677e-05  (max over this sweep's decimations)
  Rank 0: Host RAM sweep-peak 2263 MB · VmHWM 2279 MB   VRAM op-pool peak 492 MB · total peak 15430 MB
  Rank 1: Host RAM sweep-peak 2239 MB · VmHWM 2279 MB   VRAM op-pool peak 499 MB · total peak 15412 MB
  Rank 2: Host RAM sweep-peak 2204 MB · VmHWM 2258 MB   VRAM op-pool peak 484 MB · total peak 15368 MB
  Rank 3: Host RAM sweep-peak 2245 MB · VmHWM 2255 MB   VRAM op-pool peak 491 MB · total peak 15540 MB
  Block stores (peak bond, per rank): distributed A/B share 241 MB (~K²M²/np) · owner cre/des 17 · S 8 MB (~KM²/np) · replicated floor 3 MB [stubs 0 (~KM) · H 3 (~M²)]
  OOC scratch  14864 MB on disk  (sum over all ranks)
  Timings (wall 10.4 s)
    build                    [CPU]             1.7 s
      formPQ                 [GPU·CPU·IO]     0.6 s   (GPU 0.1 · IO 0.1 · CPU 0.4)
        transfer             [IO]              0.1 s
        exec-hostprep        [CPU]             0.2 s
        complete (MPI)       [IO]              0.1 s
        (other)              [CPU]             0.1 s
      [kern] executor reductions (all phases): res-zero 0.0 · gather 0.1 · reduce 0.1 · accumulate 0.0 s
      compS-form-gpu (MPI)   [GPU·CPU·IO]     0.9 s   (GPU 0.1 · IO 0.1 · CPU 0.7)
        recipe (host,replic) [CPU]             0.1 s
        form (gpu+D2H)       [GPU·IO]         0.4 s
        reduce (NCCL/host)   [IO]              0.1 s
        unpack (D2H)         [CPU·IO]         0.3 s
    matvec                   [GPU·CPU·IO]     4.0 s   (GPU 2.4 · IO 0.0 · CPU 1.5)
      gemm                   [GPU]             2.1 s   (28.10 TFLOPS total · 7.03/GPU)
      kern                   [GPU]             0.3 s
      host                   [CPU]             1.5 s
        planEnum             [CPU]             0.5 s
        ctorAlloc(upload)    [CPU·IO]         0.2 s
        ctorGroup            [CPU]             0.3 s
        (other)              [CPU]             0.6 s
    decimate                 [CPU]             1.6 s
      rho (dist)             [CPU]             0.1 s
      eigh (dist)            [CPU]             0.5 s
      share (MPI wait)       [CPU·IO]         0.9 s
    grow                     [GPU·CPU·IO]     1.6 s   (GPU 0.2 · IO 0.2 · CPU 1.2) · 22.66 TFLOPS total · 5.66/GPU
      gpu_proj (project)     [GPU·CPU·IO]     1.0 s
        fap_exec             [GPU·IO]         0.6 s
      reduceSH (MPI)         [CPU·IO]         0.1 s
      (other)                [CPU]             0.5 s
    predict                  [CPU]             0.2 s
    ooc                      [IO]              0.0 s

################## Sweep 15/30 (forward) summary ##################
  Energy       -2987.3934755641 Ha
  dE vs prev sweep  -8.276e-07 Ha
  Discarded weight  3.681e-05  (max over this sweep's decimations)
  Rank 0: Host RAM sweep-peak 2282 MB · VmHWM 2286 MB   VRAM op-pool peak 492 MB · total peak 15430 MB
  Rank 1: Host RAM sweep-peak 2265 MB · VmHWM 2279 MB   VRAM op-pool peak 499 MB · total peak 15412 MB
  Rank 2: Host RAM sweep-peak 2260 MB · VmHWM 2265 MB   VRAM op-pool peak 484 MB · total peak 15368 MB
  Rank 3: Host RAM sweep-peak 2228 MB · VmHWM 2255 MB   VRAM op-pool peak 491 MB · total peak 15540 MB
  Block stores (peak bond, per rank): distributed A/B share 240 MB (~K²M²/np) · owner cre/des 17 · S 8 MB (~KM²/np) · replicated floor 3 MB [stubs 0 (~KM) · H 3 (~M²)]
  OOC scratch  14834 MB on disk  (sum over all ranks)
  Timings (wall 10.7 s)
    build                    [CPU]             1.8 s
      formPQ                 [GPU·CPU·IO]     0.7 s   (GPU 0.1 · IO 0.1 · CPU 0.5)
        transfer             [IO]              0.1 s
        exec-hostprep        [CPU]             0.3 s
        complete (MPI)       [IO]              0.1 s
        (other)              [CPU]             0.1 s
      [kern] executor reductions (all phases): res-zero 0.0 · gather 0.1 · reduce 0.1 · accumulate 0.0 s
      compS-form-gpu (MPI)   [GPU·CPU·IO]     0.9 s   (GPU 0.1 · IO 0.1 · CPU 0.7)
        recipe (host,replic) [CPU]             0.1 s
        form (gpu+D2H)       [GPU·IO]         0.4 s
        reduce (NCCL/host)   [IO]              0.1 s
        unpack (D2H)         [CPU·IO]         0.3 s
    matvec                   [GPU·CPU·IO]     4.0 s   (GPU 2.4 · IO 0.0 · CPU 1.5)
      gemm                   [GPU]             2.1 s   (27.70 TFLOPS total · 6.92/GPU)
      kern                   [GPU]             0.3 s
      host                   [CPU]             1.5 s
        planEnum             [CPU]             0.5 s
        ctorAlloc(upload)    [CPU·IO]         0.2 s
        ctorGroup            [CPU]             0.3 s
        (other)              [CPU]             0.6 s
    decimate                 [CPU]             1.8 s
      rho (dist)             [CPU]             0.1 s
      eigh (dist)            [CPU]             0.6 s
      share (MPI wait)       [CPU·IO]         1.1 s
    grow                     [GPU·CPU·IO]     1.6 s   (GPU 0.2 · IO 0.2 · CPU 1.2) · 23.38 TFLOPS total · 5.84/GPU
      gpu_proj (project)     [GPU·CPU·IO]     1.0 s
        fap_exec             [GPU·IO]         0.6 s
      reduceSH (MPI)         [CPU·IO]         0.1 s
      (other)                [CPU]             0.5 s
    predict                  [CPU]             0.2 s
    ooc                      [IO]              0.0 s

################## Sweep 16/30 (backward) summary ##################
  Energy       -2987.3934770906 Ha
  dE vs prev sweep  -1.526e-06 Ha
  Discarded weight  3.695e-05  (max over this sweep's decimations)
  Rank 0: Host RAM sweep-peak 2259 MB · VmHWM 2286 MB   VRAM op-pool peak 492 MB · total peak 15430 MB
  Rank 1: Host RAM sweep-peak 2252 MB · VmHWM 2279 MB   VRAM op-pool peak 499 MB · total peak 15412 MB
  Rank 2: Host RAM sweep-peak 2224 MB · VmHWM 2265 MB   VRAM op-pool peak 484 MB · total peak 15368 MB
  Rank 3: Host RAM sweep-peak 2279 MB · VmHWM 2283 MB   VRAM op-pool peak 491 MB · total peak 15540 MB
  Block stores (peak bond, per rank): distributed A/B share 241 MB (~K²M²/np) · owner cre/des 17 · S 8 MB (~KM²/np) · replicated floor 3 MB [stubs 0 (~KM) · H 3 (~M²)]
  OOC scratch  14818 MB on disk  (sum over all ranks)
  Timings (wall 10.6 s)
    build                    [CPU]             1.8 s
      formPQ                 [GPU·CPU·IO]     0.7 s   (GPU 0.1 · IO 0.1 · CPU 0.5)
        transfer             [IO]              0.1 s
        exec-hostprep        [CPU]             0.2 s
        complete (MPI)       [IO]              0.1 s
        (other)              [CPU]             0.1 s
      [kern] executor reductions (all phases): res-zero 0.0 · gather 0.1 · reduce 0.1 · accumulate 0.0 s
      compS-form-gpu (MPI)   [GPU·CPU·IO]     0.9 s   (GPU 0.1 · IO 0.1 · CPU 0.7)
        recipe (host,replic) [CPU]             0.1 s
        form (gpu+D2H)       [GPU·IO]         0.4 s
        reduce (NCCL/host)   [IO]              0.1 s
        unpack (D2H)         [CPU·IO]         0.3 s
    matvec                   [GPU·CPU·IO]     4.0 s   (GPU 2.4 · IO 0.0 · CPU 1.5)
      gemm                   [GPU]             2.1 s   (28.17 TFLOPS total · 7.04/GPU)
      kern                   [GPU]             0.3 s
      host                   [CPU]             1.5 s
        planEnum             [CPU]             0.5 s
        ctorAlloc(upload)    [CPU·IO]         0.2 s
        ctorGroup            [CPU]             0.3 s
        (other)              [CPU]             0.6 s
    decimate                 [CPU]             1.7 s
      rho (dist)             [CPU]             0.1 s
      eigh (dist)            [CPU]             0.6 s
      share (MPI wait)       [CPU·IO]         1.0 s
    grow                     [GPU·CPU·IO]     1.6 s   (GPU 0.2 · IO 0.2 · CPU 1.2) · 23.10 TFLOPS total · 5.77/GPU
      gpu_proj (project)     [GPU·CPU·IO]     0.9 s
        fap_exec             [GPU·IO]         0.6 s
      reduceSH (MPI)         [CPU·IO]         0.2 s
        sync (hash+wait)     [CPU·IO]         0.1 s
      (other)                [CPU]             0.5 s
    predict                  [CPU]             0.2 s
    ooc                      [IO]              0.0 s

################## Sweep 17/30 (forward) summary ##################
  Energy       -2987.3934782556 Ha
  dE vs prev sweep  -1.165e-06 Ha
  Discarded weight  3.698e-05  (max over this sweep's decimations)
  Rank 0: Host RAM sweep-peak 2256 MB · VmHWM 2287 MB   VRAM op-pool peak 492 MB · total peak 15430 MB
  Rank 1: Host RAM sweep-peak 2253 MB · VmHWM 2279 MB   VRAM op-pool peak 499 MB · total peak 15412 MB
  Rank 2: Host RAM sweep-peak 2243 MB · VmHWM 2265 MB   VRAM op-pool peak 484 MB · total peak 15368 MB
  Rank 3: Host RAM sweep-peak 2235 MB · VmHWM 2283 MB   VRAM op-pool peak 491 MB · total peak 15540 MB
  Block stores (peak bond, per rank): distributed A/B share 241 MB (~K²M²/np) · owner cre/des 17 · S 8 MB (~KM²/np) · replicated floor 3 MB [stubs 0 (~KM) · H 3 (~M²)]
  OOC scratch  14863 MB on disk  (sum over all ranks)
  Timings (wall 10.8 s)
    build                    [CPU]             1.8 s
      formPQ                 [GPU·CPU·IO]     0.7 s   (GPU 0.1 · IO 0.1 · CPU 0.5)
        transfer             [IO]              0.1 s
        exec-hostprep        [CPU]             0.2 s
        complete (MPI)       [IO]              0.1 s
        (other)              [CPU]             0.1 s
      [kern] executor reductions (all phases): res-zero 0.0 · gather 0.1 · reduce 0.1 · accumulate 0.0 s
      compS-form-gpu (MPI)   [GPU·CPU·IO]     0.9 s   (GPU 0.1 · IO 0.1 · CPU 0.7)
        recipe (host,replic) [CPU]             0.1 s
        form (gpu+D2H)       [GPU·IO]         0.4 s
        reduce (NCCL/host)   [IO]              0.1 s
        unpack (D2H)         [CPU·IO]         0.3 s
    matvec                   [GPU·CPU·IO]     4.0 s   (GPU 2.4 · IO 0.0 · CPU 1.5)
      gemm                   [GPU]             2.1 s   (27.81 TFLOPS total · 6.95/GPU)
      kern                   [GPU]             0.3 s
      host                   [CPU]             1.5 s
        planEnum             [CPU]             0.5 s
        ctorAlloc(upload)    [CPU·IO]         0.2 s
        ctorGroup            [CPU]             0.3 s
        (other)              [CPU]             0.6 s
    decimate                 [CPU]             1.8 s
      rho (dist)             [CPU]             0.1 s
      eigh (dist)            [CPU]             0.6 s
      share (MPI wait)       [CPU·IO]         1.1 s
    grow                     [GPU·CPU·IO]     1.6 s   (GPU 0.2 · IO 0.2 · CPU 1.2) · 23.62 TFLOPS total · 5.91/GPU
      gpu_proj (project)     [GPU·CPU·IO]     1.0 s
        fap_exec             [GPU·IO]         0.6 s
      reduceSH (MPI)         [CPU·IO]         0.1 s
        sync (hash+wait)     [CPU·IO]         0.1 s
      (other)                [CPU]             0.5 s
    predict                  [CPU]             0.2 s
    ooc                      [IO]              0.0 s

################## Sweep 18/30 (backward) summary ##################
  Energy       -2987.3934798145 Ha
  dE vs prev sweep  -1.559e-06 Ha
  Discarded weight  3.708e-05  (max over this sweep's decimations)
  Rank 0: Host RAM sweep-peak 2246 MB · VmHWM 2287 MB   VRAM op-pool peak 492 MB · total peak 15430 MB
  Rank 1: Host RAM sweep-peak 2287 MB · VmHWM 2292 MB   VRAM op-pool peak 499 MB · total peak 15412 MB
  Rank 2: Host RAM sweep-peak 2221 MB · VmHWM 2265 MB   VRAM op-pool peak 484 MB · total peak 15368 MB
  Rank 3: Host RAM sweep-peak 2256 MB · VmHWM 2283 MB   VRAM op-pool peak 491 MB · total peak 15540 MB
  Block stores (peak bond, per rank): distributed A/B share 240 MB (~K²M²/np) · owner cre/des 17 · S 8 MB (~KM²/np) · replicated floor 3 MB [stubs 0 (~KM) · H 3 (~M²)]
  OOC scratch  14749 MB on disk  (sum over all ranks)
  Timings (wall 10.6 s)
    build                    [CPU]             1.8 s
      formPQ                 [GPU·CPU·IO]     0.7 s   (GPU 0.1 · IO 0.1 · CPU 0.5)
        transfer             [IO]              0.1 s
        exec-hostprep        [CPU]             0.2 s
        complete (MPI)       [IO]              0.1 s
        (other)              [CPU]             0.1 s
      [kern] executor reductions (all phases): res-zero 0.0 · gather 0.1 · reduce 0.1 · accumulate 0.0 s
      compS-form-gpu (MPI)   [GPU·CPU·IO]     0.9 s   (GPU 0.1 · IO 0.1 · CPU 0.7)
        recipe (host,replic) [CPU]             0.1 s
        form (gpu+D2H)       [GPU·IO]         0.4 s
        reduce (NCCL/host)   [IO]              0.1 s
        unpack (D2H)         [CPU·IO]         0.3 s
    matvec                   [GPU·CPU·IO]     4.0 s   (GPU 2.4 · IO 0.0 · CPU 1.5)
      gemm                   [GPU]             2.1 s   (28.13 TFLOPS total · 7.03/GPU)
      kern                   [GPU]             0.3 s
      host                   [CPU]             1.5 s
        planEnum             [CPU]             0.5 s
        ctorAlloc(upload)    [CPU·IO]         0.2 s
        ctorGroup            [CPU]             0.3 s
        (other)              [CPU]             0.6 s
    decimate                 [CPU]             1.8 s
      rho (dist)             [CPU]             0.1 s
      eigh (dist)            [CPU]             0.6 s
      share (MPI wait)       [CPU·IO]         1.1 s
    grow                     [GPU·CPU·IO]     1.5 s   (GPU 0.2 · IO 0.2 · CPU 1.1) · 23.08 TFLOPS total · 5.77/GPU
      gpu_proj (project)     [GPU·CPU·IO]     0.9 s
        fap_exec             [GPU·IO]         0.6 s
      reduceSH (MPI)         [CPU·IO]         0.1 s
      (other)                [CPU]             0.5 s
    predict                  [CPU]             0.2 s
    ooc                      [IO]              0.0 s

################## Sweep 19/30 (forward) summary ##################
  Energy       -2987.3934802850 Ha
  dE vs prev sweep  -4.705e-07 Ha
  Discarded weight  3.708e-05  (max over this sweep's decimations)
  Rank 0: Host RAM sweep-peak 2298 MB · VmHWM 2302 MB   VRAM op-pool peak 492 MB · total peak 15430 MB
  Rank 1: Host RAM sweep-peak 2302 MB · VmHWM 2306 MB   VRAM op-pool peak 499 MB · total peak 15412 MB
  Rank 2: Host RAM sweep-peak 2259 MB · VmHWM 2265 MB   VRAM op-pool peak 484 MB · total peak 15368 MB
  Rank 3: Host RAM sweep-peak 2265 MB · VmHWM 2283 MB   VRAM op-pool peak 491 MB · total peak 15540 MB
  Block stores (peak bond, per rank): distributed A/B share 241 MB (~K²M²/np) · owner cre/des 17 · S 8 MB (~KM²/np) · replicated floor 3 MB [stubs 0 (~KM) · H 3 (~M²)]
  OOC scratch  14874 MB on disk  (sum over all ranks)
  Timings (wall 10.7 s)
    build                    [CPU]             1.8 s
      formPQ                 [GPU·CPU·IO]     0.7 s   (GPU 0.1 · IO 0.1 · CPU 0.4)
        transfer             [IO]              0.1 s
        exec-hostprep        [CPU]             0.2 s
        complete (MPI)       [IO]              0.1 s
        (other)              [CPU]             0.1 s
      [kern] executor reductions (all phases): res-zero 0.0 · gather 0.1 · reduce 0.1 · accumulate 0.0 s
      compS-form-gpu (MPI)   [GPU·CPU·IO]     0.9 s   (GPU 0.1 · IO 0.1 · CPU 0.7)
        recipe (host,replic) [CPU]             0.1 s
        form (gpu+D2H)       [GPU·IO]         0.4 s
        reduce (NCCL/host)   [IO]              0.1 s
        unpack (D2H)         [CPU·IO]         0.3 s
    matvec                   [GPU·CPU·IO]     4.0 s   (GPU 2.5 · IO 0.0 · CPU 1.5)
      gemm                   [GPU]             2.1 s   (27.39 TFLOPS total · 6.85/GPU)
      kern                   [GPU]             0.3 s
      host                   [CPU]             1.5 s
        planEnum             [CPU]             0.5 s
        ctorAlloc(upload)    [CPU·IO]         0.2 s
        ctorGroup            [CPU]             0.3 s
        (other)              [CPU]             0.6 s
    decimate                 [CPU]             1.8 s
      rho (dist)             [CPU]             0.1 s
      eigh (dist)            [CPU]             0.5 s
      share (MPI wait)       [CPU·IO]         1.1 s
    grow                     [GPU·CPU·IO]     1.6 s   (GPU 0.2 · IO 0.2 · CPU 1.2) · 24.03 TFLOPS total · 6.01/GPU
      gpu_proj (project)     [GPU·CPU·IO]     1.0 s
        fap_exec             [GPU·IO]         0.6 s
      reduceSH (MPI)         [CPU·IO]         0.1 s
        sync (hash+wait)     [CPU·IO]         0.1 s
      (other)                [CPU]             0.5 s
    predict                  [CPU]             0.2 s
    ooc                      [IO]              0.0 s

################## Sweep 20/30 (backward) summary ##################
  Energy       -2987.3934815106 Ha
  dE vs prev sweep  -1.226e-06 Ha
  Discarded weight  3.712e-05  (max over this sweep's decimations)
  Rank 0: Host RAM sweep-peak 2289 MB · VmHWM 2302 MB   VRAM op-pool peak 492 MB · total peak 15430 MB
  Rank 1: Host RAM sweep-peak 2273 MB · VmHWM 2306 MB   VRAM op-pool peak 499 MB · total peak 15412 MB
  Rank 2: Host RAM sweep-peak 2234 MB · VmHWM 2265 MB   VRAM op-pool peak 484 MB · total peak 15368 MB
  Rank 3: Host RAM sweep-peak 2275 MB · VmHWM 2283 MB   VRAM op-pool peak 491 MB · total peak 15540 MB
  Block stores (peak bond, per rank): distributed A/B share 243 MB (~K²M²/np) · owner cre/des 17 · S 8 MB (~KM²/np) · replicated floor 3 MB [stubs 0 (~KM) · H 3 (~M²)]
  OOC scratch  14841 MB on disk  (sum over all ranks)
  Timings (wall 10.5 s)
    build                    [CPU]             1.8 s
      formPQ                 [GPU·CPU·IO]     0.7 s   (GPU 0.1 · IO 0.1 · CPU 0.4)
        transfer             [IO]              0.1 s
        exec-hostprep        [CPU]             0.2 s
        complete (MPI)       [IO]              0.1 s
        (other)              [CPU]             0.1 s
      [kern] executor reductions (all phases): res-zero 0.0 · gather 0.1 · reduce 0.1 · accumulate 0.0 s
      compPQ-form            [CPU]             0.1 s
        match                [CPU]             0.1 s
      compS-form-gpu (MPI)   [GPU·CPU·IO]     0.9 s   (GPU 0.1 · IO 0.1 · CPU 0.7)
        recipe (host,replic) [CPU]             0.1 s
        form (gpu+D2H)       [GPU·IO]         0.4 s
        reduce (NCCL/host)   [IO]              0.1 s
        unpack (D2H)         [CPU·IO]         0.3 s
    matvec                   [GPU·CPU·IO]     4.0 s   (GPU 2.5 · IO 0.0 · CPU 1.5)
      gemm                   [GPU]             2.1 s   (27.63 TFLOPS total · 6.91/GPU)
      kern                   [GPU]             0.3 s
      host                   [CPU]             1.5 s
        planEnum             [CPU]             0.5 s
        ctorAlloc(upload)    [CPU·IO]         0.2 s
        ctorGroup            [CPU]             0.3 s
        (other)              [CPU]             0.6 s
    decimate                 [CPU]             1.7 s
      rho (dist)             [CPU]             0.1 s
      eigh (dist)            [CPU]             0.6 s
      share (MPI wait)       [CPU·IO]         1.0 s
    grow                     [GPU·CPU·IO]     1.6 s   (GPU 0.2 · IO 0.2 · CPU 1.1) · 22.29 TFLOPS total · 5.57/GPU
      gpu_proj (project)     [GPU·CPU·IO]     1.0 s
        fap_exec             [GPU·IO]         0.6 s
      reduceSH (MPI)         [CPU·IO]         0.1 s
        sync (hash+wait)     [CPU·IO]         0.1 s
      (other)                [CPU]             0.5 s
    predict                  [CPU]             0.2 s
    ooc                      [IO]              0.0 s

################## Sweep 21/30 (forward) summary ##################
  Energy       -2987.3934821044 Ha
  dE vs prev sweep  -5.938e-07 Ha
  Discarded weight  3.709e-05  (max over this sweep's decimations)
  Rank 0: Host RAM sweep-peak 2317 MB · VmHWM 2321 MB   VRAM op-pool peak 492 MB · total peak 15430 MB
  Rank 1: Host RAM sweep-peak 2276 MB · VmHWM 2306 MB   VRAM op-pool peak 499 MB · total peak 15412 MB
  Rank 2: Host RAM sweep-peak 2263 MB · VmHWM 2267 MB   VRAM op-pool peak 484 MB · total peak 15368 MB
  Rank 3: Host RAM sweep-peak 2249 MB · VmHWM 2283 MB   VRAM op-pool peak 491 MB · total peak 15540 MB
  Block stores (peak bond, per rank): distributed A/B share 240 MB (~K²M²/np) · owner cre/des 17 · S 8 MB (~KM²/np) · replicated floor 3 MB [stubs 0 (~KM) · H 3 (~M²)]
  OOC scratch  14882 MB on disk  (sum over all ranks)
  Timings (wall 10.9 s)
    build                    [CPU]             1.8 s
      formPQ                 [GPU·CPU·IO]     0.7 s   (GPU 0.1 · IO 0.1 · CPU 0.5)
        transfer             [IO]              0.1 s
        exec-hostprep        [CPU]             0.3 s
        complete (MPI)       [IO]              0.1 s
        (other)              [CPU]             0.1 s
      [kern] executor reductions (all phases): res-zero 0.0 · gather 0.1 · reduce 0.1 · accumulate 0.0 s
      compS-form-gpu (MPI)   [GPU·CPU·IO]     0.9 s   (GPU 0.1 · IO 0.1 · CPU 0.7)
        recipe (host,replic) [CPU]             0.1 s
        form (gpu+D2H)       [GPU·IO]         0.4 s
        reduce (NCCL/host)   [IO]              0.1 s
        unpack (D2H)         [CPU·IO]         0.3 s
    matvec                   [GPU·CPU·IO]     4.1 s   (GPU 2.5 · IO 0.0 · CPU 1.5)
      gemm                   [GPU]             2.2 s   (26.74 TFLOPS total · 6.69/GPU)
      kern                   [GPU]             0.3 s
      host                   [CPU]             1.5 s
        planEnum             [CPU]             0.5 s
        ctorAlloc(upload)    [CPU·IO]         0.2 s
        ctorGroup            [CPU]             0.3 s
        (other)              [CPU]             0.6 s
    decimate                 [CPU]             1.9 s
      rho (dist)             [CPU]             0.1 s
      eigh (dist)            [CPU]             0.6 s
      share (MPI wait)       [CPU·IO]         1.1 s
    grow                     [GPU·CPU·IO]     1.6 s   (GPU 0.2 · IO 0.2 · CPU 1.2) · 23.34 TFLOPS total · 5.84/GPU
      gpu_proj (project)     [GPU·CPU·IO]     0.9 s
        fap_exec             [GPU·IO]         0.6 s
      reduceSH (MPI)         [CPU·IO]         0.1 s
        sync (hash+wait)     [CPU·IO]         0.1 s
      (other)                [CPU]             0.5 s
    predict                  [CPU]             0.2 s
    ooc                      [IO]              0.0 s

################## Sweep 22/30 (backward) summary ##################
  Energy       -2987.3934833877 Ha
  dE vs prev sweep  -1.283e-06 Ha
  Discarded weight  3.715e-05  (max over this sweep's decimations)
  Rank 0: Host RAM sweep-peak 2274 MB · VmHWM 2321 MB   VRAM op-pool peak 492 MB · total peak 15430 MB
  Rank 1: Host RAM sweep-peak 2294 MB · VmHWM 2306 MB   VRAM op-pool peak 499 MB · total peak 15412 MB
  Rank 2: Host RAM sweep-peak 2246 MB · VmHWM 2267 MB   VRAM op-pool peak 484 MB · total peak 15368 MB
  Rank 3: Host RAM sweep-peak 2230 MB · VmHWM 2283 MB   VRAM op-pool peak 491 MB · total peak 15540 MB
  Block stores (peak bond, per rank): distributed A/B share 242 MB (~K²M²/np) · owner cre/des 17 · S 8 MB (~KM²/np) · replicated floor 3 MB [stubs 0 (~KM) · H 3 (~M²)]
  OOC scratch  14858 MB on disk  (sum over all ranks)
  Timings (wall 10.9 s)
    build                    [CPU]             1.7 s
      formPQ                 [GPU·CPU·IO]     0.6 s   (GPU 0.1 · IO 0.1 · CPU 0.4)
        transfer             [IO]              0.1 s
        exec-hostprep        [CPU]             0.2 s
        complete (MPI)       [IO]              0.1 s
        (other)              [CPU]             0.1 s
      [kern] executor reductions (all phases): res-zero 0.0 · gather 0.1 · reduce 0.1 · accumulate 0.0 s
      compPQ-form            [CPU]             0.1 s
      compS-form-gpu (MPI)   [GPU·CPU·IO]     0.9 s   (GPU 0.1 · IO 0.1 · CPU 0.7)
        recipe (host,replic) [CPU]             0.1 s
        form (gpu+D2H)       [GPU·IO]         0.5 s
        reduce (NCCL/host)   [IO]              0.1 s
        unpack (D2H)         [CPU·IO]         0.3 s
    matvec                   [GPU·CPU·IO]     4.0 s   (GPU 2.5 · IO 0.0 · CPU 1.5)
      gemm                   [GPU]             2.1 s   (27.22 TFLOPS total · 6.80/GPU)
      kern                   [GPU]             0.3 s
      host                   [CPU]             1.5 s
        planEnum             [CPU]             0.5 s
        ctorAlloc(upload)    [CPU·IO]         0.2 s
        ctorGroup            [CPU]             0.3 s
        (other)              [CPU]             0.6 s
    decimate                 [CPU]             1.8 s
      rho (dist)             [CPU]             0.1 s
      eigh (dist)            [CPU]             0.6 s
      share (MPI wait)       [CPU·IO]         1.1 s
    grow                     [GPU·CPU·IO]     1.5 s   (GPU 0.2 · IO 0.2 · CPU 1.1) · 22.81 TFLOPS total · 5.70/GPU
      gpu_proj (project)     [GPU·CPU·IO]     0.9 s
        fap_exec             [GPU·IO]         0.6 s
      reduceSH (MPI)         [CPU·IO]         0.1 s
        sync (hash+wait)     [CPU·IO]         0.1 s
      (other)                [CPU]             0.5 s
    predict                  [CPU]             0.2 s
    ooc                      [IO]              0.0 s

################## Sweep 23/30 (forward) summary ##################
  Energy       -2987.3934835530 Ha
  dE vs prev sweep  -1.654e-07 Ha
  Discarded weight  3.714e-05  (max over this sweep's decimations)
  Rank 0: Host RAM sweep-peak 2285 MB · VmHWM 2321 MB   VRAM op-pool peak 492 MB · total peak 15430 MB
  Rank 1: Host RAM sweep-peak 2241 MB · VmHWM 2306 MB   VRAM op-pool peak 499 MB · total peak 15412 MB
  Rank 2: Host RAM sweep-peak 2288 MB · VmHWM 2292 MB   VRAM op-pool peak 484 MB · total peak 15368 MB
  Rank 3: Host RAM sweep-peak 2235 MB · VmHWM 2283 MB   VRAM op-pool peak 491 MB · total peak 15540 MB
  Block stores (peak bond, per rank): distributed A/B share 241 MB (~K²M²/np) · owner cre/des 17 · S 8 MB (~KM²/np) · replicated floor 3 MB [stubs 0 (~KM) · H 3 (~M²)]
  OOC scratch  14843 MB on disk  (sum over all ranks)
  Timings (wall 10.8 s)
    build                    [CPU]             1.8 s
      formPQ                 [GPU·CPU·IO]     0.7 s   (GPU 0.1 · IO 0.1 · CPU 0.5)
        transfer             [IO]              0.1 s
        exec-hostprep        [CPU]             0.2 s
        complete (MPI)       [IO]              0.1 s
        (other)              [CPU]             0.1 s
      [kern] executor reductions (all phases): res-zero 0.0 · gather 0.1 · reduce 0.1 · accumulate 0.0 s
      compS-form-gpu (MPI)   [GPU·CPU·IO]     0.9 s   (GPU 0.1 · IO 0.1 · CPU 0.7)
        recipe (host,replic) [CPU]             0.1 s
        form (gpu+D2H)       [GPU·IO]         0.4 s
        reduce (NCCL/host)   [IO]              0.1 s
        unpack (D2H)         [CPU·IO]         0.3 s
    matvec                   [GPU·CPU·IO]     4.1 s   (GPU 2.5 · IO 0.0 · CPU 1.5)
      gemm                   [GPU]             2.2 s   (26.60 TFLOPS total · 6.65/GPU)
      kern                   [GPU]             0.3 s
      host                   [CPU]             1.5 s
        planEnum             [CPU]             0.5 s
        ctorAlloc(upload)    [CPU·IO]         0.2 s
        ctorGroup            [CPU]             0.3 s
        (other)              [CPU]             0.6 s
    decimate                 [CPU]             1.7 s
      rho (dist)             [CPU]             0.1 s
      eigh (dist)            [CPU]             0.6 s
      share (MPI wait)       [CPU·IO]         1.0 s
    grow                     [GPU·CPU·IO]     1.6 s   (GPU 0.2 · IO 0.2 · CPU 1.2) · 22.88 TFLOPS total · 5.72/GPU
      gpu_proj (project)     [GPU·CPU·IO]     1.0 s
        fap_exec             [GPU·IO]         0.7 s
      reduceSH (MPI)         [CPU·IO]         0.1 s
      (other)                [CPU]             0.5 s
    predict                  [CPU]             0.2 s
    ooc                      [IO]              0.0 s

################## Sweep 24/30 (backward) summary ##################
  Energy       -2987.3934837912 Ha
  dE vs prev sweep  -2.382e-07 Ha
  Discarded weight  3.719e-05  (max over this sweep's decimations)
  Rank 0: Host RAM sweep-peak 2242 MB · VmHWM 2321 MB   VRAM op-pool peak 492 MB · total peak 15430 MB
  Rank 1: Host RAM sweep-peak 2267 MB · VmHWM 2306 MB   VRAM op-pool peak 499 MB · total peak 15412 MB
  Rank 2: Host RAM sweep-peak 2221 MB · VmHWM 2292 MB   VRAM op-pool peak 484 MB · total peak 15368 MB
  Rank 3: Host RAM sweep-peak 2272 MB · VmHWM 2283 MB   VRAM op-pool peak 491 MB · total peak 15540 MB
  Block stores (peak bond, per rank): distributed A/B share 239 MB (~K²M²/np) · owner cre/des 17 · S 8 MB (~KM²/np) · replicated floor 3 MB [stubs 0 (~KM) · H 3 (~M²)]
  OOC scratch  14852 MB on disk  (sum over all ranks)
  Timings (wall 10.5 s)
    build                    [CPU]             1.7 s
      formPQ                 [GPU·CPU·IO]     0.7 s   (GPU 0.1 · IO 0.1 · CPU 0.5)
        transfer             [IO]              0.1 s
        exec-hostprep        [CPU]             0.2 s
        complete (MPI)       [IO]              0.1 s
        (other)              [CPU]             0.1 s
      [kern] executor reductions (all phases): res-zero 0.0 · gather 0.1 · reduce 0.1 · accumulate 0.0 s
      compPQ-form            [CPU]             0.1 s
      compS-form-gpu (MPI)   [GPU·CPU·IO]     0.9 s   (GPU 0.1 · IO 0.1 · CPU 0.7)
        recipe (host,replic) [CPU]             0.1 s
        form (gpu+D2H)       [GPU·IO]         0.4 s
        reduce (NCCL/host)   [IO]              0.1 s
        unpack (D2H)         [CPU·IO]         0.3 s
    matvec                   [GPU·CPU·IO]     4.0 s   (GPU 2.5 · IO 0.0 · CPU 1.5)
      gemm                   [GPU]             2.1 s   (27.25 TFLOPS total · 6.81/GPU)
      kern                   [GPU]             0.3 s
      host                   [CPU]             1.5 s
        planEnum             [CPU]             0.5 s
        ctorAlloc(upload)    [CPU·IO]         0.2 s
        ctorGroup            [CPU]             0.3 s
        (other)              [CPU]             0.6 s
    decimate                 [CPU]             1.6 s
      rho (dist)             [CPU]             0.1 s
      eigh (dist)            [CPU]             0.6 s
      share (MPI wait)       [CPU·IO]         1.0 s
    grow                     [GPU·CPU·IO]     1.6 s   (GPU 0.2 · IO 0.2 · CPU 1.2) · 22.21 TFLOPS total · 5.55/GPU
      gpu_proj (project)     [GPU·CPU·IO]     1.0 s
        fap_exec             [GPU·IO]         0.6 s
      reduceSH (MPI)         [CPU·IO]         0.1 s
        sync (hash+wait)     [CPU·IO]         0.1 s
      (other)                [CPU]             0.5 s
    predict                  [CPU]             0.2 s
    ooc                      [IO]              0.0 s

################## Sweep 25/30 (forward) summary ##################
  Energy       -2987.3934838330 Ha
  dE vs prev sweep  -4.181e-08 Ha
  Discarded weight  3.719e-05  (max over this sweep's decimations)
  Rank 0: Host RAM sweep-peak 2297 MB · VmHWM 2321 MB   VRAM op-pool peak 492 MB · total peak 15430 MB
  Rank 1: Host RAM sweep-peak 2289 MB · VmHWM 2306 MB   VRAM op-pool peak 499 MB · total peak 15412 MB
  Rank 2: Host RAM sweep-peak 2305 MB · VmHWM 2309 MB   VRAM op-pool peak 484 MB · total peak 15368 MB
  Rank 3: Host RAM sweep-peak 2240 MB · VmHWM 2283 MB   VRAM op-pool peak 491 MB · total peak 15540 MB
  Block stores (peak bond, per rank): distributed A/B share 239 MB (~K²M²/np) · owner cre/des 17 · S 8 MB (~KM²/np) · replicated floor 3 MB [stubs 0 (~KM) · H 3 (~M²)]
  OOC scratch  14905 MB on disk  (sum over all ranks)
  Timings (wall 11.5 s)
    build                    [CPU]             1.8 s
      formPQ                 [GPU·CPU·IO]     0.7 s   (GPU 0.1 · IO 0.1 · CPU 0.5)
        transfer             [IO]              0.1 s
        exec-hostprep        [CPU]             0.3 s
        complete (MPI)       [IO]              0.1 s
        (other)              [CPU]             0.1 s
      [kern] executor reductions (all phases): res-zero 0.0 · gather 0.1 · reduce 0.1 · accumulate 0.0 s
      compS-form-gpu (MPI)   [GPU·CPU·IO]     0.9 s   (GPU 0.1 · IO 0.1 · CPU 0.7)
        recipe (host,replic) [CPU]             0.1 s
        form (gpu+D2H)       [GPU·IO]         0.4 s
        reduce (NCCL/host)   [IO]              0.1 s
        unpack (D2H)         [CPU·IO]         0.3 s
    matvec                   [GPU·CPU·IO]     4.0 s   (GPU 2.5 · IO 0.0 · CPU 1.5)
      gemm                   [GPU]             2.2 s   (26.73 TFLOPS total · 6.68/GPU)
      kern                   [GPU]             0.3 s
      host                   [CPU]             1.5 s
        planEnum             [CPU]             0.5 s
        ctorAlloc(upload)    [CPU·IO]         0.2 s
        ctorGroup            [CPU]             0.3 s
        (other)              [CPU]             0.6 s
    decimate                 [CPU]             1.8 s
      rho (dist)             [CPU]             0.1 s
      eigh (dist)            [CPU]             0.6 s
      share (MPI wait)       [CPU·IO]         1.1 s
    grow                     [GPU·CPU·IO]     1.6 s   (GPU 0.2 · IO 0.2 · CPU 1.2) · 23.56 TFLOPS total · 5.89/GPU
      gpu_proj (project)     [GPU·CPU·IO]     1.0 s
        fap_exec             [GPU·IO]         0.6 s
      reduceSH (MPI)         [CPU·IO]         0.1 s
        sync (hash+wait)     [CPU·IO]         0.1 s
      (other)                [CPU]             0.5 s
    predict                  [CPU]             0.2 s
    ooc                      [IO]              0.0 s

################## Sweep 26/30 (backward) summary ##################
  Energy       -2987.3934840389 Ha
  dE vs prev sweep  -2.059e-07 Ha
  Discarded weight  3.722e-05  (max over this sweep's decimations)
  Rank 0: Host RAM sweep-peak 2303 MB · VmHWM 2321 MB   VRAM op-pool peak 492 MB · total peak 15430 MB
  Rank 1: Host RAM sweep-peak 2271 MB · VmHWM 2306 MB   VRAM op-pool peak 499 MB · total peak 15412 MB
  Rank 2: Host RAM sweep-peak 2230 MB · VmHWM 2309 MB   VRAM op-pool peak 484 MB · total peak 15368 MB
  Rank 3: Host RAM sweep-peak 2284 MB · VmHWM 2288 MB   VRAM op-pool peak 491 MB · total peak 15540 MB
  Block stores (peak bond, per rank): distributed A/B share 243 MB (~K²M²/np) · owner cre/des 17 · S 8 MB (~KM²/np) · replicated floor 3 MB [stubs 0 (~KM) · H 3 (~M²)]
  OOC scratch  14943 MB on disk  (sum over all ranks)
  Timings (wall 10.6 s)
    build                    [CPU]             1.8 s
      formPQ                 [GPU·CPU·IO]     0.7 s   (GPU 0.1 · IO 0.1 · CPU 0.5)
        transfer             [IO]              0.1 s
        exec-hostprep        [CPU]             0.2 s
        complete (MPI)       [IO]              0.1 s
        (other)              [CPU]             0.1 s
      [kern] executor reductions (all phases): res-zero 0.0 · gather 0.1 · reduce 0.1 · accumulate 0.0 s
      compS-form-gpu (MPI)   [GPU·CPU·IO]     0.9 s   (GPU 0.1 · IO 0.1 · CPU 0.7)
        recipe (host,replic) [CPU]             0.1 s
        form (gpu+D2H)       [GPU·IO]         0.4 s
        reduce (NCCL/host)   [IO]              0.1 s
        unpack (D2H)         [CPU·IO]         0.3 s
    matvec                   [GPU·CPU·IO]     4.0 s   (GPU 2.5 · IO 0.0 · CPU 1.5)
      gemm                   [GPU]             2.1 s   (27.37 TFLOPS total · 6.84/GPU)
      kern                   [GPU]             0.3 s
      host                   [CPU]             1.5 s
        planEnum             [CPU]             0.5 s
        ctorAlloc(upload)    [CPU·IO]         0.2 s
        ctorGroup            [CPU]             0.3 s
        (other)              [CPU]             0.6 s
    decimate                 [CPU]             1.8 s
      rho (dist)             [CPU]             0.1 s
      eigh (dist)            [CPU]             0.6 s
      share (MPI wait)       [CPU·IO]         1.1 s
    grow                     [GPU·CPU·IO]     1.6 s   (GPU 0.2 · IO 0.2 · CPU 1.1) · 22.95 TFLOPS total · 5.74/GPU
      gpu_proj (project)     [GPU·CPU·IO]     0.9 s
        fap_exec             [GPU·IO]         0.6 s
      reduceSH (MPI)         [CPU·IO]         0.2 s
        sync (hash+wait)     [CPU·IO]         0.1 s
      (other)                [CPU]             0.5 s
    predict                  [CPU]             0.2 s
    ooc                      [IO]              0.0 s

################## Sweep 27/30 (forward) summary ##################
  Energy       -2987.3934841615 Ha
  dE vs prev sweep  -1.226e-07 Ha
  Discarded weight  3.725e-05  (max over this sweep's decimations)
  Rank 0: Host RAM sweep-peak 2264 MB · VmHWM 2321 MB   VRAM op-pool peak 492 MB · total peak 15430 MB
  Rank 1: Host RAM sweep-peak 2253 MB · VmHWM 2306 MB   VRAM op-pool peak 499 MB · total peak 15412 MB
  Rank 2: Host RAM sweep-peak 2258 MB · VmHWM 2309 MB   VRAM op-pool peak 484 MB · total peak 15368 MB
  Rank 3: Host RAM sweep-peak 2236 MB · VmHWM 2288 MB   VRAM op-pool peak 491 MB · total peak 15540 MB
  Block stores (peak bond, per rank): distributed A/B share 242 MB (~K²M²/np) · owner cre/des 17 · S 8 MB (~KM²/np) · replicated floor 3 MB [stubs 0 (~KM) · H 3 (~M²)]
  OOC scratch  14895 MB on disk  (sum over all ranks)
  Timings (wall 11.0 s)
    build                    [CPU]             1.9 s
      formPQ                 [GPU·CPU·IO]     0.7 s   (GPU 0.1 · IO 0.1 · CPU 0.5)
        transfer             [IO]              0.1 s
        exec-hostprep        [CPU]             0.3 s
        complete (MPI)       [IO]              0.1 s
        (other)              [CPU]             0.1 s
      [kern] executor reductions (all phases): res-zero 0.0 · gather 0.1 · reduce 0.1 · accumulate 0.0 s
      compS-form-gpu (MPI)   [GPU·CPU·IO]     1.0 s   (GPU 0.1 · IO 0.1 · CPU 0.8)
        recipe (host,replic) [CPU]             0.1 s
        form (gpu+D2H)       [GPU·IO]         0.5 s
        reduce (NCCL/host)   [IO]              0.2 s
        unpack (D2H)         [CPU·IO]         0.3 s
    matvec                   [GPU·CPU·IO]     4.1 s   (GPU 2.5 · IO 0.0 · CPU 1.6)
      gemm                   [GPU]             2.2 s   (26.73 TFLOPS total · 6.68/GPU)
      kern                   [GPU]             0.3 s
      host                   [CPU]             1.6 s
        planEnum             [CPU]             0.5 s
        ctorAlloc(upload)    [CPU·IO]         0.2 s
        ctorGroup            [CPU]             0.3 s
        ctorForm             [GPU]             0.1 s
        (other)              [CPU]             0.6 s
    decimate                 [CPU]             1.8 s
      rho (dist)             [CPU]             0.1 s
      eigh (dist)            [CPU]             0.6 s
      share (MPI wait)       [CPU·IO]         1.1 s
    grow                     [GPU·CPU·IO]     1.6 s   (GPU 0.2 · IO 0.2 · CPU 1.2) · 23.03 TFLOPS total · 5.76/GPU
      gpu_proj (project)     [GPU·CPU·IO]     1.0 s
        fap_exec             [GPU·IO]         0.6 s
      reduceSH (MPI)         [CPU·IO]         0.1 s
      (other)                [CPU]             0.5 s
    predict                  [CPU]             0.2 s
    ooc                      [IO]              0.0 s

################## Sweep 28/30 (backward) summary ##################
  Energy       -2987.3934845839 Ha
  dE vs prev sweep  -4.224e-07 Ha
  Discarded weight  3.728e-05  (max over this sweep's decimations)
  Rank 0: Host RAM sweep-peak 2285 MB · VmHWM 2321 MB   VRAM op-pool peak 492 MB · total peak 15430 MB
  Rank 1: Host RAM sweep-peak 2277 MB · VmHWM 2306 MB   VRAM op-pool peak 499 MB · total peak 15412 MB
  Rank 2: Host RAM sweep-peak 2255 MB · VmHWM 2309 MB   VRAM op-pool peak 484 MB · total peak 15368 MB
  Rank 3: Host RAM sweep-peak 2283 MB · VmHWM 2288 MB   VRAM op-pool peak 491 MB · total peak 15540 MB
  Block stores (peak bond, per rank): distributed A/B share 240 MB (~K²M²/np) · owner cre/des 17 · S 8 MB (~KM²/np) · replicated floor 3 MB [stubs 0 (~KM) · H 3 (~M²)]
  OOC scratch  14862 MB on disk  (sum over all ranks)
  Timings (wall 10.6 s)
    build                    [CPU]             1.8 s
      formPQ                 [GPU·CPU·IO]     0.7 s   (GPU 0.1 · IO 0.1 · CPU 0.5)
        transfer             [IO]              0.1 s
        exec-hostprep        [CPU]             0.2 s
        complete (MPI)       [IO]              0.1 s
        (other)              [CPU]             0.1 s
      [kern] executor reductions (all phases): res-zero 0.0 · gather 0.1 · reduce 0.1 · accumulate 0.0 s
      compS-form-gpu (MPI)   [GPU·CPU·IO]     0.9 s   (GPU 0.1 · IO 0.1 · CPU 0.7)
        recipe (host,replic) [CPU]             0.1 s
        form (gpu+D2H)       [GPU·IO]         0.5 s
        reduce (NCCL/host)   [IO]              0.1 s
        unpack (D2H)         [CPU·IO]         0.3 s
    matvec                   [GPU·CPU·IO]     4.0 s   (GPU 2.4 · IO 0.0 · CPU 1.5)
      gemm                   [GPU]             2.1 s   (27.43 TFLOPS total · 6.86/GPU)
      kern                   [GPU]             0.3 s
      host                   [CPU]             1.5 s
        planEnum             [CPU]             0.5 s
        ctorAlloc(upload)    [CPU·IO]         0.2 s
        ctorGroup            [CPU]             0.3 s
        (other)              [CPU]             0.6 s
    decimate                 [CPU]             1.8 s
      rho (dist)             [CPU]             0.1 s
      eigh (dist)            [CPU]             0.6 s
      share (MPI wait)       [CPU·IO]         1.1 s
    grow                     [GPU·CPU·IO]     1.5 s   (GPU 0.2 · IO 0.2 · CPU 1.1) · 23.24 TFLOPS total · 5.81/GPU
      gpu_proj (project)     [GPU·CPU·IO]     0.9 s
        fap_exec             [GPU·IO]         0.6 s
      reduceSH (MPI)         [CPU·IO]         0.1 s
        sync (hash+wait)     [CPU·IO]         0.1 s
      (other)                [CPU]             0.5 s
    predict                  [CPU]             0.1 s
    ooc                      [IO]              0.0 s

################## Sweep 29/30 (forward) summary ##################
  Energy       -2987.3934847148 Ha
  dE vs prev sweep  -1.309e-07 Ha
  Discarded weight  3.730e-05  (max over this sweep's decimations)
  Rank 0: Host RAM sweep-peak 2254 MB · VmHWM 2321 MB   VRAM op-pool peak 492 MB · total peak 15430 MB
  Rank 1: Host RAM sweep-peak 2249 MB · VmHWM 2306 MB   VRAM op-pool peak 499 MB · total peak 15412 MB
  Rank 2: Host RAM sweep-peak 2272 MB · VmHWM 2309 MB   VRAM op-pool peak 484 MB · total peak 15368 MB
  Rank 3: Host RAM sweep-peak 2225 MB · VmHWM 2288 MB   VRAM op-pool peak 491 MB · total peak 15540 MB
  Block stores (peak bond, per rank): distributed A/B share 242 MB (~K²M²/np) · owner cre/des 17 · S 8 MB (~KM²/np) · replicated floor 3 MB [stubs 0 (~KM) · H 3 (~M²)]
  OOC scratch  14885 MB on disk  (sum over all ranks)
  Timings (wall 10.8 s)
    build                    [CPU]             1.8 s
      formPQ                 [GPU·CPU·IO]     0.7 s   (GPU 0.1 · IO 0.1 · CPU 0.5)
        transfer             [IO]              0.1 s
        exec-hostprep        [CPU]             0.3 s
        complete (MPI)       [IO]              0.1 s
        (other)              [CPU]             0.1 s
      [kern] executor reductions (all phases): res-zero 0.0 · gather 0.1 · reduce 0.1 · accumulate 0.0 s
      compS-form-gpu (MPI)   [GPU·CPU·IO]     0.9 s   (GPU 0.1 · IO 0.1 · CPU 0.7)
        recipe (host,replic) [CPU]             0.1 s
        form (gpu+D2H)       [GPU·IO]         0.4 s
        reduce (NCCL/host)   [IO]              0.1 s
        unpack (D2H)         [CPU·IO]         0.3 s
    matvec                   [GPU·CPU·IO]     4.0 s   (GPU 2.5 · IO 0.0 · CPU 1.5)
      gemm                   [GPU]             2.2 s   (26.72 TFLOPS total · 6.68/GPU)
      kern                   [GPU]             0.3 s
      host                   [CPU]             1.5 s
        planEnum             [CPU]             0.5 s
        ctorAlloc(upload)    [CPU·IO]         0.2 s
        ctorGroup            [CPU]             0.3 s
        (other)              [CPU]             0.6 s
    decimate                 [CPU]             1.8 s
      rho (dist)             [CPU]             0.1 s
      eigh (dist)            [CPU]             0.6 s
      share (MPI wait)       [CPU·IO]         1.0 s
    grow                     [GPU·CPU·IO]     1.6 s   (GPU 0.3 · IO 0.2 · CPU 1.2) · 23.01 TFLOPS total · 5.75/GPU
      gpu_proj (project)     [GPU·CPU·IO]     1.0 s
        fap_exec             [GPU·IO]         0.6 s
      reduceSH (MPI)         [CPU·IO]         0.1 s
      (other)                [CPU]             0.5 s
    predict                  [CPU]             0.2 s
    ooc                      [IO]              0.0 s

################## Sweep 30/30 (backward) summary ##################
  Energy       -2987.3934854845 Ha
  dE vs prev sweep  -7.697e-07 Ha
  Discarded weight  3.742e-05  (max over this sweep's decimations)
  Rank 0: Host RAM sweep-peak 2220 MB · VmHWM 2321 MB   VRAM op-pool peak 492 MB · total peak 15430 MB
  Rank 1: Host RAM sweep-peak 2276 MB · VmHWM 2306 MB   VRAM op-pool peak 499 MB · total peak 15412 MB
  Rank 2: Host RAM sweep-peak 2230 MB · VmHWM 2309 MB   VRAM op-pool peak 484 MB · total peak 15368 MB
  Rank 3: Host RAM sweep-peak 2248 MB · VmHWM 2288 MB   VRAM op-pool peak 491 MB · total peak 15540 MB
  Block stores (peak bond, per rank): distributed A/B share 241 MB (~K²M²/np) · owner cre/des 17 · S 8 MB (~KM²/np) · replicated floor 3 MB [stubs 0 (~KM) · H 3 (~M²)]
  OOC scratch  14836 MB on disk  (sum over all ranks)
  Timings (wall 10.8 s)
    build                    [CPU]             1.7 s
      formPQ                 [GPU·CPU·IO]     0.6 s   (GPU 0.1 · IO 0.1 · CPU 0.4)
        transfer             [IO]              0.1 s
        exec-hostprep        [CPU]             0.2 s
        complete (MPI)       [IO]              0.1 s
        (other)              [CPU]             0.1 s
      [kern] executor reductions (all phases): res-zero 0.0 · gather 0.1 · reduce 0.1 · accumulate 0.0 s
      compS-form-gpu (MPI)   [GPU·CPU·IO]     0.9 s   (GPU 0.1 · IO 0.1 · CPU 0.7)
        recipe (host,replic) [CPU]             0.1 s
        form (gpu+D2H)       [GPU·IO]         0.4 s
        reduce (NCCL/host)   [IO]              0.1 s
        unpack (D2H)         [CPU·IO]         0.3 s
    matvec                   [GPU·CPU·IO]     4.0 s   (GPU 2.5 · IO 0.0 · CPU 1.6)
      gemm                   [GPU]             2.1 s   (27.29 TFLOPS total · 6.82/GPU)
      kern                   [GPU]             0.3 s
      host                   [CPU]             1.6 s
        planEnum             [CPU]             0.5 s
        ctorAlloc(upload)    [CPU·IO]         0.2 s
        ctorGroup            [CPU]             0.3 s
        (other)              [CPU]             0.6 s
    decimate                 [CPU]             1.8 s
      rho (dist)             [CPU]             0.1 s
      eigh (dist)            [CPU]             0.6 s
      share (MPI wait)       [CPU·IO]         1.0 s
    grow                     [GPU·CPU·IO]     1.5 s   (GPU 0.3 · IO 0.2 · CPU 1.1) · 22.08 TFLOPS total · 5.52/GPU
      gpu_proj (project)     [GPU·CPU·IO]     0.9 s
        fap_exec             [GPU·IO]         0.6 s
      reduceSH (MPI)         [CPU·IO]         0.1 s
      (other)                [CPU]             0.5 s
    predict                  [CPU]             0.2 s
    ooc                      [IO]              0.0 s
[qops] WARNING: energy NOT converged after 30 sweeps: |dE| = 7.697e-07 >= e_conv = 1.000e-09

################## Run total ##################
  30 sweep(s) + warmup: 343.0 s wall · final E -2987.3934854845 Ha · VmHWM 2321 MB
  ooc async residual wait (not hidden behind compute): save 0.1 · load 0.4 s (0% of runtime)
[rc] main run done: E = -2987.3934854845 Ha
[qops] MPI np=4 · GPU=on · device collectives: NCCL (NVLink/GPUDirect)
[qops] A/B host-offload: ON (stubs + pager spill)

################## Sweep 1/1 (forward) summary ##################
  Energy       1000000000000000000.0000000000 Ha
  Discarded weight  0.000e+00  (max over this sweep's decimations)
  Rank 0: Host RAM sweep-peak 2365 MB · VmHWM 2370 MB   VRAM op-pool peak 492 MB · total peak 15430 MB
  Rank 1: Host RAM sweep-peak 2295 MB · VmHWM 2306 MB   VRAM op-pool peak 499 MB · total peak 15412 MB
  Rank 2: Host RAM sweep-peak 2287 MB · VmHWM 2309 MB   VRAM op-pool peak 484 MB · total peak 15368 MB
  Rank 3: Host RAM sweep-peak 2328 MB · VmHWM 2333 MB   VRAM op-pool peak 491 MB · total peak 15540 MB
  OOC scratch  14917 MB on disk  (sum over all ranks)
  Timings (wall 5.9 s)
    build                    [CPU]             0.0 s
      [kern] executor reductions (all phases): res-zero 0.0 · gather 0.0 · reduce 0.0 · accumulate 0.0 s
    matvec                   [GPU·CPU·IO]     0.0 s   (GPU 0.0 · IO 0.0 · CPU 0.0)
    decimate                 [CPU]             1.8 s
      rho (dist)             [CPU]             0.1 s
      eigh (dist)            [CPU]             0.5 s
      share (MPI wait)       [CPU·IO]         1.1 s
      (other)                [CPU]             0.1 s
    grow                     [GPU·CPU·IO]     1.6 s   (GPU 0.2 · IO 0.3 · CPU 1.1) · 23.23 TFLOPS total · 5.81/GPU
      gpu_proj (project)     [GPU·CPU·IO]     1.1 s
        fap_exec             [GPU·IO]         0.9 s
      reduceSH (MPI)         [CPU·IO]         0.1 s
      hydrate_cd (MPI)       [IO]              0.3 s
      (other)                [CPU]             0.1 s
    measure                  [CPU]             1.0 s
      hydrate cd/ab (MPI)    [CPU·IO]         0.9 s
      eval (elements)        [CPU]             0.1 s
    predict                  [CPU]             0.2 s
    ooc                      [IO]              0.0 s

################## Run total ##################
  1 sweep(s) + warmup: 5.9 s wall · final E 1000000000000000000.0000000000 Ha · VmHWM 2370 MB
  ooc async residual wait (not hidden behind compute): save 0.1 · load 0.4 s (8% of runtime)
[qops] <S^2> = 0.958155  (S = 0.5992)  [assumes identical alpha/beta spatial orbitals — with UHF orbitals this is NOT the physical <S^2>; see qops/measure.hpp]
[qops] single-orbital entropy: total 2.6868 · max 0.1981 @ orbital 12 · spin-orbital total 2.7465
[qops] S1 = 0.086 0.083 0.164 0.157 0.099 0.114 0.140 0.131 0.147 0.160 0.174 0.191 0.198 0.176 0.097 0.132
             0.137 0.122 0.097 0.082
[qops] MPI np=4 · GPU=on · device collectives: NCCL (NVLink/GPUDirect)
[qops] A/B host-offload: ON (stubs + pager spill)

################## Sweep 1/2 (backward) summary ##################
  Energy       1000000000000000000.0000000000 Ha
  Discarded weight  0.000e+00  (max over this sweep's decimations)
  Rank 0: Host RAM sweep-peak 2342 MB · VmHWM 2370 MB   VRAM op-pool peak 492 MB · total peak 15430 MB
  Rank 1: Host RAM sweep-peak 2284 MB · VmHWM 2306 MB   VRAM op-pool peak 499 MB · total peak 15412 MB
  Rank 2: Host RAM sweep-peak 2306 MB · VmHWM 2310 MB   VRAM op-pool peak 484 MB · total peak 15368 MB
  Rank 3: Host RAM sweep-peak 2264 MB · VmHWM 2333 MB   VRAM op-pool peak 491 MB · total peak 15540 MB
  OOC scratch  14921 MB on disk  (sum over all ranks)
  Timings (wall 5.2 s)
    build                    [CPU]             0.0 s
      [kern] executor reductions (all phases): res-zero 0.0 · gather 0.0 · reduce 0.0 · accumulate 0.0 s
    matvec                   [GPU·CPU·IO]     0.0 s   (GPU 0.0 · IO 0.0 · CPU 0.0)
    decimate                 [CPU]             1.8 s
      rho (dist)             [CPU]             0.1 s
      eigh (dist)            [CPU]             0.6 s
      share (MPI wait)       [CPU·IO]         1.0 s
      (other)                [CPU]             0.1 s
    grow                     [GPU·CPU·IO]     1.9 s   (GPU 0.2 · IO 0.2 · CPU 1.5) · 22.41 TFLOPS total · 5.60/GPU
      gpu_proj (project)     [GPU·CPU·IO]     0.9 s
        fap_exec             [GPU·IO]         0.7 s
      reduceSH (MPI)         [CPU·IO]         0.2 s
        sync (hash+wait)     [CPU·IO]         0.1 s
      hydrate_cd (MPI)       [IO]              0.4 s
      (other)                [CPU]             0.5 s
    predict                  [CPU]             0.2 s
    ooc                      [IO]              0.0 s

################## Sweep 2/2 (forward) summary ##################
  Energy       1000000000000000000.0000000000 Ha
  dE vs prev sweep  +0.000e+00 Ha
  Discarded weight  0.000e+00  (max over this sweep's decimations)
  Rank 0: Host RAM sweep-peak 2401 MB · VmHWM 2405 MB   VRAM op-pool peak 492 MB · total peak 15430 MB
  Rank 1: Host RAM sweep-peak 2337 MB · VmHWM 2340 MB   VRAM op-pool peak 499 MB · total peak 15412 MB
  Rank 2: Host RAM sweep-peak 2342 MB · VmHWM 2346 MB   VRAM op-pool peak 484 MB · total peak 15368 MB
  Rank 3: Host RAM sweep-peak 2306 MB · VmHWM 2333 MB   VRAM op-pool peak 491 MB · total peak 15540 MB
  OOC scratch  14907 MB on disk  (sum over all ranks)
  Timings (wall 16.5 s)
    build                    [CPU]             0.0 s
      [kern] executor reductions (all phases): res-zero 0.0 · gather 0.0 · reduce 0.0 · accumulate 0.0 s
    matvec                   [GPU·CPU·IO]     0.0 s   (GPU 0.0 · IO 0.0 · CPU 0.0)
    decimate                 [CPU]             1.9 s
      rho (dist)             [CPU]             0.1 s
      eigh (dist)            [CPU]             0.6 s
      share (MPI wait)       [CPU·IO]         1.1 s
      (other)                [CPU]             0.1 s
    grow                     [GPU·CPU·IO]     3.0 s   (GPU 0.2 · IO 0.3 · CPU 2.4) · 23.63 TFLOPS total · 5.91/GPU
      gpu_proj (project)     [GPU·CPU·IO]     1.1 s
        fap_exec             [GPU·IO]         0.9 s
      reduceSH (MPI)         [CPU·IO]         1.5 s
        sync (hash+wait)     [CPU·IO]         1.4 s
      hydrate_cd (MPI)       [IO]              0.3 s
      (other)                [CPU]             0.2 s
    measure                  [CPU]             9.9 s
      hydrate cd/ab (MPI)    [CPU·IO]         0.9 s
      eval (elements)        [CPU]             9.1 s
    predict                  [CPU]             0.2 s
    ooc                      [IO]              0.0 s

################## Run total ##################
  2 sweep(s) + warmup: 21.7 s wall · final E 1000000000000000000.0000000000 Ha · VmHWM 2405 MB
  ooc async residual wait (not hidden behind compute): save 0.1 · load 0.4 s (2% of runtime)
[qops] <S^2> = 0.958155  (S = 0.5992)  [assumes identical alpha/beta spatial orbitals — with UHF orbitals this is NOT the physical <S^2>; see qops/measure.hpp]
[qops] single-orbital entropy: total 2.6868 · max 0.1981 @ orbital 12 · spin-orbital total 2.7465
[qops] S1 = 0.086 0.083 0.164 0.157 0.099 0.114 0.140 0.131 0.147 0.160 0.174 0.191 0.198 0.176 0.097 0.132
             0.137 0.122 0.097 0.082
[rc] measurements done (RDMs + NO occupations saved)
[qops] MPI np=4 · GPU=on · device collectives: NCCL (NVLink/GPUDirect)
[qops] A/B host-offload: ON (stubs + pager spill)

################## Sweep 1/10 (backward) summary ##################
  Energy       -2987.3934684345 Ha
  Discarded weight  7.525e-05  (max over this sweep's decimations)
  Rank 0: Host RAM sweep-peak 2096 MB · VmHWM 2405 MB   VRAM op-pool peak 492 MB · total peak 15430 MB
  Rank 1: Host RAM sweep-peak 2052 MB · VmHWM 2340 MB   VRAM op-pool peak 499 MB · total peak 15412 MB
  Rank 2: Host RAM sweep-peak 2045 MB · VmHWM 2346 MB   VRAM op-pool peak 484 MB · total peak 15368 MB
  Rank 3: Host RAM sweep-peak 2048 MB · VmHWM 2333 MB   VRAM op-pool peak 491 MB · total peak 15540 MB
  Block stores (peak bond, per rank): distributed A/B share 242 MB (~K²M²/np) · owner cre/des 15 · S 7 MB (~KM²/np) · replicated floor 3 MB [stubs 0 (~KM) · H 2 (~M²)]
  OOC scratch  12828 MB on disk  (sum over all ranks)
  Timings (wall 10.0 s)
    build                    [CPU]             1.7 s
      formPQ                 [GPU·CPU·IO]     0.7 s   (GPU 0.1 · IO 0.1 · CPU 0.5)
        transfer             [IO]              0.1 s
        exec-hostprep        [CPU]             0.2 s
        complete (MPI)       [IO]              0.1 s
        (other)              [CPU]             0.1 s
      [kern] executor reductions (all phases): res-zero 0.0 · gather 0.1 · reduce 0.1 · accumulate 0.0 s
      compS-form-gpu (MPI)   [GPU·CPU·IO]     0.8 s   (GPU 0.1 · IO 0.1 · CPU 0.6)
        recipe (host,replic) [CPU]             0.1 s
        form (gpu+D2H)       [GPU·IO]         0.4 s
        reduce (NCCL/host)   [IO]              0.1 s
        unpack (D2H)         [CPU·IO]         0.2 s
    matvec                   [GPU·CPU·IO]     4.2 s   (GPU 2.7 · IO 0.0 · CPU 1.5)
      gemm                   [GPU]             2.3 s   (19.88 TFLOPS total · 4.97/GPU)
      kern                   [GPU]             0.3 s
      host                   [CPU]             1.5 s
        planEnum             [CPU]             0.5 s
        ctorAlloc(upload)    [CPU·IO]         0.2 s
        ctorGroup            [CPU]             0.3 s
        (other)              [CPU]             0.6 s
    decimate                 [CPU]             1.2 s
      rho (dist)             [CPU]             0.1 s
      eigh (dist)            [CPU]             0.4 s
      share (MPI wait)       [CPU·IO]         0.7 s
    grow                     [GPU·CPU·IO]     1.4 s   (GPU 0.2 · IO 0.2 · CPU 1.0) · 15.71 TFLOPS total · 3.93/GPU
      gpu_proj (project)     [GPU·CPU·IO]     1.0 s
        fap_exec             [GPU·IO]         0.6 s
      reduceSH (MPI)         [CPU·IO]         0.1 s
        sync (hash+wait)     [CPU·IO]         0.1 s
      (other)                [CPU]             0.3 s
    predict                  [CPU]             0.1 s
    ooc                      [IO]              0.0 s

################## Sweep 2/10 (forward) summary ##################
  Energy       -2987.3933805603 Ha
  dE vs prev sweep  +8.787e-05 Ha
  Discarded weight  5.650e-05  (max over this sweep's decimations)
  Rank 0: Host RAM sweep-peak 2140 MB · VmHWM 2405 MB   VRAM op-pool peak 492 MB · total peak 15430 MB
  Rank 1: Host RAM sweep-peak 2042 MB · VmHWM 2340 MB   VRAM op-pool peak 499 MB · total peak 15412 MB
  Rank 2: Host RAM sweep-peak 2061 MB · VmHWM 2346 MB   VRAM op-pool peak 484 MB · total peak 15368 MB
  Rank 3: Host RAM sweep-peak 2055 MB · VmHWM 2333 MB   VRAM op-pool peak 491 MB · total peak 15540 MB
  Block stores (peak bond, per rank): distributed A/B share 170 MB (~K²M²/np) · owner cre/des 12 · S 6 MB (~KM²/np) · replicated floor 2 MB [stubs 0 (~KM) · H 2 (~M²)]
  OOC scratch  10623 MB on disk  (sum over all ranks)
  Timings (wall 8.8 s)
    build                    [CPU]             1.5 s
      formPQ                 [GPU·CPU·IO]     0.6 s   (GPU 0.1 · IO 0.1 · CPU 0.4)
        transfer             [IO]              0.1 s
        exec-hostprep        [CPU]             0.2 s
        complete (MPI)       [IO]              0.1 s
        (other)              [CPU]             0.1 s
      [kern] executor reductions (all phases): res-zero 0.0 · gather 0.0 · reduce 0.1 · accumulate 0.0 s
      compS-form-gpu (MPI)   [GPU·CPU·IO]     0.7 s   (GPU 0.0 · IO 0.1 · CPU 0.6)
        recipe (host,replic) [CPU]             0.1 s
        form (gpu+D2H)       [GPU·IO]         0.3 s
        reduce (NCCL/host)   [IO]              0.1 s
        unpack (D2H)         [CPU·IO]         0.2 s
    matvec                   [GPU·CPU·IO]     3.5 s   (GPU 2.2 · IO 0.0 · CPU 1.3)
      gemm                   [GPU]             1.9 s   (18.33 TFLOPS total · 4.58/GPU)
      kern                   [GPU]             0.3 s
      host                   [CPU]             1.3 s
        planEnum             [CPU]             0.4 s
        ctorAlloc(upload)    [CPU·IO]         0.2 s
        ctorGroup            [CPU]             0.3 s
        (other)              [CPU]             0.5 s
    decimate                 [CPU]             1.2 s
      rho (dist)             [CPU]             0.1 s
      eigh (dist)            [CPU]             0.4 s
      share (MPI wait)       [CPU·IO]         0.7 s
    grow                     [GPU·CPU·IO]     1.3 s   (GPU 0.2 · IO 0.1 · CPU 1.0) · 16.36 TFLOPS total · 4.09/GPU
      gpu_proj (project)     [GPU·CPU·IO]     0.9 s
        fap_exec             [GPU·IO]         0.6 s
      reduceSH (MPI)         [CPU·IO]         0.1 s
      (other)                [CPU]             0.3 s
    predict                  [CPU]             0.1 s
    ooc                      [IO]              0.0 s

################## Sweep 3/10 (backward) summary ##################
  Energy       -2987.3933805603 Ha
  dE vs prev sweep  +2.559e-07 Ha
  Discarded weight  5.238e-05  (max over this sweep's decimations)
  Rank 0: Host RAM sweep-peak 2098 MB · VmHWM 2405 MB   VRAM op-pool peak 492 MB · total peak 15430 MB
  Rank 1: Host RAM sweep-peak 2046 MB · VmHWM 2340 MB   VRAM op-pool peak 499 MB · total peak 15412 MB
  Rank 2: Host RAM sweep-peak 2029 MB · VmHWM 2346 MB   VRAM op-pool peak 484 MB · total peak 15368 MB
  Rank 3: Host RAM sweep-peak 2028 MB · VmHWM 2333 MB   VRAM op-pool peak 491 MB · total peak 15540 MB
  Block stores (peak bond, per rank): distributed A/B share 170 MB (~K²M²/np) · owner cre/des 12 · S 6 MB (~KM²/np) · replicated floor 2 MB [stubs 0 (~KM) · H 2 (~M²)]
  OOC scratch  10635 MB on disk  (sum over all ranks)
  Timings (wall 9.1 s)
    build                    [CPU]             1.5 s
      formPQ                 [GPU·CPU·IO]     0.6 s   (GPU 0.1 · IO 0.1 · CPU 0.4)
        transfer             [IO]              0.1 s
        exec-hostprep        [CPU]             0.2 s
        complete (MPI)       [IO]              0.1 s
        (other)              [CPU]             0.1 s
      [kern] executor reductions (all phases): res-zero 0.0 · gather 0.0 · reduce 0.1 · accumulate 0.0 s
      compS-form-gpu (MPI)   [GPU·CPU·IO]     0.7 s   (GPU 0.0 · IO 0.1 · CPU 0.6)
        recipe (host,replic) [CPU]             0.1 s
        form (gpu+D2H)       [GPU·IO]         0.3 s
        reduce (NCCL/host)   [IO]              0.1 s
        unpack (D2H)         [CPU·IO]         0.2 s
    matvec                   [GPU·CPU·IO]     3.5 s   (GPU 2.2 · IO 0.0 · CPU 1.3)
      gemm                   [GPU]             1.9 s   (18.71 TFLOPS total · 4.68/GPU)
      kern                   [GPU]             0.3 s
      host                   [CPU]             1.3 s
        planEnum             [CPU]             0.4 s
        ctorAlloc(upload)    [CPU·IO]         0.2 s
        ctorGroup            [CPU]             0.2 s
        (other)              [CPU]             0.5 s
    decimate                 [CPU]             1.1 s
      rho (dist)             [CPU]             0.1 s
      eigh (dist)            [CPU]             0.4 s
      share (MPI wait)       [CPU·IO]         0.6 s
    grow                     [GPU·CPU·IO]     1.3 s   (GPU 0.2 · IO 0.1 · CPU 1.0) · 15.99 TFLOPS total · 4.00/GPU
      gpu_proj (project)     [GPU·CPU·IO]     0.8 s
        fap_exec             [GPU·IO]         0.5 s
      reduceSH (MPI)         [CPU·IO]         0.2 s
        sync (hash+wait)     [CPU·IO]         0.1 s
        xfer (NCCL/host)     [IO]              0.1 s
      (other)                [CPU]             0.3 s
    predict                  [CPU]             0.1 s
    ooc                      [IO]              0.0 s

################## Sweep 4/10 (forward) summary ##################
  Energy       -2987.3933805603 Ha
  dE vs prev sweep  -9.822e-08 Ha
  Discarded weight  5.229e-05  (max over this sweep's decimations)
  Rank 0: Host RAM sweep-peak 2112 MB · VmHWM 2405 MB   VRAM op-pool peak 492 MB · total peak 15430 MB
  Rank 1: Host RAM sweep-peak 2060 MB · VmHWM 2340 MB   VRAM op-pool peak 499 MB · total peak 15412 MB
  Rank 2: Host RAM sweep-peak 2051 MB · VmHWM 2346 MB   VRAM op-pool peak 484 MB · total peak 15368 MB
  Rank 3: Host RAM sweep-peak 2033 MB · VmHWM 2333 MB   VRAM op-pool peak 491 MB · total peak 15540 MB
  Block stores (peak bond, per rank): distributed A/B share 170 MB (~K²M²/np) · owner cre/des 12 · S 6 MB (~KM²/np) · replicated floor 2 MB [stubs 0 (~KM) · H 2 (~M²)]
  OOC scratch  10595 MB on disk  (sum over all ranks)
  Timings (wall 8.7 s)
    build                    [CPU]             1.5 s
      formPQ                 [GPU·CPU·IO]     0.6 s   (GPU 0.1 · IO 0.1 · CPU 0.5)
        transfer             [IO]              0.1 s
        exec-hostprep        [CPU]             0.2 s
        complete (MPI)       [IO]              0.1 s
        (other)              [CPU]             0.1 s
      [kern] executor reductions (all phases): res-zero 0.0 · gather 0.1 · reduce 0.1 · accumulate 0.0 s
      compS-form-gpu (MPI)   [GPU·CPU·IO]     0.7 s   (GPU 0.0 · IO 0.1 · CPU 0.6)
        recipe (host,replic) [CPU]             0.1 s
        form (gpu+D2H)       [GPU·IO]         0.3 s
        reduce (NCCL/host)   [IO]              0.1 s
        unpack (D2H)         [CPU·IO]         0.2 s
    matvec                   [GPU·CPU·IO]     3.5 s   (GPU 2.1 · IO 0.0 · CPU 1.3)
      gemm                   [GPU]             1.9 s   (18.80 TFLOPS total · 4.70/GPU)
      kern                   [GPU]             0.3 s
      host                   [CPU]             1.3 s
        planEnum             [CPU]             0.4 s
        ctorAlloc(upload)    [CPU·IO]         0.2 s
        ctorGroup            [CPU]             0.3 s
        (other)              [CPU]             0.5 s
    decimate                 [CPU]             1.2 s
      rho (dist)             [CPU]             0.1 s
      eigh (dist)            [CPU]             0.5 s
      share (MPI wait)       [CPU·IO]         0.6 s
    grow                     [GPU·CPU·IO]     1.3 s   (GPU 0.2 · IO 0.2 · CPU 1.0) · 16.04 TFLOPS total · 4.01/GPU
      gpu_proj (project)     [GPU·CPU·IO]     0.9 s
        fap_exec             [GPU·IO]         0.6 s
      reduceSH (MPI)         [CPU·IO]         0.1 s
      (other)                [CPU]             0.3 s
    predict                  [CPU]             0.1 s
    ooc                      [IO]              0.0 s

################## Sweep 5/10 (backward) summary ##################
  Energy       -2987.3933805603 Ha
  dE vs prev sweep  +3.762e-07 Ha
  Discarded weight  5.186e-05  (max over this sweep's decimations)
  Rank 0: Host RAM sweep-peak 2108 MB · VmHWM 2405 MB   VRAM op-pool peak 492 MB · total peak 15430 MB
  Rank 1: Host RAM sweep-peak 2062 MB · VmHWM 2340 MB   VRAM op-pool peak 499 MB · total peak 15412 MB
  Rank 2: Host RAM sweep-peak 2046 MB · VmHWM 2346 MB   VRAM op-pool peak 484 MB · total peak 15368 MB
  Rank 3: Host RAM sweep-peak 2034 MB · VmHWM 2333 MB   VRAM op-pool peak 491 MB · total peak 15540 MB
  Block stores (peak bond, per rank): distributed A/B share 170 MB (~K²M²/np) · owner cre/des 12 · S 6 MB (~KM²/np) · replicated floor 2 MB [stubs 0 (~KM) · H 2 (~M²)]
  OOC scratch  10502 MB on disk  (sum over all ranks)
  Timings (wall 8.7 s)
    build                    [CPU]             1.5 s
      formPQ                 [GPU·CPU·IO]     0.6 s   (GPU 0.1 · IO 0.1 · CPU 0.4)
        transfer             [IO]              0.1 s
        exec-hostprep        [CPU]             0.2 s
        complete (MPI)       [IO]              0.1 s
        (other)              [CPU]             0.1 s
      [kern] executor reductions (all phases): res-zero 0.0 · gather 0.0 · reduce 0.1 · accumulate 0.0 s
      compS-form-gpu (MPI)   [GPU·CPU·IO]     0.7 s   (GPU 0.0 · IO 0.1 · CPU 0.6)
        recipe (host,replic) [CPU]             0.1 s
        form (gpu+D2H)       [GPU·IO]         0.3 s
        reduce (NCCL/host)   [IO]              0.1 s
        unpack (D2H)         [CPU·IO]         0.2 s
    matvec                   [GPU·CPU·IO]     3.5 s   (GPU 2.2 · IO 0.0 · CPU 1.4)
      gemm                   [GPU]             1.9 s   (18.74 TFLOPS total · 4.69/GPU)
      kern                   [GPU]             0.3 s
      host                   [CPU]             1.4 s
        planEnum             [CPU]             0.4 s
        ctorAlloc(upload)    [CPU·IO]         0.2 s
        ctorGroup            [CPU]             0.3 s
        (other)              [CPU]             0.5 s
    decimate                 [CPU]             1.2 s
      rho (dist)             [CPU]             0.1 s
      eigh (dist)            [CPU]             0.4 s
      share (MPI wait)       [CPU·IO]         0.7 s
    grow                     [GPU·CPU·IO]     1.3 s   (GPU 0.2 · IO 0.1 · CPU 1.0) · 16.02 TFLOPS total · 4.01/GPU
      gpu_proj (project)     [GPU·CPU·IO]     0.9 s
        fap_exec             [GPU·IO]         0.6 s
      reduceSH (MPI)         [CPU·IO]         0.1 s
        sync (hash+wait)     [CPU·IO]         0.1 s
      (other)                [CPU]             0.3 s
    predict                  [CPU]             0.1 s
    ooc                      [IO]              0.0 s

################## Sweep 6/10 (forward) summary ##################
  Energy       -2987.3933805603 Ha
  dE vs prev sweep  -1.800e-08 Ha
  Discarded weight  5.184e-05  (max over this sweep's decimations)
  Rank 0: Host RAM sweep-peak 2112 MB · VmHWM 2405 MB   VRAM op-pool peak 492 MB · total peak 15430 MB
  Rank 1: Host RAM sweep-peak 2042 MB · VmHWM 2340 MB   VRAM op-pool peak 499 MB · total peak 15412 MB
  Rank 2: Host RAM sweep-peak 2068 MB · VmHWM 2346 MB   VRAM op-pool peak 484 MB · total peak 15368 MB
  Rank 3: Host RAM sweep-peak 2015 MB · VmHWM 2333 MB   VRAM op-pool peak 491 MB · total peak 15540 MB
  Block stores (peak bond, per rank): distributed A/B share 171 MB (~K²M²/np) · owner cre/des 12 · S 6 MB (~KM²/np) · replicated floor 2 MB [stubs 0 (~KM) · H 2 (~M²)]
  OOC scratch  10579 MB on disk  (sum over all ranks)
  Timings (wall 8.7 s)
    build                    [CPU]             1.5 s
      formPQ                 [GPU·CPU·IO]     0.6 s   (GPU 0.1 · IO 0.1 · CPU 0.4)
        transfer             [IO]              0.1 s
        exec-hostprep        [CPU]             0.2 s
        complete (MPI)       [IO]              0.1 s
        (other)              [CPU]             0.1 s
      [kern] executor reductions (all phases): res-zero 0.0 · gather 0.0 · reduce 0.1 · accumulate 0.0 s
      compS-form-gpu (MPI)   [GPU·CPU·IO]     0.7 s   (GPU 0.0 · IO 0.1 · CPU 0.6)
        recipe (host,replic) [CPU]             0.1 s
        form (gpu+D2H)       [GPU·IO]         0.3 s
        reduce (NCCL/host)   [IO]              0.1 s
        unpack (D2H)         [CPU·IO]         0.2 s
    matvec                   [GPU·CPU·IO]     3.5 s   (GPU 2.1 · IO 0.0 · CPU 1.3)
      gemm                   [GPU]             1.8 s   (18.87 TFLOPS total · 4.72/GPU)
      kern                   [GPU]             0.3 s
      host                   [CPU]             1.3 s
        planEnum             [CPU]             0.4 s
        ctorAlloc(upload)    [CPU·IO]         0.2 s
        ctorGroup            [CPU]             0.3 s
        (other)              [CPU]             0.5 s
    decimate                 [CPU]             1.2 s
      rho (dist)             [CPU]             0.1 s
      eigh (dist)            [CPU]             0.4 s
      share (MPI wait)       [CPU·IO]         0.6 s
    grow                     [GPU·CPU·IO]     1.4 s   (GPU 0.2 · IO 0.1 · CPU 1.0) · 16.29 TFLOPS total · 4.07/GPU
      gpu_proj (project)     [GPU·CPU·IO]     0.9 s
        fap_exec             [GPU·IO]         0.6 s
      reduceSH (MPI)         [CPU·IO]         0.1 s
        sync (hash+wait)     [CPU·IO]         0.1 s
      (other)                [CPU]             0.3 s
    predict                  [CPU]             0.1 s
    ooc                      [IO]              0.0 s

################## Sweep 7/10 (backward) summary ##################
  Energy       -2987.3933805603 Ha
  dE vs prev sweep  +1.376e-07 Ha
  Discarded weight  5.170e-05  (max over this sweep's decimations)
  Rank 0: Host RAM sweep-peak 2145 MB · VmHWM 2405 MB   VRAM op-pool peak 492 MB · total peak 15430 MB
  Rank 1: Host RAM sweep-peak 2052 MB · VmHWM 2340 MB   VRAM op-pool peak 499 MB · total peak 15412 MB
  Rank 2: Host RAM sweep-peak 2010 MB · VmHWM 2346 MB   VRAM op-pool peak 484 MB · total peak 15368 MB
  Rank 3: Host RAM sweep-peak 2046 MB · VmHWM 2333 MB   VRAM op-pool peak 491 MB · total peak 15540 MB
  Block stores (peak bond, per rank): distributed A/B share 169 MB (~K²M²/np) · owner cre/des 12 · S 6 MB (~KM²/np) · replicated floor 2 MB [stubs 0 (~KM) · H 2 (~M²)]
  OOC scratch  10527 MB on disk  (sum over all ranks)
  Timings (wall 8.6 s)
    build                    [CPU]             1.5 s
      formPQ                 [GPU·CPU·IO]     0.6 s   (GPU 0.1 · IO 0.1 · CPU 0.4)
        transfer             [IO]              0.1 s
        exec-hostprep        [CPU]             0.2 s
        complete (MPI)       [IO]              0.1 s
        (other)              [CPU]             0.1 s
      [kern] executor reductions (all phases): res-zero 0.0 · gather 0.0 · reduce 0.1 · accumulate 0.0 s
      compS-form-gpu (MPI)   [GPU·CPU·IO]     0.7 s   (GPU 0.0 · IO 0.1 · CPU 0.6)
        recipe (host,replic) [CPU]             0.1 s
        form (gpu+D2H)       [GPU·IO]         0.3 s
        reduce (NCCL/host)   [IO]              0.1 s
        unpack (D2H)         [CPU·IO]         0.2 s
    matvec                   [GPU·CPU·IO]     3.5 s   (GPU 2.1 · IO 0.0 · CPU 1.3)
      gemm                   [GPU]             1.9 s   (19.04 TFLOPS total · 4.76/GPU)
      kern                   [GPU]             0.3 s
      host                   [CPU]             1.3 s
        planEnum             [CPU]             0.4 s
        ctorAlloc(upload)    [CPU·IO]         0.2 s
        ctorGroup            [CPU]             0.3 s
        (other)              [CPU]             0.5 s
    decimate                 [CPU]             1.2 s
      rho (dist)             [CPU]             0.1 s
      eigh (dist)            [CPU]             0.4 s
      share (MPI wait)       [CPU·IO]         0.7 s
    grow                     [GPU·CPU·IO]     1.3 s   (GPU 0.2 · IO 0.1 · CPU 1.0) · 15.38 TFLOPS total · 3.84/GPU
      gpu_proj (project)     [GPU·CPU·IO]     0.9 s
        fap_exec             [GPU·IO]         0.6 s
      reduceSH (MPI)         [CPU·IO]         0.1 s
      (other)                [CPU]             0.3 s
    predict                  [CPU]             0.1 s
    ooc                      [IO]              0.0 s

################## Sweep 8/10 (forward) summary ##################
  Energy       -2987.3933805603 Ha
  dE vs prev sweep  -1.548e-08 Ha
  Discarded weight  5.169e-05  (max over this sweep's decimations)
  Rank 0: Host RAM sweep-peak 2106 MB · VmHWM 2405 MB   VRAM op-pool peak 492 MB · total peak 15430 MB
  Rank 1: Host RAM sweep-peak 2019 MB · VmHWM 2340 MB   VRAM op-pool peak 499 MB · total peak 15412 MB
  Rank 2: Host RAM sweep-peak 2031 MB · VmHWM 2346 MB   VRAM op-pool peak 484 MB · total peak 15368 MB
  Rank 3: Host RAM sweep-peak 1998 MB · VmHWM 2333 MB   VRAM op-pool peak 491 MB · total peak 15540 MB
  Block stores (peak bond, per rank): distributed A/B share 171 MB (~K²M²/np) · owner cre/des 12 · S 6 MB (~KM²/np) · replicated floor 2 MB [stubs 0 (~KM) · H 2 (~M²)]
  OOC scratch  10519 MB on disk  (sum over all ranks)
  Timings (wall 8.6 s)
    build                    [CPU]             1.5 s
      formPQ                 [GPU·CPU·IO]     0.6 s   (GPU 0.1 · IO 0.1 · CPU 0.5)
        transfer             [IO]              0.1 s
        exec-hostprep        [CPU]             0.2 s
        complete (MPI)       [IO]              0.1 s
        (other)              [CPU]             0.1 s
      [kern] executor reductions (all phases): res-zero 0.0 · gather 0.0 · reduce 0.1 · accumulate 0.0 s
      compS-form-gpu (MPI)   [GPU·CPU·IO]     0.7 s   (GPU 0.0 · IO 0.1 · CPU 0.6)
        recipe (host,replic) [CPU]             0.1 s
        form (gpu+D2H)       [GPU·IO]         0.3 s
        reduce (NCCL/host)   [IO]              0.1 s
        unpack (D2H)         [CPU·IO]         0.2 s
    matvec                   [GPU·CPU·IO]     3.5 s   (GPU 2.1 · IO 0.0 · CPU 1.3)
      gemm                   [GPU]             1.9 s   (18.78 TFLOPS total · 4.69/GPU)
      kern                   [GPU]             0.3 s
      host                   [CPU]             1.3 s
        planEnum             [CPU]             0.4 s
        ctorAlloc(upload)    [CPU·IO]         0.2 s
        ctorGroup            [CPU]             0.3 s
        (other)              [CPU]             0.5 s
    decimate                 [CPU]             1.1 s
      rho (dist)             [CPU]             0.1 s
      eigh (dist)            [CPU]             0.4 s
      share (MPI wait)       [CPU·IO]         0.6 s
    grow                     [GPU·CPU·IO]     1.4 s   (GPU 0.2 · IO 0.1 · CPU 1.0) · 15.86 TFLOPS total · 3.97/GPU
      gpu_proj (project)     [GPU·CPU·IO]     0.9 s
        fap_exec             [GPU·IO]         0.6 s
      reduceSH (MPI)         [CPU·IO]         0.1 s
      (other)                [CPU]             0.3 s
    predict                  [CPU]             0.1 s
    ooc                      [IO]              0.0 s

################## Sweep 9/10 (backward) summary ##################
  Energy       -2987.3933805603 Ha
  dE vs prev sweep  +5.832e-08 Ha
  Discarded weight  5.160e-05  (max over this sweep's decimations)
  Rank 0: Host RAM sweep-peak 2134 MB · VmHWM 2405 MB   VRAM op-pool peak 492 MB · total peak 15430 MB
  Rank 1: Host RAM sweep-peak 2064 MB · VmHWM 2340 MB   VRAM op-pool peak 499 MB · total peak 15412 MB
  Rank 2: Host RAM sweep-peak 2015 MB · VmHWM 2346 MB   VRAM op-pool peak 484 MB · total peak 15368 MB
  Rank 3: Host RAM sweep-peak 2031 MB · VmHWM 2333 MB   VRAM op-pool peak 491 MB · total peak 15540 MB
  Block stores (peak bond, per rank): distributed A/B share 169 MB (~K²M²/np) · owner cre/des 12 · S 6 MB (~KM²/np) · replicated floor 2 MB [stubs 0 (~KM) · H 2 (~M²)]
  OOC scratch  10566 MB on disk  (sum over all ranks)
  Timings (wall 8.7 s)
    build                    [CPU]             1.5 s
      formPQ                 [GPU·CPU·IO]     0.6 s   (GPU 0.1 · IO 0.1 · CPU 0.4)
        transfer             [IO]              0.1 s
        exec-hostprep        [CPU]             0.2 s
        complete (MPI)       [IO]              0.1 s
        (other)              [CPU]             0.1 s
      [kern] executor reductions (all phases): res-zero 0.0 · gather 0.0 · reduce 0.1 · accumulate 0.0 s
      compS-form-gpu (MPI)   [GPU·CPU·IO]     0.7 s   (GPU 0.0 · IO 0.1 · CPU 0.6)
        recipe (host,replic) [CPU]             0.1 s
        form (gpu+D2H)       [GPU·IO]         0.3 s
        unpack (D2H)         [CPU·IO]         0.2 s
    matvec                   [GPU·CPU·IO]     3.5 s   (GPU 2.1 · IO 0.0 · CPU 1.3)
      gemm                   [GPU]             1.9 s   (18.97 TFLOPS total · 4.74/GPU)
      kern                   [GPU]             0.3 s
      host                   [CPU]             1.3 s
        planEnum             [CPU]             0.4 s
        ctorAlloc(upload)    [CPU·IO]         0.2 s
        ctorGroup            [CPU]             0.3 s
        (other)              [CPU]             0.5 s
    decimate                 [CPU]             1.3 s
      rho (dist)             [CPU]             0.1 s
      eigh (dist)            [CPU]             0.5 s
      share (MPI wait)       [CPU·IO]         0.8 s
    grow                     [GPU·CPU·IO]     1.3 s   (GPU 0.2 · IO 0.1 · CPU 1.0) · 15.71 TFLOPS total · 3.93/GPU
      gpu_proj (project)     [GPU·CPU·IO]     0.9 s
        fap_exec             [GPU·IO]         0.5 s
      reduceSH (MPI)         [CPU·IO]         0.1 s
      (other)                [CPU]             0.3 s
    predict                  [CPU]             0.1 s
    ooc                      [IO]              0.0 s

################## Sweep 10/10 (forward) summary ##################
  Energy       -2987.3933805603 Ha
  dE vs prev sweep  -1.398e-08 Ha
  Discarded weight  5.160e-05  (max over this sweep's decimations)
  Rank 0: Host RAM sweep-peak 2138 MB · VmHWM 2405 MB   VRAM op-pool peak 492 MB · total peak 15430 MB
  Rank 1: Host RAM sweep-peak 2043 MB · VmHWM 2340 MB   VRAM op-pool peak 499 MB · total peak 15412 MB
  Rank 2: Host RAM sweep-peak 2049 MB · VmHWM 2346 MB   VRAM op-pool peak 484 MB · total peak 15368 MB
  Rank 3: Host RAM sweep-peak 2037 MB · VmHWM 2333 MB   VRAM op-pool peak 491 MB · total peak 15540 MB
  Block stores (peak bond, per rank): distributed A/B share 170 MB (~K²M²/np) · owner cre/des 12 · S 6 MB (~KM²/np) · replicated floor 2 MB [stubs 0 (~KM) · H 2 (~M²)]
  OOC scratch  10603 MB on disk  (sum over all ranks)
  Timings (wall 9.4 s)
    build                    [CPU]             1.5 s
      formPQ                 [GPU·CPU·IO]     0.6 s   (GPU 0.1 · IO 0.1 · CPU 0.5)
        transfer             [IO]              0.1 s
        exec-hostprep        [CPU]             0.2 s
        complete (MPI)       [IO]              0.2 s
        (other)              [CPU]             0.1 s
      [kern] executor reductions (all phases): res-zero 0.0 · gather 0.0 · reduce 0.1 · accumulate 0.0 s
      compS-form-gpu (MPI)   [GPU·CPU·IO]     0.7 s   (GPU 0.0 · IO 0.1 · CPU 0.6)
        recipe (host,replic) [CPU]             0.1 s
        form (gpu+D2H)       [GPU·IO]         0.3 s
        reduce (NCCL/host)   [IO]              0.1 s
        unpack (D2H)         [CPU·IO]         0.2 s
    matvec                   [GPU·CPU·IO]     3.5 s   (GPU 2.1 · IO 0.0 · CPU 1.3)
      gemm                   [GPU]             1.9 s   (18.87 TFLOPS total · 4.72/GPU)
      kern                   [GPU]             0.3 s
      host                   [CPU]             1.3 s
        planEnum             [CPU]             0.4 s
        ctorAlloc(upload)    [CPU·IO]         0.2 s
        ctorGroup            [CPU]             0.3 s
        (other)              [CPU]             0.5 s
    decimate                 [CPU]             1.3 s
      rho (dist)             [CPU]             0.1 s
      eigh (dist)            [CPU]             0.4 s
      share (MPI wait)       [CPU·IO]         0.8 s
    grow                     [GPU·CPU·IO]     1.3 s   (GPU 0.2 · IO 0.1 · CPU 0.9) · 16.69 TFLOPS total · 4.17/GPU
      gpu_proj (project)     [GPU·CPU·IO]     0.9 s
        fap_exec             [GPU·IO]         0.5 s
      reduceSH (MPI)         [CPU·IO]         0.1 s
      (other)                [CPU]             0.3 s
    predict                  [CPU]             0.1 s
    ooc                      [IO]              0.0 s
[qops] WARNING: energy NOT converged after 10 sweeps: |dE| = 1.398e-08 >= e_conv = 1.000e-09

################## Run total ##################
  10 sweep(s) + warmup: 89.3 s wall · final E -2987.3933805603 Ha · VmHWM 2405 MB
  ooc async residual wait (not hidden behind compute): save 0.1 · load 0.5 s (1% of runtime)
[rc] ladder BD=1000 done
[qops] MPI np=4 · GPU=on · device collectives: NCCL (NVLink/GPUDirect)
[qops] A/B host-offload: ON (stubs + pager spill)

################## Sweep 1/10 (backward) summary ##################
  Energy       -2987.3933418654 Ha
  Discarded weight  1.266e-04  (max over this sweep's decimations)
  Rank 0: Host RAM sweep-peak 1906 MB · VmHWM 2405 MB   VRAM op-pool peak 492 MB · total peak 15430 MB
  Rank 1: Host RAM sweep-peak 1848 MB · VmHWM 2340 MB   VRAM op-pool peak 499 MB · total peak 15412 MB
  Rank 2: Host RAM sweep-peak 1848 MB · VmHWM 2346 MB   VRAM op-pool peak 484 MB · total peak 15368 MB
  Rank 3: Host RAM sweep-peak 1827 MB · VmHWM 2333 MB   VRAM op-pool peak 491 MB · total peak 15540 MB
  Block stores (peak bond, per rank): distributed A/B share 171 MB (~K²M²/np) · owner cre/des 10 · S 5 MB (~KM²/np) · replicated floor 2 MB [stubs 0 (~KM) · H 2 (~M²)]
  OOC scratch  8896 MB on disk  (sum over all ranks)
  Timings (wall 7.0 s)
    build                    [CPU]             1.3 s
      formPQ                 [GPU·CPU·IO]     0.5 s   (GPU 0.1 · IO 0.1 · CPU 0.4)
        transfer             [IO]              0.1 s
        exec-hostprep        [CPU]             0.2 s
        complete (MPI)       [IO]              0.1 s
        (other)              [CPU]             0.1 s
      [kern] executor reductions (all phases): res-zero 0.0 · gather 0.0 · reduce 0.1 · accumulate 0.0 s
      compS-form-gpu (MPI)   [GPU·CPU·IO]     0.6 s   (GPU 0.0 · IO 0.1 · CPU 0.5)
        recipe (host,replic) [CPU]             0.1 s
        form (gpu+D2H)       [GPU·IO]         0.3 s
        unpack (D2H)         [CPU·IO]         0.2 s
    matvec                   [GPU·CPU·IO]     3.2 s   (GPU 2.0 · IO 0.0 · CPU 1.2)
      gemm                   [GPU]             1.7 s   (14.78 TFLOPS total · 3.70/GPU)
      kern                   [GPU]             0.3 s
      host                   [CPU]             1.2 s
        planEnum             [CPU]             0.4 s
        ctorAlloc(upload)    [CPU·IO]         0.1 s
        ctorGroup            [CPU]             0.2 s
        (other)              [CPU]             0.5 s
    decimate                 [CPU]             0.4 s
      eigh (dist)            [CPU]             0.2 s
      share (MPI wait)       [CPU·IO]         0.1 s
    grow                     [GPU·CPU·IO]     1.0 s   (GPU 0.2 · IO 0.1 · CPU 0.7) · 9.94 TFLOPS total · 2.48/GPU
      gpu_proj (project)     [GPU·CPU·IO]     0.6 s
        fap_exec             [GPU·IO]         0.4 s
      reduceSH (MPI)         [CPU·IO]         0.1 s
        sync (hash+wait)     [CPU·IO]         0.1 s
      (other)                [CPU]             0.2 s
    predict                  [CPU]             0.1 s
    ooc                      [IO]              0.0 s

################## Sweep 2/10 (forward) summary ##################
  Energy       -2987.3931934433 Ha
  dE vs prev sweep  +1.484e-04 Ha
  Discarded weight  7.951e-05  (max over this sweep's decimations)
  Rank 0: Host RAM sweep-peak 1909 MB · VmHWM 2405 MB   VRAM op-pool peak 492 MB · total peak 15430 MB
  Rank 1: Host RAM sweep-peak 1845 MB · VmHWM 2340 MB   VRAM op-pool peak 499 MB · total peak 15412 MB
  Rank 2: Host RAM sweep-peak 1848 MB · VmHWM 2346 MB   VRAM op-pool peak 484 MB · total peak 15368 MB
  Rank 3: Host RAM sweep-peak 1811 MB · VmHWM 2333 MB   VRAM op-pool peak 491 MB · total peak 15540 MB
  Block stores (peak bond, per rank): distributed A/B share 110 MB (~K²M²/np) · owner cre/des 8 · S 4 MB (~KM²/np) · replicated floor 1 MB [stubs 0 (~KM) · H 1 (~M²)]
  OOC scratch  6911 MB on disk  (sum over all ranks)
  Timings (wall 6.3 s)
    build                    [CPU]             1.2 s
      formPQ                 [GPU·CPU·IO]     0.5 s   (GPU 0.1 · IO 0.1 · CPU 0.4)
        transfer             [IO]              0.1 s
        exec-hostprep        [CPU]             0.1 s
        complete (MPI)       [IO]              0.1 s
        (other)              [CPU]             0.1 s
      [kern] executor reductions (all phases): res-zero 0.0 · gather 0.0 · reduce 0.0 · accumulate 0.0 s
      compS-form-gpu (MPI)   [GPU·CPU·IO]     0.5 s   (GPU 0.0 · IO 0.1 · CPU 0.5)
        recipe (host,replic) [CPU]             0.1 s
        form (gpu+D2H)       [GPU·IO]         0.2 s
        reduce (NCCL/host)   [IO]              0.1 s
        unpack (D2H)         [CPU·IO]         0.2 s
    matvec                   [GPU·CPU·IO]     3.0 s   (GPU 1.8 · IO 0.0 · CPU 1.1)
      gemm                   [GPU]             1.6 s   (11.78 TFLOPS total · 2.94/GPU)
      kern                   [GPU]             0.2 s
      host                   [CPU]             1.1 s
        planEnum             [CPU]             0.4 s
        ctorAlloc(upload)    [CPU·IO]         0.1 s
        ctorGroup            [CPU]             0.2 s
        (other)              [CPU]             0.4 s
    decimate                 [CPU]             0.4 s
      eigh (dist)            [CPU]             0.2 s
      share (MPI wait)       [CPU·IO]         0.1 s
    grow                     [GPU·CPU·IO]     0.9 s   (GPU 0.2 · IO 0.1 · CPU 0.7) · 10.19 TFLOPS total · 2.55/GPU
      gpu_proj (project)     [GPU·CPU·IO]     0.6 s
        fap_exec             [GPU·IO]         0.4 s
      reduceSH (MPI)         [CPU·IO]         0.1 s
        sync (hash+wait)     [CPU·IO]         0.1 s
      (other)                [CPU]             0.2 s
    predict                  [CPU]             0.1 s
    ooc                      [IO]              0.0 s

################## Sweep 3/10 (backward) summary ##################
  Energy       -2987.3931936544 Ha
  dE vs prev sweep  -2.111e-07 Ha
  Discarded weight  7.310e-05  (max over this sweep's decimations)
  Rank 0: Host RAM sweep-peak 1911 MB · VmHWM 2405 MB   VRAM op-pool peak 492 MB · total peak 15430 MB
  Rank 1: Host RAM sweep-peak 1861 MB · VmHWM 2340 MB   VRAM op-pool peak 499 MB · total peak 15412 MB
  Rank 2: Host RAM sweep-peak 1853 MB · VmHWM 2346 MB   VRAM op-pool peak 484 MB · total peak 15368 MB
  Rank 3: Host RAM sweep-peak 1833 MB · VmHWM 2333 MB   VRAM op-pool peak 491 MB · total peak 15540 MB
  Block stores (peak bond, per rank): distributed A/B share 110 MB (~K²M²/np) · owner cre/des 8 · S 4 MB (~KM²/np) · replicated floor 1 MB [stubs 0 (~KM) · H 1 (~M²)]
  OOC scratch  6945 MB on disk  (sum over all ranks)
  Timings (wall 6.3 s)
    build                    [CPU]             1.2 s
      formPQ                 [GPU·CPU·IO]     0.5 s   (GPU 0.1 · IO 0.1 · CPU 0.4)
        transfer             [IO]              0.1 s
        exec-hostprep        [CPU]             0.1 s
        complete (MPI)       [IO]              0.1 s
        (other)              [CPU]             0.1 s
      [kern] executor reductions (all phases): res-zero 0.0 · gather 0.0 · reduce 0.0 · accumulate 0.0 s
      compS-form-gpu (MPI)   [GPU·CPU·IO]     0.5 s   (GPU 0.0 · IO 0.1 · CPU 0.4)
        recipe (host,replic) [CPU]             0.1 s
        form (gpu+D2H)       [GPU·IO]         0.2 s
        unpack (D2H)         [CPU·IO]         0.2 s
    matvec                   [GPU·CPU·IO]     3.0 s   (GPU 1.8 · IO 0.0 · CPU 1.1)
      gemm                   [GPU]             1.6 s   (12.27 TFLOPS total · 3.07/GPU)
      kern                   [GPU]             0.2 s
      host                   [CPU]             1.1 s
        planEnum             [CPU]             0.4 s
        ctorAlloc(upload)    [CPU·IO]         0.1 s
        ctorGroup            [CPU]             0.2 s
        (other)              [CPU]             0.4 s
    decimate                 [CPU]             0.4 s
      eigh (dist)            [CPU]             0.2 s
      share (MPI wait)       [CPU·IO]         0.1 s
    grow                     [GPU·CPU·IO]     0.9 s   (GPU 0.2 · IO 0.1 · CPU 0.7) · 10.15 TFLOPS total · 2.54/GPU
      gpu_proj (project)     [GPU·CPU·IO]     0.6 s
        fap_exec             [GPU·IO]         0.4 s
      reduceSH (MPI)         [CPU·IO]         0.1 s
        sync (hash+wait)     [CPU·IO]         0.1 s
      (other)                [CPU]             0.2 s
    predict                  [CPU]             0.1 s
    ooc                      [IO]              0.0 s

################## Sweep 4/10 (forward) summary ##################
  Energy       -2987.3931936544 Ha
  dE vs prev sweep  +2.206e-07 Ha
  Discarded weight  7.286e-05  (max over this sweep's decimations)
  Rank 0: Host RAM sweep-peak 1902 MB · VmHWM 2405 MB   VRAM op-pool peak 492 MB · total peak 15430 MB
  Rank 1: Host RAM sweep-peak 1835 MB · VmHWM 2340 MB   VRAM op-pool peak 499 MB · total peak 15412 MB
  Rank 2: Host RAM sweep-peak 1839 MB · VmHWM 2346 MB   VRAM op-pool peak 484 MB · total peak 15368 MB
  Rank 3: Host RAM sweep-peak 1796 MB · VmHWM 2333 MB   VRAM op-pool peak 491 MB · total peak 15540 MB
  Block stores (peak bond, per rank): distributed A/B share 111 MB (~K²M²/np) · owner cre/des 8 · S 4 MB (~KM²/np) · replicated floor 1 MB [stubs 0 (~KM) · H 1 (~M²)]
  OOC scratch  6932 MB on disk  (sum over all ranks)
  Timings (wall 6.3 s)
    build                    [CPU]             1.2 s
      formPQ                 [GPU·CPU·IO]     0.5 s   (GPU 0.1 · IO 0.1 · CPU 0.3)
        transfer             [IO]              0.1 s
        exec-hostprep        [CPU]             0.1 s
        complete (MPI)       [IO]              0.1 s
        (other)              [CPU]             0.1 s
      [kern] executor reductions (all phases): res-zero 0.0 · gather 0.0 · reduce 0.0 · accumulate 0.0 s
      compS-form-gpu (MPI)   [GPU·CPU·IO]     0.5 s   (GPU 0.0 · IO 0.1 · CPU 0.5)
        recipe (host,replic) [CPU]             0.1 s
        form (gpu+D2H)       [GPU·IO]         0.2 s
        reduce (NCCL/host)   [IO]              0.1 s
        unpack (D2H)         [CPU·IO]         0.2 s
    matvec                   [GPU·CPU·IO]     2.9 s   (GPU 1.8 · IO 0.0 · CPU 1.1)
      gemm                   [GPU]             1.6 s   (12.03 TFLOPS total · 3.01/GPU)
      kern                   [GPU]             0.2 s
      host                   [CPU]             1.1 s
        planEnum             [CPU]             0.4 s
        ctorAlloc(upload)    [CPU·IO]         0.1 s
        ctorGroup            [CPU]             0.2 s
        (other)              [CPU]             0.4 s
    decimate                 [CPU]             0.4 s
      eigh (dist)            [CPU]             0.2 s
      share (MPI wait)       [CPU·IO]         0.1 s
    grow                     [GPU·CPU·IO]     0.9 s   (GPU 0.2 · IO 0.1 · CPU 0.7) · 9.80 TFLOPS total · 2.45/GPU
      gpu_proj (project)     [GPU·CPU·IO]     0.6 s
        fap_exec             [GPU·IO]         0.4 s
      reduceSH (MPI)         [CPU·IO]         0.1 s
        sync (hash+wait)     [CPU·IO]         0.1 s
      (other)                [CPU]             0.2 s
    predict                  [CPU]             0.1 s
    ooc                      [IO]              0.0 s

################## Sweep 5/10 (backward) summary ##################
  Energy       -2987.3931936544 Ha
  dE vs prev sweep  +3.618e-07 Ha
  Discarded weight  7.213e-05  (max over this sweep's decimations)
  Rank 0: Host RAM sweep-peak 1908 MB · VmHWM 2405 MB   VRAM op-pool peak 492 MB · total peak 15430 MB
  Rank 1: Host RAM sweep-peak 1857 MB · VmHWM 2340 MB   VRAM op-pool peak 499 MB · total peak 15412 MB
  Rank 2: Host RAM sweep-peak 1849 MB · VmHWM 2346 MB   VRAM op-pool peak 484 MB · total peak 15368 MB
  Rank 3: Host RAM sweep-peak 1828 MB · VmHWM 2333 MB   VRAM op-pool peak 491 MB · total peak 15540 MB
  Block stores (peak bond, per rank): distributed A/B share 110 MB (~K²M²/np) · owner cre/des 8 · S 4 MB (~KM²/np) · replicated floor 1 MB [stubs 0 (~KM) · H 1 (~M²)]
  OOC scratch  6881 MB on disk  (sum over all ranks)
  Timings (wall 6.5 s)
    build                    [CPU]             1.2 s
      formPQ                 [GPU·CPU·IO]     0.5 s   (GPU 0.1 · IO 0.1 · CPU 0.4)
        transfer             [IO]              0.1 s
        exec-hostprep        [CPU]             0.1 s
        complete (MPI)       [IO]              0.1 s
        (other)              [CPU]             0.1 s
      [kern] executor reductions (all phases): res-zero 0.0 · gather 0.0 · reduce 0.0 · accumulate 0.0 s
      compS-form-gpu (MPI)   [GPU·CPU·IO]     0.5 s   (GPU 0.0 · IO 0.1 · CPU 0.4)
        recipe (host,replic) [CPU]             0.1 s
        form (gpu+D2H)       [GPU·IO]         0.2 s
        unpack (D2H)         [CPU·IO]         0.2 s
    matvec                   [GPU·CPU·IO]     3.0 s   (GPU 1.8 · IO 0.0 · CPU 1.1)
      gemm                   [GPU]             1.6 s   (12.28 TFLOPS total · 3.07/GPU)
      kern                   [GPU]             0.2 s
      host                   [CPU]             1.1 s
        planEnum             [CPU]             0.4 s
        ctorAlloc(upload)    [CPU·IO]         0.1 s
        ctorGroup            [CPU]             0.2 s
        (other)              [CPU]             0.4 s
    decimate                 [CPU]             0.4 s
      eigh (dist)            [CPU]             0.2 s
      share (MPI wait)       [CPU·IO]         0.1 s
    grow                     [GPU·CPU·IO]     0.9 s   (GPU 0.2 · IO 0.1 · CPU 0.7) · 10.04 TFLOPS total · 2.51/GPU
      gpu_proj (project)     [GPU·CPU·IO]     0.6 s
        fap_exec             [GPU·IO]         0.4 s
      reduceSH (MPI)         [CPU·IO]         0.1 s
        sync (hash+wait)     [CPU·IO]         0.1 s
      (other)                [CPU]             0.2 s
    predict                  [CPU]             0.1 s
    ooc                      [IO]              0.0 s

################## Sweep 6/10 (forward) summary ##################
  Energy       -2987.3931936544 Ha
  dE vs prev sweep  -6.655e-08 Ha
  Discarded weight  7.212e-05  (max over this sweep's decimations)
  Rank 0: Host RAM sweep-peak 1892 MB · VmHWM 2405 MB   VRAM op-pool peak 492 MB · total peak 15430 MB
  Rank 1: Host RAM sweep-peak 1822 MB · VmHWM 2340 MB   VRAM op-pool peak 499 MB · total peak 15412 MB
  Rank 2: Host RAM sweep-peak 1833 MB · VmHWM 2346 MB   VRAM op-pool peak 484 MB · total peak 15368 MB
  Rank 3: Host RAM sweep-peak 1795 MB · VmHWM 2333 MB   VRAM op-pool peak 491 MB · total peak 15540 MB
  Block stores (peak bond, per rank): distributed A/B share 111 MB (~K²M²/np) · owner cre/des 8 · S 4 MB (~KM²/np) · replicated floor 1 MB [stubs 0 (~KM) · H 1 (~M²)]
  OOC scratch  6892 MB on disk  (sum over all ranks)
  Timings (wall 6.3 s)
    build                    [CPU]             1.2 s
      formPQ                 [GPU·CPU·IO]     0.5 s   (GPU 0.1 · IO 0.1 · CPU 0.4)
        transfer             [IO]              0.1 s
        exec-hostprep        [CPU]             0.1 s
        complete (MPI)       [IO]              0.1 s
        (other)              [CPU]             0.1 s
      [kern] executor reductions (all phases): res-zero 0.0 · gather 0.0 · reduce 0.0 · accumulate 0.0 s
      compS-form-gpu (MPI)   [GPU·CPU·IO]     0.5 s   (GPU 0.0 · IO 0.1 · CPU 0.5)
        recipe (host,replic) [CPU]             0.1 s
        form (gpu+D2H)       [GPU·IO]         0.2 s
        reduce (NCCL/host)   [IO]              0.1 s
        unpack (D2H)         [CPU·IO]         0.2 s
    matvec                   [GPU·CPU·IO]     2.9 s   (GPU 1.8 · IO 0.0 · CPU 1.1)
      gemm                   [GPU]             1.5 s   (12.19 TFLOPS total · 3.05/GPU)
      kern                   [GPU]             0.2 s
      host                   [CPU]             1.1 s
        planEnum             [CPU]             0.4 s
        ctorAlloc(upload)    [CPU·IO]         0.1 s
        ctorGroup            [CPU]             0.2 s
        (other)              [CPU]             0.4 s
    decimate                 [CPU]             0.4 s
      eigh (dist)            [CPU]             0.2 s
      share (MPI wait)       [CPU·IO]         0.1 s
    grow                     [GPU·CPU·IO]     0.9 s   (GPU 0.2 · IO 0.1 · CPU 0.7) · 9.77 TFLOPS total · 2.44/GPU
      gpu_proj (project)     [GPU·CPU·IO]     0.6 s
        fap_exec             [GPU·IO]         0.4 s
      reduceSH (MPI)         [CPU·IO]         0.1 s
        sync (hash+wait)     [CPU·IO]         0.1 s
      (other)                [CPU]             0.2 s
    predict                  [CPU]             0.1 s
    ooc                      [IO]              0.0 s

################## Sweep 7/10 (backward) summary ##################
  Energy       -2987.3931936544 Ha
  dE vs prev sweep  +1.298e-07 Ha
  Discarded weight  7.183e-05  (max over this sweep's decimations)
  Rank 0: Host RAM sweep-peak 1917 MB · VmHWM 2405 MB   VRAM op-pool peak 492 MB · total peak 15430 MB
  Rank 1: Host RAM sweep-peak 1854 MB · VmHWM 2340 MB   VRAM op-pool peak 499 MB · total peak 15412 MB
  Rank 2: Host RAM sweep-peak 1848 MB · VmHWM 2346 MB   VRAM op-pool peak 484 MB · total peak 15368 MB
  Rank 3: Host RAM sweep-peak 1826 MB · VmHWM 2333 MB   VRAM op-pool peak 491 MB · total peak 15540 MB
  Block stores (peak bond, per rank): distributed A/B share 109 MB (~K²M²/np) · owner cre/des 8 · S 4 MB (~KM²/np) · replicated floor 1 MB [stubs 0 (~KM) · H 1 (~M²)]
  OOC scratch  6908 MB on disk  (sum over all ranks)
  Timings (wall 6.3 s)
    build                    [CPU]             1.2 s
      formPQ                 [GPU·CPU·IO]     0.5 s   (GPU 0.1 · IO 0.1 · CPU 0.3)
        transfer             [IO]              0.1 s
        exec-hostprep        [CPU]             0.1 s
        complete (MPI)       [IO]              0.1 s
        (other)              [CPU]             0.1 s
      [kern] executor reductions (all phases): res-zero 0.0 · gather 0.0 · reduce 0.0 · accumulate 0.0 s
      compS-form-gpu (MPI)   [GPU·CPU·IO]     0.5 s   (GPU 0.0 · IO 0.1 · CPU 0.5)
        recipe (host,replic) [CPU]             0.1 s
        form (gpu+D2H)       [GPU·IO]         0.2 s
        unpack (D2H)         [CPU·IO]         0.2 s
    matvec                   [GPU·CPU·IO]     2.9 s   (GPU 1.8 · IO 0.0 · CPU 1.1)
      gemm                   [GPU]             1.5 s   (12.42 TFLOPS total · 3.11/GPU)
      kern                   [GPU]             0.2 s
      host                   [CPU]             1.1 s
        planEnum             [CPU]             0.4 s
        ctorAlloc(upload)    [CPU·IO]         0.1 s
        ctorGroup            [CPU]             0.2 s
        (other)              [CPU]             0.4 s
    decimate                 [CPU]             0.4 s
      eigh (dist)            [CPU]             0.2 s
      share (MPI wait)       [CPU·IO]         0.1 s
    grow                     [GPU·CPU·IO]     0.9 s   (GPU 0.2 · IO 0.1 · CPU 0.7) · 10.16 TFLOPS total · 2.54/GPU
      gpu_proj (project)     [GPU·CPU·IO]     0.6 s
        fap_exec             [GPU·IO]         0.4 s
      reduceSH (MPI)         [CPU·IO]         0.1 s
        sync (hash+wait)     [CPU·IO]         0.1 s
      (other)                [CPU]             0.2 s
    predict                  [CPU]             0.1 s
    ooc                      [IO]              0.0 s

################## Sweep 8/10 (forward) summary ##################
  Energy       -2987.3931936544 Ha
  dE vs prev sweep  -2.748e-08 Ha
  Discarded weight  7.183e-05  (max over this sweep's decimations)
  Rank 0: Host RAM sweep-peak 1906 MB · VmHWM 2405 MB   VRAM op-pool peak 492 MB · total peak 15430 MB
  Rank 1: Host RAM sweep-peak 1833 MB · VmHWM 2340 MB   VRAM op-pool peak 499 MB · total peak 15412 MB
  Rank 2: Host RAM sweep-peak 1848 MB · VmHWM 2346 MB   VRAM op-pool peak 484 MB · total peak 15368 MB
  Rank 3: Host RAM sweep-peak 1800 MB · VmHWM 2333 MB   VRAM op-pool peak 491 MB · total peak 15540 MB
  Block stores (peak bond, per rank): distributed A/B share 111 MB (~K²M²/np) · owner cre/des 8 · S 4 MB (~KM²/np) · replicated floor 1 MB [stubs 0 (~KM) · H 1 (~M²)]
  OOC scratch  6921 MB on disk  (sum over all ranks)
  Timings (wall 6.3 s)
    build                    [CPU]             1.2 s
      formPQ                 [GPU·CPU·IO]     0.5 s   (GPU 0.1 · IO 0.1 · CPU 0.4)
        transfer             [IO]              0.1 s
        exec-hostprep        [CPU]             0.1 s
        complete (MPI)       [IO]              0.1 s
        (other)              [CPU]             0.1 s
      [kern] executor reductions (all phases): res-zero 0.0 · gather 0.0 · reduce 0.0 · accumulate 0.0 s
      compS-form-gpu (MPI)   [GPU·CPU·IO]     0.5 s   (GPU 0.0 · IO 0.1 · CPU 0.5)
        recipe (host,replic) [CPU]             0.1 s
        form (gpu+D2H)       [GPU·IO]         0.2 s
        unpack (D2H)         [CPU·IO]         0.2 s
    matvec                   [GPU·CPU·IO]     2.9 s   (GPU 1.8 · IO 0.0 · CPU 1.1)
      gemm                   [GPU]             1.5 s   (12.21 TFLOPS total · 3.05/GPU)
      kern                   [GPU]             0.2 s
      host                   [CPU]             1.1 s
        planEnum             [CPU]             0.4 s
        ctorAlloc(upload)    [CPU·IO]         0.1 s
        ctorGroup            [CPU]             0.2 s
        (other)              [CPU]             0.4 s
    decimate                 [CPU]             0.4 s
      eigh (dist)            [CPU]             0.2 s
      share (MPI wait)       [CPU·IO]         0.1 s
    grow                     [GPU·CPU·IO]     0.9 s   (GPU 0.2 · IO 0.1 · CPU 0.7) · 9.74 TFLOPS total · 2.44/GPU
      gpu_proj (project)     [GPU·CPU·IO]     0.6 s
        fap_exec             [GPU·IO]         0.4 s
      reduceSH (MPI)         [CPU·IO]         0.1 s
        sync (hash+wait)     [CPU·IO]         0.1 s
      (other)                [CPU]             0.2 s
    predict                  [CPU]             0.1 s
    ooc                      [IO]              0.0 s

################## Sweep 9/10 (backward) summary ##################
  Energy       -2987.3931936544 Ha
  dE vs prev sweep  +7.986e-08 Ha
  Discarded weight  7.168e-05  (max over this sweep's decimations)
  Rank 0: Host RAM sweep-peak 1925 MB · VmHWM 2405 MB   VRAM op-pool peak 492 MB · total peak 15430 MB
  Rank 1: Host RAM sweep-peak 1857 MB · VmHWM 2340 MB   VRAM op-pool peak 499 MB · total peak 15412 MB
  Rank 2: Host RAM sweep-peak 1859 MB · VmHWM 2346 MB   VRAM op-pool peak 484 MB · total peak 15368 MB
  Rank 3: Host RAM sweep-peak 1829 MB · VmHWM 2333 MB   VRAM op-pool peak 491 MB · total peak 15540 MB
  Block stores (peak bond, per rank): distributed A/B share 110 MB (~K²M²/np) · owner cre/des 8 · S 4 MB (~KM²/np) · replicated floor 1 MB [stubs 0 (~KM) · H 1 (~M²)]
  OOC scratch  6889 MB on disk  (sum over all ranks)
  Timings (wall 6.9 s)
    build                    [CPU]             1.2 s
      formPQ                 [GPU·CPU·IO]     0.5 s   (GPU 0.1 · IO 0.1 · CPU 0.3)
        transfer             [IO]              0.1 s
        exec-hostprep        [CPU]             0.1 s
        complete (MPI)       [IO]              0.1 s
        (other)              [CPU]             0.1 s
      [kern] executor reductions (all phases): res-zero 0.0 · gather 0.0 · reduce 0.0 · accumulate 0.0 s
      compS-form-gpu (MPI)   [GPU·CPU·IO]     0.5 s   (GPU 0.0 · IO 0.1 · CPU 0.5)
        recipe (host,replic) [CPU]             0.1 s
        form (gpu+D2H)       [GPU·IO]         0.2 s
        unpack (D2H)         [CPU·IO]         0.2 s
    matvec                   [GPU·CPU·IO]     2.9 s   (GPU 1.8 · IO 0.0 · CPU 1.1)
      gemm                   [GPU]             1.6 s   (12.39 TFLOPS total · 3.10/GPU)
      kern                   [GPU]             0.2 s
      host                   [CPU]             1.1 s
        planEnum             [CPU]             0.4 s
        ctorAlloc(upload)    [CPU·IO]         0.1 s
        ctorGroup            [CPU]             0.2 s
        (other)              [CPU]             0.4 s
    decimate                 [CPU]             0.4 s
      eigh (dist)            [CPU]             0.2 s
      share (MPI wait)       [CPU·IO]         0.1 s
    grow                     [GPU·CPU·IO]     0.9 s   (GPU 0.2 · IO 0.1 · CPU 0.7) · 10.19 TFLOPS total · 2.55/GPU
      gpu_proj (project)     [GPU·CPU·IO]     0.6 s
        fap_exec             [GPU·IO]         0.4 s
      reduceSH (MPI)         [CPU·IO]         0.1 s
        sync (hash+wait)     [CPU·IO]         0.1 s
      (other)                [CPU]             0.2 s
    predict                  [CPU]             0.1 s
    ooc                      [IO]              0.0 s

################## Sweep 10/10 (forward) summary ##################
  Energy       -2987.3931936544 Ha
  dE vs prev sweep  -1.666e-08 Ha
  Discarded weight  7.167e-05  (max over this sweep's decimations)
  Rank 0: Host RAM sweep-peak 1904 MB · VmHWM 2405 MB   VRAM op-pool peak 492 MB · total peak 15430 MB
  Rank 1: Host RAM sweep-peak 1839 MB · VmHWM 2340 MB   VRAM op-pool peak 499 MB · total peak 15412 MB
  Rank 2: Host RAM sweep-peak 1854 MB · VmHWM 2346 MB   VRAM op-pool peak 484 MB · total peak 15368 MB
  Rank 3: Host RAM sweep-peak 1804 MB · VmHWM 2333 MB   VRAM op-pool peak 491 MB · total peak 15540 MB
  Block stores (peak bond, per rank): distributed A/B share 112 MB (~K²M²/np) · owner cre/des 8 · S 4 MB (~KM²/np) · replicated floor 1 MB [stubs 0 (~KM) · H 1 (~M²)]
  OOC scratch  6945 MB on disk  (sum over all ranks)
  Timings (wall 6.3 s)
    build                    [CPU]             1.2 s
      formPQ                 [GPU·CPU·IO]     0.5 s   (GPU 0.1 · IO 0.1 · CPU 0.4)
        transfer             [IO]              0.1 s
        exec-hostprep        [CPU]             0.1 s
        complete (MPI)       [IO]              0.1 s
        (other)              [CPU]             0.1 s
      [kern] executor reductions (all phases): res-zero 0.0 · gather 0.0 · reduce 0.0 · accumulate 0.0 s
      compS-form-gpu (MPI)   [GPU·CPU·IO]     0.5 s   (GPU 0.0 · IO 0.1 · CPU 0.5)
        recipe (host,replic) [CPU]             0.1 s
        form (gpu+D2H)       [GPU·IO]         0.2 s
        reduce (NCCL/host)   [IO]              0.1 s
        unpack (D2H)         [CPU·IO]         0.2 s
    matvec                   [GPU·CPU·IO]     2.9 s   (GPU 1.8 · IO 0.0 · CPU 1.1)
      gemm                   [GPU]             1.5 s   (12.21 TFLOPS total · 3.05/GPU)
      kern                   [GPU]             0.2 s
      host                   [CPU]             1.1 s
        planEnum             [CPU]             0.4 s
        ctorAlloc(upload)    [CPU·IO]         0.1 s
        ctorGroup            [CPU]             0.2 s
        (other)              [CPU]             0.4 s
    decimate                 [CPU]             0.4 s
      eigh (dist)            [CPU]             0.2 s
      share (MPI wait)       [CPU·IO]         0.1 s
    grow                     [GPU·CPU·IO]     0.9 s   (GPU 0.2 · IO 0.1 · CPU 0.7) · 9.84 TFLOPS total · 2.46/GPU
      gpu_proj (project)     [GPU·CPU·IO]     0.6 s
        fap_exec             [GPU·IO]         0.4 s
      reduceSH (MPI)         [CPU·IO]         0.1 s
        sync (hash+wait)     [CPU·IO]         0.1 s
      (other)                [CPU]             0.2 s
    predict                  [CPU]             0.1 s
    ooc                      [IO]              0.0 s
[qops] WARNING: energy NOT converged after 10 sweeps: |dE| = 1.666e-08 >= e_conv = 1.000e-09

################## Run total ##################
  10 sweep(s) + warmup: 64.5 s wall · final E -2987.3931936544 Ha · VmHWM 2405 MB
  ooc async residual wait (not hidden behind compute): save 0.1 · load 0.6 s (1% of runtime)
[rc] ladder BD=800 done
[qops] MPI np=4 · GPU=on · device collectives: NCCL (NVLink/GPUDirect)
[qops] A/B host-offload: ON (stubs + pager spill)

################## Sweep 1/10 (backward) summary ##################
  Energy       -2987.3930946148 Ha
  Discarded weight  2.093e-04  (max over this sweep's decimations)
  Rank 0: Host RAM sweep-peak 1754 MB · VmHWM 2405 MB   VRAM op-pool peak 492 MB · total peak 15430 MB
  Rank 1: Host RAM sweep-peak 1717 MB · VmHWM 2340 MB   VRAM op-pool peak 499 MB · total peak 15412 MB
  Rank 2: Host RAM sweep-peak 1717 MB · VmHWM 2346 MB   VRAM op-pool peak 484 MB · total peak 15368 MB
  Rank 3: Host RAM sweep-peak 1659 MB · VmHWM 2333 MB   VRAM op-pool peak 491 MB · total peak 15540 MB
  Block stores (peak bond, per rank): distributed A/B share 110 MB (~K²M²/np) · owner cre/des 6 · S 3 MB (~KM²/np) · replicated floor 1 MB [stubs 0 (~KM) · H 1 (~M²)]
  OOC scratch  5556 MB on disk  (sum over all ranks)
  Timings (wall 5.5 s)
    build                    [CPU]             1.1 s
      formPQ                 [GPU·CPU·IO]     0.4 s   (GPU 0.1 · IO 0.1 · CPU 0.3)
        transfer             [IO]              0.1 s
        exec-hostprep        [CPU]             0.1 s
        complete (MPI)       [IO]              0.1 s
        (other)              [CPU]             0.1 s
      [kern] executor reductions (all phases): res-zero 0.0 · gather 0.0 · reduce 0.0 · accumulate 0.0 s
      compS-form-gpu (MPI)   [GPU·CPU·IO]     0.5 s   (GPU 0.0 · IO 0.1 · CPU 0.4)
        recipe (host,replic) [CPU]             0.1 s
        form (gpu+D2H)       [GPU·IO]         0.2 s
        unpack (D2H)         [CPU·IO]         0.1 s
    matvec                   [GPU·CPU·IO]     2.6 s   (GPU 1.6 · IO 0.0 · CPU 1.0)
      gemm                   [GPU]             1.4 s   (9.15 TFLOPS total · 2.29/GPU)
      kern                   [GPU]             0.2 s
      host                   [CPU]             1.0 s
        planEnum             [CPU]             0.4 s
        ctorAlloc(upload)    [CPU·IO]         0.1 s
        ctorGroup            [CPU]             0.2 s
        (other)              [CPU]             0.3 s
    decimate                 [CPU]             0.2 s
      eigh (dist)            [CPU]             0.1 s
    grow                     [GPU·CPU·IO]     0.8 s   (GPU 0.1 · IO 0.0 · CPU 0.6) · 4.87 TFLOPS total · 1.22/GPU
      gpu_proj (project)     [GPU·CPU·IO]     0.5 s
        fap_exec             [GPU·IO]         0.3 s
      reduceSH (MPI)         [CPU·IO]         0.1 s
        sync (hash+wait)     [CPU·IO]         0.1 s
      (other)                [CPU]             0.1 s
    predict                  [CPU]             0.1 s
    ooc                      [IO]              0.0 s

################## Sweep 2/10 (forward) summary ##################
  Energy       -2987.3928305774 Ha
  dE vs prev sweep  +2.640e-04 Ha
  Discarded weight  1.154e-04  (max over this sweep's decimations)
  Rank 0: Host RAM sweep-peak 1749 MB · VmHWM 2405 MB   VRAM op-pool peak 492 MB · total peak 15430 MB
  Rank 1: Host RAM sweep-peak 1709 MB · VmHWM 2340 MB   VRAM op-pool peak 499 MB · total peak 15412 MB
  Rank 2: Host RAM sweep-peak 1719 MB · VmHWM 2346 MB   VRAM op-pool peak 484 MB · total peak 15368 MB
  Rank 3: Host RAM sweep-peak 1655 MB · VmHWM 2333 MB   VRAM op-pool peak 491 MB · total peak 15540 MB
  Block stores (peak bond, per rank): distributed A/B share 62 MB (~K²M²/np) · owner cre/des 4 · S 2 MB (~KM²/np) · replicated floor 1 MB [stubs 0 (~KM) · H 1 (~M²)]
  OOC scratch  4005 MB on disk  (sum over all ranks)
  Timings (wall 4.9 s)
    build                    [CPU]             0.9 s
      formPQ                 [GPU·CPU·IO]     0.4 s   (GPU 0.1 · IO 0.0 · CPU 0.3)
        exec-hostprep        [CPU]             0.1 s
        complete (MPI)       [IO]              0.1 s
        (other)              [CPU]             0.1 s
      [kern] executor reductions (all phases): res-zero 0.0 · gather 0.0 · reduce 0.0 · accumulate 0.0 s
      compS-form-gpu (MPI)   [GPU·CPU·IO]     0.4 s   (GPU 0.0 · IO 0.0 · CPU 0.3)
        recipe (host,replic) [CPU]             0.1 s
        form (gpu+D2H)       [GPU·IO]         0.2 s
        unpack (D2H)         [CPU·IO]         0.1 s
    matvec                   [GPU·CPU·IO]     2.4 s   (GPU 1.4 · IO 0.0 · CPU 0.9)
      gemm                   [GPU]             1.3 s   (7.00 TFLOPS total · 1.75/GPU)
      kern                   [GPU]             0.2 s
      host                   [CPU]             0.9 s
        planEnum             [CPU]             0.3 s
        ctorAlloc(upload)    [CPU·IO]         0.1 s
        ctorGroup            [CPU]             0.2 s
        (other)              [CPU]             0.3 s
    decimate                 [CPU]             0.2 s
      eigh (dist)            [CPU]             0.1 s
    grow                     [GPU·CPU·IO]     0.7 s   (GPU 0.1 · IO 0.0 · CPU 0.6) · 5.04 TFLOPS total · 1.26/GPU
      gpu_proj (project)     [GPU·CPU·IO]     0.5 s
        fap_exec             [GPU·IO]         0.3 s
      reduceSH (MPI)         [CPU·IO]         0.1 s
        sync (hash+wait)     [CPU·IO]         0.1 s
      (other)                [CPU]             0.1 s
    predict                  [CPU]             0.1 s
    ooc                      [IO]              0.0 s

################## Sweep 3/10 (backward) summary ##################
  Energy       -2987.3928463237 Ha
  dE vs prev sweep  -1.575e-05 Ha
  Discarded weight  1.024e-04  (max over this sweep's decimations)
  Rank 0: Host RAM sweep-peak 1748 MB · VmHWM 2405 MB   VRAM op-pool peak 492 MB · total peak 15430 MB
  Rank 1: Host RAM sweep-peak 1716 MB · VmHWM 2340 MB   VRAM op-pool peak 499 MB · total peak 15412 MB
  Rank 2: Host RAM sweep-peak 1716 MB · VmHWM 2346 MB   VRAM op-pool peak 484 MB · total peak 15368 MB
  Rank 3: Host RAM sweep-peak 1657 MB · VmHWM 2333 MB   VRAM op-pool peak 491 MB · total peak 15540 MB
  Block stores (peak bond, per rank): distributed A/B share 61 MB (~K²M²/np) · owner cre/des 5 · S 2 MB (~KM²/np) · replicated floor 1 MB [stubs 0 (~KM) · H 1 (~M²)]
  OOC scratch  3984 MB on disk  (sum over all ranks)
  Timings (wall 4.9 s)
    build                    [CPU]             0.9 s
      formPQ                 [GPU·CPU·IO]     0.4 s   (GPU 0.1 · IO 0.0 · CPU 0.3)
        exec-hostprep        [CPU]             0.1 s
        complete (MPI)       [IO]              0.1 s
        (other)              [CPU]             0.1 s
      [kern] executor reductions (all phases): res-zero 0.0 · gather 0.0 · reduce 0.0 · accumulate 0.0 s
      compS-form-gpu (MPI)   [GPU·CPU·IO]     0.4 s   (GPU 0.0 · IO 0.0 · CPU 0.4)
        recipe (host,replic) [CPU]             0.1 s
        form (gpu+D2H)       [GPU·IO]         0.2 s
        unpack (D2H)         [CPU·IO]         0.1 s
    matvec                   [GPU·CPU·IO]     2.4 s   (GPU 1.5 · IO 0.0 · CPU 0.9)
      gemm                   [GPU]             1.3 s   (7.08 TFLOPS total · 1.77/GPU)
      kern                   [GPU]             0.2 s
      host                   [CPU]             0.9 s
        planEnum             [CPU]             0.3 s
        ctorAlloc(upload)    [CPU·IO]         0.1 s
        ctorGroup            [CPU]             0.2 s
        (other)              [CPU]             0.3 s
    decimate                 [CPU]             0.2 s
      eigh (dist)            [CPU]             0.1 s
    grow                     [GPU·CPU·IO]     0.7 s   (GPU 0.1 · IO 0.0 · CPU 0.6) · 4.89 TFLOPS total · 1.22/GPU
      gpu_proj (project)     [GPU·CPU·IO]     0.5 s
        fap_exec             [GPU·IO]         0.3 s
      reduceSH (MPI)         [CPU·IO]         0.1 s
        sync (hash+wait)     [CPU·IO]         0.1 s
      (other)                [CPU]             0.1 s
    predict                  [CPU]             0.0 s
    ooc                      [IO]              0.0 s

################## Sweep 4/10 (forward) summary ##################
  Energy       -2987.3928489157 Ha
  dE vs prev sweep  -2.592e-06 Ha
  Discarded weight  1.004e-04  (max over this sweep's decimations)
  Rank 0: Host RAM sweep-peak 1748 MB · VmHWM 2405 MB   VRAM op-pool peak 492 MB · total peak 15430 MB
  Rank 1: Host RAM sweep-peak 1705 MB · VmHWM 2340 MB   VRAM op-pool peak 499 MB · total peak 15412 MB
  Rank 2: Host RAM sweep-peak 1729 MB · VmHWM 2346 MB   VRAM op-pool peak 484 MB · total peak 15368 MB
  Rank 3: Host RAM sweep-peak 1653 MB · VmHWM 2333 MB   VRAM op-pool peak 491 MB · total peak 15540 MB
  Block stores (peak bond, per rank): distributed A/B share 62 MB (~K²M²/np) · owner cre/des 5 · S 2 MB (~KM²/np) · replicated floor 1 MB [stubs 0 (~KM) · H 1 (~M²)]
  OOC scratch  4024 MB on disk  (sum over all ranks)
  Timings (wall 4.9 s)
    build                    [CPU]             0.9 s
      formPQ                 [GPU·CPU·IO]     0.4 s   (GPU 0.1 · IO 0.0 · CPU 0.3)
        exec-hostprep        [CPU]             0.1 s
        complete (MPI)       [IO]              0.1 s
        (other)              [CPU]             0.1 s
      [kern] executor reductions (all phases): res-zero 0.0 · gather 0.0 · reduce 0.0 · accumulate 0.0 s
      compS-form-gpu (MPI)   [GPU·CPU·IO]     0.4 s   (GPU 0.0 · IO 0.0 · CPU 0.3)
        recipe (host,replic) [CPU]             0.1 s
        form (gpu+D2H)       [GPU·IO]         0.2 s
        unpack (D2H)         [CPU·IO]         0.1 s
    matvec                   [GPU·CPU·IO]     2.4 s   (GPU 1.5 · IO 0.0 · CPU 0.9)
      gemm                   [GPU]             1.3 s   (7.06 TFLOPS total · 1.76/GPU)
      kern                   [GPU]             0.2 s
      host                   [CPU]             0.9 s
        planEnum             [CPU]             0.3 s
        ctorAlloc(upload)    [CPU·IO]         0.1 s
        ctorGroup            [CPU]             0.2 s
        (other)              [CPU]             0.3 s
    decimate                 [CPU]             0.2 s
      eigh (dist)            [CPU]             0.1 s
    grow                     [GPU·CPU·IO]     0.7 s   (GPU 0.1 · IO 0.0 · CPU 0.6) · 5.04 TFLOPS total · 1.26/GPU
      gpu_proj (project)     [GPU·CPU·IO]     0.5 s
        fap_exec             [GPU·IO]         0.3 s
      reduceSH (MPI)         [CPU·IO]         0.1 s
        sync (hash+wait)     [CPU·IO]         0.1 s
      (other)                [CPU]             0.1 s
    predict                  [CPU]             0.1 s
    ooc                      [IO]              0.0 s

################## Sweep 5/10 (backward) summary ##################
  Energy       -2987.3928489322 Ha
  dE vs prev sweep  -1.645e-08 Ha
  Discarded weight  9.978e-05  (max over this sweep's decimations)
  Rank 0: Host RAM sweep-peak 1736 MB · VmHWM 2405 MB   VRAM op-pool peak 492 MB · total peak 15430 MB
  Rank 1: Host RAM sweep-peak 1703 MB · VmHWM 2340 MB   VRAM op-pool peak 499 MB · total peak 15412 MB
  Rank 2: Host RAM sweep-peak 1716 MB · VmHWM 2346 MB   VRAM op-pool peak 484 MB · total peak 15368 MB
  Rank 3: Host RAM sweep-peak 1658 MB · VmHWM 2333 MB   VRAM op-pool peak 491 MB · total peak 15540 MB
  Block stores (peak bond, per rank): distributed A/B share 62 MB (~K²M²/np) · owner cre/des 5 · S 2 MB (~KM²/np) · replicated floor 1 MB [stubs 0 (~KM) · H 1 (~M²)]
  OOC scratch  3980 MB on disk  (sum over all ranks)
  Timings (wall 5.2 s)
    build                    [CPU]             0.9 s
      formPQ                 [GPU·CPU·IO]     0.4 s   (GPU 0.1 · IO 0.0 · CPU 0.3)
        exec-hostprep        [CPU]             0.1 s
        complete (MPI)       [IO]              0.1 s
        (other)              [CPU]             0.1 s
      [kern] executor reductions (all phases): res-zero 0.0 · gather 0.0 · reduce 0.0 · accumulate 0.0 s
      compS-form-gpu (MPI)   [GPU·CPU·IO]     0.4 s   (GPU 0.0 · IO 0.0 · CPU 0.4)
        recipe (host,replic) [CPU]             0.1 s
        form (gpu+D2H)       [GPU·IO]         0.2 s
        unpack (D2H)         [CPU·IO]         0.1 s
    matvec                   [GPU·CPU·IO]     2.4 s   (GPU 1.4 · IO 0.0 · CPU 0.9)
      gemm                   [GPU]             1.2 s   (7.13 TFLOPS total · 1.78/GPU)
      kern                   [GPU]             0.2 s
      host                   [CPU]             0.9 s
        planEnum             [CPU]             0.3 s
        ctorAlloc(upload)    [CPU·IO]         0.1 s
        ctorGroup            [CPU]             0.2 s
        (other)              [CPU]             0.3 s
    decimate                 [CPU]             0.2 s
      eigh (dist)            [CPU]             0.1 s
    grow                     [GPU·CPU·IO]     0.7 s   (GPU 0.1 · IO 0.0 · CPU 0.6) · 4.91 TFLOPS total · 1.23/GPU
      gpu_proj (project)     [GPU·CPU·IO]     0.5 s
        fap_exec             [GPU·IO]         0.3 s
      reduceSH (MPI)         [CPU·IO]         0.1 s
        sync (hash+wait)     [CPU·IO]         0.1 s
      (other)                [CPU]             0.1 s
    predict                  [CPU]             0.0 s
    ooc                      [IO]              0.0 s

################## Sweep 6/10 (forward) summary ##################
  Energy       -2987.3928490144 Ha
  dE vs prev sweep  -8.223e-08 Ha
  Discarded weight  9.916e-05  (max over this sweep's decimations)
  Rank 0: Host RAM sweep-peak 1751 MB · VmHWM 2405 MB   VRAM op-pool peak 492 MB · total peak 15430 MB
  Rank 1: Host RAM sweep-peak 1710 MB · VmHWM 2340 MB   VRAM op-pool peak 499 MB · total peak 15412 MB
  Rank 2: Host RAM sweep-peak 1725 MB · VmHWM 2346 MB   VRAM op-pool peak 484 MB · total peak 15368 MB
  Rank 3: Host RAM sweep-peak 1657 MB · VmHWM 2333 MB   VRAM op-pool peak 491 MB · total peak 15540 MB
  Block stores (peak bond, per rank): distributed A/B share 62 MB (~K²M²/np) · owner cre/des 5 · S 2 MB (~KM²/np) · replicated floor 1 MB [stubs 0 (~KM) · H 1 (~M²)]
  OOC scratch  4010 MB on disk  (sum over all ranks)
  Timings (wall 4.9 s)
    build                    [CPU]             0.9 s
      formPQ                 [GPU·CPU·IO]     0.4 s   (GPU 0.1 · IO 0.0 · CPU 0.3)
        exec-hostprep        [CPU]             0.1 s
        complete (MPI)       [IO]              0.1 s
        (other)              [CPU]             0.1 s
      [kern] executor reductions (all phases): res-zero 0.0 · gather 0.0 · reduce 0.0 · accumulate 0.0 s
      compS-form-gpu (MPI)   [GPU·CPU·IO]     0.4 s   (GPU 0.0 · IO 0.0 · CPU 0.3)
        recipe (host,replic) [CPU]             0.1 s
        form (gpu+D2H)       [GPU·IO]         0.2 s
        unpack (D2H)         [CPU·IO]         0.1 s
    matvec                   [GPU·CPU·IO]     2.4 s   (GPU 1.5 · IO 0.0 · CPU 0.9)
      gemm                   [GPU]             1.3 s   (7.08 TFLOPS total · 1.77/GPU)
      kern                   [GPU]             0.2 s
      host                   [CPU]             0.9 s
        planEnum             [CPU]             0.3 s
        ctorAlloc(upload)    [CPU·IO]         0.1 s
        ctorGroup            [CPU]             0.2 s
        (other)              [CPU]             0.3 s
    decimate                 [CPU]             0.2 s
      eigh (dist)            [CPU]             0.1 s
    grow                     [GPU·CPU·IO]     0.7 s   (GPU 0.1 · IO 0.0 · CPU 0.6) · 4.99 TFLOPS total · 1.25/GPU
      gpu_proj (project)     [GPU·CPU·IO]     0.5 s
        fap_exec             [GPU·IO]         0.3 s
      reduceSH (MPI)         [CPU·IO]         0.1 s
        sync (hash+wait)     [CPU·IO]         0.1 s
      (other)                [CPU]             0.1 s
    predict                  [CPU]             0.1 s
    ooc                      [IO]              0.0 s

################## Sweep 7/10 (backward) summary ##################
  Energy       -2987.3928491476 Ha
  dE vs prev sweep  -1.332e-07 Ha
  Discarded weight  9.905e-05  (max over this sweep's decimations)
  Rank 0: Host RAM sweep-peak 1752 MB · VmHWM 2405 MB   VRAM op-pool peak 492 MB · total peak 15430 MB
  Rank 1: Host RAM sweep-peak 1718 MB · VmHWM 2340 MB   VRAM op-pool peak 499 MB · total peak 15412 MB
  Rank 2: Host RAM sweep-peak 1724 MB · VmHWM 2346 MB   VRAM op-pool peak 484 MB · total peak 15368 MB
  Rank 3: Host RAM sweep-peak 1659 MB · VmHWM 2333 MB   VRAM op-pool peak 491 MB · total peak 15540 MB
  Block stores (peak bond, per rank): distributed A/B share 62 MB (~K²M²/np) · owner cre/des 5 · S 2 MB (~KM²/np) · replicated floor 1 MB [stubs 0 (~KM) · H 1 (~M²)]
  OOC scratch  3980 MB on disk  (sum over all ranks)
  Timings (wall 4.9 s)
    build                    [CPU]             0.9 s
      formPQ                 [GPU·CPU·IO]     0.4 s   (GPU 0.1 · IO 0.0 · CPU 0.3)
        exec-hostprep        [CPU]             0.1 s
        complete (MPI)       [IO]              0.1 s
        (other)              [CPU]             0.1 s
      [kern] executor reductions (all phases): res-zero 0.0 · gather 0.0 · reduce 0.0 · accumulate 0.0 s
      compS-form-gpu (MPI)   [GPU·CPU·IO]     0.4 s   (GPU 0.0 · IO 0.0 · CPU 0.4)
        recipe (host,replic) [CPU]             0.1 s
        form (gpu+D2H)       [GPU·IO]         0.2 s
        unpack (D2H)         [CPU·IO]         0.1 s
    matvec                   [GPU·CPU·IO]     2.4 s   (GPU 1.4 · IO 0.0 · CPU 0.9)
      gemm                   [GPU]             1.2 s   (7.17 TFLOPS total · 1.79/GPU)
      kern                   [GPU]             0.2 s
      host                   [CPU]             0.9 s
        planEnum             [CPU]             0.3 s
        ctorAlloc(upload)    [CPU·IO]         0.1 s
        ctorGroup            [CPU]             0.2 s
        (other)              [CPU]             0.3 s
    decimate                 [CPU]             0.2 s
      eigh (dist)            [CPU]             0.1 s
    grow                     [GPU·CPU·IO]     0.7 s   (GPU 0.1 · IO 0.0 · CPU 0.6) · 4.88 TFLOPS total · 1.22/GPU
      gpu_proj (project)     [GPU·CPU·IO]     0.5 s
        fap_exec             [GPU·IO]         0.3 s
      reduceSH (MPI)         [CPU·IO]         0.1 s
        sync (hash+wait)     [CPU·IO]         0.1 s
      (other)                [CPU]             0.1 s
    predict                  [CPU]             0.1 s
    ooc                      [IO]              0.0 s

################## Sweep 8/10 (forward) summary ##################
  Energy       -2987.3928493000 Ha
  dE vs prev sweep  -1.524e-07 Ha
  Discarded weight  9.891e-05  (max over this sweep's decimations)
  Rank 0: Host RAM sweep-peak 1749 MB · VmHWM 2405 MB   VRAM op-pool peak 492 MB · total peak 15430 MB
  Rank 1: Host RAM sweep-peak 1712 MB · VmHWM 2340 MB   VRAM op-pool peak 499 MB · total peak 15412 MB
  Rank 2: Host RAM sweep-peak 1718 MB · VmHWM 2346 MB   VRAM op-pool peak 484 MB · total peak 15368 MB
  Rank 3: Host RAM sweep-peak 1651 MB · VmHWM 2333 MB   VRAM op-pool peak 491 MB · total peak 15540 MB
  Block stores (peak bond, per rank): distributed A/B share 62 MB (~K²M²/np) · owner cre/des 5 · S 2 MB (~KM²/np) · replicated floor 1 MB [stubs 0 (~KM) · H 1 (~M²)]
  OOC scratch  3982 MB on disk  (sum over all ranks)
  Timings (wall 4.9 s)
    build                    [CPU]             0.9 s
      formPQ                 [GPU·CPU·IO]     0.4 s   (GPU 0.1 · IO 0.0 · CPU 0.3)
        exec-hostprep        [CPU]             0.1 s
        complete (MPI)       [IO]              0.1 s
        (other)              [CPU]             0.1 s
      [kern] executor reductions (all phases): res-zero 0.0 · gather 0.0 · reduce 0.0 · accumulate 0.0 s
      compS-form-gpu (MPI)   [GPU·CPU·IO]     0.4 s   (GPU 0.0 · IO 0.0 · CPU 0.3)
        recipe (host,replic) [CPU]             0.1 s
        form (gpu+D2H)       [GPU·IO]         0.2 s
        unpack (D2H)         [CPU·IO]         0.1 s
    matvec                   [GPU·CPU·IO]     2.3 s   (GPU 1.4 · IO 0.0 · CPU 0.9)
      gemm                   [GPU]             1.2 s   (7.22 TFLOPS total · 1.80/GPU)
      kern                   [GPU]             0.2 s
      host                   [CPU]             0.9 s
        planEnum             [CPU]             0.3 s
        ctorAlloc(upload)    [CPU·IO]         0.1 s
        ctorGroup            [CPU]             0.2 s
        (other)              [CPU]             0.3 s
    decimate                 [CPU]             0.2 s
      eigh (dist)            [CPU]             0.1 s
    grow                     [GPU·CPU·IO]     0.7 s   (GPU 0.1 · IO 0.0 · CPU 0.6) · 5.03 TFLOPS total · 1.26/GPU
      gpu_proj (project)     [GPU·CPU·IO]     0.5 s
        fap_exec             [GPU·IO]         0.3 s
      reduceSH (MPI)         [CPU·IO]         0.1 s
        sync (hash+wait)     [CPU·IO]         0.1 s
      (other)                [CPU]             0.1 s
    predict                  [CPU]             0.1 s
    ooc                      [IO]              0.0 s

################## Sweep 9/10 (backward) summary ##################
  Energy       -2987.3928493000 Ha
  dE vs prev sweep  +9.793e-08 Ha
  Discarded weight  9.878e-05  (max over this sweep's decimations)
  Rank 0: Host RAM sweep-peak 1745 MB · VmHWM 2405 MB   VRAM op-pool peak 492 MB · total peak 15430 MB
  Rank 1: Host RAM sweep-peak 1705 MB · VmHWM 2340 MB   VRAM op-pool peak 499 MB · total peak 15412 MB
  Rank 2: Host RAM sweep-peak 1710 MB · VmHWM 2346 MB   VRAM op-pool peak 484 MB · total peak 15368 MB
  Rank 3: Host RAM sweep-peak 1648 MB · VmHWM 2333 MB   VRAM op-pool peak 491 MB · total peak 15540 MB
  Block stores (peak bond, per rank): distributed A/B share 62 MB (~K²M²/np) · owner cre/des 5 · S 2 MB (~KM²/np) · replicated floor 1 MB [stubs 0 (~KM) · H 1 (~M²)]
  OOC scratch  3978 MB on disk  (sum over all ranks)
  Timings (wall 4.9 s)
    build                    [CPU]             1.0 s
      formPQ                 [GPU·CPU·IO]     0.4 s   (GPU 0.1 · IO 0.0 · CPU 0.3)
        exec-hostprep        [CPU]             0.1 s
        complete (MPI)       [IO]              0.1 s
        (other)              [CPU]             0.1 s
      [kern] executor reductions (all phases): res-zero 0.0 · gather 0.0 · reduce 0.0 · accumulate 0.0 s
      compS-form-gpu (MPI)   [GPU·CPU·IO]     0.4 s   (GPU 0.0 · IO 0.0 · CPU 0.4)
        recipe (host,replic) [CPU]             0.1 s
        form (gpu+D2H)       [GPU·IO]         0.2 s
        reduce (NCCL/host)   [IO]              0.1 s
        unpack (D2H)         [CPU·IO]         0.1 s
    matvec                   [GPU·CPU·IO]     2.3 s   (GPU 1.4 · IO 0.0 · CPU 0.9)
      gemm                   [GPU]             1.2 s   (7.28 TFLOPS total · 1.82/GPU)
      kern                   [GPU]             0.2 s
      host                   [CPU]             0.9 s
        planEnum             [CPU]             0.3 s
        ctorAlloc(upload)    [CPU·IO]         0.1 s
        ctorGroup            [CPU]             0.2 s
        (other)              [CPU]             0.3 s
    decimate                 [CPU]             0.2 s
      eigh (dist)            [CPU]             0.1 s
    grow                     [GPU·CPU·IO]     0.7 s   (GPU 0.1 · IO 0.0 · CPU 0.6) · 4.92 TFLOPS total · 1.23/GPU
      gpu_proj (project)     [GPU·CPU·IO]     0.5 s
        fap_exec             [GPU·IO]         0.3 s
      reduceSH (MPI)         [CPU·IO]         0.1 s
        sync (hash+wait)     [CPU·IO]         0.1 s
      (other)                [CPU]             0.1 s
    predict                  [CPU]             0.0 s
    ooc                      [IO]              0.0 s

################## Sweep 10/10 (forward) summary ##################
  Energy       -2987.3928493000 Ha
  dE vs prev sweep  -9.777e-10 Ha
  Discarded weight  9.871e-05  (max over this sweep's decimations)
  Rank 0: Host RAM sweep-peak 1754 MB · VmHWM 2405 MB   VRAM op-pool peak 492 MB · total peak 15430 MB
  Rank 1: Host RAM sweep-peak 1710 MB · VmHWM 2340 MB   VRAM op-pool peak 499 MB · total peak 15412 MB
  Rank 2: Host RAM sweep-peak 1724 MB · VmHWM 2346 MB   VRAM op-pool peak 484 MB · total peak 15368 MB
  Rank 3: Host RAM sweep-peak 1656 MB · VmHWM 2333 MB   VRAM op-pool peak 491 MB · total peak 15540 MB
  Block stores (peak bond, per rank): distributed A/B share 62 MB (~K²M²/np) · owner cre/des 5 · S 2 MB (~KM²/np) · replicated floor 1 MB [stubs 0 (~KM) · H 1 (~M²)]
  OOC scratch  3957 MB on disk  (sum over all ranks)
  Timings (wall 4.9 s)
    build                    [CPU]             0.9 s
      formPQ                 [GPU·CPU·IO]     0.4 s   (GPU 0.1 · IO 0.0 · CPU 0.3)
        exec-hostprep        [CPU]             0.1 s
        complete (MPI)       [IO]              0.1 s
        (other)              [CPU]             0.1 s
      [kern] executor reductions (all phases): res-zero 0.0 · gather 0.0 · reduce 0.0 · accumulate 0.0 s
      compS-form-gpu (MPI)   [GPU·CPU·IO]     0.4 s   (GPU 0.0 · IO 0.0 · CPU 0.3)
        recipe (host,replic) [CPU]             0.1 s
        form (gpu+D2H)       [GPU·IO]         0.2 s
        unpack (D2H)         [CPU·IO]         0.1 s
    matvec                   [GPU·CPU·IO]     2.3 s   (GPU 1.4 · IO 0.0 · CPU 0.9)
      gemm                   [GPU]             1.2 s   (7.27 TFLOPS total · 1.82/GPU)
      kern                   [GPU]             0.2 s
      host                   [CPU]             0.9 s
        planEnum             [CPU]             0.3 s
        ctorAlloc(upload)    [CPU·IO]         0.1 s
        ctorGroup            [CPU]             0.2 s
        (other)              [CPU]             0.3 s
    decimate                 [CPU]             0.2 s
      eigh (dist)            [CPU]             0.1 s
    grow                     [GPU·CPU·IO]     0.7 s   (GPU 0.1 · IO 0.0 · CPU 0.6) · 5.06 TFLOPS total · 1.26/GPU
      gpu_proj (project)     [GPU·CPU·IO]     0.5 s
        fap_exec             [GPU·IO]         0.3 s
      reduceSH (MPI)         [CPU·IO]         0.1 s
        sync (hash+wait)     [CPU·IO]         0.1 s
      (other)                [CPU]             0.1 s
    predict                  [CPU]             0.1 s
    ooc                      [IO]              0.0 s
[qops] converged after sweep 10/10: |dE| = 9.777e-10 < e_conv = 1.000e-09

################## Run total ##################
  10 sweep(s) + warmup: 49.7 s wall · final E -2987.3928493000 Ha · VmHWM 2405 MB
  ooc async residual wait (not hidden behind compute): save 0.1 · load 0.6 s (1% of runtime)
[rc] ladder BD=600 done
[qops] MPI np=4 · GPU=on · device collectives: NCCL (NVLink/GPUDirect)
[qops] A/B host-offload: ON (stubs + pager spill)

################## Sweep 1/10 (backward) summary ##################
  Energy       -2987.3927167589 Ha
  Discarded weight  3.502e-04  (max over this sweep's decimations)
  Rank 0: Host RAM sweep-peak 1633 MB · VmHWM 2405 MB   VRAM op-pool peak 492 MB · total peak 15430 MB
  Rank 1: Host RAM sweep-peak 1601 MB · VmHWM 2340 MB   VRAM op-pool peak 499 MB · total peak 15412 MB
  Rank 2: Host RAM sweep-peak 1605 MB · VmHWM 2346 MB   VRAM op-pool peak 484 MB · total peak 15368 MB
  Rank 3: Host RAM sweep-peak 1535 MB · VmHWM 2333 MB   VRAM op-pool peak 491 MB · total peak 15540 MB
  Block stores (peak bond, per rank): distributed A/B share 62 MB (~K²M²/np) · owner cre/des 4 · S 2 MB (~KM²/np) · replicated floor 1 MB [stubs 0 (~KM) · H 1 (~M²)]
  OOC scratch  3022 MB on disk  (sum over all ranks)
  Timings (wall 4.4 s)
    build                    [CPU]             0.8 s
      formPQ                 [GPU·CPU·IO]     0.4 s   (GPU 0.1 · IO 0.0 · CPU 0.3)
        exec-hostprep        [CPU]             0.1 s
        complete (MPI)       [IO]              0.1 s
        (other)              [CPU]             0.1 s
      [kern] executor reductions (all phases): res-zero 0.0 · gather 0.0 · reduce 0.0 · accumulate 0.0 s
      compS-form-gpu (MPI)   [GPU·CPU·IO]     0.4 s   (GPU 0.0 · IO 0.0 · CPU 0.3)
        recipe (host,replic) [CPU]             0.1 s
        form (gpu+D2H)       [GPU·IO]         0.2 s
        unpack (D2H)         [CPU·IO]         0.1 s
    matvec                   [GPU·CPU·IO]     2.0 s   (GPU 1.3 · IO 0.0 · CPU 0.8)
      gemm                   [GPU]             1.1 s   (4.82 TFLOPS total · 1.20/GPU)
      kern                   [GPU]             0.2 s
      host                   [CPU]             0.8 s
        planEnum             [CPU]             0.3 s
        ctorAlloc(upload)    [CPU·IO]         0.1 s
        ctorGroup            [CPU]             0.2 s
        (other)              [CPU]             0.3 s
    decimate                 [CPU]             0.1 s
      eigh (dist)            [CPU]             0.1 s
    grow                     [GPU·CPU·IO]     0.6 s   (GPU 0.1 · IO 0.0 · CPU 0.5) · 2.07 TFLOPS total · 0.52/GPU
      gpu_proj (project)     [GPU·CPU·IO]     0.4 s
        fap_exec             [GPU·IO]         0.3 s
      reduceSH (MPI)         [CPU·IO]         0.1 s
        sync (hash+wait)     [CPU·IO]         0.1 s
      (other)                [CPU]             0.1 s
    predict                  [CPU]             0.0 s
    ooc                      [IO]              0.0 s

################## Sweep 2/10 (forward) summary ##################
  Energy       -2987.3920769448 Ha
  dE vs prev sweep  +6.398e-04 Ha
  Discarded weight  1.697e-04  (max over this sweep's decimations)
  Rank 0: Host RAM sweep-peak 1622 MB · VmHWM 2405 MB   VRAM op-pool peak 492 MB · total peak 15430 MB
  Rank 1: Host RAM sweep-peak 1583 MB · VmHWM 2340 MB   VRAM op-pool peak 499 MB · total peak 15412 MB
  Rank 2: Host RAM sweep-peak 1594 MB · VmHWM 2346 MB   VRAM op-pool peak 484 MB · total peak 15368 MB
  Rank 3: Host RAM sweep-peak 1528 MB · VmHWM 2333 MB   VRAM op-pool peak 491 MB · total peak 15540 MB
  Block stores (peak bond, per rank): distributed A/B share 28 MB (~K²M²/np) · owner cre/des 2 · S 1 MB (~KM²/np) · replicated floor 0 MB [stubs 0 (~KM) · H 0 (~M²)]
  OOC scratch  1962 MB on disk  (sum over all ranks)
  Timings (wall 3.7 s)
    build                    [CPU]             0.7 s
      formPQ                 [GPU·CPU·IO]     0.3 s   (GPU 0.0 · IO 0.0 · CPU 0.3)
        exec-hostprep        [CPU]             0.1 s
        complete (MPI)       [IO]              0.1 s
      [kern] executor reductions (all phases): res-zero 0.0 · gather 0.0 · reduce 0.0 · accumulate 0.0 s
      compS-form-gpu (MPI)   [GPU·CPU·IO]     0.3 s   (GPU 0.0 · IO 0.0 · CPU 0.3)
        recipe (host,replic) [CPU]             0.1 s
        form (gpu+D2H)       [GPU·IO]         0.1 s
        unpack (D2H)         [CPU·IO]         0.1 s
    matvec                   [GPU·CPU·IO]     1.9 s   (GPU 1.2 · IO 0.0 · CPU 0.7)
      gemm                   [GPU]             1.0 s   (3.01 TFLOPS total · 0.75/GPU)
      kern                   [GPU]             0.2 s
      host                   [CPU]             0.7 s
        planEnum             [CPU]             0.3 s
        ctorAlloc(upload)    [CPU·IO]         0.1 s
        ctorGroup            [CPU]             0.1 s
        (other)              [CPU]             0.2 s
    decimate                 [CPU]             0.1 s
      eigh (dist)            [CPU]             0.1 s
    grow                     [GPU·CPU·IO]     0.6 s   (GPU 0.1 · IO 0.0 · CPU 0.5) · 2.18 TFLOPS total · 0.54/GPU
      gpu_proj (project)     [GPU·CPU·IO]     0.4 s
        fap_exec             [GPU·IO]         0.3 s
      reduceSH (MPI)         [CPU·IO]         0.1 s
        sync (hash+wait)     [CPU·IO]         0.1 s
      (other)                [CPU]             0.1 s
    predict                  [CPU]             0.0 s
    ooc                      [IO]              0.0 s

################## Sweep 3/10 (backward) summary ##################
  Energy       -2987.3921149241 Ha
  dE vs prev sweep  -3.798e-05 Ha
  Discarded weight  1.476e-04  (max over this sweep's decimations)
  Rank 0: Host RAM sweep-peak 1625 MB · VmHWM 2405 MB   VRAM op-pool peak 492 MB · total peak 15430 MB
  Rank 1: Host RAM sweep-peak 1590 MB · VmHWM 2340 MB   VRAM op-pool peak 499 MB · total peak 15412 MB
  Rank 2: Host RAM sweep-peak 1598 MB · VmHWM 2346 MB   VRAM op-pool peak 484 MB · total peak 15368 MB
  Rank 3: Host RAM sweep-peak 1530 MB · VmHWM 2333 MB   VRAM op-pool peak 491 MB · total peak 15540 MB
  Block stores (peak bond, per rank): distributed A/B share 28 MB (~K²M²/np) · owner cre/des 2 · S 1 MB (~KM²/np) · replicated floor 0 MB [stubs 0 (~KM) · H 0 (~M²)]
  OOC scratch  1910 MB on disk  (sum over all ranks)
  Timings (wall 3.7 s)
    build                    [CPU]             0.7 s
      formPQ                 [GPU·CPU·IO]     0.3 s   (GPU 0.0 · IO 0.0 · CPU 0.2)
        exec-hostprep        [CPU]             0.1 s
        complete (MPI)       [IO]              0.1 s
      [kern] executor reductions (all phases): res-zero 0.0 · gather 0.0 · reduce 0.0 · accumulate 0.0 s
      compS-form-gpu (MPI)   [GPU·CPU·IO]     0.3 s   (GPU 0.0 · IO 0.0 · CPU 0.3)
        recipe (host,replic) [CPU]             0.1 s
        form (gpu+D2H)       [GPU·IO]         0.1 s
        unpack (D2H)         [CPU·IO]         0.1 s
    matvec                   [GPU·CPU·IO]     1.9 s   (GPU 1.2 · IO 0.0 · CPU 0.7)
      gemm                   [GPU]             1.0 s   (3.03 TFLOPS total · 0.76/GPU)
      kern                   [GPU]             0.2 s
      host                   [CPU]             0.7 s
        planEnum             [CPU]             0.3 s
        ctorAlloc(upload)    [CPU·IO]         0.1 s
        ctorGroup            [CPU]             0.1 s
        (other)              [CPU]             0.2 s
    decimate                 [CPU]             0.1 s
      eigh (dist)            [CPU]             0.1 s
    grow                     [GPU·CPU·IO]     0.6 s   (GPU 0.1 · IO 0.0 · CPU 0.5) · 2.10 TFLOPS total · 0.53/GPU
      gpu_proj (project)     [GPU·CPU·IO]     0.4 s
        fap_exec             [GPU·IO]         0.2 s
      reduceSH (MPI)         [CPU·IO]         0.1 s
        sync (hash+wait)     [CPU·IO]         0.1 s
      (other)                [CPU]             0.1 s
    predict                  [CPU]             0.0 s
    ooc                      [IO]              0.0 s

################## Sweep 4/10 (forward) summary ##################
  Energy       -2987.3921151387 Ha
  dE vs prev sweep  -2.146e-07 Ha
  Discarded weight  1.452e-04  (max over this sweep's decimations)
  Rank 0: Host RAM sweep-peak 1620 MB · VmHWM 2405 MB   VRAM op-pool peak 492 MB · total peak 15430 MB
  Rank 1: Host RAM sweep-peak 1582 MB · VmHWM 2340 MB   VRAM op-pool peak 499 MB · total peak 15412 MB
  Rank 2: Host RAM sweep-peak 1594 MB · VmHWM 2346 MB   VRAM op-pool peak 484 MB · total peak 15368 MB
  Rank 3: Host RAM sweep-peak 1525 MB · VmHWM 2333 MB   VRAM op-pool peak 491 MB · total peak 15540 MB
  Block stores (peak bond, per rank): distributed A/B share 27 MB (~K²M²/np) · owner cre/des 2 · S 1 MB (~KM²/np) · replicated floor 0 MB [stubs 0 (~KM) · H 0 (~M²)]
  OOC scratch  1934 MB on disk  (sum over all ranks)
  Timings (wall 3.7 s)
    build                    [CPU]             0.7 s
      formPQ                 [GPU·CPU·IO]     0.3 s   (GPU 0.0 · IO 0.0 · CPU 0.3)
        exec-hostprep        [CPU]             0.1 s
        complete (MPI)       [IO]              0.1 s
      [kern] executor reductions (all phases): res-zero 0.0 · gather 0.0 · reduce 0.0 · accumulate 0.0 s
      compS-form-gpu (MPI)   [GPU·CPU·IO]     0.3 s   (GPU 0.0 · IO 0.0 · CPU 0.2)
        recipe (host,replic) [CPU]             0.1 s
        form (gpu+D2H)       [GPU·IO]         0.1 s
        unpack (D2H)         [CPU·IO]         0.1 s
    matvec                   [GPU·CPU·IO]     1.9 s   (GPU 1.2 · IO 0.0 · CPU 0.7)
      gemm                   [GPU]             1.0 s   (3.01 TFLOPS total · 0.75/GPU)
      kern                   [GPU]             0.2 s
      host                   [CPU]             0.7 s
        planEnum             [CPU]             0.3 s
        ctorAlloc(upload)    [CPU·IO]         0.1 s
        ctorGroup            [CPU]             0.1 s
        (other)              [CPU]             0.2 s
    decimate                 [CPU]             0.1 s
      eigh (dist)            [CPU]             0.1 s
    grow                     [GPU·CPU·IO]     0.6 s   (GPU 0.1 · IO 0.0 · CPU 0.5) · 2.14 TFLOPS total · 0.54/GPU
      gpu_proj (project)     [GPU·CPU·IO]     0.4 s
        fap_exec             [GPU·IO]         0.3 s
      reduceSH (MPI)         [CPU·IO]         0.1 s
        sync (hash+wait)     [CPU·IO]         0.1 s
      (other)                [CPU]             0.1 s
    predict                  [CPU]             0.0 s
    ooc                      [IO]              0.0 s

################## Sweep 5/10 (backward) summary ##################
  Energy       -2987.3921176208 Ha
  dE vs prev sweep  -2.482e-06 Ha
  Discarded weight  1.424e-04  (max over this sweep's decimations)
  Rank 0: Host RAM sweep-peak 1627 MB · VmHWM 2405 MB   VRAM op-pool peak 492 MB · total peak 15430 MB
  Rank 1: Host RAM sweep-peak 1589 MB · VmHWM 2340 MB   VRAM op-pool peak 499 MB · total peak 15412 MB
  Rank 2: Host RAM sweep-peak 1595 MB · VmHWM 2346 MB   VRAM op-pool peak 484 MB · total peak 15368 MB
  Rank 3: Host RAM sweep-peak 1529 MB · VmHWM 2333 MB   VRAM op-pool peak 491 MB · total peak 15540 MB
  Block stores (peak bond, per rank): distributed A/B share 28 MB (~K²M²/np) · owner cre/des 2 · S 1 MB (~KM²/np) · replicated floor 0 MB [stubs 0 (~KM) · H 0 (~M²)]
  OOC scratch  1917 MB on disk  (sum over all ranks)
  Timings (wall 3.7 s)
    build                    [CPU]             0.7 s
      formPQ                 [GPU·CPU·IO]     0.3 s   (GPU 0.0 · IO 0.0 · CPU 0.2)
        exec-hostprep        [CPU]             0.1 s
        complete (MPI)       [IO]              0.1 s
      [kern] executor reductions (all phases): res-zero 0.0 · gather 0.0 · reduce 0.0 · accumulate 0.0 s
      compS-form-gpu (MPI)   [GPU·CPU·IO]     0.3 s   (GPU 0.0 · IO 0.0 · CPU 0.3)
        recipe (host,replic) [CPU]             0.1 s
        form (gpu+D2H)       [GPU·IO]         0.1 s
        unpack (D2H)         [CPU·IO]         0.1 s
    matvec                   [GPU·CPU·IO]     1.9 s   (GPU 1.2 · IO 0.0 · CPU 0.7)
      gemm                   [GPU]             1.0 s   (3.04 TFLOPS total · 0.76/GPU)
      kern                   [GPU]             0.2 s
      host                   [CPU]             0.7 s
        planEnum             [CPU]             0.3 s
        ctorAlloc(upload)    [CPU·IO]         0.1 s
        ctorGroup            [CPU]             0.1 s
        (other)              [CPU]             0.2 s
    decimate                 [CPU]             0.1 s
      eigh (dist)            [CPU]             0.1 s
    grow                     [GPU·CPU·IO]     0.6 s   (GPU 0.1 · IO 0.0 · CPU 0.5) · 2.10 TFLOPS total · 0.53/GPU
      gpu_proj (project)     [GPU·CPU·IO]     0.4 s
        fap_exec             [GPU·IO]         0.2 s
      reduceSH (MPI)         [CPU·IO]         0.1 s
        sync (hash+wait)     [CPU·IO]         0.1 s
      (other)                [CPU]             0.1 s
    predict                  [CPU]             0.0 s
    ooc                      [IO]              0.0 s

################## Sweep 6/10 (forward) summary ##################
  Energy       -2987.3921203691 Ha
  dE vs prev sweep  -2.748e-06 Ha
  Discarded weight  1.430e-04  (max over this sweep's decimations)
  Rank 0: Host RAM sweep-peak 1623 MB · VmHWM 2405 MB   VRAM op-pool peak 492 MB · total peak 15430 MB
  Rank 1: Host RAM sweep-peak 1585 MB · VmHWM 2340 MB   VRAM op-pool peak 499 MB · total peak 15412 MB
  Rank 2: Host RAM sweep-peak 1605 MB · VmHWM 2346 MB   VRAM op-pool peak 484 MB · total peak 15368 MB
  Rank 3: Host RAM sweep-peak 1530 MB · VmHWM 2333 MB   VRAM op-pool peak 491 MB · total peak 15540 MB
  Block stores (peak bond, per rank): distributed A/B share 27 MB (~K²M²/np) · owner cre/des 2 · S 1 MB (~KM²/np) · replicated floor 0 MB [stubs 0 (~KM) · H 0 (~M²)]
  OOC scratch  1909 MB on disk  (sum over all ranks)
  Timings (wall 3.7 s)
    build                    [CPU]             0.7 s
      formPQ                 [GPU·CPU·IO]     0.3 s   (GPU 0.0 · IO 0.0 · CPU 0.3)
        exec-hostprep        [CPU]             0.1 s
        complete (MPI)       [IO]              0.1 s
      [kern] executor reductions (all phases): res-zero 0.0 · gather 0.0 · reduce 0.0 · accumulate 0.0 s
      compS-form-gpu (MPI)   [GPU·CPU·IO]     0.3 s   (GPU 0.0 · IO 0.0 · CPU 0.3)
        recipe (host,replic) [CPU]             0.1 s
        form (gpu+D2H)       [GPU·IO]         0.1 s
        unpack (D2H)         [CPU·IO]         0.1 s
    matvec                   [GPU·CPU·IO]     1.9 s   (GPU 1.2 · IO 0.0 · CPU 0.7)
      gemm                   [GPU]             1.0 s   (3.04 TFLOPS total · 0.76/GPU)
      kern                   [GPU]             0.2 s
      host                   [CPU]             0.7 s
        planEnum             [CPU]             0.3 s
        ctorAlloc(upload)    [CPU·IO]         0.1 s
        ctorGroup            [CPU]             0.1 s
        (other)              [CPU]             0.2 s
    decimate                 [CPU]             0.1 s
      eigh (dist)            [CPU]             0.1 s
    grow                     [GPU·CPU·IO]     0.6 s   (GPU 0.1 · IO 0.0 · CPU 0.5) · 2.27 TFLOPS total · 0.57/GPU
      gpu_proj (project)     [GPU·CPU·IO]     0.4 s
        fap_exec             [GPU·IO]         0.2 s
      reduceSH (MPI)         [CPU·IO]         0.1 s
        sync (hash+wait)     [CPU·IO]         0.1 s
      (other)                [CPU]             0.1 s
    predict                  [CPU]             0.0 s
    ooc                      [IO]              0.0 s

################## Sweep 7/10 (backward) summary ##################
  Energy       -2987.3921206531 Ha
  dE vs prev sweep  -2.840e-07 Ha
  Discarded weight  1.424e-04  (max over this sweep's decimations)
  Rank 0: Host RAM sweep-peak 1619 MB · VmHWM 2405 MB   VRAM op-pool peak 492 MB · total peak 15430 MB
  Rank 1: Host RAM sweep-peak 1588 MB · VmHWM 2340 MB   VRAM op-pool peak 499 MB · total peak 15412 MB
  Rank 2: Host RAM sweep-peak 1595 MB · VmHWM 2346 MB   VRAM op-pool peak 484 MB · total peak 15368 MB
  Rank 3: Host RAM sweep-peak 1523 MB · VmHWM 2333 MB   VRAM op-pool peak 491 MB · total peak 15540 MB
  Block stores (peak bond, per rank): distributed A/B share 28 MB (~K²M²/np) · owner cre/des 2 · S 1 MB (~KM²/np) · replicated floor 0 MB [stubs 0 (~KM) · H 0 (~M²)]
  OOC scratch  1908 MB on disk  (sum over all ranks)
  Timings (wall 3.7 s)
    build                    [CPU]             0.7 s
      formPQ                 [GPU·CPU·IO]     0.3 s   (GPU 0.0 · IO 0.0 · CPU 0.2)
        exec-hostprep        [CPU]             0.1 s
        complete (MPI)       [IO]              0.1 s
      [kern] executor reductions (all phases): res-zero 0.0 · gather 0.0 · reduce 0.0 · accumulate 0.0 s
      compS-form-gpu (MPI)   [GPU·CPU·IO]     0.3 s   (GPU 0.0 · IO 0.0 · CPU 0.3)
        recipe (host,replic) [CPU]             0.1 s
        form (gpu+D2H)       [GPU·IO]         0.1 s
        unpack (D2H)         [CPU·IO]         0.1 s
    matvec                   [GPU·CPU·IO]     1.9 s   (GPU 1.2 · IO 0.0 · CPU 0.7)
      gemm                   [GPU]             1.0 s   (3.09 TFLOPS total · 0.77/GPU)
      kern                   [GPU]             0.2 s
      host                   [CPU]             0.7 s
        planEnum             [CPU]             0.3 s
        ctorAlloc(upload)    [CPU·IO]         0.1 s
        ctorGroup            [CPU]             0.1 s
        (other)              [CPU]             0.2 s
    decimate                 [CPU]             0.1 s
      eigh (dist)            [CPU]             0.1 s
    grow                     [GPU·CPU·IO]     0.6 s   (GPU 0.1 · IO 0.0 · CPU 0.5) · 2.11 TFLOPS total · 0.53/GPU
      gpu_proj (project)     [GPU·CPU·IO]     0.4 s
        fap_exec             [GPU·IO]         0.2 s
      reduceSH (MPI)         [CPU·IO]         0.1 s
        sync (hash+wait)     [CPU·IO]         0.1 s
      (other)                [CPU]             0.1 s
    predict                  [CPU]             0.0 s
    ooc                      [IO]              0.0 s

################## Sweep 8/10 (forward) summary ##################
  Energy       -2987.3921206581 Ha
  dE vs prev sweep  -4.984e-09 Ha
  Discarded weight  1.422e-04  (max over this sweep's decimations)
  Rank 0: Host RAM sweep-peak 1627 MB · VmHWM 2405 MB   VRAM op-pool peak 492 MB · total peak 15430 MB
  Rank 1: Host RAM sweep-peak 1586 MB · VmHWM 2340 MB   VRAM op-pool peak 499 MB · total peak 15412 MB
  Rank 2: Host RAM sweep-peak 1593 MB · VmHWM 2346 MB   VRAM op-pool peak 484 MB · total peak 15368 MB
  Rank 3: Host RAM sweep-peak 1527 MB · VmHWM 2333 MB   VRAM op-pool peak 491 MB · total peak 15540 MB
  Block stores (peak bond, per rank): distributed A/B share 28 MB (~K²M²/np) · owner cre/des 2 · S 1 MB (~KM²/np) · replicated floor 0 MB [stubs 0 (~KM) · H 0 (~M²)]
  OOC scratch  1910 MB on disk  (sum over all ranks)
  Timings (wall 3.7 s)
    build                    [CPU]             0.7 s
      formPQ                 [GPU·CPU·IO]     0.3 s   (GPU 0.0 · IO 0.0 · CPU 0.3)
        exec-hostprep        [CPU]             0.1 s
        complete (MPI)       [IO]              0.1 s
      [kern] executor reductions (all phases): res-zero 0.0 · gather 0.0 · reduce 0.0 · accumulate 0.0 s
      compS-form-gpu (MPI)   [GPU·CPU·IO]     0.3 s   (GPU 0.0 · IO 0.0 · CPU 0.3)
        recipe (host,replic) [CPU]             0.1 s
        form (gpu+D2H)       [GPU·IO]         0.1 s
        unpack (D2H)         [CPU·IO]         0.1 s
    matvec                   [GPU·CPU·IO]     1.9 s   (GPU 1.2 · IO 0.0 · CPU 0.7)
      gemm                   [GPU]             1.0 s   (3.07 TFLOPS total · 0.77/GPU)
      kern                   [GPU]             0.2 s
      host                   [CPU]             0.7 s
        planEnum             [CPU]             0.3 s
        ctorAlloc(upload)    [CPU·IO]         0.1 s
        ctorGroup            [CPU]             0.1 s
        (other)              [CPU]             0.2 s
    decimate                 [CPU]             0.1 s
      eigh (dist)            [CPU]             0.1 s
    grow                     [GPU·CPU·IO]     0.6 s   (GPU 0.1 · IO 0.0 · CPU 0.5) · 2.18 TFLOPS total · 0.55/GPU
      gpu_proj (project)     [GPU·CPU·IO]     0.4 s
        fap_exec             [GPU·IO]         0.2 s
      reduceSH (MPI)         [CPU·IO]         0.1 s
        sync (hash+wait)     [CPU·IO]         0.1 s
      (other)                [CPU]             0.1 s
    predict                  [CPU]             0.0 s
    ooc                      [IO]              0.0 s

################## Sweep 9/10 (backward) summary ##################
  Energy       -2987.3921208483 Ha
  dE vs prev sweep  -1.902e-07 Ha
  Discarded weight  1.419e-04  (max over this sweep's decimations)
  Rank 0: Host RAM sweep-peak 1622 MB · VmHWM 2405 MB   VRAM op-pool peak 492 MB · total peak 15430 MB
  Rank 1: Host RAM sweep-peak 1587 MB · VmHWM 2340 MB   VRAM op-pool peak 499 MB · total peak 15412 MB
  Rank 2: Host RAM sweep-peak 1598 MB · VmHWM 2346 MB   VRAM op-pool peak 484 MB · total peak 15368 MB
  Rank 3: Host RAM sweep-peak 1531 MB · VmHWM 2333 MB   VRAM op-pool peak 491 MB · total peak 15540 MB
  Block stores (peak bond, per rank): distributed A/B share 27 MB (~K²M²/np) · owner cre/des 2 · S 1 MB (~KM²/np) · replicated floor 0 MB [stubs 0 (~KM) · H 0 (~M²)]
  OOC scratch  1909 MB on disk  (sum over all ranks)
  Timings (wall 4.1 s)
    build                    [CPU]             0.7 s
      formPQ                 [GPU·CPU·IO]     0.3 s   (GPU 0.0 · IO 0.0 · CPU 0.2)
        exec-hostprep        [CPU]             0.1 s
        complete (MPI)       [IO]              0.1 s
      [kern] executor reductions (all phases): res-zero 0.0 · gather 0.0 · reduce 0.0 · accumulate 0.0 s
      compS-form-gpu (MPI)   [GPU·CPU·IO]     0.3 s   (GPU 0.0 · IO 0.0 · CPU 0.2)
        recipe (host,replic) [CPU]             0.1 s
        form (gpu+D2H)       [GPU·IO]         0.1 s
        unpack (D2H)         [CPU·IO]         0.1 s
    matvec                   [GPU·CPU·IO]     1.9 s   (GPU 1.2 · IO 0.0 · CPU 0.7)
      gemm                   [GPU]             1.0 s   (3.09 TFLOPS total · 0.77/GPU)
      kern                   [GPU]             0.2 s
      host                   [CPU]             0.7 s
        planEnum             [CPU]             0.3 s
        ctorAlloc(upload)    [CPU·IO]         0.1 s
        ctorGroup            [CPU]             0.1 s
        (other)              [CPU]             0.2 s
    decimate                 [CPU]             0.1 s
      eigh (dist)            [CPU]             0.1 s
    grow                     [GPU·CPU·IO]     0.6 s   (GPU 0.1 · IO 0.0 · CPU 0.5) · 2.12 TFLOPS total · 0.53/GPU
      gpu_proj (project)     [GPU·CPU·IO]     0.4 s
        fap_exec             [GPU·IO]         0.2 s
      reduceSH (MPI)         [CPU·IO]         0.1 s
        sync (hash+wait)     [CPU·IO]         0.1 s
      (other)                [CPU]             0.1 s
    predict                  [CPU]             0.0 s
    ooc                      [IO]              0.0 s

################## Sweep 10/10 (forward) summary ##################
  Energy       -2987.3921208483 Ha
  dE vs prev sweep  +1.891e-08 Ha
  Discarded weight  1.417e-04  (max over this sweep's decimations)
  Rank 0: Host RAM sweep-peak 1627 MB · VmHWM 2405 MB   VRAM op-pool peak 492 MB · total peak 15430 MB
  Rank 1: Host RAM sweep-peak 1589 MB · VmHWM 2340 MB   VRAM op-pool peak 499 MB · total peak 15412 MB
  Rank 2: Host RAM sweep-peak 1603 MB · VmHWM 2346 MB   VRAM op-pool peak 484 MB · total peak 15368 MB
  Rank 3: Host RAM sweep-peak 1534 MB · VmHWM 2333 MB   VRAM op-pool peak 491 MB · total peak 15540 MB
  Block stores (peak bond, per rank): distributed A/B share 28 MB (~K²M²/np) · owner cre/des 2 · S 1 MB (~KM²/np) · replicated floor 0 MB [stubs 0 (~KM) · H 0 (~M²)]
  OOC scratch  1921 MB on disk  (sum over all ranks)
  Timings (wall 3.7 s)
    build                    [CPU]             0.7 s
      formPQ                 [GPU·CPU·IO]     0.3 s   (GPU 0.0 · IO 0.0 · CPU 0.2)
        exec-hostprep        [CPU]             0.1 s
        complete (MPI)       [IO]              0.1 s
      [kern] executor reductions (all phases): res-zero 0.0 · gather 0.0 · reduce 0.0 · accumulate 0.0 s
      compS-form-gpu (MPI)   [GPU·CPU·IO]     0.3 s   (GPU 0.0 · IO 0.0 · CPU 0.3)
        recipe (host,replic) [CPU]             0.1 s
        form (gpu+D2H)       [GPU·IO]         0.1 s
        unpack (D2H)         [CPU·IO]         0.1 s
    matvec                   [GPU·CPU·IO]     1.8 s   (GPU 1.2 · IO 0.0 · CPU 0.7)
      gemm                   [GPU]             1.0 s   (3.07 TFLOPS total · 0.77/GPU)
      kern                   [GPU]             0.2 s
      host                   [CPU]             0.7 s
        planEnum             [CPU]             0.3 s
        ctorAlloc(upload)    [CPU·IO]         0.1 s
        ctorGroup            [CPU]             0.1 s
        (other)              [CPU]             0.2 s
    decimate                 [CPU]             0.1 s
      eigh (dist)            [CPU]             0.1 s
    grow                     [GPU·CPU·IO]     0.6 s   (GPU 0.1 · IO 0.0 · CPU 0.5) · 2.20 TFLOPS total · 0.55/GPU
      gpu_proj (project)     [GPU·CPU·IO]     0.4 s
        fap_exec             [GPU·IO]         0.2 s
      reduceSH (MPI)         [CPU·IO]         0.1 s
        sync (hash+wait)     [CPU·IO]         0.1 s
      (other)                [CPU]             0.1 s
    predict                  [CPU]             0.0 s
    ooc                      [IO]              0.0 s
[qops] WARNING: energy NOT converged after 10 sweeps: |dE| = 1.891e-08 >= e_conv = 1.000e-09

################## Run total ##################
  10 sweep(s) + warmup: 38.0 s wall · final E -2987.3921208483 Ha · VmHWM 2405 MB
  ooc async residual wait (not hidden behind compute): save 0.1 · load 0.6 s (2% of runtime)
[rc] ladder BD=400 done

==============================================================================
RESULTS  P450 RC  CAS(21,20)  2Sz=1  ecore=-2951.6156065851
          ranks = 4   threads/rank = 16   ooc = True
==============================================================================

Main run   BD = 1200
  E            = -2987.3934854845 Ha
  DW           = 3.742e-05
  sweeps       = 30   converged = False

<S^2>
  physical (with alpha/beta overlap) = 4.191909   (S = 1.6076; exact doublet 0.75)
  same-basis convention (comparison) = 0.958155

1-RDM      Tr dm1a = 11.000000   Tr dm1b = 10.000000
RDM energy check (E = ecore + h.dm1 + 1/2 g.dm2):
  reconstructed E = -2987.3934293811 Ha
  DMRG E          = -2987.3934854845 Ha
  difference      = 5.610e-05 Ha   (truncation-bounded; large => corrupt RDMs)
NO occupations (total: eigenvalues of dm1a+dm1b, sum = 21.000000; alpha/beta: of dm1a / dm1b, sums = 11.000000 / 10.000000;
                each set in its own eigenbasis -> per row total != alpha + beta):
            total       alpha        beta
  NO  1:  1.990606    0.999981    0.997510
  NO  2:  1.988848    0.999314    0.996394
  NO  3:  1.985986    0.993406    0.990206
  NO  4:  1.983822    0.993118    0.989738
  NO  5:  1.976852    0.989995    0.988028
  NO  6:  1.973346    0.988143    0.986085
  NO  7:  1.970377    0.985954    0.984885
  NO  8:  1.970245    0.984984    0.984350
  NO  9:  1.962855    0.984352    0.981514
  NO 10:  1.962101    0.980513    0.979087
  NO 11:  1.001772    0.979192    0.022217
  NO 12:  0.041261    0.024190    0.019427
  NO 13:  0.038406    0.018991    0.015815
  NO 14:  0.034089    0.016765    0.015335
  NO 15:  0.025738    0.012362    0.011736
  NO 16:  0.022784    0.011810    0.010007
  NO 17:  0.021574    0.010709    0.008653
  NO 18:  0.019233    0.009799    0.008061
  NO 19:  0.016560    0.008980    0.007249
  NO 20:  0.013545    0.007440    0.003703

Bond-dimension ladder:
      BD              E (Ha)          DW
    1200   -2987.3934854845   3.742e-05
    1000   -2987.3933805603   5.160e-05
     800   -2987.3931936544   7.167e-05
     600   -2987.3928493000   9.871e-05
     400   -2987.3921208483   1.417e-04

Extrapolation (linear E(DW) -> 0, 5 points with DW > 0):
  E(DW->0)           = -2987.3940622549 Ha
  slope              = 1.3166e+01 Ha/DW
  max |residual|     = 8.676e-05 Ha
  best variational E = -2987.3934854845 Ha   (extrapolation gain = 5.768e-04 Ha)

Per-rank peaks:
  rank 0:  VmHWM 2404 MB · VRAM peak 15430 MiB
  rank 1:  VmHWM 2340 MB · VRAM peak 15412 MiB
  rank 2:  VmHWM 2346 MB · VRAM peak 15368 MiB
  rank 3:  VmHWM 2332 MB · VRAM peak 15540 MiB

Files written:
  dm1a.npy
  dm1b.npy
  dm2aa.npy
  dm2ab.npy
  dm2bb.npy
  no_occ.npy
  no_occ_a.npy
  no_occ_b.npy
==============================================================================
