    Apptainer 1.4.5 loaded. This package was installed with spack using gcc
11.4.1.

    Spack options were:
    +libsubid+network~suid

-------------------------------------------------------------------------------
There are messages associated with the following module(s):
-------------------------------------------------------------------------------

use.spack-core:
spack modules loaded. Full unload maybe required via: unload use.spack-core
Any other use.spack modules will also need to be unloaded in a similar manner

-------------------------------------------------------------------------------

[rc] CAS(31,30)  2Sz=1  ecore=-2909.4822946560  ranks=4 threads/rank=16 ooc=True
[qops] MPI np=4 · GPU=on · device collectives: NCCL (NVLink/GPUDirect)
[qops] A/B host-offload: ON (stubs + pager spill)

################## Warmup summary ##################
  Rank 0: Host RAM sweep-peak 0 MB · VmHWM 2983 MB   VRAM op-pool peak 0 MB · total peak 0 MB
  Rank 1: Host RAM sweep-peak 0 MB · VmHWM 2917 MB   VRAM op-pool peak 0 MB · total peak 0 MB
  Rank 2: Host RAM sweep-peak 0 MB · VmHWM 2918 MB   VRAM op-pool peak 0 MB · total peak 0 MB
  Rank 3: Host RAM sweep-peak 0 MB · VmHWM 2917 MB   VRAM op-pool peak 0 MB · total peak 0 MB
  OOC scratch  25197 MB on disk  (sum over all ranks)
  Timings (wall 18.4 s)
    build                    [CPU]             2.3 s
      (other)                [CPU]             2.3 s
    matvec                   [GPU·CPU·IO]     0.0 s   (GPU 0.0 · IO 0.0 · CPU 0.0)
    decimate                 [CPU]             3.8 s
    grow                     [GPU·CPU·IO]    11.2 s   (GPU 0.0 · IO 0.0 · CPU 11.2)
      gpu_proj (project)     [GPU·CPU·IO]     0.0 s
      construct (cpu path)   [CPU]            10.4 s
      reduceSH (MPI)         [CPU·IO]         0.8 s
        sync (hash+wait)     [CPU·IO]         0.1 s
        xfer (NCCL/host)     [IO]              0.7 s
    predict                  [CPU]             0.0 s
    ooc                      [IO]              0.1 s
      save                   [IO]              0.1 s

################## Sweep 1/30 (forward) summary ##################
  Energy       -2987.3975918369 Ha
  Discarded weight  0.000e+00  (max over this sweep's decimations)
  Rank 0: Host RAM sweep-peak 9177 MB · VmHWM 9459 MB   VRAM op-pool peak 2113 MB · total peak 16106 MB
  Rank 1: Host RAM sweep-peak 8815 MB · VmHWM 9125 MB   VRAM op-pool peak 2147 MB · total peak 16358 MB
  Rank 2: Host RAM sweep-peak 9262 MB · VmHWM 9294 MB   VRAM op-pool peak 2088 MB · total peak 15852 MB
  Rank 3: Host RAM sweep-peak 9383 MB · VmHWM 9414 MB   VRAM op-pool peak 2087 MB · total peak 15654 MB
  Block stores (peak bond, per rank): distributed A/B share 1152 MB (~K²M²/np) · owner cre/des 162 · S 12 MB (~KM²/np) · replicated floor 9 MB [stubs 1 (~KM) · H 8 (~M²)]
  OOC scratch  123855 MB on disk  (sum over all ranks)
  Timings (wall 90.9 s)
    build                    [CPU]            12.8 s
      formPQ                 [GPU·CPU·IO]     2.0 s   (GPU 0.3 · IO 0.0 · CPU 1.7)
        exec-gemm            [GPU]             0.1 s   (18.71 TFLOPS total · 4.68/GPU)
        exec-kern            [GPU]             0.2 s
        exec-hostprep        [CPU]             1.0 s
        complete (MPI)       [IO]              0.3 s
        wdesc (Wsub+reds)    [CPU]             0.1 s
        (other)              [CPU]             0.2 s
      [kern] executor reductions (all phases): res-zero 0.0 · gather 1.5 · reduce 1.4 · accumulate 0.1 s
      sys                    [CPU]             0.5 s
      env                    [CPU]             1.0 s
      compPQ-form            [CPU]             1.4 s
        match                [CPU]             1.1 s
          emit (owned)       [CPU]             0.3 s
          (other)            [CPU]             0.8 s
      assembly               [CPU]             1.2 s
      compS-form-gpu (MPI)   [GPU·CPU·IO]     6.4 s   (GPU 1.2 · IO 0.1 · CPU 5.1)
        recipe (host,replic) [CPU]             0.5 s
        form (gpu+D2H)       [GPU·IO]         4.0 s
        reduce (NCCL/host)   [IO]              0.5 s
        unpack (D2H)         [CPU·IO]         1.3 s
        (other)              [CPU]             0.1 s
      (other)                [CPU]             0.2 s
    matvec                   [GPU·CPU·IO]    43.7 s   (GPU 30.4 · IO 0.0 · CPU 13.3)
      gemm                   [GPU]            28.8 s   (4.17 TFLOPS total · 1.04/GPU)
      kern                   [GPU]             1.6 s
      host                   [CPU]            13.3 s
        planEnum             [CPU]             5.7 s
        ctorAlloc(upload)    [CPU·IO]         1.2 s
        ctorGroup            [CPU]             3.7 s
        ctorForm             [GPU]             0.1 s
        (other)              [CPU]             2.6 s
    decimate                 [CPU]             6.0 s
      rho (dist)             [CPU]             0.3 s
      eigh (dist)            [CPU]             2.1 s
      share (MPI wait)       [CPU·IO]         3.3 s
      select+assemble        [CPU]             0.1 s
      (other)                [CPU]             0.2 s
    grow                     [GPU·CPU·IO]    22.4 s   (GPU 4.5 · IO 4.7 · CPU 13.2) · 40.24 TFLOPS total · 10.06/GPU
      gpu_proj (project)     [GPU·CPU·IO]    12.3 s
        recipe               [CPU]             0.2 s
        fap_exec             [GPU·IO]        10.2 s
        fap_merge            [CPU]             0.4 s
        fap_ctx              [CPU]             0.2 s
        fap_unpack           [CPU]             0.1 s
      reduceSH (MPI)         [CPU·IO]         2.0 s
        sync (hash+wait)     [CPU·IO]         1.6 s
        pack                 [CPU]             0.1 s
        xfer (NCCL/host)     [IO]              0.2 s
      (other)                [CPU]             8.1 s
    predict                  [CPU]             0.4 s
    ooc                      [IO]              0.2 s
      load                   [IO]              0.2 s

################## Sweep 2/30 (backward) summary ##################
  Energy       -2987.4525266158 Ha
  dE vs prev sweep  -5.493e-02 Ha
  Discarded weight  1.601e-06  (max over this sweep's decimations)
  Rank 0: Host RAM sweep-peak 12151 MB · VmHWM 12479 MB   VRAM op-pool peak 5842 MB · total peak 28988 MB
  Rank 1: Host RAM sweep-peak 11990 MB · VmHWM 12306 MB   VRAM op-pool peak 5747 MB · total peak 28880 MB
  Rank 2: Host RAM sweep-peak 12208 MB · VmHWM 12532 MB   VRAM op-pool peak 5797 MB · total peak 28938 MB
  Rank 3: Host RAM sweep-peak 12016 MB · VmHWM 12343 MB   VRAM op-pool peak 5674 MB · total peak 28798 MB
  Block stores (peak bond, per rank): distributed A/B share 3676 MB (~K²M²/np) · owner cre/des 128 · S 64 MB (~KM²/np) · replicated floor 13 MB [stubs 2 (~KM) · H 12 (~M²)]
  OOC scratch  245180 MB on disk  (sum over all ranks)
  Timings (wall 121.6 s)
    build                    [CPU]            18.4 s
      formPQ                 [GPU·CPU·IO]     6.0 s   (GPU 0.7 · IO 1.7 · CPU 3.6)
        exec-gemm            [GPU]             0.2 s   (27.02 TFLOPS total · 6.76/GPU)
        exec-kern            [GPU]             0.5 s
        transfer             [IO]              1.7 s
        exec-hostprep        [CPU]             2.5 s
        complete (MPI)       [IO]              0.5 s
        wdesc (Wsub+reds)    [CPU]             0.1 s
        (other)              [CPU]             0.4 s
      [kern] executor reductions (all phases): res-zero 0.0 · gather 2.2 · reduce 3.2 · accumulate 0.2 s
      sys                    [CPU]             0.3 s
      env                    [CPU]             0.2 s
      compPQ-form            [CPU]             0.3 s
        match                [CPU]             0.2 s
          pump (src dedup)   [CPU]             0.1 s
          emit (owned)       [CPU]             0.1 s
          (other)            [CPU]             0.1 s
      assembly               [CPU]             0.2 s
      compS-form-gpu (MPI)   [GPU·CPU·IO]    11.3 s   (GPU 2.8 · IO 2.2 · CPU 6.3)
        recipe (host,replic) [CPU]             0.4 s
        form (gpu+D2H)       [GPU·IO]         8.3 s
        reduce (NCCL/host)   [IO]              0.7 s
        unpack (D2H)         [CPU·IO]         1.9 s
        (other)              [CPU]             0.1 s
      (other)                [CPU]             0.2 s
    matvec                   [GPU·CPU·IO]    54.1 s   (GPU 43.6 · IO 0.0 · CPU 10.5)
      gemm                   [GPU]            37.3 s   (50.77 TFLOPS total · 12.69/GPU)
      kern                   [GPU]             6.3 s
      host                   [CPU]            10.5 s
        planEnum             [CPU]             2.8 s
        ctorAlloc(upload)    [CPU·IO]         1.7 s
        ctorGroup            [CPU]             1.0 s
        ctorForm             [GPU]             0.2 s
        (other)              [CPU]             4.9 s
    decimate                 [CPU]             7.7 s
      rho (dist)             [CPU]             0.8 s
      eigh (dist)            [CPU]             3.1 s
      share (MPI wait)       [CPU·IO]         3.5 s
      select+assemble        [CPU]             0.1 s
      (other)                [CPU]             0.2 s
    grow                     [GPU·CPU·IO]    22.1 s   (GPU 4.6 · IO 6.2 · CPU 11.3) · 70.44 TFLOPS total · 17.61/GPU
      gpu_proj (project)     [GPU·CPU·IO]    13.2 s
        recipe               [CPU]             0.2 s
        fap_exec             [GPU·IO]        11.6 s
        fap_merge            [CPU]             0.2 s
        fap_ctx              [CPU]             0.1 s
        fap_unpack           [CPU]             0.2 s
      reduceSH (MPI)         [CPU·IO]         1.4 s
        sync (hash+wait)     [CPU·IO]         0.9 s
        pack                 [CPU]             0.1 s
        xfer (NCCL/host)     [IO]              0.3 s
        unpack               [CPU]             0.1 s
      (other)                [CPU]             7.5 s
    predict                  [CPU]             1.4 s
    ooc                      [IO]              0.1 s
      load                   [IO]              0.1 s

################## Sweep 3/30 (forward) summary ##################
  Energy       -2987.4636233472 Ha
  dE vs prev sweep  -1.110e-02 Ha
  Discarded weight  1.006e-04  (max over this sweep's decimations)
  Rank 0: Host RAM sweep-peak 12964 MB · VmHWM 13291 MB   VRAM op-pool peak 5842 MB · total peak 29868 MB
  Rank 1: Host RAM sweep-peak 12483 MB · VmHWM 13066 MB   VRAM op-pool peak 5747 MB · total peak 29774 MB
  Rank 2: Host RAM sweep-peak 13029 MB · VmHWM 13360 MB   VRAM op-pool peak 5797 MB · total peak 29812 MB
  Rank 3: Host RAM sweep-peak 12069 MB · VmHWM 13020 MB   VRAM op-pool peak 5674 MB · total peak 29688 MB
  Block stores (peak bond, per rank): distributed A/B share 3741 MB (~K²M²/np) · owner cre/des 161 · S 80 MB (~KM²/np) · replicated floor 17 MB [stubs 2 (~KM) · H 15 (~M²)]
  OOC scratch  288690 MB on disk  (sum over all ranks)
  Timings (wall 160.9 s)
    build                    [CPU]            21.9 s
      formPQ                 [GPU·CPU·IO]     7.2 s   (GPU 0.8 · IO 2.2 · CPU 4.2)
        exec-gemm            [GPU]             0.2 s   (36.53 TFLOPS total · 9.13/GPU)
        exec-kern            [GPU]             0.6 s
        transfer             [IO]              2.2 s
        exec-hostprep        [CPU]             3.1 s
        complete (MPI)       [IO]              0.7 s
        wdesc (Wsub+reds)    [CPU]             0.1 s
        (other)              [CPU]             0.3 s
      [kern] executor reductions (all phases): res-zero 0.0 · gather 2.5 · reduce 4.0 · accumulate 0.2 s
      sys                    [CPU]             0.3 s
      env                    [CPU]             0.3 s
      compPQ-form            [CPU]             0.2 s
        match                [CPU]             0.2 s
          pump (src dedup)   [CPU]             0.1 s
          emit (owned)       [CPU]             0.1 s
      assembly               [CPU]             0.1 s
      compS-form-gpu (MPI)   [GPU·CPU·IO]    13.6 s   (GPU 3.6 · IO 2.9 · CPU 7.1)
        bsblock (store walk) [CPU]             0.1 s
        recipe (host,replic) [CPU]             0.3 s
        form (gpu+D2H)       [GPU·IO]        10.0 s
        reduce (NCCL/host)   [IO]              1.0 s
        unpack (D2H)         [CPU·IO]         2.1 s
        (other)              [CPU]             0.1 s
      (other)                [CPU]             0.2 s
    matvec                   [GPU·CPU·IO]    80.7 s   (GPU 68.7 · IO 0.0 · CPU 12.0)
      gemm                   [GPU]            57.3 s   (87.95 TFLOPS total · 21.99/GPU)
      kern                   [GPU]            11.4 s
      host                   [CPU]            12.0 s
        planEnum             [CPU]             1.8 s
        ctorAlloc(upload)    [CPU·IO]         1.9 s
        ctorGroup            [CPU]             0.5 s
        ctorForm             [GPU]             0.2 s
        (other)              [CPU]             7.6 s
    decimate                 [CPU]             9.2 s
      rho (dist)             [CPU]             1.2 s
      eigh (dist)            [CPU]             3.7 s
      share (MPI wait)       [CPU·IO]         3.9 s
      select+assemble        [CPU]             0.2 s
      (other)                [CPU]             0.3 s
    grow                     [GPU·CPU·IO]    23.4 s   (GPU 5.0 · IO 5.9 · CPU 12.5) · 80.77 TFLOPS total · 20.19/GPU
      gpu_proj (project)     [GPU·CPU·IO]    13.1 s
        recipe               [CPU]             0.2 s
        fap_exec             [GPU·IO]        11.7 s
        fap_merge            [CPU]             0.2 s
        fap_ctx              [CPU]             0.1 s
        fap_unpack           [CPU]             0.2 s
      reduceSH (MPI)         [CPU·IO]         1.7 s
        sync (hash+wait)     [CPU·IO]         1.1 s
        pack                 [CPU]             0.2 s
        xfer (NCCL/host)     [IO]              0.3 s
        unpack               [CPU]             0.1 s
      (other)                [CPU]             8.6 s
    predict                  [CPU]             3.6 s
    ooc                      [IO]              0.1 s
      load                   [IO]              0.1 s

################## Sweep 4/30 (backward) summary ##################
  Energy       -2987.4642933415 Ha
  dE vs prev sweep  -6.700e-04 Ha
  Discarded weight  1.372e-04  (max over this sweep's decimations)
  Rank 0: Host RAM sweep-peak 11463 MB · VmHWM 13291 MB   VRAM op-pool peak 6464 MB · total peak 30414 MB
  Rank 1: Host RAM sweep-peak 11632 MB · VmHWM 13189 MB   VRAM op-pool peak 6386 MB · total peak 30324 MB
  Rank 2: Host RAM sweep-peak 11481 MB · VmHWM 13360 MB   VRAM op-pool peak 6413 MB · total peak 30356 MB
  Rank 3: Host RAM sweep-peak 11562 MB · VmHWM 13132 MB   VRAM op-pool peak 6308 MB · total peak 30234 MB
  Block stores (peak bond, per rank): distributed A/B share 3754 MB (~K²M²/np) · owner cre/des 168 · S 84 MB (~KM²/np) · replicated floor 18 MB [stubs 1 (~KM) · H 17 (~M²)]
  OOC scratch  300710 MB on disk  (sum over all ranks)
  Timings (wall 149.7 s)
    build                    [CPU]            23.2 s
      formPQ                 [GPU·CPU·IO]     7.6 s   (GPU 0.8 · IO 2.3 · CPU 4.5)
        exec-gemm            [GPU]             0.2 s   (38.21 TFLOPS total · 9.55/GPU)
        exec-kern            [GPU]             0.6 s
        transfer             [IO]              2.3 s
        exec-hostprep        [CPU]             3.4 s
        complete (MPI)       [IO]              0.7 s
        wdesc (Wsub+reds)    [CPU]             0.1 s
        (other)              [CPU]             0.3 s
      [kern] executor reductions (all phases): res-zero 0.0 · gather 2.6 · reduce 4.3 · accumulate 0.2 s
      sys                    [CPU]             0.4 s
      env                    [CPU]             0.3 s
      compPQ-form            [CPU]             0.3 s
        match                [CPU]             0.2 s
          pump (src dedup)   [CPU]             0.1 s
          emit (owned)       [CPU]             0.1 s
      assembly               [CPU]             0.1 s
      compS-form-gpu (MPI)   [GPU·CPU·IO]    14.4 s   (GPU 3.9 · IO 3.1 · CPU 7.4)
        bsblock (store walk) [CPU]             0.1 s
        recipe (host,replic) [CPU]             0.3 s
        form (gpu+D2H)       [GPU·IO]        10.8 s
        reduce (NCCL/host)   [IO]              0.8 s
        unpack (D2H)         [CPU·IO]         2.3 s
      (other)                [CPU]             0.2 s
    matvec                   [GPU·CPU·IO]    67.8 s   (GPU 56.6 · IO 0.0 · CPU 11.2)
      gemm                   [GPU]            47.2 s   (87.30 TFLOPS total · 21.82/GPU)
      kern                   [GPU]             9.4 s
      host                   [CPU]            11.2 s
        planEnum             [CPU]             1.7 s
        ctorAlloc(upload)    [CPU·IO]         2.2 s
        ctorGroup            [CPU]             0.5 s
        ctorForm             [GPU]             0.2 s
        (other)              [CPU]             6.6 s
    decimate                 [CPU]             9.4 s
      rho (dist)             [CPU]             1.1 s
      eigh (dist)            [CPU]             3.7 s
      share (MPI wait)       [CPU·IO]         4.1 s
      select+assemble        [CPU]             0.1 s
      (other)                [CPU]             0.2 s
    grow                     [GPU·CPU·IO]    23.9 s   (GPU 5.0 · IO 6.4 · CPU 12.5) · 81.42 TFLOPS total · 20.36/GPU
      gpu_proj (project)     [GPU·CPU·IO]    13.7 s
        recipe               [CPU]             0.2 s
        fap_exec             [GPU·IO]        12.2 s
        fap_merge            [CPU]             0.2 s
        fap_ctx              [CPU]             0.1 s
        fap_unpack           [CPU]             0.2 s
      reduceSH (MPI)         [CPU·IO]         1.6 s
        sync (hash+wait)     [CPU·IO]         1.1 s
        pack                 [CPU]             0.2 s
        xfer (NCCL/host)     [IO]              0.3 s
        unpack               [CPU]             0.1 s
      (other)                [CPU]             8.5 s
    predict                  [CPU]             2.8 s
    ooc                      [IO]              0.1 s
      load                   [IO]              0.1 s

################## Sweep 5/30 (forward) summary ##################
  Energy       -2987.4646712445 Ha
  dE vs prev sweep  -3.779e-04 Ha
  Discarded weight  1.551e-04  (max over this sweep's decimations)
  Rank 0: Host RAM sweep-peak 11493 MB · VmHWM 13291 MB   VRAM op-pool peak 6464 MB · total peak 30446 MB
  Rank 1: Host RAM sweep-peak 11488 MB · VmHWM 13189 MB   VRAM op-pool peak 6386 MB · total peak 30352 MB
  Rank 2: Host RAM sweep-peak 11454 MB · VmHWM 13360 MB   VRAM op-pool peak 6413 MB · total peak 30390 MB
  Rank 3: Host RAM sweep-peak 11336 MB · VmHWM 13159 MB   VRAM op-pool peak 6308 MB · total peak 30270 MB
  Block stores (peak bond, per rank): distributed A/B share 3761 MB (~K²M²/np) · owner cre/des 169 · S 84 MB (~KM²/np) · replicated floor 18 MB [stubs 1 (~KM) · H 17 (~M²)]
  OOC scratch  302571 MB on disk  (sum over all ranks)
  Timings (wall 150.8 s)
    build                    [CPU]            23.8 s
      formPQ                 [GPU·CPU·IO]     7.8 s   (GPU 0.8 · IO 2.4 · CPU 4.5)
        exec-gemm            [GPU]             0.2 s   (38.30 TFLOPS total · 9.57/GPU)
        exec-kern            [GPU]             0.6 s
        transfer             [IO]              2.4 s
        exec-hostprep        [CPU]             3.5 s
        complete (MPI)       [IO]              0.6 s
        wdesc (Wsub+reds)    [CPU]             0.1 s
        (other)              [CPU]             0.3 s
      [kern] executor reductions (all phases): res-zero 0.0 · gather 2.6 · reduce 4.4 · accumulate 0.2 s
      sys                    [CPU]             0.3 s
      env                    [CPU]             0.5 s
      compPQ-form            [CPU]             0.2 s
        match                [CPU]             0.2 s
          pump (src dedup)   [CPU]             0.1 s
          emit (owned)       [CPU]             0.1 s
      assembly               [CPU]             0.1 s
      compS-form-gpu (MPI)   [GPU·CPU·IO]    14.7 s   (GPU 4.0 · IO 3.2 · CPU 7.6)
        bsblock (store walk) [CPU]             0.1 s
        recipe (host,replic) [CPU]             0.3 s
        form (gpu+D2H)       [GPU·IO]        10.9 s
        reduce (NCCL/host)   [IO]              0.9 s
        unpack (D2H)         [CPU·IO]         2.4 s
      (other)                [CPU]             0.2 s
    matvec                   [GPU·CPU·IO]    66.6 s   (GPU 55.1 · IO 0.0 · CPU 11.5)
      gemm                   [GPU]            45.9 s   (89.44 TFLOPS total · 22.36/GPU)
      kern                   [GPU]             9.2 s
      host                   [CPU]            11.5 s
        planEnum             [CPU]             1.7 s
        ctorAlloc(upload)    [CPU·IO]         2.2 s
        ctorGroup            [CPU]             0.5 s
        ctorForm             [GPU]             0.2 s
        (other)              [CPU]             7.0 s
    decimate                 [CPU]             9.5 s
      rho (dist)             [CPU]             1.3 s
      eigh (dist)            [CPU]             3.9 s
      share (MPI wait)       [CPU·IO]         3.9 s
      select+assemble        [CPU]             0.2 s
      (other)                [CPU]             0.2 s
    grow                     [GPU·CPU·IO]    23.7 s   (GPU 5.1 · IO 6.4 · CPU 12.2) · 81.63 TFLOPS total · 20.41/GPU
      gpu_proj (project)     [GPU·CPU·IO]    13.9 s
        recipe               [CPU]             0.2 s
        fap_exec             [GPU·IO]        12.3 s
        fap_merge            [CPU]             0.2 s
        fap_ctx              [CPU]             0.1 s
        fap_unpack           [CPU]             0.2 s
      reduceSH (MPI)         [CPU·IO]         1.1 s
        sync (hash+wait)     [CPU·IO]         0.5 s
        pack                 [CPU]             0.1 s
        xfer (NCCL/host)     [IO]              0.3 s
        unpack               [CPU]             0.1 s
      (other)                [CPU]             8.8 s
    predict                  [CPU]             4.1 s
    ooc                      [IO]              0.1 s
      load                   [IO]              0.1 s

################## Sweep 6/30 (backward) summary ##################
  Energy       -2987.4647960998 Ha
  dE vs prev sweep  -1.249e-04 Ha
  Discarded weight  1.574e-04  (max over this sweep's decimations)
  Rank 0: Host RAM sweep-peak 12924 MB · VmHWM 13291 MB   VRAM op-pool peak 6464 MB · total peak 30446 MB
  Rank 1: Host RAM sweep-peak 13327 MB · VmHWM 13357 MB   VRAM op-pool peak 6386 MB · total peak 30352 MB
  Rank 2: Host RAM sweep-peak 12955 MB · VmHWM 13360 MB   VRAM op-pool peak 6413 MB · total peak 30390 MB
  Rank 3: Host RAM sweep-peak 13183 MB · VmHWM 13328 MB   VRAM op-pool peak 6308 MB · total peak 30270 MB
  Block stores (peak bond, per rank): distributed A/B share 3730 MB (~K²M²/np) · owner cre/des 170 · S 85 MB (~KM²/np) · replicated floor 19 MB [stubs 1 (~KM) · H 17 (~M²)]
  OOC scratch  304069 MB on disk  (sum over all ranks)
  Timings (wall 148.8 s)
    build                    [CPU]            23.5 s
      formPQ                 [GPU·CPU·IO]     7.8 s   (GPU 0.8 · IO 2.3 · CPU 4.6)
        exec-gemm            [GPU]             0.2 s   (38.43 TFLOPS total · 9.61/GPU)
        exec-kern            [GPU]             0.6 s
        transfer             [IO]              2.3 s
        exec-hostprep        [CPU]             3.4 s
        complete (MPI)       [IO]              0.8 s
        wdesc (Wsub+reds)    [CPU]             0.1 s
        (other)              [CPU]             0.3 s
      [kern] executor reductions (all phases): res-zero 0.0 · gather 2.6 · reduce 4.4 · accumulate 0.2 s
      sys                    [CPU]             0.4 s
      env                    [CPU]             0.3 s
      compPQ-form            [CPU]             0.3 s
        match                [CPU]             0.2 s
          pump (src dedup)   [CPU]             0.1 s
          emit (owned)       [CPU]             0.1 s
      assembly               [CPU]             0.1 s
      compS-form-gpu (MPI)   [GPU·CPU·IO]    14.5 s   (GPU 4.0 · IO 3.2 · CPU 7.4)
        bsblock (store walk) [CPU]             0.1 s
        recipe (host,replic) [CPU]             0.3 s
        form (gpu+D2H)       [GPU·IO]        10.8 s
        reduce (NCCL/host)   [IO]              0.8 s
        unpack (D2H)         [CPU·IO]         2.4 s
      (other)                [CPU]             0.2 s
    matvec                   [GPU·CPU·IO]    66.8 s   (GPU 55.3 · IO 0.0 · CPU 11.5)
      gemm                   [GPU]            46.1 s   (90.00 TFLOPS total · 22.50/GPU)
      kern                   [GPU]             9.2 s
      host                   [CPU]            11.5 s
        planEnum             [CPU]             1.7 s
        ctorAlloc(upload)    [CPU·IO]         2.3 s
        ctorGroup            [CPU]             0.5 s
        ctorForm             [GPU]             0.2 s
        (other)              [CPU]             6.9 s
    decimate                 [CPU]             9.5 s
      rho (dist)             [CPU]             1.1 s
      eigh (dist)            [CPU]             3.9 s
      share (MPI wait)       [CPU·IO]         4.2 s
      select+assemble        [CPU]             0.1 s
      (other)                [CPU]             0.2 s
    grow                     [GPU·CPU·IO]    23.0 s   (GPU 5.0 · IO 5.8 · CPU 12.2) · 82.16 TFLOPS total · 20.54/GPU
      gpu_proj (project)     [GPU·CPU·IO]    13.2 s
        recipe               [CPU]             0.2 s
        fap_exec             [GPU·IO]        11.6 s
        fap_merge            [CPU]             0.2 s
        fap_ctx              [CPU]             0.1 s
        fap_unpack           [CPU]             0.2 s
      reduceSH (MPI)         [CPU·IO]         1.3 s
        sync (hash+wait)     [CPU·IO]         0.7 s
        pack                 [CPU]             0.1 s
        xfer (NCCL/host)     [IO]              0.4 s
        unpack               [CPU]             0.1 s
      (other)                [CPU]             8.6 s
    predict                  [CPU]             3.0 s
    ooc                      [IO]              0.1 s
      load                   [IO]              0.1 s

################## Sweep 7/30 (forward) summary ##################
  Energy       -2987.4649432434 Ha
  dE vs prev sweep  -1.471e-04 Ha
  Discarded weight  1.601e-04  (max over this sweep's decimations)
  Rank 0: Host RAM sweep-peak 11840 MB · VmHWM 13291 MB   VRAM op-pool peak 6464 MB · total peak 30446 MB
  Rank 1: Host RAM sweep-peak 12285 MB · VmHWM 13357 MB   VRAM op-pool peak 6386 MB · total peak 30352 MB
  Rank 2: Host RAM sweep-peak 11810 MB · VmHWM 13360 MB   VRAM op-pool peak 6413 MB · total peak 30390 MB
  Rank 3: Host RAM sweep-peak 11835 MB · VmHWM 13328 MB   VRAM op-pool peak 6308 MB · total peak 30270 MB
  Block stores (peak bond, per rank): distributed A/B share 3750 MB (~K²M²/np) · owner cre/des 169 · S 85 MB (~KM²/np) · replicated floor 19 MB [stubs 1 (~KM) · H 17 (~M²)]
  OOC scratch  303548 MB on disk  (sum over all ranks)
  Timings (wall 150.0 s)
    build                    [CPU]            23.6 s
      formPQ                 [GPU·CPU·IO]     7.9 s   (GPU 0.8 · IO 2.4 · CPU 4.7)
        exec-gemm            [GPU]             0.2 s   (38.42 TFLOPS total · 9.60/GPU)
        exec-kern            [GPU]             0.6 s
        transfer             [IO]              2.4 s
        exec-hostprep        [CPU]             3.4 s
        complete (MPI)       [IO]              0.9 s
        wdesc (Wsub+reds)    [CPU]             0.1 s
        (other)              [CPU]             0.3 s
      [kern] executor reductions (all phases): res-zero 0.0 · gather 2.6 · reduce 4.4 · accumulate 0.2 s
      sys                    [CPU]             0.3 s
      env                    [CPU]             0.3 s
      compPQ-form            [CPU]             0.2 s
        match                [CPU]             0.2 s
          pump (src dedup)   [CPU]             0.1 s
          emit (owned)       [CPU]             0.1 s
      assembly               [CPU]             0.1 s
      compS-form-gpu (MPI)   [GPU·CPU·IO]    14.5 s   (GPU 4.0 · IO 3.2 · CPU 7.4)
        bsblock (store walk) [CPU]             0.1 s
        recipe (host,replic) [CPU]             0.3 s
        form (gpu+D2H)       [GPU·IO]        10.7 s
        reduce (NCCL/host)   [IO]              1.0 s
        unpack (D2H)         [CPU·IO]         2.3 s
      (other)                [CPU]             0.2 s
    matvec                   [GPU·CPU·IO]    65.6 s   (GPU 54.0 · IO 0.0 · CPU 11.6)
      gemm                   [GPU]            45.0 s   (90.19 TFLOPS total · 22.55/GPU)
      kern                   [GPU]             9.0 s
      host                   [CPU]            11.6 s
        planEnum             [CPU]             1.7 s
        ctorAlloc(upload)    [CPU·IO]         2.2 s
        ctorGroup            [CPU]             0.5 s
        ctorForm             [GPU]             0.2 s
        (other)              [CPU]             7.0 s
    decimate                 [CPU]             9.6 s
      rho (dist)             [CPU]             1.3 s
      eigh (dist)            [CPU]             3.9 s
      share (MPI wait)       [CPU·IO]         4.0 s
      select+assemble        [CPU]             0.2 s
      (other)                [CPU]             0.2 s
    grow                     [GPU·CPU·IO]    24.0 s   (GPU 5.1 · IO 6.4 · CPU 12.5) · 82.37 TFLOPS total · 20.59/GPU
      gpu_proj (project)     [GPU·CPU·IO]    13.9 s
        recipe               [CPU]             0.2 s
        fap_exec             [GPU·IO]        12.4 s
        fap_merge            [CPU]             0.2 s
        fap_ctx              [CPU]             0.1 s
        fap_unpack           [CPU]             0.2 s
      reduceSH (MPI)         [CPU·IO]         1.5 s
        sync (hash+wait)     [CPU·IO]         1.0 s
        pack                 [CPU]             0.1 s
        xfer (NCCL/host)     [IO]              0.3 s
        unpack               [CPU]             0.1 s
      (other)                [CPU]             8.6 s
    predict                  [CPU]             3.8 s
    ooc                      [IO]              0.1 s
      load                   [IO]              0.1 s

################## Sweep 8/30 (backward) summary ##################
  Energy       -2987.4649903102 Ha
  dE vs prev sweep  -4.707e-05 Ha
  Discarded weight  1.607e-04  (max over this sweep's decimations)
  Rank 0: Host RAM sweep-peak 11778 MB · VmHWM 13291 MB   VRAM op-pool peak 6464 MB · total peak 30446 MB
  Rank 1: Host RAM sweep-peak 11822 MB · VmHWM 13357 MB   VRAM op-pool peak 6386 MB · total peak 30352 MB
  Rank 2: Host RAM sweep-peak 11621 MB · VmHWM 13360 MB   VRAM op-pool peak 6413 MB · total peak 30390 MB
  Rank 3: Host RAM sweep-peak 11564 MB · VmHWM 13328 MB   VRAM op-pool peak 6308 MB · total peak 30270 MB
  Block stores (peak bond, per rank): distributed A/B share 3732 MB (~K²M²/np) · owner cre/des 169 · S 85 MB (~KM²/np) · replicated floor 19 MB [stubs 1 (~KM) · H 17 (~M²)]
  OOC scratch  304027 MB on disk  (sum over all ranks)
  Timings (wall 148.7 s)
    build                    [CPU]            23.4 s
      formPQ                 [GPU·CPU·IO]     7.8 s   (GPU 0.8 · IO 2.3 · CPU 4.7)
        exec-gemm            [GPU]             0.2 s   (38.28 TFLOPS total · 9.57/GPU)
        exec-kern            [GPU]             0.6 s
        transfer             [IO]              2.3 s
        exec-hostprep        [CPU]             3.5 s
        complete (MPI)       [IO]              0.7 s
        wdesc (Wsub+reds)    [CPU]             0.1 s
        (other)              [CPU]             0.3 s
      [kern] executor reductions (all phases): res-zero 0.0 · gather 2.6 · reduce 4.4 · accumulate 0.2 s
      sys                    [CPU]             0.4 s
      env                    [CPU]             0.3 s
      compPQ-form            [CPU]             0.3 s
        match                [CPU]             0.2 s
          pump (src dedup)   [CPU]             0.1 s
          emit (owned)       [CPU]             0.1 s
      assembly               [CPU]             0.1 s
      compS-form-gpu (MPI)   [GPU·CPU·IO]    14.3 s   (GPU 4.0 · IO 3.2 · CPU 7.2)
        bsblock (store walk) [CPU]             0.1 s
        recipe (host,replic) [CPU]             0.3 s
        form (gpu+D2H)       [GPU·IO]        10.8 s
        reduce (NCCL/host)   [IO]              0.8 s
        unpack (D2H)         [CPU·IO]         2.3 s
      (other)                [CPU]             0.2 s
    matvec                   [GPU·CPU·IO]    65.3 s   (GPU 53.8 · IO 0.0 · CPU 11.5)
      gemm                   [GPU]            44.8 s   (91.35 TFLOPS total · 22.84/GPU)
      kern                   [GPU]             9.0 s
      host                   [CPU]            11.5 s
        planEnum             [CPU]             1.8 s
        ctorAlloc(upload)    [CPU·IO]         2.3 s
        ctorGroup            [CPU]             0.5 s
        ctorForm             [GPU]             0.2 s
        (other)              [CPU]             6.8 s
    decimate                 [CPU]             9.7 s
      rho (dist)             [CPU]             1.1 s
      eigh (dist)            [CPU]             3.9 s
      share (MPI wait)       [CPU·IO]         4.3 s
      select+assemble        [CPU]             0.2 s
      (other)                [CPU]             0.2 s
    grow                     [GPU·CPU·IO]    23.8 s   (GPU 5.0 · IO 6.4 · CPU 12.5) · 82.66 TFLOPS total · 20.67/GPU
      gpu_proj (project)     [GPU·CPU·IO]    13.7 s
        recipe               [CPU]             0.2 s
        fap_exec             [GPU·IO]        12.1 s
        fap_merge            [CPU]             0.2 s
        fap_ctx              [CPU]             0.1 s
        fap_unpack           [CPU]             0.2 s
      reduceSH (MPI)         [CPU·IO]         1.6 s
        sync (hash+wait)     [CPU·IO]         1.1 s
        pack                 [CPU]             0.1 s
        xfer (NCCL/host)     [IO]              0.3 s
        unpack               [CPU]             0.1 s
      (other)                [CPU]             8.5 s
    predict                  [CPU]             3.0 s
    ooc                      [IO]              0.1 s
      load                   [IO]              0.1 s

################## Sweep 9/30 (forward) summary ##################
  Energy       -2987.4650269630 Ha
  dE vs prev sweep  -3.665e-05 Ha
  Discarded weight  1.624e-04  (max over this sweep's decimations)
  Rank 0: Host RAM sweep-peak 11549 MB · VmHWM 13291 MB   VRAM op-pool peak 6464 MB · total peak 30446 MB
  Rank 1: Host RAM sweep-peak 11572 MB · VmHWM 13357 MB   VRAM op-pool peak 6386 MB · total peak 30352 MB
  Rank 2: Host RAM sweep-peak 11478 MB · VmHWM 13360 MB   VRAM op-pool peak 6413 MB · total peak 30390 MB
  Rank 3: Host RAM sweep-peak 11400 MB · VmHWM 13328 MB   VRAM op-pool peak 6308 MB · total peak 30270 MB
  Block stores (peak bond, per rank): distributed A/B share 3743 MB (~K²M²/np) · owner cre/des 169 · S 85 MB (~KM²/np) · replicated floor 19 MB [stubs 1 (~KM) · H 17 (~M²)]
  OOC scratch  303681 MB on disk  (sum over all ranks)
  Timings (wall 149.9 s)
    build                    [CPU]            23.4 s
      formPQ                 [GPU·CPU·IO]     7.8 s   (GPU 0.8 · IO 2.4 · CPU 4.5)
        exec-gemm            [GPU]             0.2 s   (38.24 TFLOPS total · 9.56/GPU)
        exec-kern            [GPU]             0.6 s
        transfer             [IO]              2.4 s
        exec-hostprep        [CPU]             3.5 s
        complete (MPI)       [IO]              0.6 s
        wdesc (Wsub+reds)    [CPU]             0.1 s
        (other)              [CPU]             0.3 s
      [kern] executor reductions (all phases): res-zero 0.0 · gather 2.6 · reduce 4.4 · accumulate 0.2 s
      sys                    [CPU]             0.3 s
      env                    [CPU]             0.4 s
      compPQ-form            [CPU]             0.2 s
        match                [CPU]             0.2 s
          pump (src dedup)   [CPU]             0.1 s
          emit (owned)       [CPU]             0.1 s
      assembly               [CPU]             0.1 s
      compS-form-gpu (MPI)   [GPU·CPU·IO]    14.5 s   (GPU 4.0 · IO 3.1 · CPU 7.4)
        bsblock (store walk) [CPU]             0.1 s
        recipe (host,replic) [CPU]             0.3 s
        form (gpu+D2H)       [GPU·IO]        10.7 s
        reduce (NCCL/host)   [IO]              1.0 s
        unpack (D2H)         [CPU·IO]         2.3 s
      (other)                [CPU]             0.2 s
    matvec                   [GPU·CPU·IO]    65.0 s   (GPU 53.6 · IO 0.0 · CPU 11.3)
      gemm                   [GPU]            44.7 s   (90.74 TFLOPS total · 22.69/GPU)
      kern                   [GPU]             8.9 s
      host                   [CPU]            11.3 s
        planEnum             [CPU]             1.7 s
        ctorAlloc(upload)    [CPU·IO]         2.2 s
        ctorGroup            [CPU]             0.5 s
        ctorForm             [GPU]             0.2 s
        (other)              [CPU]             6.8 s
    decimate                 [CPU]             9.7 s
      rho (dist)             [CPU]             1.2 s
      eigh (dist)            [CPU]             4.0 s
      share (MPI wait)       [CPU·IO]         4.1 s
      select+assemble        [CPU]             0.2 s
      (other)                [CPU]             0.3 s
    grow                     [GPU·CPU·IO]    24.2 s   (GPU 5.1 · IO 6.5 · CPU 12.6) · 82.56 TFLOPS total · 20.64/GPU
      gpu_proj (project)     [GPU·CPU·IO]    14.0 s
        recipe               [CPU]             0.2 s
        fap_exec             [GPU·IO]        12.4 s
        fap_merge            [CPU]             0.2 s
        fap_ctx              [CPU]             0.1 s
        fap_unpack           [CPU]             0.2 s
      reduceSH (MPI)         [CPU·IO]         1.3 s
        sync (hash+wait)     [CPU·IO]         0.8 s
        pack                 [CPU]             0.1 s
        xfer (NCCL/host)     [IO]              0.3 s
        unpack               [CPU]             0.1 s
      (other)                [CPU]             8.9 s
    predict                  [CPU]             3.8 s
    ooc                      [IO]              0.1 s
      load                   [IO]              0.1 s

################## Sweep 10/30 (backward) summary ##################
  Energy       -2987.4650443082 Ha
  dE vs prev sweep  -1.735e-05 Ha
  Discarded weight  1.626e-04  (max over this sweep's decimations)
  Rank 0: Host RAM sweep-peak 11885 MB · VmHWM 13291 MB   VRAM op-pool peak 6464 MB · total peak 30446 MB
  Rank 1: Host RAM sweep-peak 11954 MB · VmHWM 13357 MB   VRAM op-pool peak 6386 MB · total peak 30352 MB
  Rank 2: Host RAM sweep-peak 11825 MB · VmHWM 13360 MB   VRAM op-pool peak 6413 MB · total peak 30390 MB
  Rank 3: Host RAM sweep-peak 11760 MB · VmHWM 13328 MB   VRAM op-pool peak 6308 MB · total peak 30270 MB
  Block stores (peak bond, per rank): distributed A/B share 3791 MB (~K²M²/np) · owner cre/des 170 · S 85 MB (~KM²/np) · replicated floor 19 MB [stubs 1 (~KM) · H 17 (~M²)]
  OOC scratch  303905 MB on disk  (sum over all ranks)
  Timings (wall 149.1 s)
    build                    [CPU]            23.3 s
      formPQ                 [GPU·CPU·IO]     7.4 s   (GPU 0.8 · IO 2.3 · CPU 4.3)
        exec-gemm            [GPU]             0.2 s   (38.48 TFLOPS total · 9.62/GPU)
        exec-kern            [GPU]             0.6 s
        transfer             [IO]              2.3 s
        exec-hostprep        [CPU]             3.2 s
        complete (MPI)       [IO]              0.6 s
        wdesc (Wsub+reds)    [CPU]             0.1 s
        (other)              [CPU]             0.3 s
      [kern] executor reductions (all phases): res-zero 0.0 · gather 2.6 · reduce 4.4 · accumulate 0.2 s
      sys                    [CPU]             0.3 s
      env                    [CPU]             0.3 s
      compPQ-form            [CPU]             0.3 s
        match                [CPU]             0.2 s
          pump (src dedup)   [CPU]             0.1 s
          emit (owned)       [CPU]             0.1 s
      assembly               [CPU]             0.1 s
      compS-form-gpu (MPI)   [GPU·CPU·IO]    14.6 s   (GPU 4.0 · IO 3.2 · CPU 7.5)
        bsblock (store walk) [CPU]             0.1 s
        recipe (host,replic) [CPU]             0.3 s
        form (gpu+D2H)       [GPU·IO]        11.0 s
        reduce (NCCL/host)   [IO]              0.9 s
        unpack (D2H)         [CPU·IO]         2.3 s
      (other)                [CPU]             0.2 s
    matvec                   [GPU·CPU·IO]    65.5 s   (GPU 53.9 · IO 0.0 · CPU 11.6)
      gemm                   [GPU]            44.9 s   (90.89 TFLOPS total · 22.72/GPU)
      kern                   [GPU]             9.0 s
      host                   [CPU]            11.6 s
        planEnum             [CPU]             1.7 s
        ctorAlloc(upload)    [CPU·IO]         2.3 s
        ctorGroup            [CPU]             0.5 s
        ctorForm             [GPU]             0.2 s
        (other)              [CPU]             6.9 s
    decimate                 [CPU]             9.8 s
      rho (dist)             [CPU]             1.1 s
      eigh (dist)            [CPU]             3.9 s
      share (MPI wait)       [CPU·IO]         4.3 s
      select+assemble        [CPU]             0.1 s
      (other)                [CPU]             0.3 s
    grow                     [GPU·CPU·IO]    23.9 s   (GPU 5.0 · IO 6.4 · CPU 12.5) · 83.02 TFLOPS total · 20.75/GPU
      gpu_proj (project)     [GPU·CPU·IO]    13.8 s
        recipe               [CPU]             0.2 s
        fap_exec             [GPU·IO]        12.2 s
        fap_merge            [CPU]             0.2 s
        fap_ctx              [CPU]             0.1 s
        fap_unpack           [CPU]             0.2 s
      reduceSH (MPI)         [CPU·IO]         1.5 s
        sync (hash+wait)     [CPU·IO]         1.0 s
        pack                 [CPU]             0.1 s
        xfer (NCCL/host)     [IO]              0.3 s
        unpack               [CPU]             0.1 s
      (other)                [CPU]             8.6 s
    predict                  [CPU]             3.0 s
    ooc                      [IO]              0.1 s
      load                   [IO]              0.1 s

################## Sweep 11/30 (forward) summary ##################
  Energy       -2987.4650607321 Ha
  dE vs prev sweep  -1.642e-05 Ha
  Discarded weight  1.633e-04  (max over this sweep's decimations)
  Rank 0: Host RAM sweep-peak 11700 MB · VmHWM 13291 MB   VRAM op-pool peak 6464 MB · total peak 30446 MB
  Rank 1: Host RAM sweep-peak 12042 MB · VmHWM 13357 MB   VRAM op-pool peak 6386 MB · total peak 30352 MB
  Rank 2: Host RAM sweep-peak 11667 MB · VmHWM 13360 MB   VRAM op-pool peak 6413 MB · total peak 30390 MB
  Rank 3: Host RAM sweep-peak 11877 MB · VmHWM 13328 MB   VRAM op-pool peak 6308 MB · total peak 30270 MB
  Block stores (peak bond, per rank): distributed A/B share 3769 MB (~K²M²/np) · owner cre/des 170 · S 85 MB (~KM²/np) · replicated floor 19 MB [stubs 1 (~KM) · H 17 (~M²)]
  OOC scratch  304243 MB on disk  (sum over all ranks)
  Timings (wall 150.3 s)
    build                    [CPU]            23.4 s
      formPQ                 [GPU·CPU·IO]     7.8 s   (GPU 0.8 · IO 2.5 · CPU 4.5)
        exec-gemm            [GPU]             0.2 s   (38.38 TFLOPS total · 9.59/GPU)
        exec-kern            [GPU]             0.6 s
        transfer             [IO]              2.5 s
        exec-hostprep        [CPU]             3.5 s
        complete (MPI)       [IO]              0.6 s
        wdesc (Wsub+reds)    [CPU]             0.1 s
        (other)              [CPU]             0.3 s
      [kern] executor reductions (all phases): res-zero 0.0 · gather 2.6 · reduce 4.4 · accumulate 0.2 s
      sys                    [CPU]             0.3 s
      env                    [CPU]             0.4 s
      compPQ-form            [CPU]             0.2 s
        match                [CPU]             0.2 s
          pump (src dedup)   [CPU]             0.1 s
          emit (owned)       [CPU]             0.1 s
      assembly               [CPU]             0.1 s
      compS-form-gpu (MPI)   [GPU·CPU·IO]    14.3 s   (GPU 4.0 · IO 3.2 · CPU 7.2)
        bsblock (store walk) [CPU]             0.1 s
        recipe (host,replic) [CPU]             0.3 s
        form (gpu+D2H)       [GPU·IO]        10.8 s
        reduce (NCCL/host)   [IO]              0.8 s
        unpack (D2H)         [CPU·IO]         2.3 s
      (other)                [CPU]             0.2 s
    matvec                   [GPU·CPU·IO]    64.8 s   (GPU 53.5 · IO 0.0 · CPU 11.4)
      gemm                   [GPU]            44.6 s   (90.41 TFLOPS total · 22.60/GPU)
      kern                   [GPU]             8.9 s
      host                   [CPU]            11.4 s
        planEnum             [CPU]             1.8 s
        ctorAlloc(upload)    [CPU·IO]         2.2 s
        ctorGroup            [CPU]             0.5 s
        ctorForm             [GPU]             0.2 s
        (other)              [CPU]             6.8 s
    decimate                 [CPU]             9.7 s
      rho (dist)             [CPU]             1.2 s
      eigh (dist)            [CPU]             4.1 s
      share (MPI wait)       [CPU·IO]         3.9 s
      select+assemble        [CPU]             0.2 s
      (other)                [CPU]             0.3 s
    grow                     [GPU·CPU·IO]    24.4 s   (GPU 5.2 · IO 6.4 · CPU 12.8) · 81.64 TFLOPS total · 20.41/GPU
      gpu_proj (project)     [GPU·CPU·IO]    14.0 s
        recipe               [CPU]             0.2 s
        fap_exec             [GPU·IO]        12.4 s
        fap_merge            [CPU]             0.2 s
        fap_ctx              [CPU]             0.1 s
        fap_unpack           [CPU]             0.2 s
      reduceSH (MPI)         [CPU·IO]         1.7 s
        sync (hash+wait)     [CPU·IO]         1.1 s
        pack                 [CPU]             0.1 s
        xfer (NCCL/host)     [IO]              0.3 s
        unpack               [CPU]             0.1 s
      (other)                [CPU]             8.8 s
    predict                  [CPU]             4.2 s
    ooc                      [IO]              0.1 s
      load                   [IO]              0.1 s

################## Sweep 12/30 (backward) summary ##################
  Energy       -2987.4650683888 Ha
  dE vs prev sweep  -7.657e-06 Ha
  Discarded weight  1.635e-04  (max over this sweep's decimations)
  Rank 0: Host RAM sweep-peak 11603 MB · VmHWM 13291 MB   VRAM op-pool peak 6464 MB · total peak 30446 MB
  Rank 1: Host RAM sweep-peak 11653 MB · VmHWM 13357 MB   VRAM op-pool peak 6386 MB · total peak 30352 MB
  Rank 2: Host RAM sweep-peak 11563 MB · VmHWM 13360 MB   VRAM op-pool peak 6413 MB · total peak 30390 MB
  Rank 3: Host RAM sweep-peak 11639 MB · VmHWM 13328 MB   VRAM op-pool peak 6308 MB · total peak 30270 MB
  Block stores (peak bond, per rank): distributed A/B share 3753 MB (~K²M²/np) · owner cre/des 170 · S 85 MB (~KM²/np) · replicated floor 19 MB [stubs 1 (~KM) · H 17 (~M²)]
  OOC scratch  304005 MB on disk  (sum over all ranks)
  Timings (wall 147.8 s)
    build                    [CPU]            23.2 s
      formPQ                 [GPU·CPU·IO]     7.6 s   (GPU 0.8 · IO 2.3 · CPU 4.4)
        exec-gemm            [GPU]             0.2 s   (38.48 TFLOPS total · 9.62/GPU)
        exec-kern            [GPU]             0.6 s
        transfer             [IO]              2.3 s
        exec-hostprep        [CPU]             3.3 s
        complete (MPI)       [IO]              0.7 s
        wdesc (Wsub+reds)    [CPU]             0.1 s
        (other)              [CPU]             0.3 s
      [kern] executor reductions (all phases): res-zero 0.0 · gather 2.6 · reduce 4.4 · accumulate 0.2 s
      sys                    [CPU]             0.5 s
      env                    [CPU]             0.3 s
      compPQ-form            [CPU]             0.3 s
        match                [CPU]             0.2 s
          pump (src dedup)   [CPU]             0.1 s
          emit (owned)       [CPU]             0.1 s
      assembly               [CPU]             0.1 s
      compS-form-gpu (MPI)   [GPU·CPU·IO]    14.3 s   (GPU 4.0 · IO 3.2 · CPU 7.1)
        bsblock (store walk) [CPU]             0.1 s
        recipe (host,replic) [CPU]             0.3 s
        form (gpu+D2H)       [GPU·IO]        10.8 s
        reduce (NCCL/host)   [IO]              0.7 s
        unpack (D2H)         [CPU·IO]         2.3 s
      (other)                [CPU]             0.2 s
    matvec                   [GPU·CPU·IO]    65.1 s   (GPU 53.6 · IO 0.0 · CPU 11.5)
      gemm                   [GPU]            44.7 s   (90.77 TFLOPS total · 22.69/GPU)
      kern                   [GPU]             8.9 s
      host                   [CPU]            11.5 s
        planEnum             [CPU]             1.7 s
        ctorAlloc(upload)    [CPU·IO]         2.3 s
        ctorGroup            [CPU]             0.5 s
        ctorForm             [GPU]             0.2 s
        (other)              [CPU]             6.9 s
    decimate                 [CPU]             9.6 s
      rho (dist)             [CPU]             1.1 s
      eigh (dist)            [CPU]             4.0 s
      share (MPI wait)       [CPU·IO]         4.1 s
      select+assemble        [CPU]             0.1 s
      (other)                [CPU]             0.3 s
    grow                     [GPU·CPU·IO]    23.8 s   (GPU 5.0 · IO 6.4 · CPU 12.4) · 82.93 TFLOPS total · 20.73/GPU
      gpu_proj (project)     [GPU·CPU·IO]    13.9 s
        recipe               [CPU]             0.2 s
        fap_exec             [GPU·IO]        12.3 s
        fap_merge            [CPU]             0.2 s
        fap_ctx              [CPU]             0.1 s
        fap_unpack           [CPU]             0.2 s
      reduceSH (MPI)         [CPU·IO]         1.3 s
        sync (hash+wait)     [CPU·IO]         0.7 s
        pack                 [CPU]             0.1 s
        xfer (NCCL/host)     [IO]              0.3 s
        unpack               [CPU]             0.1 s
      (other)                [CPU]             8.7 s
    predict                  [CPU]             3.0 s
    ooc                      [IO]              0.1 s
      load                   [IO]              0.1 s

################## Sweep 13/30 (forward) summary ##################
  Energy       -2987.4650799667 Ha
  dE vs prev sweep  -1.158e-05 Ha
  Discarded weight  1.641e-04  (max over this sweep's decimations)
  Rank 0: Host RAM sweep-peak 11866 MB · VmHWM 13291 MB   VRAM op-pool peak 6464 MB · total peak 30446 MB
  Rank 1: Host RAM sweep-peak 11918 MB · VmHWM 13357 MB   VRAM op-pool peak 6386 MB · total peak 30352 MB
  Rank 2: Host RAM sweep-peak 11906 MB · VmHWM 13360 MB   VRAM op-pool peak 6413 MB · total peak 30390 MB
  Rank 3: Host RAM sweep-peak 11806 MB · VmHWM 13328 MB   VRAM op-pool peak 6308 MB · total peak 30270 MB
  Block stores (peak bond, per rank): distributed A/B share 3781 MB (~K²M²/np) · owner cre/des 170 · S 85 MB (~KM²/np) · replicated floor 19 MB [stubs 1 (~KM) · H 17 (~M²)]
  OOC scratch  304477 MB on disk  (sum over all ranks)
  Timings (wall 148.6 s)
    build                    [CPU]            23.2 s
      formPQ                 [GPU·CPU·IO]     7.6 s   (GPU 0.8 · IO 2.4 · CPU 4.4)
        exec-gemm            [GPU]             0.2 s   (38.55 TFLOPS total · 9.64/GPU)
        exec-kern            [GPU]             0.6 s
        transfer             [IO]              2.4 s
        exec-hostprep        [CPU]             3.3 s
        complete (MPI)       [IO]              0.8 s
        wdesc (Wsub+reds)    [CPU]             0.1 s
        (other)              [CPU]             0.3 s
      [kern] executor reductions (all phases): res-zero 0.0 · gather 2.6 · reduce 4.4 · accumulate 0.2 s
      sys                    [CPU]             0.3 s
      env                    [CPU]             0.4 s
      compPQ-form            [CPU]             0.2 s
        match                [CPU]             0.2 s
          pump (src dedup)   [CPU]             0.1 s
          emit (owned)       [CPU]             0.1 s
      assembly               [CPU]             0.1 s
      compS-form-gpu (MPI)   [GPU·CPU·IO]    14.4 s   (GPU 4.0 · IO 3.1 · CPU 7.3)
        bsblock (store walk) [CPU]             0.1 s
        recipe (host,replic) [CPU]             0.3 s
        form (gpu+D2H)       [GPU·IO]        10.7 s
        reduce (NCCL/host)   [IO]              0.9 s
        unpack (D2H)         [CPU·IO]         2.3 s
      (other)                [CPU]             0.2 s
    matvec                   [GPU·CPU·IO]    64.7 s   (GPU 53.5 · IO 0.0 · CPU 11.3)
      gemm                   [GPU]            44.6 s   (90.58 TFLOPS total · 22.64/GPU)
      kern                   [GPU]             8.9 s
      host                   [CPU]            11.3 s
        planEnum             [CPU]             1.7 s
        ctorAlloc(upload)    [CPU·IO]         2.2 s
        ctorGroup            [CPU]             0.5 s
        ctorForm             [GPU]             0.2 s
        (other)              [CPU]             6.7 s
    decimate                 [CPU]             9.6 s
      rho (dist)             [CPU]             1.2 s
      eigh (dist)            [CPU]             4.0 s
      share (MPI wait)       [CPU·IO]         3.9 s
      select+assemble        [CPU]             0.2 s
      (other)                [CPU]             0.3 s
    grow                     [GPU·CPU·IO]    24.1 s   (GPU 5.2 · IO 6.5 · CPU 12.5) · 82.71 TFLOPS total · 20.68/GPU
      gpu_proj (project)     [GPU·CPU·IO]    14.0 s
        recipe               [CPU]             0.2 s
        fap_exec             [GPU·IO]        12.4 s
        fap_merge            [CPU]             0.2 s
        fap_ctx              [CPU]             0.1 s
        fap_unpack           [CPU]             0.2 s
      reduceSH (MPI)         [CPU·IO]         1.2 s
        sync (hash+wait)     [CPU·IO]         0.7 s
        pack                 [CPU]             0.1 s
        xfer (NCCL/host)     [IO]              0.3 s
        unpack               [CPU]             0.1 s
      (other)                [CPU]             8.9 s
    predict                  [CPU]             3.9 s
    ooc                      [IO]              0.1 s
      load                   [IO]              0.1 s

################## Sweep 14/30 (backward) summary ##################
  Energy       -2987.4650865568 Ha
  dE vs prev sweep  -6.590e-06 Ha
  Discarded weight  1.641e-04  (max over this sweep's decimations)
  Rank 0: Host RAM sweep-peak 11862 MB · VmHWM 13291 MB   VRAM op-pool peak 6464 MB · total peak 30446 MB
  Rank 1: Host RAM sweep-peak 12051 MB · VmHWM 13357 MB   VRAM op-pool peak 6386 MB · total peak 30352 MB
  Rank 2: Host RAM sweep-peak 11901 MB · VmHWM 13360 MB   VRAM op-pool peak 6413 MB · total peak 30390 MB
  Rank 3: Host RAM sweep-peak 12020 MB · VmHWM 13328 MB   VRAM op-pool peak 6308 MB · total peak 30270 MB
  Block stores (peak bond, per rank): distributed A/B share 3755 MB (~K²M²/np) · owner cre/des 170 · S 85 MB (~KM²/np) · replicated floor 19 MB [stubs 1 (~KM) · H 17 (~M²)]
  OOC scratch  304863 MB on disk  (sum over all ranks)
  Timings (wall 148.4 s)
    build                    [CPU]            23.5 s
      formPQ                 [GPU·CPU·IO]     7.7 s   (GPU 0.8 · IO 2.3 · CPU 4.6)
        exec-gemm            [GPU]             0.2 s   (38.54 TFLOPS total · 9.64/GPU)
        exec-kern            [GPU]             0.6 s
        transfer             [IO]              2.3 s
        exec-hostprep        [CPU]             3.4 s
        complete (MPI)       [IO]              0.8 s
        wdesc (Wsub+reds)    [CPU]             0.1 s
        (other)              [CPU]             0.3 s
      [kern] executor reductions (all phases): res-zero 0.0 · gather 2.6 · reduce 4.4 · accumulate 0.2 s
      sys                    [CPU]             0.4 s
      env                    [CPU]             0.3 s
      compPQ-form            [CPU]             0.3 s
        match                [CPU]             0.2 s
          pump (src dedup)   [CPU]             0.1 s
          emit (owned)       [CPU]             0.1 s
      assembly               [CPU]             0.1 s
      compS-form-gpu (MPI)   [GPU·CPU·IO]    14.5 s   (GPU 4.0 · IO 3.2 · CPU 7.4)
        bsblock (store walk) [CPU]             0.1 s
        recipe (host,replic) [CPU]             0.3 s
        form (gpu+D2H)       [GPU·IO]        10.8 s
        reduce (NCCL/host)   [IO]              0.9 s
        unpack (D2H)         [CPU·IO]         2.3 s
      (other)                [CPU]             0.2 s
    matvec                   [GPU·CPU·IO]    65.1 s   (GPU 53.5 · IO 0.0 · CPU 11.6)
      gemm                   [GPU]            44.6 s   (90.77 TFLOPS total · 22.69/GPU)
      kern                   [GPU]             8.9 s
      host                   [CPU]            11.6 s
        planEnum             [CPU]             1.7 s
        ctorAlloc(upload)    [CPU·IO]         2.3 s
        ctorGroup            [CPU]             0.5 s
        ctorForm             [GPU]             0.2 s
        (other)              [CPU]             7.0 s
    decimate                 [CPU]             9.6 s
      rho (dist)             [CPU]             1.1 s
      eigh (dist)            [CPU]             3.9 s
      share (MPI wait)       [CPU·IO]         4.2 s
      select+assemble        [CPU]             0.2 s
      (other)                [CPU]             0.3 s
    grow                     [GPU·CPU·IO]    23.8 s   (GPU 5.0 · IO 6.3 · CPU 12.5) · 82.91 TFLOPS total · 20.73/GPU
      gpu_proj (project)     [GPU·CPU·IO]    13.7 s
        recipe               [CPU]             0.2 s
        fap_exec             [GPU·IO]        12.1 s
        fap_merge            [CPU]             0.2 s
        fap_ctx              [CPU]             0.1 s
        fap_unpack           [CPU]             0.2 s
      reduceSH (MPI)         [CPU·IO]         1.4 s
        sync (hash+wait)     [CPU·IO]         0.9 s
        pack                 [CPU]             0.1 s
        xfer (NCCL/host)     [IO]              0.3 s
        unpack               [CPU]             0.1 s
      (other)                [CPU]             8.7 s
    predict                  [CPU]             3.0 s
    ooc                      [IO]              0.1 s
      load                   [IO]              0.1 s

################## Sweep 15/30 (forward) summary ##################
  Energy       -2987.4651002016 Ha
  dE vs prev sweep  -1.364e-05 Ha
  Discarded weight  1.645e-04  (max over this sweep's decimations)
  Rank 0: Host RAM sweep-peak 12768 MB · VmHWM 13291 MB   VRAM op-pool peak 6464 MB · total peak 30446 MB
  Rank 1: Host RAM sweep-peak 12911 MB · VmHWM 13357 MB   VRAM op-pool peak 6386 MB · total peak 30352 MB
  Rank 2: Host RAM sweep-peak 13021 MB · VmHWM 13360 MB   VRAM op-pool peak 6413 MB · total peak 30390 MB
  Rank 3: Host RAM sweep-peak 12850 MB · VmHWM 13328 MB   VRAM op-pool peak 6308 MB · total peak 30270 MB
  Block stores (peak bond, per rank): distributed A/B share 3763 MB (~K²M²/np) · owner cre/des 170 · S 85 MB (~KM²/np) · replicated floor 19 MB [stubs 1 (~KM) · H 17 (~M²)]
  OOC scratch  305709 MB on disk  (sum over all ranks)
  Timings (wall 149.2 s)
    build                    [CPU]            23.6 s
      formPQ                 [GPU·CPU·IO]     7.9 s   (GPU 0.8 · IO 2.4 · CPU 4.7)
        exec-gemm            [GPU]             0.2 s   (38.53 TFLOPS total · 9.63/GPU)
        exec-kern            [GPU]             0.6 s
        transfer             [IO]              2.4 s
        exec-hostprep        [CPU]             3.4 s
        complete (MPI)       [IO]              0.9 s
        wdesc (Wsub+reds)    [CPU]             0.1 s
        (other)              [CPU]             0.3 s
      [kern] executor reductions (all phases): res-zero 0.0 · gather 2.6 · reduce 4.4 · accumulate 0.2 s
      sys                    [CPU]             0.3 s
      env                    [CPU]             0.4 s
      compPQ-form            [CPU]             0.2 s
        match                [CPU]             0.2 s
          pump (src dedup)   [CPU]             0.1 s
          emit (owned)       [CPU]             0.1 s
      assembly               [CPU]             0.1 s
      compS-form-gpu (MPI)   [GPU·CPU·IO]    14.5 s   (GPU 4.0 · IO 3.1 · CPU 7.4)
        bsblock (store walk) [CPU]             0.1 s
        recipe (host,replic) [CPU]             0.3 s
        form (gpu+D2H)       [GPU·IO]        10.7 s
        reduce (NCCL/host)   [IO]              1.1 s
        unpack (D2H)         [CPU·IO]         2.3 s
      (other)                [CPU]             0.2 s
    matvec                   [GPU·CPU·IO]    64.7 s   (GPU 53.3 · IO 0.0 · CPU 11.4)
      gemm                   [GPU]            44.4 s   (90.73 TFLOPS total · 22.68/GPU)
      kern                   [GPU]             8.9 s
      host                   [CPU]            11.4 s
        planEnum             [CPU]             1.7 s
        ctorAlloc(upload)    [CPU·IO]         2.2 s
        ctorGroup            [CPU]             0.5 s
        ctorForm             [GPU]             0.2 s
        (other)              [CPU]             6.8 s
    decimate                 [CPU]             9.7 s
      rho (dist)             [CPU]             1.2 s
      eigh (dist)            [CPU]             4.0 s
      share (MPI wait)       [CPU·IO]         4.0 s
      select+assemble        [CPU]             0.2 s
      (other)                [CPU]             0.3 s
    grow                     [GPU·CPU·IO]    23.8 s   (GPU 5.1 · IO 6.0 · CPU 12.7) · 82.56 TFLOPS total · 20.64/GPU
      gpu_proj (project)     [GPU·CPU·IO]    13.5 s
        recipe               [CPU]             0.2 s
        fap_exec             [GPU·IO]        11.9 s
        fap_merge            [CPU]             0.2 s
        fap_ctx              [CPU]             0.1 s
        fap_unpack           [CPU]             0.2 s
      reduceSH (MPI)         [CPU·IO]         1.1 s
        sync (hash+wait)     [CPU·IO]         0.6 s
        pack                 [CPU]             0.1 s
        xfer (NCCL/host)     [IO]              0.3 s
        unpack               [CPU]             0.1 s
      (other)                [CPU]             9.2 s
    predict                  [CPU]             3.9 s
    ooc                      [IO]              0.1 s
      load                   [IO]              0.1 s

################## Sweep 16/30 (backward) summary ##################
  Energy       -2987.4651043418 Ha
  dE vs prev sweep  -4.140e-06 Ha
  Discarded weight  1.647e-04  (max over this sweep's decimations)
  Rank 0: Host RAM sweep-peak 11833 MB · VmHWM 13291 MB   VRAM op-pool peak 6464 MB · total peak 30446 MB
  Rank 1: Host RAM sweep-peak 11991 MB · VmHWM 13357 MB   VRAM op-pool peak 6386 MB · total peak 30352 MB
  Rank 2: Host RAM sweep-peak 11877 MB · VmHWM 13360 MB   VRAM op-pool peak 6413 MB · total peak 30390 MB
  Rank 3: Host RAM sweep-peak 11736 MB · VmHWM 13328 MB   VRAM op-pool peak 6308 MB · total peak 30270 MB
  Block stores (peak bond, per rank): distributed A/B share 3756 MB (~K²M²/np) · owner cre/des 170 · S 85 MB (~KM²/np) · replicated floor 19 MB [stubs 1 (~KM) · H 17 (~M²)]
  OOC scratch  303625 MB on disk  (sum over all ranks)
  Timings (wall 147.8 s)
    build                    [CPU]            23.4 s
      formPQ                 [GPU·CPU·IO]     7.7 s   (GPU 0.8 · IO 2.3 · CPU 4.5)
        exec-gemm            [GPU]             0.2 s   (38.44 TFLOPS total · 9.61/GPU)
        exec-kern            [GPU]             0.6 s
        transfer             [IO]              2.3 s
        exec-hostprep        [CPU]             3.3 s
        complete (MPI)       [IO]              0.8 s
        wdesc (Wsub+reds)    [CPU]             0.1 s
        (other)              [CPU]             0.3 s
      [kern] executor reductions (all phases): res-zero 0.0 · gather 2.6 · reduce 4.4 · accumulate 0.2 s
      sys                    [CPU]             0.4 s
      env                    [CPU]             0.3 s
      compPQ-form            [CPU]             0.3 s
        match                [CPU]             0.2 s
          pump (src dedup)   [CPU]             0.1 s
          emit (owned)       [CPU]             0.1 s
      assembly               [CPU]             0.1 s
      compS-form-gpu (MPI)   [GPU·CPU·IO]    14.5 s   (GPU 4.0 · IO 3.2 · CPU 7.3)
        bsblock (store walk) [CPU]             0.1 s
        recipe (host,replic) [CPU]             0.3 s
        form (gpu+D2H)       [GPU·IO]        10.8 s
        reduce (NCCL/host)   [IO]              1.0 s
        unpack (D2H)         [CPU·IO]         2.3 s
      (other)                [CPU]             0.2 s
    matvec                   [GPU·CPU·IO]    64.3 s   (GPU 53.0 · IO 0.0 · CPU 11.3)
      gemm                   [GPU]            44.1 s   (91.52 TFLOPS total · 22.88/GPU)
      kern                   [GPU]             8.9 s
      host                   [CPU]            11.3 s
        planEnum             [CPU]             1.7 s
        ctorAlloc(upload)    [CPU·IO]         2.3 s
        ctorGroup            [CPU]             0.5 s
        ctorForm             [GPU]             0.2 s
        (other)              [CPU]             6.7 s
    decimate                 [CPU]             9.7 s
      rho (dist)             [CPU]             1.1 s
      eigh (dist)            [CPU]             4.1 s
      share (MPI wait)       [CPU·IO]         4.1 s
      select+assemble        [CPU]             0.2 s
      (other)                [CPU]             0.3 s
    grow                     [GPU·CPU·IO]    24.0 s   (GPU 5.0 · IO 6.2 · CPU 12.8) · 82.16 TFLOPS total · 20.54/GPU
      gpu_proj (project)     [GPU·CPU·IO]    13.6 s
        recipe               [CPU]             0.2 s
        fap_exec             [GPU·IO]        12.0 s
        fap_merge            [CPU]             0.2 s
        fap_ctx              [CPU]             0.1 s
        fap_unpack           [CPU]             0.2 s
      reduceSH (MPI)         [CPU·IO]         1.7 s
        sync (hash+wait)     [CPU·IO]         1.2 s
        pack                 [CPU]             0.1 s
        xfer (NCCL/host)     [IO]              0.3 s
        unpack               [CPU]             0.1 s
      (other)                [CPU]             8.7 s
    predict                  [CPU]             3.0 s
    ooc                      [IO]              0.1 s
      load                   [IO]              0.1 s

################## Sweep 17/30 (forward) summary ##################
  Energy       -2987.4651092025 Ha
  dE vs prev sweep  -4.861e-06 Ha
  Discarded weight  1.649e-04  (max over this sweep's decimations)
  Rank 0: Host RAM sweep-peak 13101 MB · VmHWM 13291 MB   VRAM op-pool peak 6464 MB · total peak 30446 MB
  Rank 1: Host RAM sweep-peak 12819 MB · VmHWM 13357 MB   VRAM op-pool peak 6386 MB · total peak 30352 MB
  Rank 2: Host RAM sweep-peak 12915 MB · VmHWM 13360 MB   VRAM op-pool peak 6413 MB · total peak 30390 MB
  Rank 3: Host RAM sweep-peak 13183 MB · VmHWM 13328 MB   VRAM op-pool peak 6308 MB · total peak 30270 MB
  Block stores (peak bond, per rank): distributed A/B share 3736 MB (~K²M²/np) · owner cre/des 170 · S 85 MB (~KM²/np) · replicated floor 19 MB [stubs 1 (~KM) · H 17 (~M²)]
  OOC scratch  305030 MB on disk  (sum over all ranks)
  Timings (wall 148.1 s)
    build                    [CPU]            23.5 s
      formPQ                 [GPU·CPU·IO]     7.8 s   (GPU 0.8 · IO 2.4 · CPU 4.7)
        exec-gemm            [GPU]             0.2 s   (38.61 TFLOPS total · 9.65/GPU)
        exec-kern            [GPU]             0.6 s
        transfer             [IO]              2.4 s
        exec-hostprep        [CPU]             3.4 s
        complete (MPI)       [IO]              0.9 s
        wdesc (Wsub+reds)    [CPU]             0.1 s
        (other)              [CPU]             0.3 s
      [kern] executor reductions (all phases): res-zero 0.0 · gather 2.6 · reduce 4.4 · accumulate 0.2 s
      sys                    [CPU]             0.4 s
      env                    [CPU]             0.4 s
      compPQ-form            [CPU]             0.2 s
        match                [CPU]             0.2 s
          pump (src dedup)   [CPU]             0.1 s
          emit (owned)       [CPU]             0.1 s
      assembly               [CPU]             0.1 s
      compS-form-gpu (MPI)   [GPU·CPU·IO]    14.4 s   (GPU 4.0 · IO 3.1 · CPU 7.3)
        bsblock (store walk) [CPU]             0.1 s
        recipe (host,replic) [CPU]             0.3 s
        form (gpu+D2H)       [GPU·IO]        10.7 s
        reduce (NCCL/host)   [IO]              0.9 s
        unpack (D2H)         [CPU·IO]         2.3 s
      (other)                [CPU]             0.2 s
    matvec                   [GPU·CPU·IO]    64.4 s   (GPU 53.1 · IO 0.0 · CPU 11.4)
      gemm                   [GPU]            44.2 s   (91.30 TFLOPS total · 22.82/GPU)
      kern                   [GPU]             8.9 s
      host                   [CPU]            11.4 s
        planEnum             [CPU]             1.8 s
        ctorAlloc(upload)    [CPU·IO]         2.2 s
        ctorGroup            [CPU]             0.5 s
        ctorForm             [GPU]             0.2 s
        (other)              [CPU]             6.8 s
    decimate                 [CPU]             9.5 s
      rho (dist)             [CPU]             1.2 s
      eigh (dist)            [CPU]             4.0 s
      share (MPI wait)       [CPU·IO]         3.8 s
      select+assemble        [CPU]             0.2 s
      (other)                [CPU]             0.3 s
    grow                     [GPU·CPU·IO]    23.5 s   (GPU 5.1 · IO 5.8 · CPU 12.5) · 81.83 TFLOPS total · 20.46/GPU
      gpu_proj (project)     [GPU·CPU·IO]    13.3 s
        recipe               [CPU]             0.2 s
        fap_exec             [GPU·IO]        11.8 s
        fap_merge            [CPU]             0.2 s
        fap_ctx              [CPU]             0.1 s
        fap_unpack           [CPU]             0.2 s
      reduceSH (MPI)         [CPU·IO]         1.3 s
        sync (hash+wait)     [CPU·IO]         0.8 s
        pack                 [CPU]             0.1 s
        xfer (NCCL/host)     [IO]              0.3 s
        unpack               [CPU]             0.1 s
      (other)                [CPU]             8.8 s
    predict                  [CPU]             3.9 s
    ooc                      [IO]              0.1 s
      load                   [IO]              0.1 s

################## Sweep 18/30 (backward) summary ##################
  Energy       -2987.4651120930 Ha
  dE vs prev sweep  -2.890e-06 Ha
  Discarded weight  1.651e-04  (max over this sweep's decimations)
  Rank 0: Host RAM sweep-peak 11601 MB · VmHWM 13291 MB   VRAM op-pool peak 6464 MB · total peak 30446 MB
  Rank 1: Host RAM sweep-peak 11686 MB · VmHWM 13357 MB   VRAM op-pool peak 6386 MB · total peak 30352 MB
  Rank 2: Host RAM sweep-peak 11566 MB · VmHWM 13360 MB   VRAM op-pool peak 6413 MB · total peak 30390 MB
  Rank 3: Host RAM sweep-peak 11643 MB · VmHWM 13328 MB   VRAM op-pool peak 6308 MB · total peak 30270 MB
  Block stores (peak bond, per rank): distributed A/B share 3729 MB (~K²M²/np) · owner cre/des 170 · S 85 MB (~KM²/np) · replicated floor 19 MB [stubs 1 (~KM) · H 17 (~M²)]
  OOC scratch  303865 MB on disk  (sum over all ranks)
  Timings (wall 148.4 s)
    build                    [CPU]            23.2 s
      formPQ                 [GPU·CPU·IO]     7.5 s   (GPU 0.8 · IO 2.3 · CPU 4.4)
        exec-gemm            [GPU]             0.2 s   (38.55 TFLOPS total · 9.64/GPU)
        exec-kern            [GPU]             0.6 s
        transfer             [IO]              2.3 s
        exec-hostprep        [CPU]             3.4 s
        complete (MPI)       [IO]              0.6 s
        wdesc (Wsub+reds)    [CPU]             0.1 s
        (other)              [CPU]             0.3 s
      [kern] executor reductions (all phases): res-zero 0.0 · gather 2.6 · reduce 4.4 · accumulate 0.2 s
      sys                    [CPU]             0.4 s
      env                    [CPU]             0.3 s
      compPQ-form            [CPU]             0.3 s
        bsblock              [CPU]             0.1 s
        match                [CPU]             0.2 s
          pump (src dedup)   [CPU]             0.1 s
          emit (owned)       [CPU]             0.1 s
      assembly               [CPU]             0.1 s
      compS-form-gpu (MPI)   [GPU·CPU·IO]    14.4 s   (GPU 4.0 · IO 3.2 · CPU 7.3)
        bsblock (store walk) [CPU]             0.1 s
        recipe (host,replic) [CPU]             0.3 s
        form (gpu+D2H)       [GPU·IO]        10.8 s
        reduce (NCCL/host)   [IO]              0.8 s
        unpack (D2H)         [CPU·IO]         2.3 s
        (other)              [CPU]             0.1 s
      (other)                [CPU]             0.2 s
    matvec                   [GPU·CPU·IO]    64.5 s   (GPU 53.0 · IO 0.0 · CPU 11.5)
      gemm                   [GPU]            44.1 s   (91.58 TFLOPS total · 22.90/GPU)
      kern                   [GPU]             8.9 s
      host                   [CPU]            11.5 s
        planEnum             [CPU]             1.7 s
        ctorAlloc(upload)    [CPU·IO]         2.3 s
        ctorGroup            [CPU]             0.5 s
        ctorForm             [GPU]             0.2 s
        (other)              [CPU]             6.8 s
    decimate                 [CPU]             9.7 s
      rho (dist)             [CPU]             1.1 s
      eigh (dist)            [CPU]             3.9 s
      share (MPI wait)       [CPU·IO]         4.3 s
      select+assemble        [CPU]             0.2 s
      (other)                [CPU]             0.3 s
    grow                     [GPU·CPU·IO]    24.1 s   (GPU 5.0 · IO 6.3 · CPU 12.7) · 82.40 TFLOPS total · 20.60/GPU
      gpu_proj (project)     [GPU·CPU·IO]    13.8 s
        recipe               [CPU]             0.2 s
        fap_exec             [GPU·IO]        12.2 s
        fap_merge            [CPU]             0.2 s
        fap_ctx              [CPU]             0.1 s
        fap_unpack           [CPU]             0.2 s
      reduceSH (MPI)         [CPU·IO]         1.3 s
        sync (hash+wait)     [CPU·IO]         0.8 s
        pack                 [CPU]             0.1 s
        xfer (NCCL/host)     [IO]              0.3 s
        unpack               [CPU]             0.1 s
      (other)                [CPU]             9.0 s
    predict                  [CPU]             3.1 s
    ooc                      [IO]              0.1 s
      load                   [IO]              0.1 s

################## Sweep 19/30 (forward) summary ##################
  Energy       -2987.4651159335 Ha
  dE vs prev sweep  -3.841e-06 Ha
  Discarded weight  1.653e-04  (max over this sweep's decimations)
  Rank 0: Host RAM sweep-peak 11518 MB · VmHWM 13291 MB   VRAM op-pool peak 6464 MB · total peak 30446 MB
  Rank 1: Host RAM sweep-peak 11543 MB · VmHWM 13357 MB   VRAM op-pool peak 6386 MB · total peak 30352 MB
  Rank 2: Host RAM sweep-peak 11537 MB · VmHWM 13360 MB   VRAM op-pool peak 6413 MB · total peak 30390 MB
  Rank 3: Host RAM sweep-peak 11372 MB · VmHWM 13328 MB   VRAM op-pool peak 6308 MB · total peak 30270 MB
  Block stores (peak bond, per rank): distributed A/B share 3762 MB (~K²M²/np) · owner cre/des 170 · S 85 MB (~KM²/np) · replicated floor 19 MB [stubs 1 (~KM) · H 17 (~M²)]
  OOC scratch  303957 MB on disk  (sum over all ranks)
  Timings (wall 149.5 s)
    build                    [CPU]            23.4 s
      formPQ                 [GPU·CPU·IO]     7.7 s   (GPU 0.8 · IO 2.4 · CPU 4.5)
        exec-gemm            [GPU]             0.2 s   (38.51 TFLOPS total · 9.63/GPU)
        exec-kern            [GPU]             0.6 s
        transfer             [IO]              2.4 s
        exec-hostprep        [CPU]             3.4 s
        complete (MPI)       [IO]              0.6 s
        wdesc (Wsub+reds)    [CPU]             0.1 s
        (other)              [CPU]             0.3 s
      [kern] executor reductions (all phases): res-zero 0.0 · gather 2.6 · reduce 4.4 · accumulate 0.2 s
      sys                    [CPU]             0.4 s
      env                    [CPU]             0.4 s
      compPQ-form            [CPU]             0.2 s
        match                [CPU]             0.2 s
          pump (src dedup)   [CPU]             0.1 s
          emit (owned)       [CPU]             0.1 s
      assembly               [CPU]             0.1 s
      compS-form-gpu (MPI)   [GPU·CPU·IO]    14.4 s   (GPU 4.0 · IO 3.2 · CPU 7.3)
        bsblock (store walk) [CPU]             0.1 s
        recipe (host,replic) [CPU]             0.3 s
        form (gpu+D2H)       [GPU·IO]        10.8 s
        reduce (NCCL/host)   [IO]              0.9 s
        unpack (D2H)         [CPU·IO]         2.3 s
      (other)                [CPU]             0.2 s
    matvec                   [GPU·CPU·IO]    64.5 s   (GPU 52.7 · IO 0.0 · CPU 11.7)
      gemm                   [GPU]            43.9 s   (91.30 TFLOPS total · 22.83/GPU)
      kern                   [GPU]             8.8 s
      host                   [CPU]            11.7 s
        planEnum             [CPU]             1.8 s
        ctorAlloc(upload)    [CPU·IO]         2.2 s
        ctorGroup            [CPU]             0.5 s
        ctorForm             [GPU]             0.2 s
        (other)              [CPU]             7.1 s
    decimate                 [CPU]             9.6 s
      rho (dist)             [CPU]             1.2 s
      eigh (dist)            [CPU]             4.0 s
      share (MPI wait)       [CPU·IO]         4.0 s
      select+assemble        [CPU]             0.2 s
      (other)                [CPU]             0.3 s
    grow                     [GPU·CPU·IO]    24.1 s   (GPU 5.1 · IO 6.4 · CPU 12.6) · 82.31 TFLOPS total · 20.58/GPU
      gpu_proj (project)     [GPU·CPU·IO]    13.9 s
        recipe               [CPU]             0.2 s
        fap_exec             [GPU·IO]        12.4 s
        fap_merge            [CPU]             0.2 s
        fap_ctx              [CPU]             0.1 s
        fap_unpack           [CPU]             0.2 s
      reduceSH (MPI)         [CPU·IO]         1.1 s
        sync (hash+wait)     [CPU·IO]         0.5 s
        pack                 [CPU]             0.1 s
        xfer (NCCL/host)     [IO]              0.3 s
        unpack               [CPU]             0.1 s
      (other)                [CPU]             9.2 s
    predict                  [CPU]             3.9 s
    ooc                      [IO]              0.1 s
      load                   [IO]              0.1 s

################## Sweep 20/30 (backward) summary ##################
  Energy       -2987.4651182525 Ha
  dE vs prev sweep  -2.319e-06 Ha
  Discarded weight  1.653e-04  (max over this sweep's decimations)
  Rank 0: Host RAM sweep-peak 13194 MB · VmHWM 13291 MB   VRAM op-pool peak 6464 MB · total peak 30446 MB
  Rank 1: Host RAM sweep-peak 13452 MB · VmHWM 13494 MB   VRAM op-pool peak 6386 MB · total peak 30352 MB
  Rank 2: Host RAM sweep-peak 13126 MB · VmHWM 13360 MB   VRAM op-pool peak 6413 MB · total peak 30390 MB
  Rank 3: Host RAM sweep-peak 13186 MB · VmHWM 13328 MB   VRAM op-pool peak 6308 MB · total peak 30270 MB
  Block stores (peak bond, per rank): distributed A/B share 3727 MB (~K²M²/np) · owner cre/des 170 · S 85 MB (~KM²/np) · replicated floor 19 MB [stubs 1 (~KM) · H 17 (~M²)]
  OOC scratch  304828 MB on disk  (sum over all ranks)
  Timings (wall 147.0 s)
    build                    [CPU]            23.4 s
      formPQ                 [GPU·CPU·IO]     7.7 s   (GPU 0.8 · IO 2.4 · CPU 4.6)
        exec-gemm            [GPU]             0.2 s   (38.57 TFLOPS total · 9.64/GPU)
        exec-kern            [GPU]             0.6 s
        transfer             [IO]              2.4 s
        exec-hostprep        [CPU]             3.5 s
        complete (MPI)       [IO]              0.6 s
        wdesc (Wsub+reds)    [CPU]             0.1 s
        (other)              [CPU]             0.3 s
      [kern] executor reductions (all phases): res-zero 0.0 · gather 2.6 · reduce 4.4 · accumulate 0.2 s
      sys                    [CPU]             0.5 s
      env                    [CPU]             0.3 s
      compPQ-form            [CPU]             0.3 s
        match                [CPU]             0.2 s
          pump (src dedup)   [CPU]             0.1 s
          emit (owned)       [CPU]             0.1 s
      assembly               [CPU]             0.1 s
      compS-form-gpu (MPI)   [GPU·CPU·IO]    14.3 s   (GPU 4.0 · IO 3.2 · CPU 7.2)
        bsblock (store walk) [CPU]             0.1 s
        recipe (host,replic) [CPU]             0.3 s
        form (gpu+D2H)       [GPU·IO]        10.9 s
        reduce (NCCL/host)   [IO]              0.7 s
        unpack (D2H)         [CPU·IO]         2.3 s
      (other)                [CPU]             0.2 s
    matvec                   [GPU·CPU·IO]    64.4 s   (GPU 53.0 · IO 0.0 · CPU 11.5)
      gemm                   [GPU]            44.1 s   (91.63 TFLOPS total · 22.91/GPU)
      kern                   [GPU]             8.9 s
      host                   [CPU]            11.5 s
        planEnum             [CPU]             1.8 s
        ctorAlloc(upload)    [CPU·IO]         2.3 s
        ctorGroup            [CPU]             0.5 s
        ctorForm             [GPU]             0.2 s
        (other)              [CPU]             6.8 s
    decimate                 [CPU]             9.7 s
      rho (dist)             [CPU]             1.1 s
      eigh (dist)            [CPU]             4.0 s
      share (MPI wait)       [CPU·IO]         4.1 s
      select+assemble        [CPU]             0.2 s
      (other)                [CPU]             0.3 s
    grow                     [GPU·CPU·IO]    23.1 s   (GPU 5.0 · IO 5.6 · CPU 12.4) · 82.54 TFLOPS total · 20.63/GPU
      gpu_proj (project)     [GPU·CPU·IO]    13.0 s
        recipe               [CPU]             0.2 s
        fap_exec             [GPU·IO]        11.4 s
        fap_merge            [CPU]             0.2 s
        fap_ctx              [CPU]             0.1 s
        fap_unpack           [CPU]             0.2 s
      reduceSH (MPI)         [CPU·IO]         1.5 s
        sync (hash+wait)     [CPU·IO]         0.9 s
        pack                 [CPU]             0.1 s
        xfer (NCCL/host)     [IO]              0.3 s
        unpack               [CPU]             0.1 s
      (other)                [CPU]             8.6 s
    predict                  [CPU]             3.1 s
    ooc                      [IO]              0.1 s
      load                   [IO]              0.1 s

################## Sweep 21/30 (forward) summary ##################
  Energy       -2987.4651215702 Ha
  dE vs prev sweep  -3.318e-06 Ha
  Discarded weight  1.655e-04  (max over this sweep's decimations)
  Rank 0: Host RAM sweep-peak 13145 MB · VmHWM 13303 MB   VRAM op-pool peak 6464 MB · total peak 30446 MB
  Rank 1: Host RAM sweep-peak 13530 MB · VmHWM 13578 MB   VRAM op-pool peak 6386 MB · total peak 30352 MB
  Rank 2: Host RAM sweep-peak 13206 MB · VmHWM 13360 MB   VRAM op-pool peak 6413 MB · total peak 30390 MB
  Rank 3: Host RAM sweep-peak 12966 MB · VmHWM 13328 MB   VRAM op-pool peak 6308 MB · total peak 30270 MB
  Block stores (peak bond, per rank): distributed A/B share 3771 MB (~K²M²/np) · owner cre/des 170 · S 85 MB (~KM²/np) · replicated floor 19 MB [stubs 1 (~KM) · H 17 (~M²)]
  OOC scratch  305678 MB on disk  (sum over all ranks)
  Timings (wall 149.1 s)
    build                    [CPU]            23.7 s
      formPQ                 [GPU·CPU·IO]     7.8 s   (GPU 0.8 · IO 2.4 · CPU 4.6)
        exec-gemm            [GPU]             0.2 s   (38.48 TFLOPS total · 9.62/GPU)
        exec-kern            [GPU]             0.6 s
        transfer             [IO]              2.4 s
        exec-hostprep        [CPU]             3.4 s
        complete (MPI)       [IO]              0.8 s
        wdesc (Wsub+reds)    [CPU]             0.1 s
        (other)              [CPU]             0.3 s
      [kern] executor reductions (all phases): res-zero 0.0 · gather 2.6 · reduce 4.4 · accumulate 0.2 s
      sys                    [CPU]             0.3 s
      env                    [CPU]             0.4 s
      compPQ-form            [CPU]             0.2 s
        match                [CPU]             0.2 s
          pump (src dedup)   [CPU]             0.1 s
          emit (owned)       [CPU]             0.1 s
      assembly               [CPU]             0.1 s
      compS-form-gpu (MPI)   [GPU·CPU·IO]    14.6 s   (GPU 4.0 · IO 3.1 · CPU 7.5)
        bsblock (store walk) [CPU]             0.1 s
        recipe (host,replic) [CPU]             0.3 s
        form (gpu+D2H)       [GPU·IO]        10.7 s
        reduce (NCCL/host)   [IO]              1.0 s
        unpack (D2H)         [CPU·IO]         2.4 s
      (other)                [CPU]             0.2 s
    matvec                   [GPU·CPU·IO]    64.4 s   (GPU 52.8 · IO 0.0 · CPU 11.6)
      gemm                   [GPU]            43.9 s   (91.28 TFLOPS total · 22.82/GPU)
      kern                   [GPU]             8.8 s
      host                   [CPU]            11.6 s
        planEnum             [CPU]             1.8 s
        ctorAlloc(upload)    [CPU·IO]         2.2 s
        ctorGroup            [CPU]             0.5 s
        ctorForm             [GPU]             0.2 s
        (other)              [CPU]             7.0 s
    decimate                 [CPU]             9.6 s
      rho (dist)             [CPU]             1.2 s
      eigh (dist)            [CPU]             4.0 s
      share (MPI wait)       [CPU·IO]         3.9 s
      select+assemble        [CPU]             0.2 s
      (other)                [CPU]             0.3 s
    grow                     [GPU·CPU·IO]    23.8 s   (GPU 5.2 · IO 5.9 · CPU 12.7) · 82.31 TFLOPS total · 20.58/GPU
      gpu_proj (project)     [GPU·CPU·IO]    13.3 s
        recipe               [CPU]             0.2 s
        fap_exec             [GPU·IO]        11.8 s
        fap_merge            [CPU]             0.2 s
        fap_ctx              [CPU]             0.1 s
        fap_unpack           [CPU]             0.2 s
      reduceSH (MPI)         [CPU·IO]         1.1 s
        sync (hash+wait)     [CPU·IO]         0.5 s
        pack                 [CPU]             0.1 s
        xfer (NCCL/host)     [IO]              0.3 s
        unpack               [CPU]             0.1 s
      (other)                [CPU]             9.4 s
    predict                  [CPU]             4.1 s
    ooc                      [IO]              0.1 s
      load                   [IO]              0.1 s

################## Sweep 22/30 (backward) summary ##################
  Energy       -2987.4651232180 Ha
  dE vs prev sweep  -1.648e-06 Ha
  Discarded weight  1.655e-04  (max over this sweep's decimations)
  Rank 0: Host RAM sweep-peak 11267 MB · VmHWM 13303 MB   VRAM op-pool peak 6464 MB · total peak 30446 MB
  Rank 1: Host RAM sweep-peak 11453 MB · VmHWM 13578 MB   VRAM op-pool peak 6386 MB · total peak 30352 MB
  Rank 2: Host RAM sweep-peak 11375 MB · VmHWM 13360 MB   VRAM op-pool peak 6413 MB · total peak 30390 MB
  Rank 3: Host RAM sweep-peak 11425 MB · VmHWM 13328 MB   VRAM op-pool peak 6308 MB · total peak 30270 MB
  Block stores (peak bond, per rank): distributed A/B share 3750 MB (~K²M²/np) · owner cre/des 170 · S 85 MB (~KM²/np) · replicated floor 19 MB [stubs 1 (~KM) · H 17 (~M²)]
  OOC scratch  303985 MB on disk  (sum over all ranks)
  Timings (wall 147.4 s)
    build                    [CPU]            23.3 s
      formPQ                 [GPU·CPU·IO]     7.6 s   (GPU 0.8 · IO 2.3 · CPU 4.4)
        exec-gemm            [GPU]             0.2 s   (38.47 TFLOPS total · 9.62/GPU)
        exec-kern            [GPU]             0.6 s
        transfer             [IO]              2.3 s
        exec-hostprep        [CPU]             3.3 s
        complete (MPI)       [IO]              0.7 s
        wdesc (Wsub+reds)    [CPU]             0.1 s
        (other)              [CPU]             0.3 s
      [kern] executor reductions (all phases): res-zero 0.0 · gather 2.6 · reduce 4.4 · accumulate 0.2 s
      sys                    [CPU]             0.4 s
      env                    [CPU]             0.3 s
      compPQ-form            [CPU]             0.2 s
        match                [CPU]             0.2 s
          pump (src dedup)   [CPU]             0.1 s
          emit (owned)       [CPU]             0.1 s
      assembly               [CPU]             0.1 s
      compS-form-gpu (MPI)   [GPU·CPU·IO]    14.5 s   (GPU 4.0 · IO 3.2 · CPU 7.3)
        bsblock (store walk) [CPU]             0.1 s
        recipe (host,replic) [CPU]             0.3 s
        form (gpu+D2H)       [GPU·IO]        10.8 s
        reduce (NCCL/host)   [IO]              0.9 s
        unpack (D2H)         [CPU·IO]         2.3 s
      (other)                [CPU]             0.2 s
    matvec                   [GPU·CPU·IO]    64.4 s   (GPU 53.0 · IO 0.0 · CPU 11.4)
      gemm                   [GPU]            44.1 s   (91.69 TFLOPS total · 22.92/GPU)
      kern                   [GPU]             8.9 s
      host                   [CPU]            11.4 s
        planEnum             [CPU]             1.8 s
        ctorAlloc(upload)    [CPU·IO]         2.3 s
        ctorGroup            [CPU]             0.5 s
        ctorForm             [GPU]             0.2 s
        (other)              [CPU]             6.7 s
    decimate                 [CPU]             9.7 s
      rho (dist)             [CPU]             1.1 s
      eigh (dist)            [CPU]             3.9 s
      share (MPI wait)       [CPU·IO]         4.2 s
      select+assemble        [CPU]             0.2 s
      (other)                [CPU]             0.3 s
    grow                     [GPU·CPU·IO]    23.5 s   (GPU 5.0 · IO 6.2 · CPU 12.2) · 82.56 TFLOPS total · 20.64/GPU
      gpu_proj (project)     [GPU·CPU·IO]    13.6 s
        recipe               [CPU]             0.2 s
        fap_exec             [GPU·IO]        12.0 s
        fap_merge            [CPU]             0.2 s
        fap_ctx              [CPU]             0.1 s
        fap_unpack           [CPU]             0.2 s
      reduceSH (MPI)         [CPU·IO]         1.3 s
        sync (hash+wait)     [CPU·IO]         0.8 s
        pack                 [CPU]             0.1 s
        xfer (NCCL/host)     [IO]              0.3 s
        unpack               [CPU]             0.1 s
      (other)                [CPU]             8.5 s
    predict                  [CPU]             3.1 s
    ooc                      [IO]              0.1 s
      load                   [IO]              0.1 s

################## Sweep 23/30 (forward) summary ##################
  Energy       -2987.4651264144 Ha
  dE vs prev sweep  -3.196e-06 Ha
  Discarded weight  1.657e-04  (max over this sweep's decimations)
  Rank 0: Host RAM sweep-peak 11863 MB · VmHWM 13303 MB   VRAM op-pool peak 6464 MB · total peak 30446 MB
  Rank 1: Host RAM sweep-peak 11827 MB · VmHWM 13578 MB   VRAM op-pool peak 6386 MB · total peak 30352 MB
  Rank 2: Host RAM sweep-peak 11747 MB · VmHWM 13360 MB   VRAM op-pool peak 6413 MB · total peak 30390 MB
  Rank 3: Host RAM sweep-peak 11667 MB · VmHWM 13328 MB   VRAM op-pool peak 6308 MB · total peak 30270 MB
  Block stores (peak bond, per rank): distributed A/B share 3785 MB (~K²M²/np) · owner cre/des 170 · S 85 MB (~KM²/np) · replicated floor 19 MB [stubs 1 (~KM) · H 17 (~M²)]
  OOC scratch  304553 MB on disk  (sum over all ranks)
  Timings (wall 149.0 s)
    build                    [CPU]            23.9 s
      formPQ                 [GPU·CPU·IO]     7.8 s   (GPU 0.8 · IO 2.4 · CPU 4.6)
        exec-gemm            [GPU]             0.2 s   (38.56 TFLOPS total · 9.64/GPU)
        exec-kern            [GPU]             0.6 s
        transfer             [IO]              2.4 s
        exec-hostprep        [CPU]             3.6 s
        complete (MPI)       [IO]              0.6 s
        wdesc (Wsub+reds)    [CPU]             0.1 s
        (other)              [CPU]             0.3 s
      [kern] executor reductions (all phases): res-zero 0.0 · gather 2.6 · reduce 4.4 · accumulate 0.2 s
      sys                    [CPU]             0.3 s
      env                    [CPU]             0.3 s
      compPQ-form            [CPU]             0.2 s
        match                [CPU]             0.2 s
          pump (src dedup)   [CPU]             0.1 s
          emit (owned)       [CPU]             0.1 s
      assembly               [CPU]             0.1 s
      compS-form-gpu (MPI)   [GPU·CPU·IO]    14.9 s   (GPU 4.0 · IO 3.2 · CPU 7.8)
        bsblock (store walk) [CPU]             0.1 s
        recipe (host,replic) [CPU]             0.4 s
        form (gpu+D2H)       [GPU·IO]        11.0 s
        reduce (NCCL/host)   [IO]              1.0 s
        unpack (D2H)         [CPU·IO]         2.4 s
      (other)                [CPU]             0.2 s
    matvec                   [GPU·CPU·IO]    64.1 s   (GPU 52.8 · IO 0.0 · CPU 11.3)
      gemm                   [GPU]            44.0 s   (91.35 TFLOPS total · 22.84/GPU)
      kern                   [GPU]             8.8 s
      host                   [CPU]            11.3 s
        planEnum             [CPU]             1.7 s
        ctorAlloc(upload)    [CPU·IO]         2.2 s
        ctorGroup            [CPU]             0.5 s
        ctorForm             [GPU]             0.2 s
        (other)              [CPU]             6.8 s
    decimate                 [CPU]             9.7 s
      rho (dist)             [CPU]             1.2 s
      eigh (dist)            [CPU]             4.1 s
      share (MPI wait)       [CPU·IO]         3.9 s
      select+assemble        [CPU]             0.2 s
      (other)                [CPU]             0.3 s
    grow                     [GPU·CPU·IO]    24.4 s   (GPU 5.1 · IO 6.6 · CPU 12.7) · 82.26 TFLOPS total · 20.57/GPU
      gpu_proj (project)     [GPU·CPU·IO]    14.1 s
        recipe               [CPU]             0.2 s
        fap_exec             [GPU·IO]        12.5 s
        fap_merge            [CPU]             0.2 s
        fap_ctx              [CPU]             0.1 s
        fap_unpack           [CPU]             0.2 s
      reduceSH (MPI)         [CPU·IO]         1.1 s
        sync (hash+wait)     [CPU·IO]         0.5 s
        pack                 [CPU]             0.1 s
        xfer (NCCL/host)     [IO]              0.3 s
        unpack               [CPU]             0.1 s
      (other)                [CPU]             9.2 s
    predict                  [CPU]             3.9 s
    ooc                      [IO]              0.1 s
      load                   [IO]              0.1 s

################## Sweep 24/30 (backward) summary ##################
  Energy       -2987.4651281762 Ha
  dE vs prev sweep  -1.762e-06 Ha
  Discarded weight  1.658e-04  (max over this sweep's decimations)
  Rank 0: Host RAM sweep-peak 13214 MB · VmHWM 13308 MB   VRAM op-pool peak 6464 MB · total peak 30446 MB
  Rank 1: Host RAM sweep-peak 13614 MB · VmHWM 13646 MB   VRAM op-pool peak 6386 MB · total peak 30352 MB
  Rank 2: Host RAM sweep-peak 13489 MB · VmHWM 13575 MB   VRAM op-pool peak 6413 MB · total peak 30390 MB
  Rank 3: Host RAM sweep-peak 13508 MB · VmHWM 13594 MB   VRAM op-pool peak 6308 MB · total peak 30270 MB
  Block stores (peak bond, per rank): distributed A/B share 3737 MB (~K²M²/np) · owner cre/des 170 · S 85 MB (~KM²/np) · replicated floor 19 MB [stubs 1 (~KM) · H 17 (~M²)]
  OOC scratch  306118 MB on disk  (sum over all ranks)
  Timings (wall 148.1 s)
    build                    [CPU]            23.4 s
      formPQ                 [GPU·CPU·IO]     7.8 s   (GPU 0.8 · IO 2.4 · CPU 4.6)
        exec-gemm            [GPU]             0.2 s   (38.44 TFLOPS total · 9.61/GPU)
        exec-kern            [GPU]             0.6 s
        transfer             [IO]              2.4 s
        exec-hostprep        [CPU]             3.4 s
        complete (MPI)       [IO]              0.8 s
        wdesc (Wsub+reds)    [CPU]             0.1 s
        (other)              [CPU]             0.3 s
      [kern] executor reductions (all phases): res-zero 0.0 · gather 2.6 · reduce 4.4 · accumulate 0.2 s
      sys                    [CPU]             0.4 s
      env                    [CPU]             0.3 s
      compPQ-form            [CPU]             0.3 s
        match                [CPU]             0.2 s
          pump (src dedup)   [CPU]             0.1 s
          emit (owned)       [CPU]             0.1 s
      assembly               [CPU]             0.1 s
      compS-form-gpu (MPI)   [GPU·CPU·IO]    14.4 s   (GPU 4.0 · IO 3.2 · CPU 7.2)
        bsblock (store walk) [CPU]             0.1 s
        recipe (host,replic) [CPU]             0.3 s
        form (gpu+D2H)       [GPU·IO]        10.8 s
        reduce (NCCL/host)   [IO]              0.8 s
        unpack (D2H)         [CPU·IO]         2.3 s
      (other)                [CPU]             0.2 s
    matvec                   [GPU·CPU·IO]    64.6 s   (GPU 53.0 · IO 0.0 · CPU 11.5)
      gemm                   [GPU]            44.1 s   (91.74 TFLOPS total · 22.93/GPU)
      kern                   [GPU]             8.9 s
      host                   [CPU]            11.5 s
        planEnum             [CPU]             1.8 s
        ctorAlloc(upload)    [CPU·IO]         2.3 s
        ctorGroup            [CPU]             0.5 s
        ctorForm             [GPU]             0.2 s
        (other)              [CPU]             6.8 s
    decimate                 [CPU]             9.6 s
      rho (dist)             [CPU]             1.1 s
      eigh (dist)            [CPU]             4.0 s
      share (MPI wait)       [CPU·IO]         4.1 s
      select+assemble        [CPU]             0.2 s
      (other)                [CPU]             0.3 s
    grow                     [GPU·CPU·IO]    23.4 s   (GPU 5.1 · IO 5.7 · CPU 12.7) · 82.87 TFLOPS total · 20.72/GPU
      gpu_proj (project)     [GPU·CPU·IO]    13.1 s
        recipe               [CPU]             0.2 s
        fap_exec             [GPU·IO]        11.5 s
        fap_merge            [CPU]             0.2 s
        fap_ctx              [CPU]             0.1 s
        fap_unpack           [CPU]             0.2 s
      reduceSH (MPI)         [CPU·IO]         1.8 s
        sync (hash+wait)     [CPU·IO]         1.2 s
        pack                 [CPU]             0.1 s
        xfer (NCCL/host)     [IO]              0.3 s
        unpack               [CPU]             0.1 s
      (other)                [CPU]             8.6 s
    predict                  [CPU]             3.1 s
    ooc                      [IO]              0.1 s
      load                   [IO]              0.1 s

################## Sweep 25/30 (forward) summary ##################
  Energy       -2987.4651322789 Ha
  dE vs prev sweep  -4.103e-06 Ha
  Discarded weight  1.659e-04  (max over this sweep's decimations)
  Rank 0: Host RAM sweep-peak 11633 MB · VmHWM 13308 MB   VRAM op-pool peak 6464 MB · total peak 30446 MB
  Rank 1: Host RAM sweep-peak 11635 MB · VmHWM 13646 MB   VRAM op-pool peak 6386 MB · total peak 30352 MB
  Rank 2: Host RAM sweep-peak 11640 MB · VmHWM 13575 MB   VRAM op-pool peak 6413 MB · total peak 30390 MB
  Rank 3: Host RAM sweep-peak 11508 MB · VmHWM 13594 MB   VRAM op-pool peak 6308 MB · total peak 30270 MB
  Block stores (peak bond, per rank): distributed A/B share 3809 MB (~K²M²/np) · owner cre/des 170 · S 85 MB (~KM²/np) · replicated floor 19 MB [stubs 1 (~KM) · H 17 (~M²)]
  OOC scratch  304938 MB on disk  (sum over all ranks)
  Timings (wall 149.3 s)
    build                    [CPU]            23.8 s
      formPQ                 [GPU·CPU·IO]     7.9 s   (GPU 0.8 · IO 2.4 · CPU 4.7)
        exec-gemm            [GPU]             0.2 s   (38.47 TFLOPS total · 9.62/GPU)
        exec-kern            [GPU]             0.6 s
        transfer             [IO]              2.4 s
        exec-hostprep        [CPU]             3.4 s
        complete (MPI)       [IO]              0.9 s
        wdesc (Wsub+reds)    [CPU]             0.1 s
        (other)              [CPU]             0.3 s
      [kern] executor reductions (all phases): res-zero 0.0 · gather 2.6 · reduce 4.4 · accumulate 0.2 s
      sys                    [CPU]             0.3 s
      env                    [CPU]             0.4 s
      compPQ-form            [CPU]             0.2 s
        match                [CPU]             0.2 s
          pump (src dedup)   [CPU]             0.1 s
          emit (owned)       [CPU]             0.1 s
      assembly               [CPU]             0.1 s
      compS-form-gpu (MPI)   [GPU·CPU·IO]    14.7 s   (GPU 4.0 · IO 3.1 · CPU 7.6)
        bsblock (store walk) [CPU]             0.1 s
        recipe (host,replic) [CPU]             0.3 s
        form (gpu+D2H)       [GPU·IO]        11.0 s
        reduce (NCCL/host)   [IO]              0.9 s
        unpack (D2H)         [CPU·IO]         2.3 s
      (other)                [CPU]             0.2 s
    matvec                   [GPU·CPU·IO]    64.3 s   (GPU 52.7 · IO 0.0 · CPU 11.5)
      gemm                   [GPU]            43.9 s   (91.37 TFLOPS total · 22.84/GPU)
      kern                   [GPU]             8.8 s
      host                   [CPU]            11.5 s
        planEnum             [CPU]             1.7 s
        ctorAlloc(upload)    [CPU·IO]         2.2 s
        ctorGroup            [CPU]             0.5 s
        ctorForm             [GPU]             0.2 s
        (other)              [CPU]             7.0 s
    decimate                 [CPU]             9.6 s
      rho (dist)             [CPU]             1.2 s
      eigh (dist)            [CPU]             4.0 s
      share (MPI wait)       [CPU·IO]         3.9 s
      select+assemble        [CPU]             0.2 s
      (other)                [CPU]             0.3 s
    grow                     [GPU·CPU·IO]    24.2 s   (GPU 5.1 · IO 6.5 · CPU 12.5) · 82.21 TFLOPS total · 20.55/GPU
      gpu_proj (project)     [GPU·CPU·IO]    14.0 s
        recipe               [CPU]             0.2 s
        fap_exec             [GPU·IO]        12.4 s
        fap_merge            [CPU]             0.2 s
        fap_ctx              [CPU]             0.1 s
        fap_unpack           [CPU]             0.2 s
      reduceSH (MPI)         [CPU·IO]         1.0 s
        sync (hash+wait)     [CPU·IO]         0.4 s
        pack                 [CPU]             0.1 s
        xfer (NCCL/host)     [IO]              0.3 s
        unpack               [CPU]             0.1 s
      (other)                [CPU]             9.2 s
    predict                  [CPU]             3.9 s
    ooc                      [IO]              0.1 s
      load                   [IO]              0.1 s

################## Sweep 26/30 (backward) summary ##################
  Energy       -2987.4651343189 Ha
  dE vs prev sweep  -2.040e-06 Ha
  Discarded weight  1.659e-04  (max over this sweep's decimations)
  Rank 0: Host RAM sweep-peak 11656 MB · VmHWM 13308 MB   VRAM op-pool peak 6464 MB · total peak 30446 MB
  Rank 1: Host RAM sweep-peak 11681 MB · VmHWM 13646 MB   VRAM op-pool peak 6386 MB · total peak 30352 MB
  Rank 2: Host RAM sweep-peak 11575 MB · VmHWM 13575 MB   VRAM op-pool peak 6413 MB · total peak 30390 MB
  Rank 3: Host RAM sweep-peak 11636 MB · VmHWM 13594 MB   VRAM op-pool peak 6308 MB · total peak 30270 MB
  Block stores (peak bond, per rank): distributed A/B share 3720 MB (~K²M²/np) · owner cre/des 170 · S 85 MB (~KM²/np) · replicated floor 19 MB [stubs 1 (~KM) · H 17 (~M²)]
  OOC scratch  304372 MB on disk  (sum over all ranks)
  Timings (wall 148.2 s)
    build                    [CPU]            23.4 s
      formPQ                 [GPU·CPU·IO]     7.7 s   (GPU 0.8 · IO 2.4 · CPU 4.5)
        exec-gemm            [GPU]             0.2 s   (38.45 TFLOPS total · 9.61/GPU)
        exec-kern            [GPU]             0.6 s
        transfer             [IO]              2.4 s
        exec-hostprep        [CPU]             3.4 s
        complete (MPI)       [IO]              0.7 s
        wdesc (Wsub+reds)    [CPU]             0.1 s
        (other)              [CPU]             0.3 s
      [kern] executor reductions (all phases): res-zero 0.0 · gather 2.6 · reduce 4.4 · accumulate 0.2 s
      sys                    [CPU]             0.4 s
      env                    [CPU]             0.3 s
      compPQ-form            [CPU]             0.3 s
        match                [CPU]             0.2 s
          pump (src dedup)   [CPU]             0.1 s
          emit (owned)       [CPU]             0.1 s
      assembly               [CPU]             0.1 s
      compS-form-gpu (MPI)   [GPU·CPU·IO]    14.6 s   (GPU 4.0 · IO 3.2 · CPU 7.4)
        bsblock (store walk) [CPU]             0.1 s
        recipe (host,replic) [CPU]             0.3 s
        form (gpu+D2H)       [GPU·IO]        10.7 s
        reduce (NCCL/host)   [IO]              1.1 s
        unpack (D2H)         [CPU·IO]         2.3 s
      (other)                [CPU]             0.2 s
    matvec                   [GPU·CPU·IO]    64.5 s   (GPU 53.0 · IO 0.0 · CPU 11.5)
      gemm                   [GPU]            44.2 s   (91.60 TFLOPS total · 22.90/GPU)
      kern                   [GPU]             8.9 s
      host                   [CPU]            11.5 s
        planEnum             [CPU]             1.7 s
        ctorAlloc(upload)    [CPU·IO]         2.3 s
        ctorGroup            [CPU]             0.5 s
        ctorForm             [GPU]             0.2 s
        (other)              [CPU]             6.9 s
    decimate                 [CPU]             9.6 s
      rho (dist)             [CPU]             1.1 s
      eigh (dist)            [CPU]             4.1 s
      share (MPI wait)       [CPU·IO]         4.0 s
      select+assemble        [CPU]             0.2 s
      (other)                [CPU]             0.3 s
    grow                     [GPU·CPU·IO]    24.3 s   (GPU 5.1 · IO 6.5 · CPU 12.7) · 82.70 TFLOPS total · 20.67/GPU
      gpu_proj (project)     [GPU·CPU·IO]    14.0 s
        recipe               [CPU]             0.2 s
        fap_exec             [GPU·IO]        12.4 s
        fap_merge            [CPU]             0.2 s
        fap_ctx              [CPU]             0.1 s
        fap_unpack           [CPU]             0.2 s
      reduceSH (MPI)         [CPU·IO]         1.6 s
        sync (hash+wait)     [CPU·IO]         1.0 s
        pack                 [CPU]             0.1 s
        xfer (NCCL/host)     [IO]              0.3 s
        unpack               [CPU]             0.1 s
      (other)                [CPU]             8.7 s
    predict                  [CPU]             3.1 s
    ooc                      [IO]              0.1 s
      load                   [IO]              0.1 s

################## Sweep 27/30 (forward) summary ##################
  Energy       -2987.4651361893 Ha
  dE vs prev sweep  -1.870e-06 Ha
  Discarded weight  1.659e-04  (max over this sweep's decimations)
  Rank 0: Host RAM sweep-peak 11551 MB · VmHWM 13308 MB   VRAM op-pool peak 6464 MB · total peak 30446 MB
  Rank 1: Host RAM sweep-peak 11532 MB · VmHWM 13646 MB   VRAM op-pool peak 6386 MB · total peak 30352 MB
  Rank 2: Host RAM sweep-peak 11556 MB · VmHWM 13575 MB   VRAM op-pool peak 6413 MB · total peak 30390 MB
  Rank 3: Host RAM sweep-peak 11375 MB · VmHWM 13594 MB   VRAM op-pool peak 6308 MB · total peak 30270 MB
  Block stores (peak bond, per rank): distributed A/B share 3782 MB (~K²M²/np) · owner cre/des 170 · S 85 MB (~KM²/np) · replicated floor 19 MB [stubs 1 (~KM) · H 17 (~M²)]
  OOC scratch  304616 MB on disk  (sum over all ranks)
  Timings (wall 148.8 s)
    build                    [CPU]            23.3 s
      formPQ                 [GPU·CPU·IO]     7.6 s   (GPU 0.8 · IO 2.4 · CPU 4.4)
        exec-gemm            [GPU]             0.2 s   (38.41 TFLOPS total · 9.60/GPU)
        exec-kern            [GPU]             0.6 s
        transfer             [IO]              2.4 s
        exec-hostprep        [CPU]             3.3 s
        complete (MPI)       [IO]              0.6 s
        wdesc (Wsub+reds)    [CPU]             0.1 s
        (other)              [CPU]             0.3 s
      [kern] executor reductions (all phases): res-zero 0.0 · gather 2.6 · reduce 4.4 · accumulate 0.2 s
      sys                    [CPU]             0.3 s
      env                    [CPU]             0.4 s
      compPQ-form            [CPU]             0.2 s
        match                [CPU]             0.2 s
          pump (src dedup)   [CPU]             0.1 s
          emit (owned)       [CPU]             0.1 s
      assembly               [CPU]             0.1 s
      compS-form-gpu (MPI)   [GPU·CPU·IO]    14.5 s   (GPU 4.0 · IO 3.1 · CPU 7.3)
        bsblock (store walk) [CPU]             0.1 s
        recipe (host,replic) [CPU]             0.3 s
        form (gpu+D2H)       [GPU·IO]        10.7 s
        reduce (NCCL/host)   [IO]              1.0 s
        unpack (D2H)         [CPU·IO]         2.3 s
      (other)                [CPU]             0.2 s
    matvec                   [GPU·CPU·IO]    64.1 s   (GPU 52.6 · IO 0.0 · CPU 11.5)
      gemm                   [GPU]            43.8 s   (91.34 TFLOPS total · 22.84/GPU)
      kern                   [GPU]             8.8 s
      host                   [CPU]            11.5 s
        planEnum             [CPU]             1.7 s
        ctorAlloc(upload)    [CPU·IO]         2.2 s
        ctorGroup            [CPU]             0.5 s
        ctorForm             [GPU]             0.2 s
        (other)              [CPU]             6.9 s
    decimate                 [CPU]             9.7 s
      rho (dist)             [CPU]             1.2 s
      eigh (dist)            [CPU]             4.1 s
      share (MPI wait)       [CPU·IO]         3.8 s
      select+assemble        [CPU]             0.2 s
      (other)                [CPU]             0.3 s
    grow                     [GPU·CPU·IO]    24.3 s   (GPU 5.1 · IO 6.5 · CPU 12.7) · 82.10 TFLOPS total · 20.52/GPU
      gpu_proj (project)     [GPU·CPU·IO]    14.0 s
        recipe               [CPU]             0.2 s
        fap_exec             [GPU·IO]        12.4 s
        fap_merge            [CPU]             0.2 s
        fap_ctx              [CPU]             0.1 s
        fap_unpack           [CPU]             0.2 s
      reduceSH (MPI)         [CPU·IO]         1.1 s
        sync (hash+wait)     [CPU·IO]         0.5 s
        pack                 [CPU]             0.1 s
        xfer (NCCL/host)     [IO]              0.3 s
        unpack               [CPU]             0.1 s
      (other)                [CPU]             9.2 s
    predict                  [CPU]             4.1 s
    ooc                      [IO]              0.1 s
      load                   [IO]              0.1 s

################## Sweep 28/30 (backward) summary ##################
  Energy       -2987.4651371075 Ha
  dE vs prev sweep  -9.183e-07 Ha
  Discarded weight  1.660e-04  (max over this sweep's decimations)
  Rank 0: Host RAM sweep-peak 11985 MB · VmHWM 13308 MB   VRAM op-pool peak 6464 MB · total peak 30446 MB
  Rank 1: Host RAM sweep-peak 11821 MB · VmHWM 13646 MB   VRAM op-pool peak 6386 MB · total peak 30352 MB
  Rank 2: Host RAM sweep-peak 11809 MB · VmHWM 13575 MB   VRAM op-pool peak 6413 MB · total peak 30390 MB
  Rank 3: Host RAM sweep-peak 11754 MB · VmHWM 13594 MB   VRAM op-pool peak 6308 MB · total peak 30270 MB
  Block stores (peak bond, per rank): distributed A/B share 3728 MB (~K²M²/np) · owner cre/des 170 · S 85 MB (~KM²/np) · replicated floor 19 MB [stubs 1 (~KM) · H 17 (~M²)]
  OOC scratch  304175 MB on disk  (sum over all ranks)
  Timings (wall 148.0 s)
    build                    [CPU]            23.1 s
      formPQ                 [GPU·CPU·IO]     7.5 s   (GPU 0.8 · IO 2.3 · CPU 4.4)
        exec-gemm            [GPU]             0.2 s   (38.49 TFLOPS total · 9.62/GPU)
        exec-kern            [GPU]             0.6 s
        transfer             [IO]              2.3 s
        exec-hostprep        [CPU]             3.2 s
        complete (MPI)       [IO]              0.8 s
        wdesc (Wsub+reds)    [CPU]             0.1 s
        (other)              [CPU]             0.3 s
      [kern] executor reductions (all phases): res-zero 0.0 · gather 2.6 · reduce 4.4 · accumulate 0.2 s
      sys                    [CPU]             0.4 s
      env                    [CPU]             0.3 s
      compPQ-form            [CPU]             0.3 s
        match                [CPU]             0.2 s
          pump (src dedup)   [CPU]             0.1 s
          emit (owned)       [CPU]             0.1 s
      assembly               [CPU]             0.1 s
      compS-form-gpu (MPI)   [GPU·CPU·IO]    14.3 s   (GPU 4.0 · IO 3.2 · CPU 7.2)
        bsblock (store walk) [CPU]             0.1 s
        recipe (host,replic) [CPU]             0.3 s
        form (gpu+D2H)       [GPU·IO]        10.7 s
        reduce (NCCL/host)   [IO]              0.9 s
        unpack (D2H)         [CPU·IO]         2.3 s
      (other)                [CPU]             0.2 s
    matvec                   [GPU·CPU·IO]    64.5 s   (GPU 53.1 · IO 0.0 · CPU 11.5)
      gemm                   [GPU]            44.2 s   (91.56 TFLOPS total · 22.89/GPU)
      kern                   [GPU]             8.9 s
      host                   [CPU]            11.5 s
        planEnum             [CPU]             1.7 s
        ctorAlloc(upload)    [CPU·IO]         2.3 s
        ctorGroup            [CPU]             0.5 s
        ctorForm             [GPU]             0.2 s
        (other)              [CPU]             6.8 s
    decimate                 [CPU]             9.8 s
      rho (dist)             [CPU]             1.1 s
      eigh (dist)            [CPU]             4.1 s
      share (MPI wait)       [CPU·IO]         4.1 s
      select+assemble        [CPU]             0.2 s
      (other)                [CPU]             0.3 s
    grow                     [GPU·CPU·IO]    24.1 s   (GPU 5.0 · IO 6.3 · CPU 12.8) · 82.87 TFLOPS total · 20.72/GPU
      gpu_proj (project)     [GPU·CPU·IO]    13.8 s
        recipe               [CPU]             0.2 s
        fap_exec             [GPU·IO]        12.2 s
        fap_merge            [CPU]             0.2 s
        fap_ctx              [CPU]             0.1 s
        fap_unpack           [CPU]             0.2 s
      reduceSH (MPI)         [CPU·IO]         1.7 s
        sync (hash+wait)     [CPU·IO]         1.2 s
        pack                 [CPU]             0.1 s
        xfer (NCCL/host)     [IO]              0.3 s
        unpack               [CPU]             0.1 s
      (other)                [CPU]             8.7 s
    predict                  [CPU]             3.1 s
    ooc                      [IO]              0.1 s
      load                   [IO]              0.1 s

################## Sweep 29/30 (forward) summary ##################
  Energy       -2987.4651386859 Ha
  dE vs prev sweep  -1.578e-06 Ha
  Discarded weight  1.661e-04  (max over this sweep's decimations)
  Rank 0: Host RAM sweep-peak 11597 MB · VmHWM 13308 MB   VRAM op-pool peak 6464 MB · total peak 30446 MB
  Rank 1: Host RAM sweep-peak 11534 MB · VmHWM 13646 MB   VRAM op-pool peak 6386 MB · total peak 30352 MB
  Rank 2: Host RAM sweep-peak 11516 MB · VmHWM 13575 MB   VRAM op-pool peak 6413 MB · total peak 30390 MB
  Rank 3: Host RAM sweep-peak 11404 MB · VmHWM 13594 MB   VRAM op-pool peak 6308 MB · total peak 30270 MB
  Block stores (peak bond, per rank): distributed A/B share 3770 MB (~K²M²/np) · owner cre/des 170 · S 85 MB (~KM²/np) · replicated floor 19 MB [stubs 1 (~KM) · H 17 (~M²)]
  OOC scratch  304766 MB on disk  (sum over all ranks)
  Timings (wall 149.0 s)
    build                    [CPU]            23.3 s
      formPQ                 [GPU·CPU·IO]     7.7 s   (GPU 0.8 · IO 2.4 · CPU 4.5)
        exec-gemm            [GPU]             0.2 s   (38.49 TFLOPS total · 9.62/GPU)
        exec-kern            [GPU]             0.6 s
        transfer             [IO]              2.4 s
        exec-hostprep        [CPU]             3.3 s
        complete (MPI)       [IO]              0.7 s
        wdesc (Wsub+reds)    [CPU]             0.1 s
        (other)              [CPU]             0.3 s
      [kern] executor reductions (all phases): res-zero 0.0 · gather 2.6 · reduce 4.4 · accumulate 0.2 s
      sys                    [CPU]             0.3 s
      env                    [CPU]             0.4 s
      compPQ-form            [CPU]             0.2 s
        match                [CPU]             0.2 s
          pump (src dedup)   [CPU]             0.1 s
          emit (owned)       [CPU]             0.1 s
      assembly               [CPU]             0.1 s
      compS-form-gpu (MPI)   [GPU·CPU·IO]    14.4 s   (GPU 4.0 · IO 3.1 · CPU 7.3)
        bsblock (store walk) [CPU]             0.1 s
        recipe (host,replic) [CPU]             0.3 s
        form (gpu+D2H)       [GPU·IO]        10.7 s
        reduce (NCCL/host)   [IO]              0.9 s
        unpack (D2H)         [CPU·IO]         2.3 s
      (other)                [CPU]             0.2 s
    matvec                   [GPU·CPU·IO]    64.0 s   (GPU 52.6 · IO 0.0 · CPU 11.4)
      gemm                   [GPU]            43.8 s   (91.27 TFLOPS total · 22.82/GPU)
      kern                   [GPU]             8.8 s
      host                   [CPU]            11.4 s
        planEnum             [CPU]             1.7 s
        ctorAlloc(upload)    [CPU·IO]         2.2 s
        ctorGroup            [CPU]             0.5 s
        ctorForm             [GPU]             0.2 s
        (other)              [CPU]             6.9 s
    decimate                 [CPU]             9.7 s
      rho (dist)             [CPU]             1.2 s
      eigh (dist)            [CPU]             4.3 s
      share (MPI wait)       [CPU·IO]         3.7 s
      select+assemble        [CPU]             0.2 s
      (other)                [CPU]             0.4 s
    grow                     [GPU·CPU·IO]    23.9 s   (GPU 5.1 · IO 6.4 · CPU 12.4) · 82.40 TFLOPS total · 20.60/GPU
      gpu_proj (project)     [GPU·CPU·IO]    13.9 s
        recipe               [CPU]             0.2 s
        fap_exec             [GPU·IO]        12.3 s
        fap_merge            [CPU]             0.2 s
        fap_ctx              [CPU]             0.1 s
        fap_unpack           [CPU]             0.2 s
      reduceSH (MPI)         [CPU·IO]         1.3 s
        sync (hash+wait)     [CPU·IO]         0.8 s
        pack                 [CPU]             0.2 s
        xfer (NCCL/host)     [IO]              0.3 s
        unpack               [CPU]             0.1 s
      (other)                [CPU]             8.7 s
    predict                  [CPU]             4.6 s
    ooc                      [IO]              0.1 s
      load                   [IO]              0.1 s

################## Sweep 30/30 (backward) summary ##################
  Energy       -2987.4651395457 Ha
  dE vs prev sweep  -8.598e-07 Ha
  Discarded weight  1.662e-04  (max over this sweep's decimations)
  Rank 0: Host RAM sweep-peak 11608 MB · VmHWM 13308 MB   VRAM op-pool peak 6464 MB · total peak 30446 MB
  Rank 1: Host RAM sweep-peak 11556 MB · VmHWM 13646 MB   VRAM op-pool peak 6386 MB · total peak 30352 MB
  Rank 2: Host RAM sweep-peak 11545 MB · VmHWM 13575 MB   VRAM op-pool peak 6413 MB · total peak 30390 MB
  Rank 3: Host RAM sweep-peak 11585 MB · VmHWM 13594 MB   VRAM op-pool peak 6308 MB · total peak 30270 MB
  Block stores (peak bond, per rank): distributed A/B share 3770 MB (~K²M²/np) · owner cre/des 170 · S 85 MB (~KM²/np) · replicated floor 19 MB [stubs 1 (~KM) · H 17 (~M²)]
  OOC scratch  303321 MB on disk  (sum over all ranks)
  Timings (wall 147.5 s)
    build                    [CPU]            22.9 s
      formPQ                 [GPU·CPU·IO]     7.4 s   (GPU 0.8 · IO 2.3 · CPU 4.2)
        exec-gemm            [GPU]             0.2 s   (38.58 TFLOPS total · 9.65/GPU)
        exec-kern            [GPU]             0.6 s
        transfer             [IO]              2.3 s
        exec-hostprep        [CPU]             3.1 s
        complete (MPI)       [IO]              0.7 s
        wdesc (Wsub+reds)    [CPU]             0.1 s
        (other)              [CPU]             0.3 s
      [kern] executor reductions (all phases): res-zero 0.0 · gather 2.6 · reduce 4.4 · accumulate 0.2 s
      sys                    [CPU]             0.4 s
      env                    [CPU]             0.3 s
      compPQ-form            [CPU]             0.2 s
        match                [CPU]             0.2 s
          pump (src dedup)   [CPU]             0.1 s
          emit (owned)       [CPU]             0.1 s
      assembly               [CPU]             0.1 s
      compS-form-gpu (MPI)   [GPU·CPU·IO]    14.3 s   (GPU 4.0 · IO 3.2 · CPU 7.1)
        bsblock (store walk) [CPU]             0.1 s
        recipe (host,replic) [CPU]             0.3 s
        form (gpu+D2H)       [GPU·IO]        10.7 s
        reduce (NCCL/host)   [IO]              0.8 s
        unpack (D2H)         [CPU·IO]         2.3 s
      (other)                [CPU]             0.2 s
    matvec                   [GPU·CPU·IO]    64.4 s   (GPU 53.0 · IO 0.0 · CPU 11.4)
      gemm                   [GPU]            44.1 s   (91.59 TFLOPS total · 22.90/GPU)
      kern                   [GPU]             8.9 s
      host                   [CPU]            11.4 s
        planEnum             [CPU]             1.7 s
        ctorAlloc(upload)    [CPU·IO]         2.3 s
        ctorGroup            [CPU]             0.5 s
        ctorForm             [GPU]             0.2 s
        (other)              [CPU]             6.8 s
    decimate                 [CPU]             9.7 s
      rho (dist)             [CPU]             1.1 s
      eigh (dist)            [CPU]             4.1 s
      share (MPI wait)       [CPU·IO]         4.0 s
      select+assemble        [CPU]             0.2 s
      (other)                [CPU]             0.4 s
    grow                     [GPU·CPU·IO]    23.5 s   (GPU 5.0 · IO 6.2 · CPU 12.3) · 82.15 TFLOPS total · 20.54/GPU
      gpu_proj (project)     [GPU·CPU·IO]    13.6 s
        recipe               [CPU]             0.2 s
        fap_exec             [GPU·IO]        12.1 s
        fap_merge            [CPU]             0.2 s
        fap_ctx              [CPU]             0.1 s
        fap_unpack           [CPU]             0.2 s
      reduceSH (MPI)         [CPU·IO]         1.6 s
        sync (hash+wait)     [CPU·IO]         1.1 s
        pack                 [CPU]             0.2 s
        xfer (NCCL/host)     [IO]              0.3 s
        unpack               [CPU]             0.1 s
      (other)                [CPU]             8.3 s
    predict                  [CPU]             3.1 s
    ooc                      [IO]              0.1 s
      load                   [IO]              0.1 s
[qops] WARNING: energy NOT converged after 30 sweeps: |dE| = 8.598e-07 >= e_conv = 1.000e-09

################## Run total ##################
  30 sweep(s) + warmup: 4408.9 s wall · final E -2987.4651395457 Ha · VmHWM 13308 MB
  ooc async residual wait (not hidden behind compute): save 0.1 · load 3.3 s (0% of runtime)
[rc] main run done: E = -2987.4651395457 Ha
[qops] MPI np=4 · GPU=on · device collectives: NCCL (NVLink/GPUDirect)
[qops] A/B host-offload: ON (stubs + pager spill)

################## Sweep 1/1 (forward) summary ##################
  Energy       1000000000000000000.0000000000 Ha
  Discarded weight  0.000e+00  (max over this sweep's decimations)
  Rank 0: Host RAM sweep-peak 13516 MB · VmHWM 15547 MB   VRAM op-pool peak 6464 MB · total peak 30446 MB
  Rank 1: Host RAM sweep-peak 13266 MB · VmHWM 15468 MB   VRAM op-pool peak 6386 MB · total peak 30352 MB
  Rank 2: Host RAM sweep-peak 13516 MB · VmHWM 15504 MB   VRAM op-pool peak 6413 MB · total peak 30390 MB
  Rank 3: Host RAM sweep-peak 12907 MB · VmHWM 15511 MB   VRAM op-pool peak 6308 MB · total peak 30270 MB
  OOC scratch  305166 MB on disk  (sum over all ranks)
  Timings (wall 85.2 s)
    build                    [CPU]             0.0 s
      [kern] executor reductions (all phases): res-zero 0.0 · gather 2.2 · reduce 0.2 · accumulate 0.1 s
    matvec                   [GPU·CPU·IO]     0.0 s   (GPU 0.0 · IO 0.0 · CPU 0.0)
    decimate                 [CPU]            10.5 s
      rho (dist)             [CPU]             1.2 s
      eigh (dist)            [CPU]             4.5 s
      share (MPI wait)       [CPU·IO]         3.9 s
      select+assemble        [CPU]             0.2 s
      (other)                [CPU]             0.7 s
    grow                     [GPU·CPU·IO]    28.3 s   (GPU 5.0 · IO 8.6 · CPU 14.6) · 82.03 TFLOPS total · 20.51/GPU
      gpu_proj (project)     [GPU·CPU·IO]    19.3 s
        recipe               [CPU]             0.2 s
        fap_exec             [GPU·IO]        18.1 s
        fap_merge            [CPU]             0.2 s
        fap_ctx              [CPU]             0.1 s
        fap_unpack           [CPU]             0.2 s
      reduceSH (MPI)         [CPU·IO]         1.3 s
        sync (hash+wait)     [CPU·IO]         0.8 s
        pack                 [CPU]             0.1 s
        xfer (NCCL/host)     [IO]              0.3 s
        unpack               [CPU]             0.1 s
      hydrate_cd (MPI)       [IO]              4.0 s
      (other)                [CPU]             3.7 s
    measure                  [CPU]            18.6 s
      hydrate cd/ab (MPI)    [CPU·IO]        17.0 s
      eval (elements)        [CPU]             1.6 s
    predict                  [CPU]             4.5 s
    ooc                      [IO]              0.1 s
      load                   [IO]              0.1 s

################## Run total ##################
  1 sweep(s) + warmup: 85.3 s wall · final E 1000000000000000000.0000000000 Ha · VmHWM 15547 MB
  ooc async residual wait (not hidden behind compute): save 0.1 · load 3.4 s (4% of runtime)
[qops] <S^2> = 1.105129  (S = 0.6641)  [assumes identical alpha/beta spatial orbitals — with UHF orbitals this is NOT the physical <S^2>; see qops/measure.hpp]
[qops] single-orbital entropy: total 4.6276 · max 0.3639 @ orbital 16 · spin-orbital total 4.6798
[qops] S1 = 0.020 0.061 0.054 0.093 0.149 0.166 0.127 0.170 0.153 0.128 0.148 0.162 0.171 0.258 0.318 0.344
             0.364 0.301 0.203 0.094 0.174 0.161 0.146 0.138 0.119 0.092 0.102 0.090 0.060 0.061
[qops] MPI np=4 · GPU=on · device collectives: NCCL (NVLink/GPUDirect)
[qops] A/B host-offload: ON (stubs + pager spill)

################## Sweep 1/2 (backward) summary ##################
  Energy       1000000000000000000.0000000000 Ha
  Discarded weight  0.000e+00  (max over this sweep's decimations)
  Rank 0: Host RAM sweep-peak 12966 MB · VmHWM 15547 MB   VRAM op-pool peak 6464 MB · total peak 30446 MB
  Rank 1: Host RAM sweep-peak 12862 MB · VmHWM 15468 MB   VRAM op-pool peak 6386 MB · total peak 30352 MB
  Rank 2: Host RAM sweep-peak 13126 MB · VmHWM 15504 MB   VRAM op-pool peak 6413 MB · total peak 30390 MB
  Rank 3: Host RAM sweep-peak 12674 MB · VmHWM 15511 MB   VRAM op-pool peak 6308 MB · total peak 30270 MB
  OOC scratch  305004 MB on disk  (sum over all ranks)
  Timings (wall 62.4 s)
    build                    [CPU]             0.0 s
      [kern] executor reductions (all phases): res-zero 0.0 · gather 2.2 · reduce 0.2 · accumulate 0.1 s
    matvec                   [GPU·CPU·IO]     0.0 s   (GPU 0.0 · IO 0.0 · CPU 0.0)
    decimate                 [CPU]            10.1 s
      rho (dist)             [CPU]             1.1 s
      eigh (dist)            [CPU]             4.4 s
      share (MPI wait)       [CPU·IO]         3.9 s
      select+assemble        [CPU]             0.2 s
      (other)                [CPU]             0.5 s
    grow                     [GPU·CPU·IO]    25.8 s   (GPU 4.9 · IO 6.4 · CPU 14.5) · 83.34 TFLOPS total · 20.83/GPU
      gpu_proj (project)     [GPU·CPU·IO]    14.1 s
        recipe               [CPU]             0.2 s
        fap_exec             [GPU·IO]        12.9 s
        fap_merge            [CPU]             0.2 s
        fap_ctx              [CPU]             0.1 s
        fap_unpack           [CPU]             0.2 s
      reduceSH (MPI)         [CPU·IO]         1.1 s
        sync (hash+wait)     [CPU·IO]         0.6 s
        pack                 [CPU]             0.1 s
        xfer (NCCL/host)     [IO]              0.3 s
        unpack               [CPU]             0.1 s
      hydrate_cd (MPI)       [IO]              2.0 s
      (other)                [CPU]             8.6 s
    predict                  [CPU]             3.1 s
    ooc                      [IO]              0.2 s
      load                   [IO]              0.2 s

################## Sweep 2/2 (forward) summary ##################
  Energy       1000000000000000000.0000000000 Ha
  dE vs prev sweep  +0.000e+00 Ha
  Discarded weight  0.000e+00  (max over this sweep's decimations)
  Rank 0: Host RAM sweep-peak 12929 MB · VmHWM 15958 MB   VRAM op-pool peak 6464 MB · total peak 30446 MB
  Rank 1: Host RAM sweep-peak 13355 MB · VmHWM 15743 MB   VRAM op-pool peak 6386 MB · total peak 30352 MB
  Rank 2: Host RAM sweep-peak 12853 MB · VmHWM 15852 MB   VRAM op-pool peak 6413 MB · total peak 30390 MB
  Rank 3: Host RAM sweep-peak 12950 MB · VmHWM 15747 MB   VRAM op-pool peak 6308 MB · total peak 30270 MB
  OOC scratch  305929 MB on disk  (sum over all ranks)
  Timings (wall 1000.3 s)
    build                    [CPU]             0.0 s
      [kern] executor reductions (all phases): res-zero 0.0 · gather 2.2 · reduce 0.2 · accumulate 0.1 s
    matvec                   [GPU·CPU·IO]     0.0 s   (GPU 0.0 · IO 0.0 · CPU 0.0)
    decimate                 [CPU]            10.3 s
      rho (dist)             [CPU]             1.2 s
      eigh (dist)            [CPU]             4.4 s
      share (MPI wait)       [CPU·IO]         3.7 s
      select+assemble        [CPU]             0.2 s
      (other)                [CPU]             0.7 s
    grow                     [GPU·CPU·IO]   109.0 s   (GPU 5.0 · IO 9.3 · CPU 94.6) · 82.32 TFLOPS total · 20.58/GPU
      gpu_proj (project)     [GPU·CPU·IO]    22.9 s
        recipe               [CPU]             0.2 s
        fap_exec             [GPU·IO]        21.7 s
        fap_merge            [CPU]             0.2 s
        fap_ctx              [CPU]             0.1 s
        fap_unpack           [CPU]             0.2 s
      reduceSH (MPI)         [CPU·IO]        77.2 s
        sync (hash+wait)     [CPU·IO]        76.7 s
        pack                 [CPU]             0.2 s
        xfer (NCCL/host)     [IO]              0.3 s
        unpack               [CPU]             0.1 s
      hydrate_cd (MPI)       [IO]              4.0 s
      (other)                [CPU]             4.9 s
    measure                  [CPU]           853.6 s
      hydrate cd/ab (MPI)    [CPU·IO]        16.4 s
      eval (elements)        [CPU]           837.2 s
    predict                  [CPU]             4.0 s
    ooc                      [IO]              0.1 s
      load                   [IO]              0.1 s

################## Run total ##################
  2 sweep(s) + warmup: 1062.8 s wall · final E 1000000000000000000.0000000000 Ha · VmHWM 15958 MB
  ooc async residual wait (not hidden behind compute): save 0.1 · load 3.7 s (0% of runtime)
[qops] <S^2> = 1.105129  (S = 0.6641)  [assumes identical alpha/beta spatial orbitals — with UHF orbitals this is NOT the physical <S^2>; see qops/measure.hpp]
[qops] single-orbital entropy: total 4.6276 · max 0.3639 @ orbital 16 · spin-orbital total 4.6798
[qops] S1 = 0.020 0.061 0.054 0.093 0.149 0.166 0.127 0.170 0.153 0.128 0.148 0.162 0.171 0.258 0.318 0.344
             0.364 0.301 0.203 0.094 0.174 0.161 0.146 0.138 0.119 0.092 0.102 0.090 0.060 0.061
[rc] measurements done (RDMs + NO occupations saved)
[qops] MPI np=4 · GPU=on · device collectives: NCCL (NVLink/GPUDirect)
[qops] A/B host-offload: ON (stubs + pager spill)

################## Sweep 1/10 (backward) summary ##################
  Energy       -2987.4649965590 Ha
  Discarded weight  2.937e-04  (max over this sweep's decimations)
  Rank 0: Host RAM sweep-peak 11124 MB · VmHWM 15958 MB   VRAM op-pool peak 6464 MB · total peak 30446 MB
  Rank 1: Host RAM sweep-peak 10814 MB · VmHWM 15743 MB   VRAM op-pool peak 6386 MB · total peak 30352 MB
  Rank 2: Host RAM sweep-peak 10892 MB · VmHWM 15852 MB   VRAM op-pool peak 6413 MB · total peak 30390 MB
  Rank 3: Host RAM sweep-peak 10661 MB · VmHWM 15747 MB   VRAM op-pool peak 6308 MB · total peak 30270 MB
  Block stores (peak bond, per rank): distributed A/B share 3731 MB (~K²M²/np) · owner cre/des 151 · S 69 MB (~KM²/np) · replicated floor 16 MB [stubs 1 (~KM) · H 15 (~M²)]
  OOC scratch  263396 MB on disk  (sum over all ranks)
  Timings (wall 4085.0 s)
    build                    [CPU]            21.8 s
      formPQ                 [GPU·CPU·IO]     7.3 s   (GPU 0.7 · IO 2.4 · CPU 4.2)
        exec-gemm            [GPU]             0.2 s   (36.84 TFLOPS total · 9.21/GPU)
        exec-kern            [GPU]             0.5 s
        transfer             [IO]              2.4 s
        exec-hostprep        [CPU]             3.2 s
        complete (MPI)       [IO]              0.6 s
        wdesc (Wsub+reds)    [CPU]             0.1 s
        (other)              [CPU]             0.3 s
      [kern] executor reductions (all phases): res-zero 0.0 · gather 1.9 · reduce 3.7 · accumulate 0.2 s
      sys                    [CPU]             0.4 s
      env                    [CPU]             0.2 s
      compPQ-form            [CPU]             0.2 s
        match                [CPU]             0.2 s
          pump (src dedup)   [CPU]             0.1 s
      assembly               [CPU]             0.1 s
      compS-form-gpu (MPI)   [GPU·CPU·IO]    13.4 s   (GPU 3.3 · IO 3.2 · CPU 6.8)
        bsblock (store walk) [CPU]             0.1 s
        recipe (host,replic) [CPU]             0.3 s
        form (gpu+D2H)       [GPU·IO]        10.1 s
        reduce (NCCL/host)   [IO]              0.9 s
        unpack (D2H)         [CPU·IO]         2.0 s
      (other)                [CPU]             0.2 s
    matvec                   [GPU·CPU·IO]    56.5 s   (GPU 45.9 · IO 0.0 · CPU 10.6)
      gemm                   [GPU]            38.0 s   (84.83 TFLOPS total · 21.21/GPU)
      kern                   [GPU]             7.9 s
      host                   [CPU]            10.6 s
        planEnum             [CPU]             1.7 s
        ctorAlloc(upload)    [CPU·IO]         2.0 s
        ctorGroup            [CPU]             0.5 s
        ctorForm             [GPU]             0.1 s
        (other)              [CPU]             6.3 s
    decimate                 [CPU]             7.8 s
      rho (dist)             [CPU]             0.8 s
      eigh (dist)            [CPU]             3.0 s
      share (MPI wait)       [CPU·IO]         3.6 s
      select+assemble        [CPU]             0.1 s
      (other)                [CPU]             0.3 s
    grow                     [GPU·CPU·IO]    16.1 s   (GPU 3.4 · IO 3.6 · CPU 9.0) · 73.05 TFLOPS total · 18.26/GPU
      gpu_proj (project)     [GPU·CPU·IO]     9.1 s
        recipe               [CPU]             0.2 s
        fap_exec             [GPU·IO]         7.7 s
        fap_merge            [CPU]             0.2 s
        fap_ctx              [CPU]             0.1 s
        fap_unpack           [CPU]             0.1 s
      reduceSH (MPI)         [CPU·IO]         1.6 s
        sync (hash+wait)     [CPU·IO]         1.2 s
        pack                 [CPU]             0.1 s
        xfer (NCCL/host)     [IO]              0.2 s
        unpack               [CPU]             0.1 s
      (other)                [CPU]             5.4 s
    predict                  [CPU]          3959.2 s
    ooc                      [IO]              0.1 s
      load                   [IO]              0.1 s

################## Sweep 2/10 (forward) summary ##################
  Energy       -2987.4647022660 Ha
  dE vs prev sweep  +2.943e-04 Ha
  Discarded weight  2.166e-04  (max over this sweep's decimations)
  Rank 0: Host RAM sweep-peak 11363 MB · VmHWM 15958 MB   VRAM op-pool peak 6464 MB · total peak 30446 MB
  Rank 1: Host RAM sweep-peak 11122 MB · VmHWM 15743 MB   VRAM op-pool peak 6386 MB · total peak 30352 MB
  Rank 2: Host RAM sweep-peak 11406 MB · VmHWM 15852 MB   VRAM op-pool peak 6413 MB · total peak 30390 MB
  Rank 3: Host RAM sweep-peak 10959 MB · VmHWM 15747 MB   VRAM op-pool peak 6308 MB · total peak 30270 MB
  Block stores (peak bond, per rank): distributed A/B share 2558 MB (~K²M²/np) · owner cre/des 119 · S 59 MB (~KM²/np) · replicated floor 13 MB [stubs 1 (~KM) · H 12 (~M²)]
  OOC scratch  214201 MB on disk  (sum over all ranks)
  Timings (wall 104.1 s)
    build                    [CPU]            16.9 s
      formPQ                 [GPU·CPU·IO]     5.5 s   (GPU 0.6 · IO 1.7 · CPU 3.2)
        exec-gemm            [GPU]             0.2 s   (35.59 TFLOPS total · 8.90/GPU)
        exec-kern            [GPU]             0.4 s
        transfer             [IO]              1.7 s
        exec-hostprep        [CPU]             2.3 s
        complete (MPI)       [IO]              0.5 s
        wdesc (Wsub+reds)    [CPU]             0.1 s
        (other)              [CPU]             0.2 s
      [kern] executor reductions (all phases): res-zero 0.0 · gather 1.9 · reduce 3.0 · accumulate 0.1 s
      sys                    [CPU]             0.2 s
      env                    [CPU]             0.3 s
      compPQ-form            [CPU]             0.2 s
        match                [CPU]             0.1 s
          pump (src dedup)   [CPU]             0.1 s
      assembly               [CPU]             0.1 s
      compS-form-gpu (MPI)   [GPU·CPU·IO]    10.4 s   (GPU 2.7 · IO 2.2 · CPU 5.4)
        bsblock (store walk) [CPU]             0.1 s
        recipe (host,replic) [CPU]             0.3 s
        form (gpu+D2H)       [GPU·IO]         7.5 s
        reduce (NCCL/host)   [IO]              0.7 s
        unpack (D2H)         [CPU·IO]         1.7 s
      (other)                [CPU]             0.2 s
    matvec                   [GPU·CPU·IO]    44.4 s   (GPU 35.3 · IO 0.0 · CPU 9.1)
      gemm                   [GPU]            29.0 s   (82.34 TFLOPS total · 20.59/GPU)
      kern                   [GPU]             6.3 s
      host                   [CPU]             9.1 s
        planEnum             [CPU]             1.6 s
        ctorAlloc(upload)    [CPU·IO]         1.6 s
        ctorGroup            [CPU]             0.5 s
        ctorForm             [GPU]             0.1 s
        (other)              [CPU]             5.3 s
    decimate                 [CPU]             7.8 s
      rho (dist)             [CPU]             0.9 s
      eigh (dist)            [CPU]             3.1 s
      share (MPI wait)       [CPU·IO]         3.3 s
      select+assemble        [CPU]             0.1 s
      (other)                [CPU]             0.3 s
    grow                     [GPU·CPU·IO]    16.0 s   (GPU 3.5 · IO 3.7 · CPU 8.8) · 75.02 TFLOPS total · 18.76/GPU
      gpu_proj (project)     [GPU·CPU·IO]     9.2 s
        recipe               [CPU]             0.2 s
        fap_exec             [GPU·IO]         7.9 s
        fap_merge            [CPU]             0.2 s
        fap_ctx              [CPU]             0.1 s
        fap_unpack           [CPU]             0.1 s
      reduceSH (MPI)         [CPU·IO]         0.8 s
        sync (hash+wait)     [CPU·IO]         0.4 s
        pack                 [CPU]             0.1 s
        xfer (NCCL/host)     [IO]              0.2 s
        unpack               [CPU]             0.1 s
      (other)                [CPU]             5.9 s
    predict                  [CPU]             2.5 s
    ooc                      [IO]              0.1 s
      load                   [IO]              0.1 s

################## Sweep 3/10 (backward) summary ##################
  Energy       -2987.4647046504 Ha
  dE vs prev sweep  -2.384e-06 Ha
  Discarded weight  2.072e-04  (max over this sweep's decimations)
  Rank 0: Host RAM sweep-peak 11598 MB · VmHWM 15958 MB   VRAM op-pool peak 6464 MB · total peak 30446 MB
  Rank 1: Host RAM sweep-peak 11475 MB · VmHWM 15743 MB   VRAM op-pool peak 6386 MB · total peak 30352 MB
  Rank 2: Host RAM sweep-peak 11558 MB · VmHWM 15852 MB   VRAM op-pool peak 6413 MB · total peak 30390 MB
  Rank 3: Host RAM sweep-peak 11257 MB · VmHWM 15747 MB   VRAM op-pool peak 6308 MB · total peak 30270 MB
  Block stores (peak bond, per rank): distributed A/B share 2563 MB (~K²M²/np) · owner cre/des 119 · S 60 MB (~KM²/np) · replicated floor 13 MB [stubs 1 (~KM) · H 12 (~M²)]
  OOC scratch  214822 MB on disk  (sum over all ranks)
  Timings (wall 103.8 s)
    build                    [CPU]            16.7 s
      formPQ                 [GPU·CPU·IO]     5.3 s   (GPU 0.6 · IO 1.7 · CPU 3.1)
        exec-gemm            [GPU]             0.2 s   (35.67 TFLOPS total · 8.92/GPU)
        exec-kern            [GPU]             0.4 s
        transfer             [IO]              1.7 s
        exec-hostprep        [CPU]             2.3 s
        complete (MPI)       [IO]              0.4 s
        wdesc (Wsub+reds)    [CPU]             0.1 s
        (other)              [CPU]             0.2 s
      [kern] executor reductions (all phases): res-zero 0.0 · gather 1.8 · reduce 3.0 · accumulate 0.1 s
      sys                    [CPU]             0.3 s
      env                    [CPU]             0.2 s
      compPQ-form            [CPU]             0.2 s
        match                [CPU]             0.1 s
          pump (src dedup)   [CPU]             0.1 s
      assembly               [CPU]             0.1 s
      compS-form-gpu (MPI)   [GPU·CPU·IO]    10.4 s   (GPU 2.7 · IO 2.2 · CPU 5.5)
        bsblock (store walk) [CPU]             0.1 s
        recipe (host,replic) [CPU]             0.3 s
        form (gpu+D2H)       [GPU·IO]         7.6 s
        reduce (NCCL/host)   [IO]              0.7 s
        unpack (D2H)         [CPU·IO]         1.7 s
      (other)                [CPU]             0.2 s
    matvec                   [GPU·CPU·IO]    44.4 s   (GPU 35.5 · IO 0.0 · CPU 9.0)
      gemm                   [GPU]            29.1 s   (83.23 TFLOPS total · 20.81/GPU)
      kern                   [GPU]             6.3 s
      host                   [CPU]             9.0 s
        planEnum             [CPU]             1.6 s
        ctorAlloc(upload)    [CPU·IO]         1.6 s
        ctorGroup            [CPU]             0.5 s
        ctorForm             [GPU]             0.1 s
        (other)              [CPU]             5.2 s
    decimate                 [CPU]             7.8 s
      rho (dist)             [CPU]             0.8 s
      eigh (dist)            [CPU]             3.1 s
      share (MPI wait)       [CPU·IO]         3.5 s
      select+assemble        [CPU]             0.1 s
      (other)                [CPU]             0.3 s
    grow                     [GPU·CPU·IO]    15.8 s   (GPU 3.4 · IO 3.7 · CPU 8.7) · 74.42 TFLOPS total · 18.61/GPU
      gpu_proj (project)     [GPU·CPU·IO]     9.2 s
        recipe               [CPU]             0.2 s
        fap_exec             [GPU·IO]         7.8 s
        fap_merge            [CPU]             0.2 s
        fap_ctx              [CPU]             0.1 s
        fap_unpack           [CPU]             0.1 s
      reduceSH (MPI)         [CPU·IO]         1.0 s
        sync (hash+wait)     [CPU·IO]         0.6 s
        pack                 [CPU]             0.1 s
        xfer (NCCL/host)     [IO]              0.2 s
        unpack               [CPU]             0.1 s
      (other)                [CPU]             5.7 s
    predict                  [CPU]             2.1 s
    ooc                      [IO]              0.1 s
      load                   [IO]              0.1 s

################## Sweep 4/10 (forward) summary ##################
  Energy       -2987.4647046504 Ha
  dE vs prev sweep  +2.572e-07 Ha
  Discarded weight  2.048e-04  (max over this sweep's decimations)
  Rank 0: Host RAM sweep-peak 11453 MB · VmHWM 15958 MB   VRAM op-pool peak 6464 MB · total peak 30446 MB
  Rank 1: Host RAM sweep-peak 11113 MB · VmHWM 15743 MB   VRAM op-pool peak 6386 MB · total peak 30352 MB
  Rank 2: Host RAM sweep-peak 11183 MB · VmHWM 15852 MB   VRAM op-pool peak 6413 MB · total peak 30390 MB
  Rank 3: Host RAM sweep-peak 11048 MB · VmHWM 15747 MB   VRAM op-pool peak 6308 MB · total peak 30270 MB
  Block stores (peak bond, per rank): distributed A/B share 2571 MB (~K²M²/np) · owner cre/des 119 · S 60 MB (~KM²/np) · replicated floor 13 MB [stubs 1 (~KM) · H 12 (~M²)]
  OOC scratch  214865 MB on disk  (sum over all ranks)
  Timings (wall 103.5 s)
    build                    [CPU]            16.8 s
      formPQ                 [GPU·CPU·IO]     5.4 s   (GPU 0.6 · IO 1.7 · CPU 3.1)
        exec-gemm            [GPU]             0.2 s   (35.59 TFLOPS total · 8.90/GPU)
        exec-kern            [GPU]             0.4 s
        transfer             [IO]              1.7 s
        exec-hostprep        [CPU]             2.3 s
        complete (MPI)       [IO]              0.5 s
        wdesc (Wsub+reds)    [CPU]             0.1 s
        (other)              [CPU]             0.2 s
      [kern] executor reductions (all phases): res-zero 0.0 · gather 1.9 · reduce 3.0 · accumulate 0.1 s
      sys                    [CPU]             0.2 s
      env                    [CPU]             0.3 s
      compPQ-form            [CPU]             0.2 s
        match                [CPU]             0.1 s
          pump (src dedup)   [CPU]             0.1 s
          emit (owned)       [CPU]             0.1 s
      assembly               [CPU]             0.1 s
      compS-form-gpu (MPI)   [GPU·CPU·IO]    10.4 s   (GPU 2.7 · IO 2.2 · CPU 5.5)
        bsblock (store walk) [CPU]             0.1 s
        recipe (host,replic) [CPU]             0.3 s
        form (gpu+D2H)       [GPU·IO]         7.5 s
        reduce (NCCL/host)   [IO]              0.7 s
        unpack (D2H)         [CPU·IO]         1.7 s
      (other)                [CPU]             0.2 s
    matvec                   [GPU·CPU·IO]    44.0 s   (GPU 35.0 · IO 0.0 · CPU 9.0)
      gemm                   [GPU]            28.8 s   (82.92 TFLOPS total · 20.73/GPU)
      kern                   [GPU]             6.2 s
      host                   [CPU]             9.0 s
        planEnum             [CPU]             1.6 s
        ctorAlloc(upload)    [CPU·IO]         1.6 s
        ctorGroup            [CPU]             0.5 s
        ctorForm             [GPU]             0.1 s
        (other)              [CPU]             5.2 s
    decimate                 [CPU]             7.7 s
      rho (dist)             [CPU]             0.9 s
      eigh (dist)            [CPU]             3.1 s
      share (MPI wait)       [CPU·IO]         3.3 s
      select+assemble        [CPU]             0.1 s
      (other)                [CPU]             0.3 s
    grow                     [GPU·CPU·IO]    15.8 s   (GPU 3.5 · IO 3.8 · CPU 8.6) · 74.97 TFLOPS total · 18.74/GPU
      gpu_proj (project)     [GPU·CPU·IO]     9.2 s
        recipe               [CPU]             0.2 s
        fap_exec             [GPU·IO]         7.9 s
        fap_merge            [CPU]             0.2 s
        fap_ctx              [CPU]             0.1 s
        fap_unpack           [CPU]             0.1 s
      reduceSH (MPI)         [CPU·IO]         0.9 s
        sync (hash+wait)     [CPU·IO]         0.5 s
        pack                 [CPU]             0.1 s
        xfer (NCCL/host)     [IO]              0.2 s
        unpack               [CPU]             0.1 s
      (other)                [CPU]             5.8 s
    predict                  [CPU]             2.5 s
    ooc                      [IO]              0.1 s
      load                   [IO]              0.1 s

################## Sweep 5/10 (backward) summary ##################
  Energy       -2987.4647046504 Ha
  dE vs prev sweep  +8.103e-07 Ha
  Discarded weight  2.037e-04  (max over this sweep's decimations)
  Rank 0: Host RAM sweep-peak 11553 MB · VmHWM 15958 MB   VRAM op-pool peak 6464 MB · total peak 30446 MB
  Rank 1: Host RAM sweep-peak 11493 MB · VmHWM 15743 MB   VRAM op-pool peak 6386 MB · total peak 30352 MB
  Rank 2: Host RAM sweep-peak 11618 MB · VmHWM 15852 MB   VRAM op-pool peak 6413 MB · total peak 30390 MB
  Rank 3: Host RAM sweep-peak 11772 MB · VmHWM 15747 MB   VRAM op-pool peak 6308 MB · total peak 30270 MB
  Block stores (peak bond, per rank): distributed A/B share 2552 MB (~K²M²/np) · owner cre/des 119 · S 60 MB (~KM²/np) · replicated floor 13 MB [stubs 1 (~KM) · H 12 (~M²)]
  OOC scratch  214781 MB on disk  (sum over all ranks)
  Timings (wall 103.6 s)
    build                    [CPU]            17.2 s
      formPQ                 [GPU·CPU·IO]     5.6 s   (GPU 0.6 · IO 1.7 · CPU 3.3)
        exec-gemm            [GPU]             0.2 s   (35.55 TFLOPS total · 8.89/GPU)
        exec-kern            [GPU]             0.4 s
        transfer             [IO]              1.7 s
        exec-hostprep        [CPU]             2.4 s
        complete (MPI)       [IO]              0.5 s
        wdesc (Wsub+reds)    [CPU]             0.1 s
        (other)              [CPU]             0.2 s
      [kern] executor reductions (all phases): res-zero 0.0 · gather 1.8 · reduce 3.0 · accumulate 0.1 s
      sys                    [CPU]             0.3 s
      env                    [CPU]             0.2 s
      compPQ-form            [CPU]             0.2 s
        match                [CPU]             0.2 s
          pump (src dedup)   [CPU]             0.1 s
          emit (owned)       [CPU]             0.1 s
      assembly               [CPU]             0.1 s
      compS-form-gpu (MPI)   [GPU·CPU·IO]    10.5 s   (GPU 2.7 · IO 2.3 · CPU 5.5)
        bsblock (store walk) [CPU]             0.1 s
        recipe (host,replic) [CPU]             0.3 s
        form (gpu+D2H)       [GPU·IO]         7.6 s
        reduce (NCCL/host)   [IO]              0.6 s
        unpack (D2H)         [CPU·IO]         1.8 s
      (other)                [CPU]             0.2 s
    matvec                   [GPU·CPU·IO]    43.8 s   (GPU 34.8 · IO 0.0 · CPU 9.0)
      gemm                   [GPU]            28.6 s   (83.08 TFLOPS total · 20.77/GPU)
      kern                   [GPU]             6.2 s
      host                   [CPU]             9.0 s
        planEnum             [CPU]             1.5 s
        ctorAlloc(upload)    [CPU·IO]         1.7 s
        ctorGroup            [CPU]             0.5 s
        ctorForm             [GPU]             0.1 s
        (other)              [CPU]             5.2 s
    decimate                 [CPU]             7.7 s
      rho (dist)             [CPU]             0.8 s
      eigh (dist)            [CPU]             3.1 s
      share (MPI wait)       [CPU·IO]         3.4 s
      select+assemble        [CPU]             0.1 s
      (other)                [CPU]             0.3 s
    grow                     [GPU·CPU·IO]    16.0 s   (GPU 3.4 · IO 3.7 · CPU 8.8) · 75.04 TFLOPS total · 18.76/GPU
      gpu_proj (project)     [GPU·CPU·IO]     9.3 s
        recipe               [CPU]             0.2 s
        fap_exec             [GPU·IO]         7.9 s
        fap_merge            [CPU]             0.2 s
        fap_ctx              [CPU]             0.1 s
        fap_unpack           [CPU]             0.1 s
      reduceSH (MPI)         [CPU·IO]         1.0 s
        sync (hash+wait)     [CPU·IO]         0.5 s
        pack                 [CPU]             0.1 s
        xfer (NCCL/host)     [IO]              0.2 s
        unpack               [CPU]             0.1 s
      (other)                [CPU]             5.7 s
    predict                  [CPU]             2.0 s
    ooc                      [IO]              0.1 s
      load                   [IO]              0.1 s

################## Sweep 6/10 (forward) summary ##################
  Energy       -2987.4647046504 Ha
  dE vs prev sweep  +5.966e-07 Ha
  Discarded weight  2.030e-04  (max over this sweep's decimations)
  Rank 0: Host RAM sweep-peak 11420 MB · VmHWM 15958 MB   VRAM op-pool peak 6464 MB · total peak 30446 MB
  Rank 1: Host RAM sweep-peak 11009 MB · VmHWM 15743 MB   VRAM op-pool peak 6386 MB · total peak 30352 MB
  Rank 2: Host RAM sweep-peak 11013 MB · VmHWM 15852 MB   VRAM op-pool peak 6413 MB · total peak 30390 MB
  Rank 3: Host RAM sweep-peak 11081 MB · VmHWM 15747 MB   VRAM op-pool peak 6308 MB · total peak 30270 MB
  Block stores (peak bond, per rank): distributed A/B share 2611 MB (~K²M²/np) · owner cre/des 119 · S 60 MB (~KM²/np) · replicated floor 13 MB [stubs 1 (~KM) · H 12 (~M²)]
  OOC scratch  215406 MB on disk  (sum over all ranks)
  Timings (wall 103.7 s)
    build                    [CPU]            17.1 s
      formPQ                 [GPU·CPU·IO]     5.6 s   (GPU 0.6 · IO 1.7 · CPU 3.4)
        exec-gemm            [GPU]             0.2 s   (35.58 TFLOPS total · 8.89/GPU)
        exec-kern            [GPU]             0.4 s
        transfer             [IO]              1.7 s
        exec-hostprep        [CPU]             2.5 s
        complete (MPI)       [IO]              0.5 s
        wdesc (Wsub+reds)    [CPU]             0.1 s
        (other)              [CPU]             0.2 s
      [kern] executor reductions (all phases): res-zero 0.0 · gather 1.9 · reduce 3.0 · accumulate 0.1 s
      sys                    [CPU]             0.3 s
      env                    [CPU]             0.3 s
      compPQ-form            [CPU]             0.2 s
        match                [CPU]             0.1 s
          pump (src dedup)   [CPU]             0.1 s
      assembly               [CPU]             0.1 s
      compS-form-gpu (MPI)   [GPU·CPU·IO]    10.4 s   (GPU 2.7 · IO 2.2 · CPU 5.5)
        bsblock (store walk) [CPU]             0.1 s
        recipe (host,replic) [CPU]             0.3 s
        form (gpu+D2H)       [GPU·IO]         7.6 s
        reduce (NCCL/host)   [IO]              0.6 s
        unpack (D2H)         [CPU·IO]         1.8 s
      (other)                [CPU]             0.2 s
    matvec                   [GPU·CPU·IO]    43.9 s   (GPU 35.0 · IO 0.0 · CPU 8.8)
      gemm                   [GPU]            28.8 s   (82.79 TFLOPS total · 20.70/GPU)
      kern                   [GPU]             6.2 s
      host                   [CPU]             8.8 s
        planEnum             [CPU]             1.6 s
        ctorAlloc(upload)    [CPU·IO]         1.6 s
        ctorGroup            [CPU]             0.5 s
        ctorForm             [GPU]             0.1 s
        (other)              [CPU]             5.1 s
    decimate                 [CPU]             7.5 s
      rho (dist)             [CPU]             0.8 s
      eigh (dist)            [CPU]             3.0 s
      share (MPI wait)       [CPU·IO]         3.3 s
      select+assemble        [CPU]             0.1 s
      (other)                [CPU]             0.3 s
    grow                     [GPU·CPU·IO]    15.9 s   (GPU 3.5 · IO 3.7 · CPU 8.7) · 75.67 TFLOPS total · 18.92/GPU
      gpu_proj (project)     [GPU·CPU·IO]     9.2 s
        recipe               [CPU]             0.2 s
        fap_exec             [GPU·IO]         7.9 s
        fap_merge            [CPU]             0.2 s
        fap_ctx              [CPU]             0.1 s
        fap_unpack           [CPU]             0.1 s
      reduceSH (MPI)         [CPU·IO]         0.9 s
        sync (hash+wait)     [CPU·IO]         0.5 s
        pack                 [CPU]             0.1 s
        xfer (NCCL/host)     [IO]              0.2 s
        unpack               [CPU]             0.1 s
      (other)                [CPU]             5.8 s
    predict                  [CPU]             2.6 s
    ooc                      [IO]              0.1 s
      load                   [IO]              0.1 s

################## Sweep 7/10 (backward) summary ##################
  Energy       -2987.4647046504 Ha
  dE vs prev sweep  +2.522e-07 Ha
  Discarded weight  2.027e-04  (max over this sweep's decimations)
  Rank 0: Host RAM sweep-peak 11001 MB · VmHWM 15958 MB   VRAM op-pool peak 6464 MB · total peak 30446 MB
  Rank 1: Host RAM sweep-peak 11246 MB · VmHWM 15743 MB   VRAM op-pool peak 6386 MB · total peak 30352 MB
  Rank 2: Host RAM sweep-peak 10891 MB · VmHWM 15852 MB   VRAM op-pool peak 6413 MB · total peak 30390 MB
  Rank 3: Host RAM sweep-peak 10643 MB · VmHWM 15747 MB   VRAM op-pool peak 6308 MB · total peak 30270 MB
  Block stores (peak bond, per rank): distributed A/B share 2563 MB (~K²M²/np) · owner cre/des 119 · S 60 MB (~KM²/np) · replicated floor 13 MB [stubs 1 (~KM) · H 12 (~M²)]
  OOC scratch  214481 MB on disk  (sum over all ranks)
  Timings (wall 103.7 s)
    build                    [CPU]            17.2 s
      formPQ                 [GPU·CPU·IO]     5.6 s   (GPU 0.6 · IO 1.6 · CPU 3.4)
        exec-gemm            [GPU]             0.2 s   (35.63 TFLOPS total · 8.91/GPU)
        exec-kern            [GPU]             0.4 s
        transfer             [IO]              1.6 s
        exec-hostprep        [CPU]             2.2 s
        complete (MPI)       [IO]              0.7 s
        wdesc (Wsub+reds)    [CPU]             0.1 s
        (other)              [CPU]             0.2 s
      [kern] executor reductions (all phases): res-zero 0.0 · gather 1.8 · reduce 3.0 · accumulate 0.1 s
      sys                    [CPU]             0.3 s
      env                    [CPU]             0.2 s
      compPQ-form            [CPU]             0.2 s
        match                [CPU]             0.1 s
          pump (src dedup)   [CPU]             0.1 s
      assembly               [CPU]             0.1 s
      compS-form-gpu (MPI)   [GPU·CPU·IO]    10.6 s   (GPU 2.7 · IO 2.2 · CPU 5.7)
        bsblock (store walk) [CPU]             0.1 s
        recipe (host,replic) [CPU]             0.3 s
        form (gpu+D2H)       [GPU·IO]         7.6 s
        reduce (NCCL/host)   [IO]              0.9 s
        unpack (D2H)         [CPU·IO]         1.7 s
      (other)                [CPU]             0.2 s
    matvec                   [GPU·CPU·IO]    43.7 s   (GPU 34.8 · IO 0.0 · CPU 8.9)
      gemm                   [GPU]            28.6 s   (83.13 TFLOPS total · 20.78/GPU)
      kern                   [GPU]             6.2 s
      host                   [CPU]             8.9 s
        planEnum             [CPU]             1.5 s
        ctorAlloc(upload)    [CPU·IO]         1.7 s
        ctorGroup            [CPU]             0.5 s
        ctorForm             [GPU]             0.1 s
        (other)              [CPU]             5.2 s
    decimate                 [CPU]             7.8 s
      rho (dist)             [CPU]             0.8 s
      eigh (dist)            [CPU]             3.1 s
      share (MPI wait)       [CPU·IO]         3.5 s
      select+assemble        [CPU]             0.1 s
      (other)                [CPU]             0.3 s
    grow                     [GPU·CPU·IO]    15.7 s   (GPU 3.4 · IO 3.6 · CPU 8.7) · 73.82 TFLOPS total · 18.46/GPU
      gpu_proj (project)     [GPU·CPU·IO]     9.1 s
        recipe               [CPU]             0.2 s
        fap_exec             [GPU·IO]         7.7 s
        fap_merge            [CPU]             0.2 s
        fap_ctx              [CPU]             0.1 s
        fap_unpack           [CPU]             0.1 s
      reduceSH (MPI)         [CPU·IO]         1.2 s
        sync (hash+wait)     [CPU·IO]         0.8 s
        pack                 [CPU]             0.1 s
        xfer (NCCL/host)     [IO]              0.2 s
        unpack               [CPU]             0.1 s
      (other)                [CPU]             5.5 s
    predict                  [CPU]             2.0 s
    ooc                      [IO]              0.1 s
      load                   [IO]              0.1 s

################## Sweep 8/10 (forward) summary ##################
  Energy       -2987.4647046504 Ha
  dE vs prev sweep  +3.221e-07 Ha
  Discarded weight  2.023e-04  (max over this sweep's decimations)
  Rank 0: Host RAM sweep-peak 11460 MB · VmHWM 15958 MB   VRAM op-pool peak 6464 MB · total peak 30446 MB
  Rank 1: Host RAM sweep-peak 11475 MB · VmHWM 15743 MB   VRAM op-pool peak 6386 MB · total peak 30352 MB
  Rank 2: Host RAM sweep-peak 11338 MB · VmHWM 15852 MB   VRAM op-pool peak 6413 MB · total peak 30390 MB
  Rank 3: Host RAM sweep-peak 11068 MB · VmHWM 15747 MB   VRAM op-pool peak 6308 MB · total peak 30270 MB
  Block stores (peak bond, per rank): distributed A/B share 2552 MB (~K²M²/np) · owner cre/des 119 · S 60 MB (~KM²/np) · replicated floor 13 MB [stubs 1 (~KM) · H 12 (~M²)]
  OOC scratch  214822 MB on disk  (sum over all ranks)
  Timings (wall 103.7 s)
    build                    [CPU]            17.2 s
      formPQ                 [GPU·CPU·IO]     5.6 s   (GPU 0.6 · IO 1.7 · CPU 3.3)
        exec-gemm            [GPU]             0.2 s   (35.46 TFLOPS total · 8.87/GPU)
        exec-kern            [GPU]             0.4 s
        transfer             [IO]              1.7 s
        exec-hostprep        [CPU]             2.3 s
        complete (MPI)       [IO]              0.6 s
        wdesc (Wsub+reds)    [CPU]             0.1 s
        (other)              [CPU]             0.2 s
      [kern] executor reductions (all phases): res-zero 0.0 · gather 1.9 · reduce 3.0 · accumulate 0.1 s
      sys                    [CPU]             0.2 s
      env                    [CPU]             0.3 s
      compPQ-form            [CPU]             0.2 s
        match                [CPU]             0.1 s
          pump (src dedup)   [CPU]             0.1 s
      assembly               [CPU]             0.1 s
      compS-form-gpu (MPI)   [GPU·CPU·IO]    10.5 s   (GPU 2.7 · IO 2.2 · CPU 5.6)
        bsblock (store walk) [CPU]             0.1 s
        recipe (host,replic) [CPU]             0.3 s
        form (gpu+D2H)       [GPU·IO]         7.6 s
        reduce (NCCL/host)   [IO]              0.8 s
        unpack (D2H)         [CPU·IO]         1.7 s
      (other)                [CPU]             0.2 s
    matvec                   [GPU·CPU·IO]    43.9 s   (GPU 35.0 · IO 0.0 · CPU 8.9)
      gemm                   [GPU]            28.8 s   (82.85 TFLOPS total · 20.71/GPU)
      kern                   [GPU]             6.2 s
      host                   [CPU]             8.9 s
        planEnum             [CPU]             1.6 s
        ctorAlloc(upload)    [CPU·IO]         1.6 s
        ctorGroup            [CPU]             0.5 s
        ctorForm             [GPU]             0.1 s
        (other)              [CPU]             5.1 s
    decimate                 [CPU]             7.6 s
      rho (dist)             [CPU]             0.9 s
      eigh (dist)            [CPU]             3.1 s
      share (MPI wait)       [CPU·IO]         3.2 s
      select+assemble        [CPU]             0.1 s
      (other)                [CPU]             0.3 s
    grow                     [GPU·CPU·IO]    15.9 s   (GPU 3.5 · IO 3.7 · CPU 8.7) · 75.36 TFLOPS total · 18.84/GPU
      gpu_proj (project)     [GPU·CPU·IO]     9.1 s
        recipe               [CPU]             0.2 s
        fap_exec             [GPU·IO]         7.9 s
        fap_merge            [CPU]             0.2 s
        fap_ctx              [CPU]             0.1 s
        fap_unpack           [CPU]             0.1 s
      reduceSH (MPI)         [CPU·IO]         1.1 s
        sync (hash+wait)     [CPU·IO]         0.7 s
        pack                 [CPU]             0.1 s
        xfer (NCCL/host)     [IO]              0.2 s
        unpack               [CPU]             0.1 s
      (other)                [CPU]             5.7 s
    predict                  [CPU]             2.5 s
    ooc                      [IO]              0.1 s
      load                   [IO]              0.1 s

################## Sweep 9/10 (backward) summary ##################
  Energy       -2987.4647046504 Ha
  dE vs prev sweep  +1.149e-07 Ha
  Discarded weight  2.021e-04  (max over this sweep's decimations)
  Rank 0: Host RAM sweep-peak 11011 MB · VmHWM 15958 MB   VRAM op-pool peak 6464 MB · total peak 30446 MB
  Rank 1: Host RAM sweep-peak 11282 MB · VmHWM 15743 MB   VRAM op-pool peak 6386 MB · total peak 30352 MB
  Rank 2: Host RAM sweep-peak 10886 MB · VmHWM 15852 MB   VRAM op-pool peak 6413 MB · total peak 30390 MB
  Rank 3: Host RAM sweep-peak 11078 MB · VmHWM 15747 MB   VRAM op-pool peak 6308 MB · total peak 30270 MB
  Block stores (peak bond, per rank): distributed A/B share 2593 MB (~K²M²/np) · owner cre/des 119 · S 60 MB (~KM²/np) · replicated floor 13 MB [stubs 1 (~KM) · H 12 (~M²)]
  OOC scratch  215103 MB on disk  (sum over all ranks)
  Timings (wall 103.5 s)
    build                    [CPU]            17.2 s
      formPQ                 [GPU·CPU·IO]     5.6 s   (GPU 0.6 · IO 1.6 · CPU 3.3)
        exec-gemm            [GPU]             0.2 s   (35.41 TFLOPS total · 8.85/GPU)
        exec-kern            [GPU]             0.4 s
        transfer             [IO]              1.6 s
        exec-hostprep        [CPU]             2.3 s
        complete (MPI)       [IO]              0.6 s
        wdesc (Wsub+reds)    [CPU]             0.1 s
        (other)              [CPU]             0.2 s
      [kern] executor reductions (all phases): res-zero 0.0 · gather 1.8 · reduce 3.0 · accumulate 0.1 s
      sys                    [CPU]             0.3 s
      env                    [CPU]             0.2 s
      compPQ-form            [CPU]             0.2 s
        match                [CPU]             0.1 s
          pump (src dedup)   [CPU]             0.1 s
      assembly               [CPU]             0.1 s
      compS-form-gpu (MPI)   [GPU·CPU·IO]    10.6 s   (GPU 2.7 · IO 2.2 · CPU 5.6)
        bsblock (store walk) [CPU]             0.1 s
        recipe (host,replic) [CPU]             0.3 s
        form (gpu+D2H)       [GPU·IO]         7.6 s
        reduce (NCCL/host)   [IO]              0.8 s
        unpack (D2H)         [CPU·IO]         1.7 s
      (other)                [CPU]             0.2 s
    matvec                   [GPU·CPU·IO]    43.8 s   (GPU 34.7 · IO 0.0 · CPU 9.1)
      gemm                   [GPU]            28.5 s   (83.18 TFLOPS total · 20.79/GPU)
      kern                   [GPU]             6.2 s
      host                   [CPU]             9.1 s
        planEnum             [CPU]             1.6 s
        ctorAlloc(upload)    [CPU·IO]         1.7 s
        ctorGroup            [CPU]             0.5 s
        ctorForm             [GPU]             0.1 s
        (other)              [CPU]             5.3 s
    decimate                 [CPU]             7.8 s
      rho (dist)             [CPU]             0.8 s
      eigh (dist)            [CPU]             3.2 s
      share (MPI wait)       [CPU·IO]         3.4 s
      select+assemble        [CPU]             0.1 s
      (other)                [CPU]             0.3 s
    grow                     [GPU·CPU·IO]    15.8 s   (GPU 3.4 · IO 3.7 · CPU 8.7) · 74.30 TFLOPS total · 18.57/GPU
      gpu_proj (project)     [GPU·CPU·IO]     9.2 s
        recipe               [CPU]             0.2 s
        fap_exec             [GPU·IO]         7.8 s
        fap_merge            [CPU]             0.2 s
        fap_ctx              [CPU]             0.1 s
        fap_unpack           [CPU]             0.1 s
      reduceSH (MPI)         [CPU·IO]         0.9 s
        sync (hash+wait)     [CPU·IO]         0.5 s
        pack                 [CPU]             0.1 s
        xfer (NCCL/host)     [IO]              0.2 s
        unpack               [CPU]             0.1 s
      (other)                [CPU]             5.7 s
    predict                  [CPU]             2.3 s
    ooc                      [IO]              0.1 s
      load                   [IO]              0.1 s

################## Sweep 10/10 (forward) summary ##################
  Energy       -2987.4647046504 Ha
  dE vs prev sweep  +1.144e-07 Ha
  Discarded weight  2.018e-04  (max over this sweep's decimations)
  Rank 0: Host RAM sweep-peak 11288 MB · VmHWM 15958 MB   VRAM op-pool peak 6464 MB · total peak 30446 MB
  Rank 1: Host RAM sweep-peak 11403 MB · VmHWM 15743 MB   VRAM op-pool peak 6386 MB · total peak 30352 MB
  Rank 2: Host RAM sweep-peak 11162 MB · VmHWM 15852 MB   VRAM op-pool peak 6413 MB · total peak 30390 MB
  Rank 3: Host RAM sweep-peak 10901 MB · VmHWM 15747 MB   VRAM op-pool peak 6308 MB · total peak 30270 MB
  Block stores (peak bond, per rank): distributed A/B share 2569 MB (~K²M²/np) · owner cre/des 119 · S 60 MB (~KM²/np) · replicated floor 13 MB [stubs 1 (~KM) · H 12 (~M²)]
  OOC scratch  214889 MB on disk  (sum over all ranks)
  Timings (wall 104.7 s)
    build                    [CPU]            17.1 s
      formPQ                 [GPU·CPU·IO]     5.6 s   (GPU 0.6 · IO 1.6 · CPU 3.3)
        exec-gemm            [GPU]             0.2 s   (35.61 TFLOPS total · 8.90/GPU)
        exec-kern            [GPU]             0.4 s
        transfer             [IO]              1.6 s
        exec-hostprep        [CPU]             2.3 s
        complete (MPI)       [IO]              0.6 s
        wdesc (Wsub+reds)    [CPU]             0.1 s
        (other)              [CPU]             0.2 s
      [kern] executor reductions (all phases): res-zero 0.0 · gather 1.9 · reduce 3.0 · accumulate 0.2 s
      sys                    [CPU]             0.2 s
      env                    [CPU]             0.3 s
      compPQ-form            [CPU]             0.2 s
        match                [CPU]             0.1 s
          pump (src dedup)   [CPU]             0.1 s
      assembly               [CPU]             0.1 s
      compS-form-gpu (MPI)   [GPU·CPU·IO]    10.5 s   (GPU 2.7 · IO 2.2 · CPU 5.6)
        bsblock (store walk) [CPU]             0.1 s
        recipe (host,replic) [CPU]             0.3 s
        form (gpu+D2H)       [GPU·IO]         7.5 s
        reduce (NCCL/host)   [IO]              0.8 s
        unpack (D2H)         [CPU·IO]         1.7 s
      (other)                [CPU]             0.2 s
    matvec                   [GPU·CPU·IO]    44.0 s   (GPU 35.0 · IO 0.0 · CPU 9.0)
      gemm                   [GPU]            28.8 s   (82.89 TFLOPS total · 20.72/GPU)
      kern                   [GPU]             6.2 s
      host                   [CPU]             9.0 s
        planEnum             [CPU]             1.6 s
        ctorAlloc(upload)    [CPU·IO]         1.6 s
        ctorGroup            [CPU]             0.5 s
        ctorForm             [GPU]             0.1 s
        (other)              [CPU]             5.3 s
    decimate                 [CPU]             7.5 s
      rho (dist)             [CPU]             0.9 s
      eigh (dist)            [CPU]             3.1 s
      share (MPI wait)       [CPU·IO]         3.1 s
      select+assemble        [CPU]             0.1 s
      (other)                [CPU]             0.3 s
    grow                     [GPU·CPU·IO]    15.7 s   (GPU 3.5 · IO 3.6 · CPU 8.6) · 75.09 TFLOPS total · 18.77/GPU
      gpu_proj (project)     [GPU·CPU·IO]     9.1 s
        recipe               [CPU]             0.2 s
        fap_exec             [GPU·IO]         7.8 s
        fap_merge            [CPU]             0.2 s
        fap_ctx              [CPU]             0.1 s
        fap_unpack           [CPU]             0.1 s
      reduceSH (MPI)         [CPU·IO]         0.8 s
        sync (hash+wait)     [CPU·IO]         0.4 s
        pack                 [CPU]             0.1 s
        xfer (NCCL/host)     [IO]              0.2 s
        unpack               [CPU]             0.1 s
      (other)                [CPU]             5.9 s
    predict                  [CPU]             2.5 s
    ooc                      [IO]              0.1 s
      load                   [IO]              0.1 s
[qops] WARNING: energy NOT converged after 10 sweeps: |dE| = 1.144e-07 >= e_conv = 1.000e-09

################## Run total ##################
  10 sweep(s) + warmup: 5019.5 s wall · final E -2987.4647046504 Ha · VmHWM 15958 MB
  ooc async residual wait (not hidden behind compute): save 0.1 · load 4.5 s (0% of runtime)
[rc] ladder BD=2500 done
[qops] MPI np=4 · GPU=on · device collectives: NCCL (NVLink/GPUDirect)
[qops] A/B host-offload: ON (stubs + pager spill)

################## Sweep 1/10 (backward) summary ##################
  Energy       -2987.4644203835 Ha
  Discarded weight  3.994e-04  (max over this sweep's decimations)
  Rank 0: Host RAM sweep-peak 9587 MB · VmHWM 15958 MB   VRAM op-pool peak 6464 MB · total peak 30446 MB
  Rank 1: Host RAM sweep-peak 9399 MB · VmHWM 15743 MB   VRAM op-pool peak 6386 MB · total peak 30352 MB
  Rank 2: Host RAM sweep-peak 9498 MB · VmHWM 15852 MB   VRAM op-pool peak 6413 MB · total peak 30390 MB
  Rank 3: Host RAM sweep-peak 9157 MB · VmHWM 15747 MB   VRAM op-pool peak 6308 MB · total peak 30270 MB
  Block stores (peak bond, per rank): distributed A/B share 2584 MB (~K²M²/np) · owner cre/des 103 · S 46 MB (~KM²/np) · replicated floor 11 MB [stubs 1 (~KM) · H 10 (~M²)]
  OOC scratch  180392 MB on disk  (sum over all ranks)
  Timings (wall 85.1 s)
    build                    [CPU]            15.7 s
      formPQ                 [GPU·CPU·IO]     5.2 s   (GPU 0.5 · IO 1.6 · CPU 3.1)
        exec-gemm            [GPU]             0.1 s   (33.28 TFLOPS total · 8.32/GPU)
        exec-kern            [GPU]             0.4 s
        transfer             [IO]              1.6 s
        exec-hostprep        [CPU]             2.3 s
        complete (MPI)       [IO]              0.4 s
        wdesc (Wsub+reds)    [CPU]             0.1 s
        (other)              [CPU]             0.3 s
      [kern] executor reductions (all phases): res-zero 0.0 · gather 1.2 · reduce 2.5 · accumulate 0.1 s
      sys                    [CPU]             0.3 s
      env                    [CPU]             0.1 s
      compPQ-form            [CPU]             0.2 s
        match                [CPU]             0.1 s
      assembly               [CPU]             0.1 s
      compS-form-gpu (MPI)   [GPU·CPU·IO]     9.5 s   (GPU 2.2 · IO 2.2 · CPU 5.1)
        bsblock (store walk) [CPU]             0.1 s
        recipe (host,replic) [CPU]             0.3 s
        form (gpu+D2H)       [GPU·IO]         7.1 s
        reduce (NCCL/host)   [IO]              0.6 s
        unpack (D2H)         [CPU·IO]         1.5 s
      (other)                [CPU]             0.2 s
    matvec                   [GPU·CPU·IO]    35.3 s   (GPU 27.5 · IO 0.0 · CPU 7.9)
      gemm                   [GPU]            22.4 s   (76.87 TFLOPS total · 19.22/GPU)
      kern                   [GPU]             5.1 s
      host                   [CPU]             7.9 s
        planEnum             [CPU]             1.5 s
        ctorAlloc(upload)    [CPU·IO]         1.5 s
        ctorGroup            [CPU]             0.5 s
        ctorForm             [GPU]             0.1 s
        (other)              [CPU]             4.3 s
    decimate                 [CPU]             5.6 s
      rho (dist)             [CPU]             0.6 s
      eigh (dist)            [CPU]             2.1 s
      share (MPI wait)       [CPU·IO]         2.7 s
      select+assemble        [CPU]             0.1 s
      (other)                [CPU]             0.2 s
    grow                     [GPU·CPU·IO]    10.4 s   (GPU 2.2 · IO 2.1 · CPU 6.0) · 62.46 TFLOPS total · 15.61/GPU
      gpu_proj (project)     [GPU·CPU·IO]     6.1 s
        recipe               [CPU]             0.2 s
        fap_exec             [GPU·IO]         5.0 s
        fap_merge            [CPU]             0.2 s
        fap_ctx              [CPU]             0.1 s
        fap_unpack           [CPU]             0.1 s
      reduceSH (MPI)         [CPU·IO]         0.6 s
        sync (hash+wait)     [CPU·IO]         0.3 s
        pack                 [CPU]             0.1 s
        xfer (NCCL/host)     [IO]              0.2 s
      (other)                [CPU]             3.6 s
    predict                  [CPU]             1.6 s
    ooc                      [IO]              0.1 s
      load                   [IO]              0.1 s

################## Sweep 2/10 (forward) summary ##################
  Energy       -2987.4639765462 Ha
  dE vs prev sweep  +4.438e-04 Ha
  Discarded weight  2.656e-04  (max over this sweep's decimations)
  Rank 0: Host RAM sweep-peak 9452 MB · VmHWM 15958 MB   VRAM op-pool peak 6464 MB · total peak 30446 MB
  Rank 1: Host RAM sweep-peak 9216 MB · VmHWM 15743 MB   VRAM op-pool peak 6386 MB · total peak 30352 MB
  Rank 2: Host RAM sweep-peak 9386 MB · VmHWM 15852 MB   VRAM op-pool peak 6413 MB · total peak 30390 MB
  Rank 3: Host RAM sweep-peak 9140 MB · VmHWM 15747 MB   VRAM op-pool peak 6308 MB · total peak 30270 MB
  Block stores (peak bond, per rank): distributed A/B share 1641 MB (~K²M²/np) · owner cre/des 77 · S 38 MB (~KM²/np) · replicated floor 9 MB [stubs 1 (~KM) · H 8 (~M²)]
  OOC scratch  140124 MB on disk  (sum over all ranks)
  Timings (wall 69.9 s)
    build                    [CPU]            11.9 s
      formPQ                 [GPU·CPU·IO]     3.8 s   (GPU 0.4 · IO 1.1 · CPU 2.3)
        exec-gemm            [GPU]             0.1 s   (29.39 TFLOPS total · 7.35/GPU)
        exec-kern            [GPU]             0.3 s
        transfer             [IO]              1.1 s
        exec-hostprep        [CPU]             1.6 s
        complete (MPI)       [IO]              0.3 s
        wdesc (Wsub+reds)    [CPU]             0.1 s
        (other)              [CPU]             0.2 s
      [kern] executor reductions (all phases): res-zero 0.0 · gather 1.2 · reduce 2.0 · accumulate 0.1 s
      sys                    [CPU]             0.2 s
      env                    [CPU]             0.2 s
      compPQ-form            [CPU]             0.2 s
        match                [CPU]             0.1 s
      assembly               [CPU]             0.1 s
      compS-form-gpu (MPI)   [GPU·CPU·IO]     7.2 s   (GPU 1.7 · IO 1.4 · CPU 4.1)
        recipe (host,replic) [CPU]             0.3 s
        form (gpu+D2H)       [GPU·IO]         5.0 s
        reduce (NCCL/host)   [IO]              0.5 s
        unpack (D2H)         [CPU·IO]         1.3 s
      (other)                [CPU]             0.2 s
    matvec                   [GPU·CPU·IO]    29.0 s   (GPU 22.1 · IO 0.0 · CPU 6.9)
      gemm                   [GPU]            17.8 s   (70.71 TFLOPS total · 17.68/GPU)
      kern                   [GPU]             4.3 s
      host                   [CPU]             6.9 s
        planEnum             [CPU]             1.5 s
        ctorAlloc(upload)    [CPU·IO]         1.1 s
        ctorGroup            [CPU]             0.5 s
        ctorForm             [GPU]             0.1 s
        (other)              [CPU]             3.7 s
    decimate                 [CPU]             5.8 s
      rho (dist)             [CPU]             0.5 s
      eigh (dist)            [CPU]             2.2 s
      share (MPI wait)       [CPU·IO]         2.8 s
      select+assemble        [CPU]             0.1 s
      (other)                [CPU]             0.2 s
    grow                     [GPU·CPU·IO]    10.3 s   (GPU 2.3 · IO 2.1 · CPU 5.9) · 61.56 TFLOPS total · 15.39/GPU
      gpu_proj (project)     [GPU·CPU·IO]     6.2 s
        recipe               [CPU]             0.2 s
        fap_exec             [GPU·IO]         5.1 s
        fap_merge            [CPU]             0.2 s
        fap_ctx              [CPU]             0.1 s
      reduceSH (MPI)         [CPU·IO]         0.6 s
        sync (hash+wait)     [CPU·IO]         0.3 s
        pack                 [CPU]             0.1 s
        xfer (NCCL/host)     [IO]              0.2 s
      (other)                [CPU]             3.6 s
    predict                  [CPU]             1.5 s
    ooc                      [IO]              0.0 s

################## Sweep 3/10 (backward) summary ##################
  Energy       -2987.4639953040 Ha
  dE vs prev sweep  -1.876e-05 Ha
  Discarded weight  2.530e-04  (max over this sweep's decimations)
  Rank 0: Host RAM sweep-peak 9464 MB · VmHWM 15958 MB   VRAM op-pool peak 6464 MB · total peak 30446 MB
  Rank 1: Host RAM sweep-peak 9431 MB · VmHWM 15743 MB   VRAM op-pool peak 6386 MB · total peak 30352 MB
  Rank 2: Host RAM sweep-peak 9302 MB · VmHWM 15852 MB   VRAM op-pool peak 6413 MB · total peak 30390 MB
  Rank 3: Host RAM sweep-peak 9200 MB · VmHWM 15747 MB   VRAM op-pool peak 6308 MB · total peak 30270 MB
  Block stores (peak bond, per rank): distributed A/B share 1609 MB (~K²M²/np) · owner cre/des 77 · S 39 MB (~KM²/np) · replicated floor 9 MB [stubs 1 (~KM) · H 8 (~M²)]
  OOC scratch  139752 MB on disk  (sum over all ranks)
  Timings (wall 69.8 s)
    build                    [CPU]            12.1 s
      formPQ                 [GPU·CPU·IO]     3.9 s   (GPU 0.4 · IO 1.1 · CPU 2.4)
        exec-gemm            [GPU]             0.1 s   (30.14 TFLOPS total · 7.53/GPU)
        exec-kern            [GPU]             0.3 s
        transfer             [IO]              1.1 s
        exec-hostprep        [CPU]             1.6 s
        complete (MPI)       [IO]              0.4 s
        wdesc (Wsub+reds)    [CPU]             0.1 s
        (other)              [CPU]             0.3 s
      [kern] executor reductions (all phases): res-zero 0.0 · gather 1.2 · reduce 2.0 · accumulate 0.1 s
      sys                    [CPU]             0.2 s
      env                    [CPU]             0.2 s
      compPQ-form            [CPU]             0.2 s
        match                [CPU]             0.1 s
      assembly               [CPU]             0.1 s
      compS-form-gpu (MPI)   [GPU·CPU·IO]     7.3 s   (GPU 1.7 · IO 1.5 · CPU 4.1)
        recipe (host,replic) [CPU]             0.3 s
        form (gpu+D2H)       [GPU·IO]         5.1 s
        reduce (NCCL/host)   [IO]              0.5 s
        unpack (D2H)         [CPU·IO]         1.3 s
      (other)                [CPU]             0.2 s
    matvec                   [GPU·CPU·IO]    29.1 s   (GPU 22.2 · IO 0.0 · CPU 6.9)
      gemm                   [GPU]            17.9 s   (71.24 TFLOPS total · 17.81/GPU)
      kern                   [GPU]             4.3 s
      host                   [CPU]             6.9 s
        planEnum             [CPU]             1.5 s
        ctorAlloc(upload)    [CPU·IO]         1.2 s
        ctorGroup            [CPU]             0.5 s
        ctorForm             [GPU]             0.1 s
        (other)              [CPU]             3.7 s
    decimate                 [CPU]             5.9 s
      rho (dist)             [CPU]             0.5 s
      eigh (dist)            [CPU]             2.1 s
      share (MPI wait)       [CPU·IO]         3.0 s
      select+assemble        [CPU]             0.1 s
      (other)                [CPU]             0.2 s
    grow                     [GPU·CPU·IO]    10.3 s   (GPU 2.2 · IO 2.1 · CPU 6.0) · 62.48 TFLOPS total · 15.62/GPU
      gpu_proj (project)     [GPU·CPU·IO]     6.1 s
        recipe               [CPU]             0.2 s
        fap_exec             [GPU·IO]         4.9 s
        fap_merge            [CPU]             0.2 s
        fap_ctx              [CPU]             0.1 s
        fap_unpack           [CPU]             0.1 s
      reduceSH (MPI)         [CPU·IO]         0.6 s
        sync (hash+wait)     [CPU·IO]         0.4 s
        pack                 [CPU]             0.1 s
        xfer (NCCL/host)     [IO]              0.2 s
      (other)                [CPU]             3.6 s
    predict                  [CPU]             1.2 s
    ooc                      [IO]              0.0 s

################## Sweep 4/10 (forward) summary ##################
  Energy       -2987.4639974695 Ha
  dE vs prev sweep  -2.165e-06 Ha
  Discarded weight  2.496e-04  (max over this sweep's decimations)
  Rank 0: Host RAM sweep-peak 9491 MB · VmHWM 15958 MB   VRAM op-pool peak 6464 MB · total peak 30446 MB
  Rank 1: Host RAM sweep-peak 9188 MB · VmHWM 15743 MB   VRAM op-pool peak 6386 MB · total peak 30352 MB
  Rank 2: Host RAM sweep-peak 9430 MB · VmHWM 15852 MB   VRAM op-pool peak 6413 MB · total peak 30390 MB
  Rank 3: Host RAM sweep-peak 9037 MB · VmHWM 15747 MB   VRAM op-pool peak 6308 MB · total peak 30270 MB
  Block stores (peak bond, per rank): distributed A/B share 1621 MB (~K²M²/np) · owner cre/des 77 · S 39 MB (~KM²/np) · replicated floor 9 MB [stubs 1 (~KM) · H 8 (~M²)]
  OOC scratch  139980 MB on disk  (sum over all ranks)
  Timings (wall 70.8 s)
    build                    [CPU]            12.1 s
      formPQ                 [GPU·CPU·IO]     3.9 s   (GPU 0.4 · IO 1.1 · CPU 2.4)
        exec-gemm            [GPU]             0.1 s   (30.37 TFLOPS total · 7.59/GPU)
        exec-kern            [GPU]             0.3 s
        transfer             [IO]              1.1 s
        exec-hostprep        [CPU]             1.7 s
        complete (MPI)       [IO]              0.3 s
        wdesc (Wsub+reds)    [CPU]             0.1 s
        (other)              [CPU]             0.2 s
      [kern] executor reductions (all phases): res-zero 0.0 · gather 1.2 · reduce 2.0 · accumulate 0.1 s
      sys                    [CPU]             0.2 s
      env                    [CPU]             0.2 s
      compPQ-form            [CPU]             0.2 s
        match                [CPU]             0.1 s
      assembly               [CPU]             0.1 s
      compS-form-gpu (MPI)   [GPU·CPU·IO]     7.3 s   (GPU 1.8 · IO 1.4 · CPU 4.1)
        recipe (host,replic) [CPU]             0.3 s
        form (gpu+D2H)       [GPU·IO]         5.1 s
        reduce (NCCL/host)   [IO]              0.5 s
        unpack (D2H)         [CPU·IO]         1.3 s
      (other)                [CPU]             0.2 s
    matvec                   [GPU·CPU·IO]    29.1 s   (GPU 22.1 · IO 0.0 · CPU 7.0)
      gemm                   [GPU]            17.9 s   (70.63 TFLOPS total · 17.66/GPU)
      kern                   [GPU]             4.2 s
      host                   [CPU]             7.0 s
        planEnum             [CPU]             1.5 s
        ctorAlloc(upload)    [CPU·IO]         1.1 s
        ctorGroup            [CPU]             0.5 s
        ctorForm             [GPU]             0.1 s
        (other)              [CPU]             3.7 s
    decimate                 [CPU]             5.7 s
      rho (dist)             [CPU]             0.5 s
      eigh (dist)            [CPU]             2.1 s
      share (MPI wait)       [CPU·IO]         2.7 s
      select+assemble        [CPU]             0.1 s
      (other)                [CPU]             0.2 s
    grow                     [GPU·CPU·IO]    10.5 s   (GPU 2.3 · IO 2.1 · CPU 6.1) · 61.62 TFLOPS total · 15.41/GPU
      gpu_proj (project)     [GPU·CPU·IO]     6.2 s
        recipe               [CPU]             0.2 s
        fap_exec             [GPU·IO]         5.1 s
        fap_merge            [CPU]             0.2 s
        fap_ctx              [CPU]             0.1 s
      reduceSH (MPI)         [CPU·IO]         0.7 s
        sync (hash+wait)     [CPU·IO]         0.4 s
        pack                 [CPU]             0.1 s
        xfer (NCCL/host)     [IO]              0.2 s
      (other)                [CPU]             3.7 s
    predict                  [CPU]             1.5 s
    ooc                      [IO]              0.0 s

################## Sweep 5/10 (backward) summary ##################
  Energy       -2987.4639974695 Ha
  dE vs prev sweep  +4.540e-07 Ha
  Discarded weight  2.483e-04  (max over this sweep's decimations)
  Rank 0: Host RAM sweep-peak 9251 MB · VmHWM 15958 MB   VRAM op-pool peak 6464 MB · total peak 30446 MB
  Rank 1: Host RAM sweep-peak 9360 MB · VmHWM 15743 MB   VRAM op-pool peak 6386 MB · total peak 30352 MB
  Rank 2: Host RAM sweep-peak 9490 MB · VmHWM 15852 MB   VRAM op-pool peak 6413 MB · total peak 30390 MB
  Rank 3: Host RAM sweep-peak 9296 MB · VmHWM 15747 MB   VRAM op-pool peak 6308 MB · total peak 30270 MB
  Block stores (peak bond, per rank): distributed A/B share 1629 MB (~K²M²/np) · owner cre/des 77 · S 39 MB (~KM²/np) · replicated floor 9 MB [stubs 1 (~KM) · H 8 (~M²)]
  OOC scratch  140095 MB on disk  (sum over all ranks)
  Timings (wall 69.7 s)
    build                    [CPU]            12.1 s
      formPQ                 [GPU·CPU·IO]     3.9 s   (GPU 0.4 · IO 1.1 · CPU 2.4)
        exec-gemm            [GPU]             0.1 s   (30.27 TFLOPS total · 7.57/GPU)
        exec-kern            [GPU]             0.3 s
        transfer             [IO]              1.1 s
        exec-hostprep        [CPU]             1.7 s
        complete (MPI)       [IO]              0.3 s
        wdesc (Wsub+reds)    [CPU]             0.1 s
        (other)              [CPU]             0.3 s
      [kern] executor reductions (all phases): res-zero 0.0 · gather 1.2 · reduce 2.0 · accumulate 0.1 s
      sys                    [CPU]             0.2 s
      env                    [CPU]             0.2 s
      compPQ-form            [CPU]             0.2 s
        match                [CPU]             0.1 s
          pump (src dedup)   [CPU]             0.1 s
          emit (owned)       [CPU]             0.1 s
      assembly               [CPU]             0.1 s
      compS-form-gpu (MPI)   [GPU·CPU·IO]     7.3 s   (GPU 1.8 · IO 1.4 · CPU 4.1)
        recipe (host,replic) [CPU]             0.3 s
        form (gpu+D2H)       [GPU·IO]         5.1 s
        reduce (NCCL/host)   [IO]              0.5 s
        unpack (D2H)         [CPU·IO]         1.3 s
      (other)                [CPU]             0.2 s
    matvec                   [GPU·CPU·IO]    29.0 s   (GPU 22.0 · IO 0.0 · CPU 7.1)
      gemm                   [GPU]            17.8 s   (70.84 TFLOPS total · 17.71/GPU)
      kern                   [GPU]             4.2 s
      host                   [CPU]             7.1 s
        planEnum             [CPU]             1.5 s
        ctorAlloc(upload)    [CPU·IO]         1.2 s
        ctorGroup            [CPU]             0.5 s
        ctorForm             [GPU]             0.1 s
        (other)              [CPU]             3.7 s
    decimate                 [CPU]             5.6 s
      rho (dist)             [CPU]             0.5 s
      eigh (dist)            [CPU]             2.0 s
      share (MPI wait)       [CPU·IO]         2.7 s
      select+assemble        [CPU]             0.1 s
      (other)                [CPU]             0.2 s
    grow                     [GPU·CPU·IO]    10.6 s   (GPU 2.2 · IO 2.2 · CPU 6.2) · 62.60 TFLOPS total · 15.65/GPU
      gpu_proj (project)     [GPU·CPU·IO]     6.2 s
        recipe               [CPU]             0.2 s
        fap_exec             [GPU·IO]         5.1 s
        fap_merge            [CPU]             0.2 s
        fap_ctx              [CPU]             0.1 s
        fap_unpack           [CPU]             0.1 s
      reduceSH (MPI)         [CPU·IO]         0.6 s
        sync (hash+wait)     [CPU·IO]         0.3 s
        pack                 [CPU]             0.1 s
        xfer (NCCL/host)     [IO]              0.2 s
      (other)                [CPU]             3.7 s
    predict                  [CPU]             1.2 s
    ooc                      [IO]              0.0 s

################## Sweep 6/10 (forward) summary ##################
  Energy       -2987.4639974695 Ha
  dE vs prev sweep  -1.456e-07 Ha
  Discarded weight  2.476e-04  (max over this sweep's decimations)
  Rank 0: Host RAM sweep-peak 9451 MB · VmHWM 15958 MB   VRAM op-pool peak 6464 MB · total peak 30446 MB
  Rank 1: Host RAM sweep-peak 9133 MB · VmHWM 15743 MB   VRAM op-pool peak 6386 MB · total peak 30352 MB
  Rank 2: Host RAM sweep-peak 9423 MB · VmHWM 15852 MB   VRAM op-pool peak 6413 MB · total peak 30390 MB
  Rank 3: Host RAM sweep-peak 9307 MB · VmHWM 15747 MB   VRAM op-pool peak 6308 MB · total peak 30270 MB
  Block stores (peak bond, per rank): distributed A/B share 1631 MB (~K²M²/np) · owner cre/des 77 · S 39 MB (~KM²/np) · replicated floor 9 MB [stubs 1 (~KM) · H 8 (~M²)]
  OOC scratch  140171 MB on disk  (sum over all ranks)
  Timings (wall 70.1 s)
    build                    [CPU]            12.1 s
      formPQ                 [GPU·CPU·IO]     4.0 s   (GPU 0.4 · IO 1.1 · CPU 2.4)
        exec-gemm            [GPU]             0.1 s   (30.19 TFLOPS total · 7.55/GPU)
        exec-kern            [GPU]             0.3 s
        transfer             [IO]              1.1 s
        exec-hostprep        [CPU]             1.7 s
        complete (MPI)       [IO]              0.3 s
        wdesc (Wsub+reds)    [CPU]             0.1 s
        (other)              [CPU]             0.2 s
      [kern] executor reductions (all phases): res-zero 0.0 · gather 1.2 · reduce 2.0 · accumulate 0.1 s
      sys                    [CPU]             0.2 s
      env                    [CPU]             0.2 s
      compPQ-form            [CPU]             0.2 s
        match                [CPU]             0.1 s
      assembly               [CPU]             0.1 s
      compS-form-gpu (MPI)   [GPU·CPU·IO]     7.3 s   (GPU 1.8 · IO 1.4 · CPU 4.1)
        recipe (host,replic) [CPU]             0.3 s
        form (gpu+D2H)       [GPU·IO]         5.1 s
        reduce (NCCL/host)   [IO]              0.5 s
        unpack (D2H)         [CPU·IO]         1.3 s
      (other)                [CPU]             0.2 s
    matvec                   [GPU·CPU·IO]    29.0 s   (GPU 22.1 · IO 0.0 · CPU 7.0)
      gemm                   [GPU]            17.9 s   (70.68 TFLOPS total · 17.67/GPU)
      kern                   [GPU]             4.2 s
      host                   [CPU]             7.0 s
        planEnum             [CPU]             1.5 s
        ctorAlloc(upload)    [CPU·IO]         1.1 s
        ctorGroup            [CPU]             0.5 s
        ctorForm             [GPU]             0.1 s
        (other)              [CPU]             3.7 s
    decimate                 [CPU]             5.7 s
      rho (dist)             [CPU]             0.6 s
      eigh (dist)            [CPU]             2.1 s
      share (MPI wait)       [CPU·IO]         2.7 s
      select+assemble        [CPU]             0.1 s
      (other)                [CPU]             0.2 s
    grow                     [GPU·CPU·IO]    10.4 s   (GPU 2.3 · IO 2.1 · CPU 6.0) · 61.74 TFLOPS total · 15.43/GPU
      gpu_proj (project)     [GPU·CPU·IO]     6.2 s
        recipe               [CPU]             0.2 s
        fap_exec             [GPU·IO]         5.0 s
        fap_merge            [CPU]             0.2 s
        fap_ctx              [CPU]             0.1 s
        fap_unpack           [CPU]             0.1 s
      reduceSH (MPI)         [CPU·IO]         0.6 s
        sync (hash+wait)     [CPU·IO]         0.3 s
        pack                 [CPU]             0.1 s
        xfer (NCCL/host)     [IO]              0.2 s
      (other)                [CPU]             3.6 s
    predict                  [CPU]             1.5 s
    ooc                      [IO]              0.0 s

################## Sweep 7/10 (backward) summary ##################
  Energy       -2987.4639974695 Ha
  dE vs prev sweep  +1.316e-07 Ha
  Discarded weight  2.470e-04  (max over this sweep's decimations)
  Rank 0: Host RAM sweep-peak 9278 MB · VmHWM 15958 MB   VRAM op-pool peak 6464 MB · total peak 30446 MB
  Rank 1: Host RAM sweep-peak 9463 MB · VmHWM 15743 MB   VRAM op-pool peak 6386 MB · total peak 30352 MB
  Rank 2: Host RAM sweep-peak 9318 MB · VmHWM 15852 MB   VRAM op-pool peak 6413 MB · total peak 30390 MB
  Rank 3: Host RAM sweep-peak 9207 MB · VmHWM 15747 MB   VRAM op-pool peak 6308 MB · total peak 30270 MB
  Block stores (peak bond, per rank): distributed A/B share 1619 MB (~K²M²/np) · owner cre/des 77 · S 39 MB (~KM²/np) · replicated floor 9 MB [stubs 1 (~KM) · H 8 (~M²)]
  OOC scratch  139989 MB on disk  (sum over all ranks)
  Timings (wall 69.8 s)
    build                    [CPU]            12.0 s
      formPQ                 [GPU·CPU·IO]     3.9 s   (GPU 0.4 · IO 1.1 · CPU 2.4)
        exec-gemm            [GPU]             0.1 s   (30.21 TFLOPS total · 7.55/GPU)
        exec-kern            [GPU]             0.3 s
        transfer             [IO]              1.1 s
        exec-hostprep        [CPU]             1.6 s
        complete (MPI)       [IO]              0.4 s
        wdesc (Wsub+reds)    [CPU]             0.1 s
        (other)              [CPU]             0.3 s
      [kern] executor reductions (all phases): res-zero 0.0 · gather 1.2 · reduce 2.0 · accumulate 0.1 s
      sys                    [CPU]             0.2 s
      env                    [CPU]             0.2 s
      compPQ-form            [CPU]             0.2 s
        match                [CPU]             0.1 s
      assembly               [CPU]             0.1 s
      compS-form-gpu (MPI)   [GPU·CPU·IO]     7.3 s   (GPU 1.8 · IO 1.5 · CPU 4.1)
        recipe (host,replic) [CPU]             0.3 s
        form (gpu+D2H)       [GPU·IO]         5.1 s
        reduce (NCCL/host)   [IO]              0.6 s
        unpack (D2H)         [CPU·IO]         1.3 s
      (other)                [CPU]             0.2 s
    matvec                   [GPU·CPU·IO]    29.2 s   (GPU 22.2 · IO 0.0 · CPU 7.0)
      gemm                   [GPU]            17.9 s   (71.07 TFLOPS total · 17.77/GPU)
      kern                   [GPU]             4.3 s
      host                   [CPU]             7.0 s
        planEnum             [CPU]             1.5 s
        ctorAlloc(upload)    [CPU·IO]         1.2 s
        ctorGroup            [CPU]             0.5 s
        ctorForm             [GPU]             0.1 s
        (other)              [CPU]             3.7 s
    decimate                 [CPU]             5.7 s
      rho (dist)             [CPU]             0.5 s
      eigh (dist)            [CPU]             2.1 s
      share (MPI wait)       [CPU·IO]         2.8 s
      select+assemble        [CPU]             0.1 s
      (other)                [CPU]             0.2 s
    grow                     [GPU·CPU·IO]    10.3 s   (GPU 2.2 · IO 2.1 · CPU 6.0) · 62.39 TFLOPS total · 15.60/GPU
      gpu_proj (project)     [GPU·CPU·IO]     6.1 s
        recipe               [CPU]             0.2 s
        fap_exec             [GPU·IO]         5.0 s
        fap_merge            [CPU]             0.2 s
        fap_ctx              [CPU]             0.1 s
        fap_unpack           [CPU]             0.1 s
      reduceSH (MPI)         [CPU·IO]         0.7 s
        sync (hash+wait)     [CPU·IO]         0.5 s
        pack                 [CPU]             0.1 s
        xfer (NCCL/host)     [IO]              0.2 s
      (other)                [CPU]             3.5 s
    predict                  [CPU]             1.2 s
    ooc                      [IO]              0.0 s

################## Sweep 8/10 (forward) summary ##################
  Energy       -2987.4639974695 Ha
  dE vs prev sweep  +6.627e-08 Ha
  Discarded weight  2.465e-04  (max over this sweep's decimations)
  Rank 0: Host RAM sweep-peak 9318 MB · VmHWM 15958 MB   VRAM op-pool peak 6464 MB · total peak 30446 MB
  Rank 1: Host RAM sweep-peak 9332 MB · VmHWM 15743 MB   VRAM op-pool peak 6386 MB · total peak 30352 MB
  Rank 2: Host RAM sweep-peak 9364 MB · VmHWM 15852 MB   VRAM op-pool peak 6413 MB · total peak 30390 MB
  Rank 3: Host RAM sweep-peak 8915 MB · VmHWM 15747 MB   VRAM op-pool peak 6308 MB · total peak 30270 MB
  Block stores (peak bond, per rank): distributed A/B share 1619 MB (~K²M²/np) · owner cre/des 78 · S 39 MB (~KM²/np) · replicated floor 9 MB [stubs 1 (~KM) · H 8 (~M²)]
  OOC scratch  140251 MB on disk  (sum over all ranks)
  Timings (wall 70.2 s)
    build                    [CPU]            12.0 s
      formPQ                 [GPU·CPU·IO]     3.9 s   (GPU 0.4 · IO 1.1 · CPU 2.3)
        exec-gemm            [GPU]             0.1 s   (29.87 TFLOPS total · 7.47/GPU)
        exec-kern            [GPU]             0.3 s
        transfer             [IO]              1.1 s
        exec-hostprep        [CPU]             1.6 s
        complete (MPI)       [IO]              0.4 s
        wdesc (Wsub+reds)    [CPU]             0.1 s
        (other)              [CPU]             0.2 s
      [kern] executor reductions (all phases): res-zero 0.0 · gather 1.2 · reduce 2.0 · accumulate 0.1 s
      sys                    [CPU]             0.2 s
      env                    [CPU]             0.2 s
      compPQ-form            [CPU]             0.2 s
        match                [CPU]             0.1 s
      assembly               [CPU]             0.1 s
      compS-form-gpu (MPI)   [GPU·CPU·IO]     7.3 s   (GPU 1.8 · IO 1.4 · CPU 4.1)
        recipe (host,replic) [CPU]             0.3 s
        form (gpu+D2H)       [GPU·IO]         5.0 s
        reduce (NCCL/host)   [IO]              0.5 s
        unpack (D2H)         [CPU·IO]         1.3 s
      (other)                [CPU]             0.2 s
    matvec                   [GPU·CPU·IO]    29.1 s   (GPU 22.1 · IO 0.0 · CPU 7.0)
      gemm                   [GPU]            17.9 s   (70.64 TFLOPS total · 17.66/GPU)
      kern                   [GPU]             4.2 s
      host                   [CPU]             7.0 s
        planEnum             [CPU]             1.5 s
        ctorAlloc(upload)    [CPU·IO]         1.1 s
        ctorGroup            [CPU]             0.5 s
        ctorForm             [GPU]             0.1 s
        (other)              [CPU]             3.8 s
    decimate                 [CPU]             5.7 s
      rho (dist)             [CPU]             0.6 s
      eigh (dist)            [CPU]             2.2 s
      share (MPI wait)       [CPU·IO]         2.7 s
      select+assemble        [CPU]             0.1 s
      (other)                [CPU]             0.2 s
    grow                     [GPU·CPU·IO]    10.5 s   (GPU 2.3 · IO 2.2 · CPU 6.1) · 61.74 TFLOPS total · 15.44/GPU
      gpu_proj (project)     [GPU·CPU·IO]     6.2 s
        recipe               [CPU]             0.2 s
        fap_exec             [GPU·IO]         5.1 s
        fap_merge            [CPU]             0.2 s
        fap_ctx              [CPU]             0.1 s
      reduceSH (MPI)         [CPU·IO]         0.6 s
        sync (hash+wait)     [CPU·IO]         0.3 s
        pack                 [CPU]             0.1 s
        xfer (NCCL/host)     [IO]              0.2 s
      (other)                [CPU]             3.7 s
    predict                  [CPU]             1.5 s
    ooc                      [IO]              0.0 s

################## Sweep 9/10 (backward) summary ##################
  Energy       -2987.4639974695 Ha
  dE vs prev sweep  +1.241e-07 Ha
  Discarded weight  2.459e-04  (max over this sweep's decimations)
  Rank 0: Host RAM sweep-peak 9201 MB · VmHWM 15958 MB   VRAM op-pool peak 6464 MB · total peak 30446 MB
  Rank 1: Host RAM sweep-peak 9187 MB · VmHWM 15743 MB   VRAM op-pool peak 6386 MB · total peak 30352 MB
  Rank 2: Host RAM sweep-peak 9310 MB · VmHWM 15852 MB   VRAM op-pool peak 6413 MB · total peak 30390 MB
  Rank 3: Host RAM sweep-peak 9169 MB · VmHWM 15747 MB   VRAM op-pool peak 6308 MB · total peak 30270 MB
  Block stores (peak bond, per rank): distributed A/B share 1621 MB (~K²M²/np) · owner cre/des 78 · S 39 MB (~KM²/np) · replicated floor 9 MB [stubs 1 (~KM) · H 8 (~M²)]
  OOC scratch  140340 MB on disk  (sum over all ranks)
  Timings (wall 69.7 s)
    build                    [CPU]            12.0 s
      formPQ                 [GPU·CPU·IO]     3.9 s   (GPU 0.4 · IO 1.1 · CPU 2.3)
        exec-gemm            [GPU]             0.1 s   (30.27 TFLOPS total · 7.57/GPU)
        exec-kern            [GPU]             0.3 s
        transfer             [IO]              1.1 s
        exec-hostprep        [CPU]             1.6 s
        complete (MPI)       [IO]              0.4 s
        wdesc (Wsub+reds)    [CPU]             0.1 s
        (other)              [CPU]             0.3 s
      [kern] executor reductions (all phases): res-zero 0.0 · gather 1.2 · reduce 2.0 · accumulate 0.1 s
      sys                    [CPU]             0.2 s
      env                    [CPU]             0.2 s
      compPQ-form            [CPU]             0.2 s
        match                [CPU]             0.1 s
      assembly               [CPU]             0.1 s
      compS-form-gpu (MPI)   [GPU·CPU·IO]     7.3 s   (GPU 1.8 · IO 1.5 · CPU 4.1)
        recipe (host,replic) [CPU]             0.3 s
        form (gpu+D2H)       [GPU·IO]         5.1 s
        reduce (NCCL/host)   [IO]              0.5 s
        unpack (D2H)         [CPU·IO]         1.3 s
      (other)                [CPU]             0.2 s
    matvec                   [GPU·CPU·IO]    29.2 s   (GPU 22.2 · IO 0.0 · CPU 7.0)
      gemm                   [GPU]            17.9 s   (71.29 TFLOPS total · 17.82/GPU)
      kern                   [GPU]             4.3 s
      host                   [CPU]             7.0 s
        planEnum             [CPU]             1.5 s
        ctorAlloc(upload)    [CPU·IO]         1.2 s
        ctorGroup            [CPU]             0.5 s
        ctorForm             [GPU]             0.1 s
        (other)              [CPU]             3.7 s
    decimate                 [CPU]             5.6 s
      rho (dist)             [CPU]             0.5 s
      eigh (dist)            [CPU]             2.1 s
      share (MPI wait)       [CPU·IO]         2.7 s
      select+assemble        [CPU]             0.1 s
      (other)                [CPU]             0.2 s
    grow                     [GPU·CPU·IO]    10.4 s   (GPU 2.2 · IO 2.2 · CPU 6.0) · 62.64 TFLOPS total · 15.66/GPU
      gpu_proj (project)     [GPU·CPU·IO]     6.2 s
        recipe               [CPU]             0.2 s
        fap_exec             [GPU·IO]         5.0 s
        fap_merge            [CPU]             0.2 s
        fap_ctx              [CPU]             0.1 s
        fap_unpack           [CPU]             0.1 s
      reduceSH (MPI)         [CPU·IO]         0.5 s
        sync (hash+wait)     [CPU·IO]         0.2 s
        pack                 [CPU]             0.1 s
        xfer (NCCL/host)     [IO]              0.2 s
      (other)                [CPU]             3.7 s
    predict                  [CPU]             1.2 s
    ooc                      [IO]              0.0 s

################## Sweep 10/10 (forward) summary ##################
  Energy       -2987.4639974695 Ha
  dE vs prev sweep  -1.573e-07 Ha
  Discarded weight  2.455e-04  (max over this sweep's decimations)
  Rank 0: Host RAM sweep-peak 9424 MB · VmHWM 15958 MB   VRAM op-pool peak 6464 MB · total peak 30446 MB
  Rank 1: Host RAM sweep-peak 9236 MB · VmHWM 15743 MB   VRAM op-pool peak 6386 MB · total peak 30352 MB
  Rank 2: Host RAM sweep-peak 9432 MB · VmHWM 15852 MB   VRAM op-pool peak 6413 MB · total peak 30390 MB
  Rank 3: Host RAM sweep-peak 9136 MB · VmHWM 15747 MB   VRAM op-pool peak 6308 MB · total peak 30270 MB
  Block stores (peak bond, per rank): distributed A/B share 1620 MB (~K²M²/np) · owner cre/des 77 · S 39 MB (~KM²/np) · replicated floor 9 MB [stubs 1 (~KM) · H 8 (~M²)]
  OOC scratch  140156 MB on disk  (sum over all ranks)
  Timings (wall 70.1 s)
    build                    [CPU]            12.1 s
      formPQ                 [GPU·CPU·IO]     4.0 s   (GPU 0.4 · IO 1.1 · CPU 2.4)
        exec-gemm            [GPU]             0.1 s   (30.21 TFLOPS total · 7.55/GPU)
        exec-kern            [GPU]             0.3 s
        transfer             [IO]              1.1 s
        exec-hostprep        [CPU]             1.6 s
        complete (MPI)       [IO]              0.4 s
        wdesc (Wsub+reds)    [CPU]             0.1 s
        (other)              [CPU]             0.2 s
      [kern] executor reductions (all phases): res-zero 0.0 · gather 1.2 · reduce 2.0 · accumulate 0.1 s
      sys                    [CPU]             0.2 s
      env                    [CPU]             0.2 s
      compPQ-form            [CPU]             0.2 s
        match                [CPU]             0.1 s
      assembly               [CPU]             0.1 s
      compS-form-gpu (MPI)   [GPU·CPU·IO]     7.3 s   (GPU 1.7 · IO 1.4 · CPU 4.1)
        recipe (host,replic) [CPU]             0.3 s
        form (gpu+D2H)       [GPU·IO]         5.0 s
        reduce (NCCL/host)   [IO]              0.6 s
        unpack (D2H)         [CPU·IO]         1.3 s
      (other)                [CPU]             0.2 s
    matvec                   [GPU·CPU·IO]    28.9 s   (GPU 21.9 · IO 0.0 · CPU 7.0)
      gemm                   [GPU]            17.6 s   (71.43 TFLOPS total · 17.86/GPU)
      kern                   [GPU]             4.2 s
      host                   [CPU]             7.0 s
        planEnum             [CPU]             1.5 s
        ctorAlloc(upload)    [CPU·IO]         1.1 s
        ctorGroup            [CPU]             0.5 s
        ctorForm             [GPU]             0.1 s
        (other)              [CPU]             3.8 s
    decimate                 [CPU]             5.6 s
      rho (dist)             [CPU]             0.5 s
      eigh (dist)            [CPU]             2.1 s
      share (MPI wait)       [CPU·IO]         2.7 s
      select+assemble        [CPU]             0.1 s
      (other)                [CPU]             0.2 s
    grow                     [GPU·CPU·IO]    10.4 s   (GPU 2.3 · IO 2.1 · CPU 5.9) · 61.78 TFLOPS total · 15.45/GPU
      gpu_proj (project)     [GPU·CPU·IO]     6.2 s
        recipe               [CPU]             0.2 s
        fap_exec             [GPU·IO]         5.1 s
        fap_merge            [CPU]             0.2 s
        fap_ctx              [CPU]             0.1 s
        fap_unpack           [CPU]             0.1 s
      reduceSH (MPI)         [CPU·IO]         0.5 s
        sync (hash+wait)     [CPU·IO]         0.2 s
        pack                 [CPU]             0.1 s
        xfer (NCCL/host)     [IO]              0.2 s
      (other)                [CPU]             3.6 s
    predict                  [CPU]             1.8 s
    ooc                      [IO]              0.0 s
[qops] WARNING: energy NOT converged after 10 sweeps: |dE| = 1.573e-07 >= e_conv = 1.000e-09

################## Run total ##################
  10 sweep(s) + warmup: 715.3 s wall · final E -2987.4639974695 Ha · VmHWM 15958 MB
  ooc async residual wait (not hidden behind compute): save 0.1 · load 4.9 s (1% of runtime)
[rc] ladder BD=2000 done
[qops] MPI np=4 · GPU=on · device collectives: NCCL (NVLink/GPUDirect)
[qops] A/B host-offload: ON (stubs + pager spill)

################## Sweep 1/10 (backward) summary ##################
  Energy       -2987.4635823876 Ha
  Discarded weight  5.534e-04  (max over this sweep's decimations)
  Rank 0: Host RAM sweep-peak 8128 MB · VmHWM 15958 MB   VRAM op-pool peak 6464 MB · total peak 30446 MB
  Rank 1: Host RAM sweep-peak 8077 MB · VmHWM 15743 MB   VRAM op-pool peak 6386 MB · total peak 30352 MB
  Rank 2: Host RAM sweep-peak 7967 MB · VmHWM 15852 MB   VRAM op-pool peak 6413 MB · total peak 30390 MB
  Rank 3: Host RAM sweep-peak 8081 MB · VmHWM 15747 MB   VRAM op-pool peak 6308 MB · total peak 30270 MB
  Block stores (peak bond, per rank): distributed A/B share 1622 MB (~K²M²/np) · owner cre/des 65 · S 28 MB (~KM²/np) · replicated floor 7 MB [stubs 1 (~KM) · H 6 (~M²)]
  OOC scratch  112866 MB on disk  (sum over all ranks)
  Timings (wall 55.3 s)
    build                    [CPU]            11.0 s
      formPQ                 [GPU·CPU·IO]     3.7 s   (GPU 0.4 · IO 1.1 · CPU 2.2)
        exec-gemm            [GPU]             0.1 s   (26.94 TFLOPS total · 6.74/GPU)
        exec-kern            [GPU]             0.2 s
        transfer             [IO]              1.1 s
        exec-hostprep        [CPU]             1.6 s
        complete (MPI)       [IO]              0.3 s
        wdesc (Wsub+reds)    [CPU]             0.1 s
        (other)              [CPU]             0.3 s
      [kern] executor reductions (all phases): res-zero 0.0 · gather 0.7 · reduce 1.5 · accumulate 0.1 s
      sys                    [CPU]             0.2 s
      env                    [CPU]             0.1 s
      compPQ-form            [CPU]             0.2 s
        match                [CPU]             0.1 s
      assembly               [CPU]             0.1 s
      compS-form-gpu (MPI)   [GPU·CPU·IO]     6.6 s   (GPU 1.4 · IO 1.4 · CPU 3.8)
        recipe (host,replic) [CPU]             0.3 s
        form (gpu+D2H)       [GPU·IO]         4.7 s
        reduce (NCCL/host)   [IO]              0.4 s
        unpack (D2H)         [CPU·IO]         1.1 s
      (other)                [CPU]             0.2 s
    matvec                   [GPU·CPU·IO]    21.9 s   (GPU 15.8 · IO 0.0 · CPU 6.1)
      gemm                   [GPU]            12.6 s   (65.34 TFLOPS total · 16.33/GPU)
      kern                   [GPU]             3.2 s
      host                   [CPU]             6.1 s
        planEnum             [CPU]             1.4 s
        ctorAlloc(upload)    [CPU·IO]         1.0 s
        ctorGroup            [CPU]             0.6 s
        ctorForm             [GPU]             0.1 s
        (other)              [CPU]             3.0 s
    decimate                 [CPU]             3.8 s
      rho (dist)             [CPU]             0.3 s
      eigh (dist)            [CPU]             1.3 s
      share (MPI wait)       [CPU·IO]         1.9 s
      (other)                [CPU]             0.1 s
    grow                     [GPU·CPU·IO]     6.7 s   (GPU 1.3 · IO 1.1 · CPU 4.3) · 47.74 TFLOPS total · 11.94/GPU
      gpu_proj (project)     [GPU·CPU·IO]     4.1 s
        recipe               [CPU]             0.2 s
        fap_exec             [GPU·IO]         3.1 s
        fap_merge            [CPU]             0.1 s
        fap_ctx              [CPU]             0.1 s
      reduceSH (MPI)         [CPU·IO]         0.6 s
        sync (hash+wait)     [CPU·IO]         0.4 s
        xfer (NCCL/host)     [IO]              0.1 s
      (other)                [CPU]             2.1 s
    predict                  [CPU]             0.9 s
    ooc                      [IO]              0.1 s
      load                   [IO]              0.1 s

################## Sweep 2/10 (forward) summary ##################
  Energy       -2987.4627965768 Ha
  dE vs prev sweep  +7.858e-04 Ha
  Discarded weight  3.340e-04  (max over this sweep's decimations)
  Rank 0: Host RAM sweep-peak 8050 MB · VmHWM 15958 MB   VRAM op-pool peak 6464 MB · total peak 30446 MB
  Rank 1: Host RAM sweep-peak 7926 MB · VmHWM 15743 MB   VRAM op-pool peak 6386 MB · total peak 30352 MB
  Rank 2: Host RAM sweep-peak 8099 MB · VmHWM 15852 MB   VRAM op-pool peak 6413 MB · total peak 30390 MB
  Rank 3: Host RAM sweep-peak 8042 MB · VmHWM 15747 MB   VRAM op-pool peak 6308 MB · total peak 30270 MB
  Block stores (peak bond, per rank): distributed A/B share 938 MB (~K²M²/np) · owner cre/des 45 · S 22 MB (~KM²/np) · replicated floor 5 MB [stubs 1 (~KM) · H 5 (~M²)]
  OOC scratch  81795 MB on disk  (sum over all ranks)
  Timings (wall 44.0 s)
    build                    [CPU]             7.9 s
      formPQ                 [GPU·CPU·IO]     2.5 s   (GPU 0.3 · IO 0.6 · CPU 1.6)
        exec-gemm            [GPU]             0.1 s   (22.83 TFLOPS total · 5.71/GPU)
        exec-kern            [GPU]             0.2 s
        transfer             [IO]              0.6 s
        exec-hostprep        [CPU]             1.0 s
        complete (MPI)       [IO]              0.2 s
        wdesc (Wsub+reds)    [CPU]             0.1 s
        (other)              [CPU]             0.3 s
      [kern] executor reductions (all phases): res-zero 0.0 · gather 0.7 · reduce 1.1 · accumulate 0.1 s
      sys                    [CPU]             0.1 s
      env                    [CPU]             0.1 s
      compPQ-form            [CPU]             0.1 s
        match                [CPU]             0.1 s
      assembly               [CPU]             0.1 s
      compS-form-gpu (MPI)   [GPU·CPU·IO]     4.7 s   (GPU 1.0 · IO 0.8 · CPU 2.9)
        recipe (host,replic) [CPU]             0.3 s
        form (gpu+D2H)       [GPU·IO]         3.0 s
        reduce (NCCL/host)   [IO]              0.4 s
        unpack (D2H)         [CPU·IO]         0.9 s
      (other)                [CPU]             0.2 s
    matvec                   [GPU·CPU·IO]    17.4 s   (GPU 12.1 · IO 0.0 · CPU 5.3)
      gemm                   [GPU]             9.6 s   (58.79 TFLOPS total · 14.70/GPU)
      kern                   [GPU]             2.5 s
      host                   [CPU]             5.3 s
        planEnum             [CPU]             1.4 s
        ctorAlloc(upload)    [CPU·IO]         0.7 s
        ctorGroup            [CPU]             0.6 s
        ctorForm             [GPU]             0.1 s
        (other)              [CPU]             2.5 s
    decimate                 [CPU]             3.7 s
      rho (dist)             [CPU]             0.3 s
      eigh (dist)            [CPU]             1.4 s
      share (MPI wait)       [CPU·IO]         1.8 s
      (other)                [CPU]             0.2 s
    grow                     [GPU·CPU·IO]     6.6 s   (GPU 1.3 · IO 1.1 · CPU 4.2) · 50.35 TFLOPS total · 12.59/GPU
      gpu_proj (project)     [GPU·CPU·IO]     4.1 s
        recipe               [CPU]             0.2 s
        fap_exec             [GPU·IO]         3.1 s
        fap_merge            [CPU]             0.1 s
        fap_ctx              [CPU]             0.1 s
      reduceSH (MPI)         [CPU·IO]         0.5 s
        sync (hash+wait)     [CPU·IO]         0.3 s
        pack                 [CPU]             0.1 s
        xfer (NCCL/host)     [IO]              0.1 s
      (other)                [CPU]             2.1 s
    predict                  [CPU]             0.7 s
    ooc                      [IO]              0.0 s

################## Sweep 3/10 (backward) summary ##################
  Energy       -2987.4628564340 Ha
  dE vs prev sweep  -5.986e-05 Ha
  Discarded weight  3.155e-04  (max over this sweep's decimations)
  Rank 0: Host RAM sweep-peak 8030 MB · VmHWM 15958 MB   VRAM op-pool peak 6464 MB · total peak 30446 MB
  Rank 1: Host RAM sweep-peak 7900 MB · VmHWM 15743 MB   VRAM op-pool peak 6386 MB · total peak 30352 MB
  Rank 2: Host RAM sweep-peak 8020 MB · VmHWM 15852 MB   VRAM op-pool peak 6413 MB · total peak 30390 MB
  Rank 3: Host RAM sweep-peak 8051 MB · VmHWM 15747 MB   VRAM op-pool peak 6308 MB · total peak 30270 MB
  Block stores (peak bond, per rank): distributed A/B share 942 MB (~K²M²/np) · owner cre/des 45 · S 23 MB (~KM²/np) · replicated floor 6 MB [stubs 1 (~KM) · H 5 (~M²)]
  OOC scratch  81629 MB on disk  (sum over all ranks)
  Timings (wall 44.2 s)
    build                    [CPU]             8.1 s
      formPQ                 [GPU·CPU·IO]     2.6 s   (GPU 0.3 · IO 0.6 · CPU 1.7)
        exec-gemm            [GPU]             0.1 s   (23.23 TFLOPS total · 5.81/GPU)
        exec-kern            [GPU]             0.2 s
        transfer             [IO]              0.6 s
        exec-hostprep        [CPU]             1.0 s
        complete (MPI)       [IO]              0.2 s
        wdesc (Wsub+reds)    [CPU]             0.1 s
        (other)              [CPU]             0.3 s
      [kern] executor reductions (all phases): res-zero 0.0 · gather 0.7 · reduce 1.1 · accumulate 0.1 s
      sys                    [CPU]             0.1 s
      env                    [CPU]             0.1 s
      compPQ-form            [CPU]             0.1 s
        match                [CPU]             0.1 s
      assembly               [CPU]             0.1 s
      compS-form-gpu (MPI)   [GPU·CPU·IO]     4.8 s   (GPU 1.0 · IO 0.8 · CPU 3.0)
        recipe (host,replic) [CPU]             0.3 s
        form (gpu+D2H)       [GPU·IO]         3.0 s
        reduce (NCCL/host)   [IO]              0.4 s
        unpack (D2H)         [CPU·IO]         0.9 s
      (other)                [CPU]             0.2 s
    matvec                   [GPU·CPU·IO]    17.5 s   (GPU 12.2 · IO 0.0 · CPU 5.3)
      gemm                   [GPU]             9.7 s   (59.37 TFLOPS total · 14.84/GPU)
      kern                   [GPU]             2.5 s
      host                   [CPU]             5.3 s
        planEnum             [CPU]             1.4 s
        ctorAlloc(upload)    [CPU·IO]         0.8 s
        ctorGroup            [CPU]             0.6 s
        ctorForm             [GPU]             0.1 s
        (other)              [CPU]             2.4 s
    decimate                 [CPU]             3.8 s
      rho (dist)             [CPU]             0.3 s
      eigh (dist)            [CPU]             1.3 s
      share (MPI wait)       [CPU·IO]         1.9 s
      (other)                [CPU]             0.2 s
    grow                     [GPU·CPU·IO]     6.6 s   (GPU 1.3 · IO 1.1 · CPU 4.2) · 48.84 TFLOPS total · 12.21/GPU
      gpu_proj (project)     [GPU·CPU·IO]     4.1 s
        recipe               [CPU]             0.2 s
        fap_exec             [GPU·IO]         3.0 s
        fap_merge            [CPU]             0.1 s
        fap_ctx              [CPU]             0.1 s
      reduceSH (MPI)         [CPU·IO]         0.5 s
        sync (hash+wait)     [CPU·IO]         0.3 s
        pack                 [CPU]             0.1 s
        xfer (NCCL/host)     [IO]              0.1 s
      (other)                [CPU]             2.1 s
    predict                  [CPU]             0.6 s
    ooc                      [IO]              0.0 s

################## Sweep 4/10 (forward) summary ##################
  Energy       -2987.4628608973 Ha
  dE vs prev sweep  -4.463e-06 Ha
  Discarded weight  3.098e-04  (max over this sweep's decimations)
  Rank 0: Host RAM sweep-peak 8047 MB · VmHWM 15958 MB   VRAM op-pool peak 6464 MB · total peak 30446 MB
  Rank 1: Host RAM sweep-peak 7994 MB · VmHWM 15743 MB   VRAM op-pool peak 6386 MB · total peak 30352 MB
  Rank 2: Host RAM sweep-peak 8069 MB · VmHWM 15852 MB   VRAM op-pool peak 6413 MB · total peak 30390 MB
  Rank 3: Host RAM sweep-peak 8034 MB · VmHWM 15747 MB   VRAM op-pool peak 6308 MB · total peak 30270 MB
  Block stores (peak bond, per rank): distributed A/B share 923 MB (~K²M²/np) · owner cre/des 45 · S 23 MB (~KM²/np) · replicated floor 6 MB [stubs 1 (~KM) · H 5 (~M²)]
  OOC scratch  81744 MB on disk  (sum over all ranks)
  Timings (wall 44.2 s)
    build                    [CPU]             8.1 s
      formPQ                 [GPU·CPU·IO]     2.6 s   (GPU 0.3 · IO 0.6 · CPU 1.6)
        exec-gemm            [GPU]             0.1 s   (22.92 TFLOPS total · 5.73/GPU)
        exec-kern            [GPU]             0.2 s
        transfer             [IO]              0.6 s
        exec-hostprep        [CPU]             1.0 s
        complete (MPI)       [IO]              0.2 s
        wdesc (Wsub+reds)    [CPU]             0.1 s
        (other)              [CPU]             0.3 s
      [kern] executor reductions (all phases): res-zero 0.0 · gather 0.7 · reduce 1.1 · accumulate 0.1 s
      sys                    [CPU]             0.1 s
      env                    [CPU]             0.1 s
      compPQ-form            [CPU]             0.1 s
        match                [CPU]             0.1 s
      assembly               [CPU]             0.1 s
      compS-form-gpu (MPI)   [GPU·CPU·IO]     4.8 s   (GPU 1.0 · IO 0.8 · CPU 3.0)
        recipe (host,replic) [CPU]             0.3 s
        form (gpu+D2H)       [GPU·IO]         3.0 s
        reduce (NCCL/host)   [IO]              0.4 s
        unpack (D2H)         [CPU·IO]         0.9 s
      (other)                [CPU]             0.2 s
    matvec                   [GPU·CPU·IO]    17.4 s   (GPU 12.2 · IO 0.0 · CPU 5.2)
      gemm                   [GPU]             9.7 s   (59.20 TFLOPS total · 14.80/GPU)
      kern                   [GPU]             2.5 s
      host                   [CPU]             5.2 s
        planEnum             [CPU]             1.4 s
        ctorAlloc(upload)    [CPU·IO]         0.7 s
        ctorGroup            [CPU]             0.6 s
        ctorForm             [GPU]             0.1 s
        (other)              [CPU]             2.4 s
    decimate                 [CPU]             3.7 s
      rho (dist)             [CPU]             0.3 s
      eigh (dist)            [CPU]             1.4 s
      share (MPI wait)       [CPU·IO]         1.9 s
      (other)                [CPU]             0.2 s
    grow                     [GPU·CPU·IO]     6.6 s   (GPU 1.3 · IO 1.2 · CPU 4.2) · 50.46 TFLOPS total · 12.62/GPU
      gpu_proj (project)     [GPU·CPU·IO]     4.1 s
        recipe               [CPU]             0.2 s
        fap_exec             [GPU·IO]         3.1 s
        fap_merge            [CPU]             0.1 s
        fap_ctx              [CPU]             0.1 s
      reduceSH (MPI)         [CPU·IO]         0.5 s
        sync (hash+wait)     [CPU·IO]         0.3 s
        pack                 [CPU]             0.1 s
        xfer (NCCL/host)     [IO]              0.1 s
      (other)                [CPU]             2.1 s
    predict                  [CPU]             0.8 s
    ooc                      [IO]              0.0 s

################## Sweep 5/10 (backward) summary ##################
  Energy       -2987.4628608973 Ha
  dE vs prev sweep  +5.888e-07 Ha
  Discarded weight  3.072e-04  (max over this sweep's decimations)
  Rank 0: Host RAM sweep-peak 7978 MB · VmHWM 15958 MB   VRAM op-pool peak 6464 MB · total peak 30446 MB
  Rank 1: Host RAM sweep-peak 7912 MB · VmHWM 15743 MB   VRAM op-pool peak 6386 MB · total peak 30352 MB
  Rank 2: Host RAM sweep-peak 7943 MB · VmHWM 15852 MB   VRAM op-pool peak 6413 MB · total peak 30390 MB
  Rank 3: Host RAM sweep-peak 7867 MB · VmHWM 15747 MB   VRAM op-pool peak 6308 MB · total peak 30270 MB
  Block stores (peak bond, per rank): distributed A/B share 932 MB (~K²M²/np) · owner cre/des 45 · S 23 MB (~KM²/np) · replicated floor 6 MB [stubs 1 (~KM) · H 5 (~M²)]
  OOC scratch  81511 MB on disk  (sum over all ranks)
  Timings (wall 43.2 s)
    build                    [CPU]             7.9 s
      formPQ                 [GPU·CPU·IO]     2.5 s   (GPU 0.3 · IO 0.6 · CPU 1.6)
        exec-gemm            [GPU]             0.1 s   (23.32 TFLOPS total · 5.83/GPU)
        exec-kern            [GPU]             0.2 s
        transfer             [IO]              0.6 s
        exec-hostprep        [CPU]             1.0 s
        complete (MPI)       [IO]              0.2 s
        wdesc (Wsub+reds)    [CPU]             0.1 s
        (other)              [CPU]             0.3 s
      [kern] executor reductions (all phases): res-zero 0.0 · gather 0.7 · reduce 1.1 · accumulate 0.1 s
      sys                    [CPU]             0.2 s
      env                    [CPU]             0.1 s
      compPQ-form            [CPU]             0.1 s
        match                [CPU]             0.1 s
      assembly               [CPU]             0.1 s
      compS-form-gpu (MPI)   [GPU·CPU·IO]     4.7 s   (GPU 1.0 · IO 0.8 · CPU 2.9)
        recipe (host,replic) [CPU]             0.3 s
        form (gpu+D2H)       [GPU·IO]         3.0 s
        reduce (NCCL/host)   [IO]              0.3 s
        unpack (D2H)         [CPU·IO]         1.0 s
      (other)                [CPU]             0.2 s
    matvec                   [GPU·CPU·IO]    17.3 s   (GPU 12.0 · IO 0.0 · CPU 5.3)
      gemm                   [GPU]             9.5 s   (59.72 TFLOPS total · 14.93/GPU)
      kern                   [GPU]             2.5 s
      host                   [CPU]             5.3 s
        planEnum             [CPU]             1.4 s
        ctorAlloc(upload)    [CPU·IO]         0.8 s
        ctorGroup            [CPU]             0.6 s
        ctorForm             [GPU]             0.1 s
        (other)              [CPU]             2.4 s
    decimate                 [CPU]             3.8 s
      rho (dist)             [CPU]             0.3 s
      eigh (dist)            [CPU]             1.4 s
      share (MPI wait)       [CPU·IO]         1.9 s
      (other)                [CPU]             0.2 s
    grow                     [GPU·CPU·IO]     6.7 s   (GPU 1.3 · IO 1.1 · CPU 4.3) · 48.86 TFLOPS total · 12.22/GPU
      gpu_proj (project)     [GPU·CPU·IO]     4.1 s
        recipe               [CPU]             0.2 s
        fap_exec             [GPU·IO]         3.0 s
        fap_merge            [CPU]             0.1 s
        fap_ctx              [CPU]             0.1 s
      reduceSH (MPI)         [CPU·IO]         0.5 s
        sync (hash+wait)     [CPU·IO]         0.3 s
        pack                 [CPU]             0.1 s
        xfer (NCCL/host)     [IO]              0.1 s
      (other)                [CPU]             2.1 s
    predict                  [CPU]             0.6 s
    ooc                      [IO]              0.0 s

################## Sweep 6/10 (forward) summary ##################
  Energy       -2987.4628608973 Ha
  dE vs prev sweep  -2.946e-07 Ha
  Discarded weight  3.053e-04  (max over this sweep's decimations)
  Rank 0: Host RAM sweep-peak 8058 MB · VmHWM 15958 MB   VRAM op-pool peak 6464 MB · total peak 30446 MB
  Rank 1: Host RAM sweep-peak 7919 MB · VmHWM 15743 MB   VRAM op-pool peak 6386 MB · total peak 30352 MB
  Rank 2: Host RAM sweep-peak 8073 MB · VmHWM 15852 MB   VRAM op-pool peak 6413 MB · total peak 30390 MB
  Rank 3: Host RAM sweep-peak 7797 MB · VmHWM 15747 MB   VRAM op-pool peak 6308 MB · total peak 30270 MB
  Block stores (peak bond, per rank): distributed A/B share 921 MB (~K²M²/np) · owner cre/des 45 · S 23 MB (~KM²/np) · replicated floor 6 MB [stubs 1 (~KM) · H 5 (~M²)]
  OOC scratch  81590 MB on disk  (sum over all ranks)
  Timings (wall 43.6 s)
    build                    [CPU]             8.0 s
      formPQ                 [GPU·CPU·IO]     2.6 s   (GPU 0.3 · IO 0.6 · CPU 1.7)
        exec-gemm            [GPU]             0.1 s   (23.09 TFLOPS total · 5.77/GPU)
        exec-kern            [GPU]             0.2 s
        transfer             [IO]              0.6 s
        exec-hostprep        [CPU]             1.1 s
        complete (MPI)       [IO]              0.2 s
        wdesc (Wsub+reds)    [CPU]             0.1 s
        (other)              [CPU]             0.3 s
      [kern] executor reductions (all phases): res-zero 0.0 · gather 0.7 · reduce 1.1 · accumulate 0.1 s
      sys                    [CPU]             0.1 s
      env                    [CPU]             0.1 s
      compPQ-form            [CPU]             0.1 s
        match                [CPU]             0.1 s
      assembly               [CPU]             0.1 s
      compS-form-gpu (MPI)   [GPU·CPU·IO]     4.7 s   (GPU 1.0 · IO 0.8 · CPU 3.0)
        recipe (host,replic) [CPU]             0.3 s
        form (gpu+D2H)       [GPU·IO]         3.0 s
        reduce (NCCL/host)   [IO]              0.4 s
        unpack (D2H)         [CPU·IO]         0.9 s
      (other)                [CPU]             0.2 s
    matvec                   [GPU·CPU·IO]    17.3 s   (GPU 12.0 · IO 0.0 · CPU 5.2)
      gemm                   [GPU]             9.6 s   (59.25 TFLOPS total · 14.81/GPU)
      kern                   [GPU]             2.5 s
      host                   [CPU]             5.2 s
        planEnum             [CPU]             1.4 s
        ctorAlloc(upload)    [CPU·IO]         0.7 s
        ctorGroup            [CPU]             0.6 s
        ctorForm             [GPU]             0.1 s
        (other)              [CPU]             2.4 s
    decimate                 [CPU]             3.8 s
      rho (dist)             [CPU]             0.3 s
      eigh (dist)            [CPU]             1.4 s
      share (MPI wait)       [CPU·IO]         1.9 s
      (other)                [CPU]             0.2 s
    grow                     [GPU·CPU·IO]     6.6 s   (GPU 1.3 · IO 1.2 · CPU 4.1) · 51.13 TFLOPS total · 12.78/GPU
      gpu_proj (project)     [GPU·CPU·IO]     4.1 s
        recipe               [CPU]             0.2 s
        fap_exec             [GPU·IO]         3.1 s
        fap_merge            [CPU]             0.1 s
        fap_ctx              [CPU]             0.1 s
      reduceSH (MPI)         [CPU·IO]         0.4 s
        sync (hash+wait)     [CPU·IO]         0.2 s
        pack                 [CPU]             0.1 s
        xfer (NCCL/host)     [IO]              0.1 s
      (other)                [CPU]             2.1 s
    predict                  [CPU]             0.8 s
    ooc                      [IO]              0.0 s

################## Sweep 7/10 (backward) summary ##################
  Energy       -2987.4628611850 Ha
  dE vs prev sweep  -5.819e-07 Ha
  Discarded weight  3.046e-04  (max over this sweep's decimations)
  Rank 0: Host RAM sweep-peak 8110 MB · VmHWM 15958 MB   VRAM op-pool peak 6464 MB · total peak 30446 MB
  Rank 1: Host RAM sweep-peak 8001 MB · VmHWM 15743 MB   VRAM op-pool peak 6386 MB · total peak 30352 MB
  Rank 2: Host RAM sweep-peak 7927 MB · VmHWM 15852 MB   VRAM op-pool peak 6413 MB · total peak 30390 MB
  Rank 3: Host RAM sweep-peak 7987 MB · VmHWM 15747 MB   VRAM op-pool peak 6308 MB · total peak 30270 MB
  Block stores (peak bond, per rank): distributed A/B share 940 MB (~K²M²/np) · owner cre/des 45 · S 23 MB (~KM²/np) · replicated floor 6 MB [stubs 1 (~KM) · H 5 (~M²)]
  OOC scratch  81733 MB on disk  (sum over all ranks)
  Timings (wall 43.2 s)
    build                    [CPU]             8.0 s
      formPQ                 [GPU·CPU·IO]     2.5 s   (GPU 0.3 · IO 0.6 · CPU 1.6)
        exec-gemm            [GPU]             0.1 s   (23.28 TFLOPS total · 5.82/GPU)
        exec-kern            [GPU]             0.2 s
        transfer             [IO]              0.6 s
        exec-hostprep        [CPU]             1.0 s
        complete (MPI)       [IO]              0.2 s
        wdesc (Wsub+reds)    [CPU]             0.1 s
        (other)              [CPU]             0.3 s
      [kern] executor reductions (all phases): res-zero 0.0 · gather 0.7 · reduce 1.1 · accumulate 0.1 s
      sys                    [CPU]             0.1 s
      env                    [CPU]             0.1 s
      compPQ-form            [CPU]             0.1 s
        match                [CPU]             0.1 s
      assembly               [CPU]             0.1 s
      compS-form-gpu (MPI)   [GPU·CPU·IO]     4.8 s   (GPU 1.0 · IO 0.8 · CPU 3.0)
        recipe (host,replic) [CPU]             0.3 s
        form (gpu+D2H)       [GPU·IO]         3.0 s
        reduce (NCCL/host)   [IO]              0.4 s
        unpack (D2H)         [CPU·IO]         1.0 s
      (other)                [CPU]             0.2 s
    matvec                   [GPU·CPU·IO]    17.3 s   (GPU 12.0 · IO 0.0 · CPU 5.3)
      gemm                   [GPU]             9.5 s   (59.83 TFLOPS total · 14.96/GPU)
      kern                   [GPU]             2.5 s
      host                   [CPU]             5.3 s
        planEnum             [CPU]             1.4 s
        ctorAlloc(upload)    [CPU·IO]         0.8 s
        ctorGroup            [CPU]             0.6 s
        ctorForm             [GPU]             0.1 s
        (other)              [CPU]             2.5 s
    decimate                 [CPU]             3.6 s
      rho (dist)             [CPU]             0.3 s
      eigh (dist)            [CPU]             1.4 s
      share (MPI wait)       [CPU·IO]         1.8 s
      (other)                [CPU]             0.1 s
    grow                     [GPU·CPU·IO]     6.8 s   (GPU 1.3 · IO 1.1 · CPU 4.3) · 49.03 TFLOPS total · 12.26/GPU
      gpu_proj (project)     [GPU·CPU·IO]     4.1 s
        recipe               [CPU]             0.2 s
        fap_exec             [GPU·IO]         3.1 s
        fap_merge            [CPU]             0.1 s
        fap_ctx              [CPU]             0.1 s
      reduceSH (MPI)         [CPU·IO]         0.5 s
        sync (hash+wait)     [CPU·IO]         0.3 s
        pack                 [CPU]             0.1 s
        xfer (NCCL/host)     [IO]              0.1 s
      (other)                [CPU]             2.1 s
    predict                  [CPU]             0.6 s
    ooc                      [IO]              0.0 s

################## Sweep 8/10 (forward) summary ##################
  Energy       -2987.4628614276 Ha
  dE vs prev sweep  -2.426e-07 Ha
  Discarded weight  3.040e-04  (max over this sweep's decimations)
  Rank 0: Host RAM sweep-peak 8037 MB · VmHWM 15958 MB   VRAM op-pool peak 6464 MB · total peak 30446 MB
  Rank 1: Host RAM sweep-peak 8008 MB · VmHWM 15743 MB   VRAM op-pool peak 6386 MB · total peak 30352 MB
  Rank 2: Host RAM sweep-peak 8027 MB · VmHWM 15852 MB   VRAM op-pool peak 6413 MB · total peak 30390 MB
  Rank 3: Host RAM sweep-peak 7818 MB · VmHWM 15747 MB   VRAM op-pool peak 6308 MB · total peak 30270 MB
  Block stores (peak bond, per rank): distributed A/B share 929 MB (~K²M²/np) · owner cre/des 45 · S 23 MB (~KM²/np) · replicated floor 6 MB [stubs 1 (~KM) · H 5 (~M²)]
  OOC scratch  81611 MB on disk  (sum over all ranks)
  Timings (wall 43.4 s)
    build                    [CPU]             8.1 s
      formPQ                 [GPU·CPU·IO]     2.6 s   (GPU 0.3 · IO 0.7 · CPU 1.7)
        exec-gemm            [GPU]             0.1 s   (23.17 TFLOPS total · 5.79/GPU)
        exec-kern            [GPU]             0.2 s
        transfer             [IO]              0.7 s
        exec-hostprep        [CPU]             1.1 s
        complete (MPI)       [IO]              0.2 s
        wdesc (Wsub+reds)    [CPU]             0.1 s
        (other)              [CPU]             0.3 s
      [kern] executor reductions (all phases): res-zero 0.0 · gather 0.7 · reduce 1.1 · accumulate 0.1 s
      sys                    [CPU]             0.1 s
      env                    [CPU]             0.1 s
      compPQ-form            [CPU]             0.1 s
        match                [CPU]             0.1 s
      assembly               [CPU]             0.1 s
      compS-form-gpu (MPI)   [GPU·CPU·IO]     4.8 s   (GPU 1.0 · IO 0.8 · CPU 3.0)
        recipe (host,replic) [CPU]             0.3 s
        form (gpu+D2H)       [GPU·IO]         3.0 s
        reduce (NCCL/host)   [IO]              0.4 s
        unpack (D2H)         [CPU·IO]         0.9 s
      (other)                [CPU]             0.2 s
    matvec                   [GPU·CPU·IO]    17.3 s   (GPU 12.0 · IO 0.0 · CPU 5.2)
      gemm                   [GPU]             9.5 s   (59.34 TFLOPS total · 14.84/GPU)
      kern                   [GPU]             2.5 s
      host                   [CPU]             5.2 s
        planEnum             [CPU]             1.4 s
        ctorAlloc(upload)    [CPU·IO]         0.7 s
        ctorGroup            [CPU]             0.6 s
        ctorForm             [GPU]             0.1 s
        (other)              [CPU]             2.4 s
    decimate                 [CPU]             3.9 s
      rho (dist)             [CPU]             0.3 s
      eigh (dist)            [CPU]             1.4 s
      share (MPI wait)       [CPU·IO]         2.0 s
      (other)                [CPU]             0.2 s
    grow                     [GPU·CPU·IO]     6.5 s   (GPU 1.3 · IO 1.1 · CPU 4.1) · 50.88 TFLOPS total · 12.72/GPU
      gpu_proj (project)     [GPU·CPU·IO]     4.1 s
        recipe               [CPU]             0.2 s
        fap_exec             [GPU·IO]         3.0 s
        fap_merge            [CPU]             0.1 s
        fap_ctx              [CPU]             0.1 s
      reduceSH (MPI)         [CPU·IO]         0.4 s
        sync (hash+wait)     [CPU·IO]         0.2 s
        pack                 [CPU]             0.1 s
        xfer (NCCL/host)     [IO]              0.1 s
      (other)                [CPU]             2.1 s
    predict                  [CPU]             0.8 s
    ooc                      [IO]              0.0 s

################## Sweep 9/10 (backward) summary ##################
  Energy       -2987.4628615219 Ha
  dE vs prev sweep  -9.427e-08 Ha
  Discarded weight  3.037e-04  (max over this sweep's decimations)
  Rank 0: Host RAM sweep-peak 8066 MB · VmHWM 15958 MB   VRAM op-pool peak 6464 MB · total peak 30446 MB
  Rank 1: Host RAM sweep-peak 8072 MB · VmHWM 15743 MB   VRAM op-pool peak 6386 MB · total peak 30352 MB
  Rank 2: Host RAM sweep-peak 8032 MB · VmHWM 15852 MB   VRAM op-pool peak 6413 MB · total peak 30390 MB
  Rank 3: Host RAM sweep-peak 8108 MB · VmHWM 15747 MB   VRAM op-pool peak 6308 MB · total peak 30270 MB
  Block stores (peak bond, per rank): distributed A/B share 945 MB (~K²M²/np) · owner cre/des 45 · S 23 MB (~KM²/np) · replicated floor 6 MB [stubs 1 (~KM) · H 5 (~M²)]
  OOC scratch  81791 MB on disk  (sum over all ranks)
  Timings (wall 43.1 s)
    build                    [CPU]             8.0 s
      formPQ                 [GPU·CPU·IO]     2.6 s   (GPU 0.3 · IO 0.6 · CPU 1.7)
        exec-gemm            [GPU]             0.1 s   (23.22 TFLOPS total · 5.80/GPU)
        exec-kern            [GPU]             0.2 s
        transfer             [IO]              0.6 s
        exec-hostprep        [CPU]             1.0 s
        complete (MPI)       [IO]              0.3 s
        wdesc (Wsub+reds)    [CPU]             0.1 s
        (other)              [CPU]             0.2 s
      [kern] executor reductions (all phases): res-zero 0.0 · gather 0.7 · reduce 1.1 · accumulate 0.1 s
      sys                    [CPU]             0.1 s
      env                    [CPU]             0.1 s
      compPQ-form            [CPU]             0.1 s
        match                [CPU]             0.1 s
      assembly               [CPU]             0.1 s
      compS-form-gpu (MPI)   [GPU·CPU·IO]     4.7 s   (GPU 1.0 · IO 0.8 · CPU 2.9)
        recipe (host,replic) [CPU]             0.3 s
        form (gpu+D2H)       [GPU·IO]         3.0 s
        reduce (NCCL/host)   [IO]              0.4 s
        unpack (D2H)         [CPU·IO]         1.0 s
      (other)                [CPU]             0.2 s
    matvec                   [GPU·CPU·IO]    17.3 s   (GPU 12.0 · IO 0.0 · CPU 5.3)
      gemm                   [GPU]             9.5 s   (59.85 TFLOPS total · 14.96/GPU)
      kern                   [GPU]             2.5 s
      host                   [CPU]             5.3 s
        planEnum             [CPU]             1.4 s
        ctorAlloc(upload)    [CPU·IO]         0.8 s
        ctorGroup            [CPU]             0.6 s
        ctorForm             [GPU]             0.1 s
        (other)              [CPU]             2.5 s
    decimate                 [CPU]             3.7 s
      rho (dist)             [CPU]             0.3 s
      eigh (dist)            [CPU]             1.4 s
      share (MPI wait)       [CPU·IO]         1.8 s
      (other)                [CPU]             0.2 s
    grow                     [GPU·CPU·IO]     6.6 s   (GPU 1.3 · IO 1.1 · CPU 4.2) · 49.15 TFLOPS total · 12.29/GPU
      gpu_proj (project)     [GPU·CPU·IO]     4.1 s
        recipe               [CPU]             0.2 s
        fap_exec             [GPU·IO]         3.1 s
        fap_merge            [CPU]             0.1 s
        fap_ctx              [CPU]             0.1 s
      reduceSH (MPI)         [CPU·IO]         0.4 s
        sync (hash+wait)     [CPU·IO]         0.3 s
        pack                 [CPU]             0.1 s
        xfer (NCCL/host)     [IO]              0.1 s
      (other)                [CPU]             2.1 s
    predict                  [CPU]             0.6 s
    ooc                      [IO]              0.0 s

################## Sweep 10/10 (forward) summary ##################
  Energy       -2987.4628615942 Ha
  dE vs prev sweep  -7.235e-08 Ha
  Discarded weight  3.033e-04  (max over this sweep's decimations)
  Rank 0: Host RAM sweep-peak 8122 MB · VmHWM 15958 MB   VRAM op-pool peak 6464 MB · total peak 30446 MB
  Rank 1: Host RAM sweep-peak 8060 MB · VmHWM 15743 MB   VRAM op-pool peak 6386 MB · total peak 30352 MB
  Rank 2: Host RAM sweep-peak 8151 MB · VmHWM 15852 MB   VRAM op-pool peak 6413 MB · total peak 30390 MB
  Rank 3: Host RAM sweep-peak 7954 MB · VmHWM 15747 MB   VRAM op-pool peak 6308 MB · total peak 30270 MB
  Block stores (peak bond, per rank): distributed A/B share 927 MB (~K²M²/np) · owner cre/des 45 · S 23 MB (~KM²/np) · replicated floor 6 MB [stubs 1 (~KM) · H 5 (~M²)]
  OOC scratch  81675 MB on disk  (sum over all ranks)
  Timings (wall 43.8 s)
    build                    [CPU]             8.0 s
      formPQ                 [GPU·CPU·IO]     2.6 s   (GPU 0.3 · IO 0.6 · CPU 1.7)
        exec-gemm            [GPU]             0.1 s   (23.28 TFLOPS total · 5.82/GPU)
        exec-kern            [GPU]             0.2 s
        transfer             [IO]              0.6 s
        exec-hostprep        [CPU]             1.0 s
        complete (MPI)       [IO]              0.2 s
        wdesc (Wsub+reds)    [CPU]             0.1 s
        (other)              [CPU]             0.3 s
      [kern] executor reductions (all phases): res-zero 0.0 · gather 0.7 · reduce 1.1 · accumulate 0.1 s
      sys                    [CPU]             0.1 s
      env                    [CPU]             0.1 s
      compPQ-form            [CPU]             0.1 s
        match                [CPU]             0.1 s
      assembly               [CPU]             0.1 s
      compS-form-gpu (MPI)   [GPU·CPU·IO]     4.8 s   (GPU 1.0 · IO 0.8 · CPU 3.0)
        recipe (host,replic) [CPU]             0.3 s
        form (gpu+D2H)       [GPU·IO]         3.0 s
        reduce (NCCL/host)   [IO]              0.4 s
        unpack (D2H)         [CPU·IO]         0.9 s
      (other)                [CPU]             0.2 s
    matvec                   [GPU·CPU·IO]    17.1 s   (GPU 12.0 · IO 0.0 · CPU 5.2)
      gemm                   [GPU]             9.5 s   (59.69 TFLOPS total · 14.92/GPU)
      kern                   [GPU]             2.5 s
      host                   [CPU]             5.2 s
        planEnum             [CPU]             1.4 s
        ctorAlloc(upload)    [CPU·IO]         0.7 s
        ctorGroup            [CPU]             0.6 s
        ctorForm             [GPU]             0.1 s
        (other)              [CPU]             2.4 s
    decimate                 [CPU]             3.8 s
      rho (dist)             [CPU]             0.3 s
      eigh (dist)            [CPU]             1.4 s
      share (MPI wait)       [CPU·IO]         1.9 s
      (other)                [CPU]             0.2 s
    grow                     [GPU·CPU·IO]     6.6 s   (GPU 1.3 · IO 1.1 · CPU 4.2) · 50.81 TFLOPS total · 12.70/GPU
      gpu_proj (project)     [GPU·CPU·IO]     4.1 s
        recipe               [CPU]             0.2 s
        fap_exec             [GPU·IO]         3.0 s
        fap_merge            [CPU]             0.1 s
        fap_ctx              [CPU]             0.1 s
      reduceSH (MPI)         [CPU·IO]         0.4 s
        sync (hash+wait)     [CPU·IO]         0.2 s
        pack                 [CPU]             0.1 s
        xfer (NCCL/host)     [IO]              0.1 s
      (other)                [CPU]             2.1 s
    predict                  [CPU]             1.0 s
    ooc                      [IO]              0.0 s
[qops] WARNING: energy NOT converged after 10 sweeps: |dE| = 7.235e-08 >= e_conv = 1.000e-09

################## Run total ##################
  10 sweep(s) + warmup: 448.2 s wall · final E -2987.4628615942 Ha · VmHWM 15958 MB
  ooc async residual wait (not hidden behind compute): save 0.1 · load 5.2 s (1% of runtime)
[rc] ladder BD=1500 done
[qops] MPI np=4 · GPU=on · device collectives: NCCL (NVLink/GPUDirect)
[qops] A/B host-offload: ON (stubs + pager spill)

################## Sweep 1/10 (backward) summary ##################
  Energy       -2987.4623718982 Ha
  Discarded weight  8.284e-04  (max over this sweep's decimations)
  Rank 0: Host RAM sweep-peak 6756 MB · VmHWM 15958 MB   VRAM op-pool peak 6464 MB · total peak 30446 MB
  Rank 1: Host RAM sweep-peak 6715 MB · VmHWM 15743 MB   VRAM op-pool peak 6386 MB · total peak 30352 MB
  Rank 2: Host RAM sweep-peak 6670 MB · VmHWM 15852 MB   VRAM op-pool peak 6413 MB · total peak 30390 MB
  Rank 3: Host RAM sweep-peak 6672 MB · VmHWM 15747 MB   VRAM op-pool peak 6308 MB · total peak 30270 MB
  Block stores (peak bond, per rank): distributed A/B share 942 MB (~K²M²/np) · owner cre/des 36 · S 15 MB (~KM²/np) · replicated floor 4 MB [stubs 1 (~KM) · H 4 (~M²)]
  OOC scratch  60283 MB on disk  (sum over all ranks)
  Timings (wall 31.8 s)
    build                    [CPU]             7.3 s
      formPQ                 [GPU·CPU·IO]     2.4 s   (GPU 0.2 · IO 0.6 · CPU 1.6)
        exec-gemm            [GPU]             0.1 s   (19.91 TFLOPS total · 4.98/GPU)
        exec-kern            [GPU]             0.1 s
        transfer             [IO]              0.6 s
        exec-hostprep        [CPU]             1.0 s
        complete (MPI)       [IO]              0.2 s
        wdesc (Wsub+reds)    [CPU]             0.1 s
        (other)              [CPU]             0.2 s
      [kern] executor reductions (all phases): res-zero 0.0 · gather 0.3 · reduce 0.8 · accumulate 0.0 s
      sys                    [CPU]             0.2 s
      env                    [CPU]             0.1 s
      compPQ-form            [CPU]             0.1 s
        match                [CPU]             0.1 s
      assembly               [CPU]             0.1 s
      compS-form-gpu (MPI)   [GPU·CPU·IO]     4.2 s   (GPU 0.7 · IO 0.8 · CPU 2.8)
        recipe (host,replic) [CPU]             0.3 s
        form (gpu+D2H)       [GPU·IO]         2.7 s
        reduce (NCCL/host)   [IO]              0.3 s
        unpack (D2H)         [CPU·IO]         0.8 s
      (other)                [CPU]             0.2 s
    matvec                   [GPU·CPU·IO]    11.5 s   (GPU 7.4 · IO 0.0 · CPU 4.2)
      gemm                   [GPU]             5.8 s   (53.52 TFLOPS total · 13.38/GPU)
      kern                   [GPU]             1.6 s
      host                   [CPU]             4.2 s
        planEnum             [CPU]             1.1 s
        ctorAlloc(upload)    [CPU·IO]         0.6 s
        ctorGroup            [CPU]             0.5 s
        ctorForm             [GPU]             0.1 s
        (other)              [CPU]             1.9 s
    decimate                 [CPU]             2.1 s
      rho (dist)             [CPU]             0.2 s
      eigh (dist)            [CPU]             0.9 s
      share (MPI wait)       [CPU·IO]         1.0 s
      (other)                [CPU]             0.1 s
    grow                     [GPU·CPU·IO]     3.7 s   (GPU 0.5 · IO 0.4 · CPU 2.8) · 35.72 TFLOPS total · 8.93/GPU
      gpu_proj (project)     [GPU·CPU·IO]     2.6 s
        recipe               [CPU]             0.2 s
        fap_exec             [GPU·IO]         1.6 s
        fap_merge            [CPU]             0.1 s
        fap_ctx              [CPU]             0.1 s
      reduceSH (MPI)         [CPU·IO]         0.2 s
        sync (hash+wait)     [CPU·IO]         0.1 s
        xfer (NCCL/host)     [IO]              0.1 s
      (other)                [CPU]             0.9 s
    predict                  [CPU]             0.4 s
    ooc                      [IO]              0.0 s

################## Sweep 2/10 (forward) summary ##################
  Energy       -2987.4605435255 Ha
  dE vs prev sweep  +1.828e-03 Ha
  Discarded weight  4.238e-04  (max over this sweep's decimations)
  Rank 0: Host RAM sweep-peak 6826 MB · VmHWM 15958 MB   VRAM op-pool peak 6464 MB · total peak 30446 MB
  Rank 1: Host RAM sweep-peak 6739 MB · VmHWM 15743 MB   VRAM op-pool peak 6386 MB · total peak 30352 MB
  Rank 2: Host RAM sweep-peak 6713 MB · VmHWM 15852 MB   VRAM op-pool peak 6413 MB · total peak 30390 MB
  Rank 3: Host RAM sweep-peak 6701 MB · VmHWM 15747 MB   VRAM op-pool peak 6308 MB · total peak 30270 MB
  Block stores (peak bond, per rank): distributed A/B share 423 MB (~K²M²/np) · owner cre/des 21 · S 10 MB (~KM²/np) · replicated floor 3 MB [stubs 0 (~KM) · H 2 (~M²)]
  OOC scratch  36762 MB on disk  (sum over all ranks)
  Timings (wall 22.8 s)
    build                    [CPU]             5.0 s
      formPQ                 [GPU·CPU·IO]     1.6 s   (GPU 0.2 · IO 0.3 · CPU 1.2)
        exec-gemm            [GPU]             0.1 s   (15.60 TFLOPS total · 3.90/GPU)
        exec-kern            [GPU]             0.1 s
        transfer             [IO]              0.3 s
        exec-hostprep        [CPU]             0.6 s
        complete (MPI)       [IO]              0.2 s
        wdesc (Wsub+reds)    [CPU]             0.1 s
        (other)              [CPU]             0.2 s
      [kern] executor reductions (all phases): res-zero 0.0 · gather 0.3 · reduce 0.5 · accumulate 0.0 s
      sys                    [CPU]             0.1 s
      env                    [CPU]             0.1 s
      compPQ-form            [CPU]             0.1 s
        match                [CPU]             0.1 s
      assembly               [CPU]             0.1 s
      compS-form-gpu (MPI)   [GPU·CPU·IO]     2.9 s   (GPU 0.4 · IO 0.4 · CPU 2.1)
        recipe (host,replic) [CPU]             0.4 s
        form (gpu+D2H)       [GPU·IO]         1.4 s
        reduce (NCCL/host)   [IO]              0.3 s
        unpack (D2H)         [CPU·IO]         0.7 s
      (other)                [CPU]             0.2 s
    matvec                   [GPU·CPU·IO]     8.6 s   (GPU 5.3 · IO 0.0 · CPU 3.3)
      gemm                   [GPU]             4.0 s   (45.25 TFLOPS total · 11.31/GPU)
      kern                   [GPU]             1.3 s
      host                   [CPU]             3.3 s
        planEnum             [CPU]             1.0 s
        ctorAlloc(upload)    [CPU·IO]         0.4 s
        ctorGroup            [CPU]             0.5 s
        (other)              [CPU]             1.5 s
    decimate                 [CPU]             1.6 s
      rho (dist)             [CPU]             0.1 s
      eigh (dist)            [CPU]             0.8 s
      share (MPI wait)       [CPU·IO]         0.6 s
      (other)                [CPU]             0.1 s
    grow                     [GPU·CPU·IO]     3.8 s   (GPU 0.5 · IO 0.4 · CPU 2.8) · 38.41 TFLOPS total · 9.60/GPU
      gpu_proj (project)     [GPU·CPU·IO]     2.6 s
        recipe               [CPU]             0.2 s
        fap_exec             [GPU·IO]         1.7 s
        fap_merge            [CPU]             0.1 s
        fap_ctx              [CPU]             0.1 s
      reduceSH (MPI)         [CPU·IO]         0.2 s
        xfer (NCCL/host)     [IO]              0.1 s
      (other)                [CPU]             1.0 s
    predict                  [CPU]             0.3 s
    ooc                      [IO]              0.0 s

################## Sweep 3/10 (backward) summary ##################
  Energy       -2987.4607146497 Ha
  dE vs prev sweep  -1.711e-04 Ha
  Discarded weight  3.979e-04  (max over this sweep's decimations)
  Rank 0: Host RAM sweep-peak 6810 MB · VmHWM 15958 MB   VRAM op-pool peak 6464 MB · total peak 30446 MB
  Rank 1: Host RAM sweep-peak 6711 MB · VmHWM 15743 MB   VRAM op-pool peak 6386 MB · total peak 30352 MB
  Rank 2: Host RAM sweep-peak 6681 MB · VmHWM 15852 MB   VRAM op-pool peak 6413 MB · total peak 30390 MB
  Rank 3: Host RAM sweep-peak 6676 MB · VmHWM 15747 MB   VRAM op-pool peak 6308 MB · total peak 30270 MB
  Block stores (peak bond, per rank): distributed A/B share 426 MB (~K²M²/np) · owner cre/des 21 · S 10 MB (~KM²/np) · replicated floor 3 MB [stubs 0 (~KM) · H 2 (~M²)]
  OOC scratch  36779 MB on disk  (sum over all ranks)
  Timings (wall 22.8 s)
    build                    [CPU]             5.0 s
      formPQ                 [GPU·CPU·IO]     1.6 s   (GPU 0.2 · IO 0.3 · CPU 1.1)
        exec-gemm            [GPU]             0.1 s   (15.37 TFLOPS total · 3.84/GPU)
        exec-kern            [GPU]             0.1 s
        transfer             [IO]              0.3 s
        exec-hostprep        [CPU]             0.6 s
        complete (MPI)       [IO]              0.2 s
        wdesc (Wsub+reds)    [CPU]             0.1 s
        (other)              [CPU]             0.2 s
      [kern] executor reductions (all phases): res-zero 0.0 · gather 0.3 · reduce 0.5 · accumulate 0.0 s
      sys                    [CPU]             0.1 s
      env                    [CPU]             0.1 s
      compPQ-form            [CPU]             0.1 s
        match                [CPU]             0.1 s
      assembly               [CPU]             0.1 s
      compS-form-gpu (MPI)   [GPU·CPU·IO]     2.8 s   (GPU 0.4 · IO 0.4 · CPU 2.1)
        recipe (host,replic) [CPU]             0.4 s
        form (gpu+D2H)       [GPU·IO]         1.4 s
        reduce (NCCL/host)   [IO]              0.3 s
        unpack (D2H)         [CPU·IO]         0.7 s
      (other)                [CPU]             0.2 s
    matvec                   [GPU·CPU·IO]     8.4 s   (GPU 5.1 · IO 0.0 · CPU 3.3)
      gemm                   [GPU]             3.9 s   (45.83 TFLOPS total · 11.46/GPU)
      kern                   [GPU]             1.2 s
      host                   [CPU]             3.3 s
        planEnum             [CPU]             1.0 s
        ctorAlloc(upload)    [CPU·IO]         0.4 s
        ctorGroup            [CPU]             0.5 s
        (other)              [CPU]             1.4 s
    decimate                 [CPU]             1.6 s
      rho (dist)             [CPU]             0.1 s
      eigh (dist)            [CPU]             0.8 s
      share (MPI wait)       [CPU·IO]         0.6 s
      (other)                [CPU]             0.1 s
    grow                     [GPU·CPU·IO]     3.6 s   (GPU 0.5 · IO 0.4 · CPU 2.7) · 36.80 TFLOPS total · 9.20/GPU
      gpu_proj (project)     [GPU·CPU·IO]     2.5 s
        recipe               [CPU]             0.2 s
        fap_exec             [GPU·IO]         1.7 s
        fap_merge            [CPU]             0.1 s
        fap_ctx              [CPU]             0.1 s
      reduceSH (MPI)         [CPU·IO]         0.2 s
        xfer (NCCL/host)     [IO]              0.1 s
      (other)                [CPU]             1.0 s
    predict                  [CPU]             0.3 s
    ooc                      [IO]              0.0 s

################## Sweep 4/10 (forward) summary ##################
  Energy       -2987.4607271484 Ha
  dE vs prev sweep  -1.250e-05 Ha
  Discarded weight  3.912e-04  (max over this sweep's decimations)
  Rank 0: Host RAM sweep-peak 6798 MB · VmHWM 15958 MB   VRAM op-pool peak 6464 MB · total peak 30446 MB
  Rank 1: Host RAM sweep-peak 6718 MB · VmHWM 15743 MB   VRAM op-pool peak 6386 MB · total peak 30352 MB
  Rank 2: Host RAM sweep-peak 6676 MB · VmHWM 15852 MB   VRAM op-pool peak 6413 MB · total peak 30390 MB
  Rank 3: Host RAM sweep-peak 6663 MB · VmHWM 15747 MB   VRAM op-pool peak 6308 MB · total peak 30270 MB
  Block stores (peak bond, per rank): distributed A/B share 427 MB (~K²M²/np) · owner cre/des 21 · S 10 MB (~KM²/np) · replicated floor 3 MB [stubs 0 (~KM) · H 2 (~M²)]
  OOC scratch  36748 MB on disk  (sum over all ranks)
  Timings (wall 22.5 s)
    build                    [CPU]             4.9 s
      formPQ                 [GPU·CPU·IO]     1.5 s   (GPU 0.2 · IO 0.3 · CPU 1.1)
        exec-gemm            [GPU]             0.1 s   (15.61 TFLOPS total · 3.90/GPU)
        exec-kern            [GPU]             0.1 s
        transfer             [IO]              0.3 s
        exec-hostprep        [CPU]             0.6 s
        complete (MPI)       [IO]              0.1 s
        wdesc (Wsub+reds)    [CPU]             0.1 s
        (other)              [CPU]             0.2 s
      [kern] executor reductions (all phases): res-zero 0.0 · gather 0.3 · reduce 0.5 · accumulate 0.0 s
      sys                    [CPU]             0.1 s
      env                    [CPU]             0.1 s
      compPQ-form            [CPU]             0.1 s
        match                [CPU]             0.1 s
      assembly               [CPU]             0.1 s
      compS-form-gpu (MPI)   [GPU·CPU·IO]     2.8 s   (GPU 0.4 · IO 0.4 · CPU 2.1)
        recipe (host,replic) [CPU]             0.4 s
        form (gpu+D2H)       [GPU·IO]         1.4 s
        reduce (NCCL/host)   [IO]              0.3 s
        unpack (D2H)         [CPU·IO]         0.7 s
      (other)                [CPU]             0.2 s
    matvec                   [GPU·CPU·IO]     8.5 s   (GPU 5.2 · IO 0.0 · CPU 3.3)
      gemm                   [GPU]             3.9 s   (45.18 TFLOPS total · 11.29/GPU)
      kern                   [GPU]             1.2 s
      host                   [CPU]             3.3 s
        planEnum             [CPU]             1.0 s
        ctorAlloc(upload)    [CPU·IO]         0.4 s
        ctorGroup            [CPU]             0.5 s
        (other)              [CPU]             1.5 s
    decimate                 [CPU]             1.6 s
      rho (dist)             [CPU]             0.1 s
      eigh (dist)            [CPU]             0.8 s
      share (MPI wait)       [CPU·IO]         0.6 s
      (other)                [CPU]             0.1 s
    grow                     [GPU·CPU·IO]     3.7 s   (GPU 0.5 · IO 0.4 · CPU 2.8) · 38.52 TFLOPS total · 9.63/GPU
      gpu_proj (project)     [GPU·CPU·IO]     2.6 s
        recipe               [CPU]             0.2 s
        fap_exec             [GPU·IO]         1.7 s
        fap_merge            [CPU]             0.1 s
        fap_ctx              [CPU]             0.1 s
      reduceSH (MPI)         [CPU·IO]         0.2 s
        xfer (NCCL/host)     [IO]              0.1 s
      (other)                [CPU]             1.0 s
    predict                  [CPU]             0.3 s
    ooc                      [IO]              0.0 s

################## Sweep 5/10 (backward) summary ##################
  Energy       -2987.4607316319 Ha
  dE vs prev sweep  -4.483e-06 Ha
  Discarded weight  3.885e-04  (max over this sweep's decimations)
  Rank 0: Host RAM sweep-peak 6806 MB · VmHWM 15958 MB   VRAM op-pool peak 6464 MB · total peak 30446 MB
  Rank 1: Host RAM sweep-peak 6750 MB · VmHWM 15743 MB   VRAM op-pool peak 6386 MB · total peak 30352 MB
  Rank 2: Host RAM sweep-peak 6682 MB · VmHWM 15852 MB   VRAM op-pool peak 6413 MB · total peak 30390 MB
  Rank 3: Host RAM sweep-peak 6682 MB · VmHWM 15747 MB   VRAM op-pool peak 6308 MB · total peak 30270 MB
  Block stores (peak bond, per rank): distributed A/B share 422 MB (~K²M²/np) · owner cre/des 21 · S 10 MB (~KM²/np) · replicated floor 3 MB [stubs 0 (~KM) · H 2 (~M²)]
  OOC scratch  36775 MB on disk  (sum over all ranks)
  Timings (wall 22.3 s)
    build                    [CPU]             4.9 s
      formPQ                 [GPU·CPU·IO]     1.5 s   (GPU 0.2 · IO 0.3 · CPU 1.1)
        exec-gemm            [GPU]             0.1 s   (15.74 TFLOPS total · 3.93/GPU)
        exec-kern            [GPU]             0.1 s
        transfer             [IO]              0.3 s
        exec-hostprep        [CPU]             0.6 s
        complete (MPI)       [IO]              0.2 s
        wdesc (Wsub+reds)    [CPU]             0.1 s
        (other)              [CPU]             0.2 s
      [kern] executor reductions (all phases): res-zero 0.0 · gather 0.3 · reduce 0.5 · accumulate 0.0 s
      sys                    [CPU]             0.1 s
      env                    [CPU]             0.1 s
      compPQ-form            [CPU]             0.1 s
        match                [CPU]             0.1 s
      assembly               [CPU]             0.1 s
      compS-form-gpu (MPI)   [GPU·CPU·IO]     2.9 s   (GPU 0.4 · IO 0.4 · CPU 2.1)
        recipe (host,replic) [CPU]             0.3 s
        form (gpu+D2H)       [GPU·IO]         1.4 s
        reduce (NCCL/host)   [IO]              0.3 s
        unpack (D2H)         [CPU·IO]         0.7 s
      (other)                [CPU]             0.2 s
    matvec                   [GPU·CPU·IO]     8.4 s   (GPU 5.1 · IO 0.0 · CPU 3.3)
      gemm                   [GPU]             3.9 s   (45.75 TFLOPS total · 11.44/GPU)
      kern                   [GPU]             1.2 s
      host                   [CPU]             3.3 s
        planEnum             [CPU]             1.0 s
        ctorAlloc(upload)    [CPU·IO]         0.4 s
        ctorGroup            [CPU]             0.5 s
        (other)              [CPU]             1.4 s
    decimate                 [CPU]             1.5 s
      rho (dist)             [CPU]             0.1 s
      eigh (dist)            [CPU]             0.8 s
      share (MPI wait)       [CPU·IO]         0.5 s
      (other)                [CPU]             0.1 s
    grow                     [GPU·CPU·IO]     3.7 s   (GPU 0.6 · IO 0.4 · CPU 2.7) · 36.52 TFLOPS total · 9.13/GPU
      gpu_proj (project)     [GPU·CPU·IO]     2.5 s
        recipe               [CPU]             0.2 s
        fap_exec             [GPU·IO]         1.7 s
        fap_merge            [CPU]             0.1 s
        fap_ctx              [CPU]             0.1 s
      reduceSH (MPI)         [CPU·IO]         0.2 s
        pack                 [CPU]             0.1 s
        xfer (NCCL/host)     [IO]              0.1 s
      (other)                [CPU]             1.0 s
    predict                  [CPU]             0.3 s
    ooc                      [IO]              0.0 s

################## Sweep 6/10 (forward) summary ##################
  Energy       -2987.4607349264 Ha
  dE vs prev sweep  -3.294e-06 Ha
  Discarded weight  3.871e-04  (max over this sweep's decimations)
  Rank 0: Host RAM sweep-peak 6844 MB · VmHWM 15958 MB   VRAM op-pool peak 6464 MB · total peak 30446 MB
  Rank 1: Host RAM sweep-peak 6758 MB · VmHWM 15743 MB   VRAM op-pool peak 6386 MB · total peak 30352 MB
  Rank 2: Host RAM sweep-peak 6731 MB · VmHWM 15852 MB   VRAM op-pool peak 6413 MB · total peak 30390 MB
  Rank 3: Host RAM sweep-peak 6716 MB · VmHWM 15747 MB   VRAM op-pool peak 6308 MB · total peak 30270 MB
  Block stores (peak bond, per rank): distributed A/B share 428 MB (~K²M²/np) · owner cre/des 21 · S 10 MB (~KM²/np) · replicated floor 3 MB [stubs 0 (~KM) · H 2 (~M²)]
  OOC scratch  36795 MB on disk  (sum over all ranks)
  Timings (wall 22.5 s)
    build                    [CPU]             5.0 s
      formPQ                 [GPU·CPU·IO]     1.6 s   (GPU 0.2 · IO 0.3 · CPU 1.2)
        exec-gemm            [GPU]             0.1 s   (15.67 TFLOPS total · 3.92/GPU)
        exec-kern            [GPU]             0.1 s
        transfer             [IO]              0.3 s
        exec-hostprep        [CPU]             0.6 s
        complete (MPI)       [IO]              0.2 s
        wdesc (Wsub+reds)    [CPU]             0.1 s
        (other)              [CPU]             0.2 s
      [kern] executor reductions (all phases): res-zero 0.0 · gather 0.3 · reduce 0.5 · accumulate 0.0 s
      sys                    [CPU]             0.1 s
      env                    [CPU]             0.1 s
      compPQ-form            [CPU]             0.1 s
        match                [CPU]             0.1 s
      assembly               [CPU]             0.1 s
      compS-form-gpu (MPI)   [GPU·CPU·IO]     2.8 s   (GPU 0.4 · IO 0.4 · CPU 2.1)
        recipe (host,replic) [CPU]             0.4 s
        form (gpu+D2H)       [GPU·IO]         1.4 s
        reduce (NCCL/host)   [IO]              0.3 s
        unpack (D2H)         [CPU·IO]         0.7 s
      (other)                [CPU]             0.2 s
    matvec                   [GPU·CPU·IO]     8.4 s   (GPU 5.1 · IO 0.0 · CPU 3.3)
      gemm                   [GPU]             3.9 s   (45.49 TFLOPS total · 11.37/GPU)
      kern                   [GPU]             1.2 s
      host                   [CPU]             3.3 s
        planEnum             [CPU]             1.0 s
        ctorAlloc(upload)    [CPU·IO]         0.4 s
        ctorGroup            [CPU]             0.5 s
        (other)              [CPU]             1.5 s
    decimate                 [CPU]             1.6 s
      rho (dist)             [CPU]             0.1 s
      eigh (dist)            [CPU]             0.8 s
      share (MPI wait)       [CPU·IO]         0.6 s
      (other)                [CPU]             0.1 s
    grow                     [GPU·CPU·IO]     3.8 s   (GPU 0.5 · IO 0.5 · CPU 2.8) · 38.42 TFLOPS total · 9.60/GPU
      gpu_proj (project)     [GPU·CPU·IO]     2.6 s
        recipe               [CPU]             0.2 s
        fap_exec             [GPU·IO]         1.7 s
        fap_merge            [CPU]             0.1 s
        fap_ctx              [CPU]             0.1 s
      reduceSH (MPI)         [CPU·IO]         0.2 s
        sync (hash+wait)     [CPU·IO]         0.1 s
        xfer (NCCL/host)     [IO]              0.1 s
      (other)                [CPU]             1.0 s
    predict                  [CPU]             0.3 s
    ooc                      [IO]              0.0 s

################## Sweep 7/10 (backward) summary ##################
  Energy       -2987.4607379163 Ha
  dE vs prev sweep  -2.990e-06 Ha
  Discarded weight  3.862e-04  (max over this sweep's decimations)
  Rank 0: Host RAM sweep-peak 6766 MB · VmHWM 15958 MB   VRAM op-pool peak 6464 MB · total peak 30446 MB
  Rank 1: Host RAM sweep-peak 6720 MB · VmHWM 15743 MB   VRAM op-pool peak 6386 MB · total peak 30352 MB
  Rank 2: Host RAM sweep-peak 6670 MB · VmHWM 15852 MB   VRAM op-pool peak 6413 MB · total peak 30390 MB
  Rank 3: Host RAM sweep-peak 6729 MB · VmHWM 15747 MB   VRAM op-pool peak 6308 MB · total peak 30270 MB
  Block stores (peak bond, per rank): distributed A/B share 424 MB (~K²M²/np) · owner cre/des 21 · S 10 MB (~KM²/np) · replicated floor 3 MB [stubs 0 (~KM) · H 2 (~M²)]
  OOC scratch  36794 MB on disk  (sum over all ranks)
  Timings (wall 23.2 s)
    build                    [CPU]             5.0 s
      formPQ                 [GPU·CPU·IO]     1.6 s   (GPU 0.2 · IO 0.3 · CPU 1.1)
        exec-gemm            [GPU]             0.1 s   (15.70 TFLOPS total · 3.93/GPU)
        exec-kern            [GPU]             0.1 s
        transfer             [IO]              0.3 s
        exec-hostprep        [CPU]             0.6 s
        complete (MPI)       [IO]              0.2 s
        wdesc (Wsub+reds)    [CPU]             0.1 s
        (other)              [CPU]             0.2 s
      [kern] executor reductions (all phases): res-zero 0.0 · gather 0.3 · reduce 0.5 · accumulate 0.0 s
      sys                    [CPU]             0.1 s
      env                    [CPU]             0.1 s
      compPQ-form            [CPU]             0.1 s
        match                [CPU]             0.1 s
      assembly               [CPU]             0.1 s
      compS-form-gpu (MPI)   [GPU·CPU·IO]     2.9 s   (GPU 0.4 · IO 0.4 · CPU 2.1)
        recipe (host,replic) [CPU]             0.3 s
        form (gpu+D2H)       [GPU·IO]         1.4 s
        reduce (NCCL/host)   [IO]              0.3 s
        unpack (D2H)         [CPU·IO]         0.7 s
      (other)                [CPU]             0.2 s
    matvec                   [GPU·CPU·IO]     8.4 s   (GPU 5.1 · IO 0.0 · CPU 3.3)
      gemm                   [GPU]             3.9 s   (45.89 TFLOPS total · 11.47/GPU)
      kern                   [GPU]             1.2 s
      host                   [CPU]             3.3 s
        planEnum             [CPU]             1.0 s
        ctorAlloc(upload)    [CPU·IO]         0.4 s
        ctorGroup            [CPU]             0.5 s
        (other)              [CPU]             1.5 s
    decimate                 [CPU]             1.7 s
      rho (dist)             [CPU]             0.1 s
      eigh (dist)            [CPU]             0.8 s
      share (MPI wait)       [CPU·IO]         0.7 s
      (other)                [CPU]             0.1 s
    grow                     [GPU·CPU·IO]     3.7 s   (GPU 0.5 · IO 0.4 · CPU 2.7) · 36.80 TFLOPS total · 9.20/GPU
      gpu_proj (project)     [GPU·CPU·IO]     2.6 s
        recipe               [CPU]             0.2 s
        fap_exec             [GPU·IO]         1.7 s
        fap_merge            [CPU]             0.1 s
        fap_ctx              [CPU]             0.1 s
      reduceSH (MPI)         [CPU·IO]         0.2 s
        xfer (NCCL/host)     [IO]              0.1 s
      (other)                [CPU]             1.0 s
    predict                  [CPU]             0.2 s
    ooc                      [IO]              0.0 s

################## Sweep 8/10 (forward) summary ##################
  Energy       -2987.4607395371 Ha
  dE vs prev sweep  -1.621e-06 Ha
  Discarded weight  3.857e-04  (max over this sweep's decimations)
  Rank 0: Host RAM sweep-peak 6779 MB · VmHWM 15958 MB   VRAM op-pool peak 6464 MB · total peak 30446 MB
  Rank 1: Host RAM sweep-peak 6709 MB · VmHWM 15743 MB   VRAM op-pool peak 6386 MB · total peak 30352 MB
  Rank 2: Host RAM sweep-peak 6691 MB · VmHWM 15852 MB   VRAM op-pool peak 6413 MB · total peak 30390 MB
  Rank 3: Host RAM sweep-peak 6669 MB · VmHWM 15747 MB   VRAM op-pool peak 6308 MB · total peak 30270 MB
  Block stores (peak bond, per rank): distributed A/B share 426 MB (~K²M²/np) · owner cre/des 21 · S 10 MB (~KM²/np) · replicated floor 3 MB [stubs 0 (~KM) · H 2 (~M²)]
  OOC scratch  36719 MB on disk  (sum over all ranks)
  Timings (wall 22.5 s)
    build                    [CPU]             5.0 s
      formPQ                 [GPU·CPU·IO]     1.5 s   (GPU 0.2 · IO 0.3 · CPU 1.1)
        exec-gemm            [GPU]             0.1 s   (15.45 TFLOPS total · 3.86/GPU)
        exec-kern            [GPU]             0.1 s
        transfer             [IO]              0.3 s
        exec-hostprep        [CPU]             0.6 s
        complete (MPI)       [IO]              0.2 s
        wdesc (Wsub+reds)    [CPU]             0.1 s
        (other)              [CPU]             0.2 s
      [kern] executor reductions (all phases): res-zero 0.0 · gather 0.3 · reduce 0.5 · accumulate 0.0 s
      sys                    [CPU]             0.1 s
      env                    [CPU]             0.1 s
      compPQ-form            [CPU]             0.1 s
        match                [CPU]             0.1 s
      assembly               [CPU]             0.1 s
      compS-form-gpu (MPI)   [GPU·CPU·IO]     2.9 s   (GPU 0.4 · IO 0.4 · CPU 2.2)
        recipe (host,replic) [CPU]             0.4 s
        form (gpu+D2H)       [GPU·IO]         1.4 s
        reduce (NCCL/host)   [IO]              0.3 s
        unpack (D2H)         [CPU·IO]         0.7 s
      (other)                [CPU]             0.2 s
    matvec                   [GPU·CPU·IO]     8.4 s   (GPU 5.1 · IO 0.0 · CPU 3.3)
      gemm                   [GPU]             3.9 s   (45.43 TFLOPS total · 11.36/GPU)
      kern                   [GPU]             1.2 s
      host                   [CPU]             3.3 s
        planEnum             [CPU]             0.9 s
        ctorAlloc(upload)    [CPU·IO]         0.4 s
        ctorGroup            [CPU]             0.5 s
        (other)              [CPU]             1.5 s
    decimate                 [CPU]             1.6 s
      rho (dist)             [CPU]             0.1 s
      eigh (dist)            [CPU]             0.8 s
      share (MPI wait)       [CPU·IO]         0.6 s
      (other)                [CPU]             0.1 s
    grow                     [GPU·CPU·IO]     3.7 s   (GPU 0.5 · IO 0.4 · CPU 2.8) · 38.18 TFLOPS total · 9.55/GPU
      gpu_proj (project)     [GPU·CPU·IO]     2.5 s
        recipe               [CPU]             0.2 s
        fap_exec             [GPU·IO]         1.7 s
        fap_merge            [CPU]             0.1 s
        fap_ctx              [CPU]             0.1 s
      reduceSH (MPI)         [CPU·IO]         0.2 s
        xfer (NCCL/host)     [IO]              0.1 s
      (other)                [CPU]             1.0 s
    predict                  [CPU]             0.3 s
    ooc                      [IO]              0.0 s

################## Sweep 9/10 (backward) summary ##################
  Energy       -2987.4607407073 Ha
  dE vs prev sweep  -1.170e-06 Ha
  Discarded weight  3.853e-04  (max over this sweep's decimations)
  Rank 0: Host RAM sweep-peak 6767 MB · VmHWM 15958 MB   VRAM op-pool peak 6464 MB · total peak 30446 MB
  Rank 1: Host RAM sweep-peak 6693 MB · VmHWM 15743 MB   VRAM op-pool peak 6386 MB · total peak 30352 MB
  Rank 2: Host RAM sweep-peak 6665 MB · VmHWM 15852 MB   VRAM op-pool peak 6413 MB · total peak 30390 MB
  Rank 3: Host RAM sweep-peak 6702 MB · VmHWM 15747 MB   VRAM op-pool peak 6308 MB · total peak 30270 MB
  Block stores (peak bond, per rank): distributed A/B share 422 MB (~K²M²/np) · owner cre/des 21 · S 10 MB (~KM²/np) · replicated floor 3 MB [stubs 0 (~KM) · H 2 (~M²)]
  OOC scratch  36726 MB on disk  (sum over all ranks)
  Timings (wall 23.1 s)
    build                    [CPU]             4.9 s
      formPQ                 [GPU·CPU·IO]     1.5 s   (GPU 0.2 · IO 0.3 · CPU 1.0)
        exec-gemm            [GPU]             0.1 s   (15.50 TFLOPS total · 3.87/GPU)
        exec-kern            [GPU]             0.1 s
        transfer             [IO]              0.3 s
        exec-hostprep        [CPU]             0.6 s
        complete (MPI)       [IO]              0.1 s
        wdesc (Wsub+reds)    [CPU]             0.1 s
        (other)              [CPU]             0.2 s
      [kern] executor reductions (all phases): res-zero 0.0 · gather 0.3 · reduce 0.5 · accumulate 0.0 s
      sys                    [CPU]             0.1 s
      env                    [CPU]             0.1 s
      compPQ-form            [CPU]             0.1 s
        match                [CPU]             0.1 s
      assembly               [CPU]             0.1 s
      compS-form-gpu (MPI)   [GPU·CPU·IO]     2.9 s   (GPU 0.4 · IO 0.4 · CPU 2.1)
        recipe (host,replic) [CPU]             0.4 s
        form (gpu+D2H)       [GPU·IO]         1.4 s
        reduce (NCCL/host)   [IO]              0.3 s
        unpack (D2H)         [CPU·IO]         0.7 s
      (other)                [CPU]             0.2 s
    matvec                   [GPU·CPU·IO]     8.4 s   (GPU 5.1 · IO 0.0 · CPU 3.3)
      gemm                   [GPU]             3.8 s   (45.88 TFLOPS total · 11.47/GPU)
      kern                   [GPU]             1.2 s
      host                   [CPU]             3.3 s
        planEnum             [CPU]             1.0 s
        ctorAlloc(upload)    [CPU·IO]         0.4 s
        ctorGroup            [CPU]             0.5 s
        (other)              [CPU]             1.4 s
    decimate                 [CPU]             1.8 s
      rho (dist)             [CPU]             0.1 s
      eigh (dist)            [CPU]             0.8 s
      share (MPI wait)       [CPU·IO]         0.7 s
      (other)                [CPU]             0.1 s
    grow                     [GPU·CPU·IO]     3.6 s   (GPU 0.6 · IO 0.4 · CPU 2.7) · 35.91 TFLOPS total · 8.98/GPU
      gpu_proj (project)     [GPU·CPU·IO]     2.5 s
        recipe               [CPU]             0.2 s
        fap_exec             [GPU·IO]         1.6 s
        fap_merge            [CPU]             0.1 s
        fap_ctx              [CPU]             0.1 s
      reduceSH (MPI)         [CPU·IO]         0.2 s
        sync (hash+wait)     [CPU·IO]         0.1 s
        xfer (NCCL/host)     [IO]              0.1 s
      (other)                [CPU]             1.0 s
    predict                  [CPU]             0.3 s
    ooc                      [IO]              0.0 s

################## Sweep 10/10 (forward) summary ##################
  Energy       -2987.4607414093 Ha
  dE vs prev sweep  -7.020e-07 Ha
  Discarded weight  3.850e-04  (max over this sweep's decimations)
  Rank 0: Host RAM sweep-peak 7160 MB · VmHWM 15958 MB   VRAM op-pool peak 6464 MB · total peak 30446 MB
  Rank 1: Host RAM sweep-peak 7099 MB · VmHWM 15743 MB   VRAM op-pool peak 6386 MB · total peak 30352 MB
  Rank 2: Host RAM sweep-peak 7049 MB · VmHWM 15852 MB   VRAM op-pool peak 6413 MB · total peak 30390 MB
  Rank 3: Host RAM sweep-peak 7076 MB · VmHWM 15747 MB   VRAM op-pool peak 6308 MB · total peak 30270 MB
  Block stores (peak bond, per rank): distributed A/B share 423 MB (~K²M²/np) · owner cre/des 21 · S 10 MB (~KM²/np) · replicated floor 3 MB [stubs 0 (~KM) · H 2 (~M²)]
  OOC scratch  37276 MB on disk  (sum over all ranks)
  Timings (wall 22.6 s)
    build                    [CPU]             4.9 s
      formPQ                 [GPU·CPU·IO]     1.6 s   (GPU 0.2 · IO 0.3 · CPU 1.1)
        exec-gemm            [GPU]             0.1 s   (15.70 TFLOPS total · 3.92/GPU)
        exec-kern            [GPU]             0.1 s
        transfer             [IO]              0.3 s
        exec-hostprep        [CPU]             0.6 s
        complete (MPI)       [IO]              0.2 s
        wdesc (Wsub+reds)    [CPU]             0.1 s
        (other)              [CPU]             0.2 s
      [kern] executor reductions (all phases): res-zero 0.0 · gather 0.3 · reduce 0.5 · accumulate 0.0 s
      sys                    [CPU]             0.1 s
      env                    [CPU]             0.1 s
      compPQ-form            [CPU]             0.1 s
        match                [CPU]             0.1 s
      assembly               [CPU]             0.1 s
      compS-form-gpu (MPI)   [GPU·CPU·IO]     2.8 s   (GPU 0.4 · IO 0.4 · CPU 2.1)
        recipe (host,replic) [CPU]             0.4 s
        form (gpu+D2H)       [GPU·IO]         1.4 s
        reduce (NCCL/host)   [IO]              0.3 s
        unpack (D2H)         [CPU·IO]         0.7 s
      (other)                [CPU]             0.2 s
    matvec                   [GPU·CPU·IO]     8.3 s   (GPU 5.1 · IO 0.0 · CPU 3.3)
      gemm                   [GPU]             3.8 s   (45.63 TFLOPS total · 11.41/GPU)
      kern                   [GPU]             1.2 s
      host                   [CPU]             3.3 s
        planEnum             [CPU]             1.0 s
        ctorAlloc(upload)    [CPU·IO]         0.4 s
        ctorGroup            [CPU]             0.5 s
        (other)              [CPU]             1.4 s
    decimate                 [CPU]             1.4 s
      rho (dist)             [CPU]             0.1 s
      eigh (dist)            [CPU]             0.7 s
      share (MPI wait)       [CPU·IO]         0.5 s
      (other)                [CPU]             0.1 s
    grow                     [GPU·CPU·IO]     4.1 s   (GPU 0.6 · IO 0.4 · CPU 3.1) · 37.42 TFLOPS total · 9.36/GPU
      gpu_proj (project)     [GPU·CPU·IO]     2.6 s
        recipe               [CPU]             0.2 s
        fap_exec             [GPU·IO]         1.8 s
        fap_merge            [CPU]             0.1 s
        fap_ctx              [CPU]             0.1 s
      reduceSH (MPI)         [CPU·IO]         0.2 s
        xfer (NCCL/host)     [IO]              0.1 s
      (other)                [CPU]             1.2 s
    predict                  [CPU]             0.3 s
    ooc                      [IO]              0.0 s
[qops] WARNING: energy NOT converged after 10 sweeps: |dE| = 7.020e-07 >= e_conv = 1.000e-09

################## Run total ##################
  10 sweep(s) + warmup: 236.0 s wall · final E -2987.4607414093 Ha · VmHWM 15958 MB
  ooc async residual wait (not hidden behind compute): save 0.1 · load 5.4 s (2% of runtime)
[rc] ladder BD=1000 done

==============================================================================
RESULTS  P450 RC  CAS(31,30)  2Sz=1  ecore=-2909.4822946560
          ranks = 4   threads/rank = 16   ooc = True
==============================================================================

Main run   BD = 3000
  E            = -2987.4651395457 Ha
  DW           = 1.662e-04
  sweeps       = 30   converged = False

<S^2>
  physical (with alpha/beta overlap) = 4.634521   (S = 1.7101; exact doublet 0.75)
  same-basis convention (comparison) = 1.105129

1-RDM      Tr dm1a = 16.000000   Tr dm1b = 15.000000
RDM energy check (E = ecore + h.dm1 + 1/2 g.dm2):
  reconstructed E = -2987.4648372121 Ha
  DMRG E          = -2987.4651395457 Ha
  difference      = 3.023e-04 Ha   (truncation-bounded; large => corrupt RDMs)
NO occupations (total: eigenvalues of dm1a+dm1b, sum = 31.000000; alpha/beta: of dm1a / dm1b, sums = 16.000000 / 15.000000;
                each set in its own eigenbasis -> per row total != alpha + beta):
            total       alpha        beta
  NO  1:  1.999129    0.999698    0.999770
  NO  2:  1.996366    0.999615    0.999408
  NO  3:  1.990837    0.999189    0.997402
  NO  4:  1.985602    0.998062    0.994973
  NO  5:  1.982688    0.996216    0.994170
  NO  6:  1.981701    0.995545    0.989732
  NO  7:  1.978198    0.990399    0.988143
  NO  8:  1.977194    0.989671    0.985617
  NO  9:  1.969308    0.985598    0.984115
  NO 10:  1.966735    0.983604    0.982309
  NO 11:  1.964761    0.982222    0.981680
  NO 12:  1.963528    0.981408    0.978094
  NO 13:  1.959655    0.979426    0.974356
  NO 14:  1.941362    0.972638    0.971167
  NO 15:  1.929392    0.971267    0.966262
  NO 16:  1.006990    0.965997    0.036888
  NO 17:  0.079672    0.037544    0.033754
  NO 18:  0.063792    0.033720    0.026215
  NO 19:  0.041611    0.026807    0.018108
  NO 20:  0.035498    0.018853    0.016747
  NO 21:  0.033373    0.016442    0.012494
  NO 22:  0.026098    0.012812    0.012188
  NO 23:  0.022957    0.012275    0.012016
  NO 24:  0.020614    0.010582    0.008793
  NO 25:  0.017439    0.008689    0.007828
  NO 26:  0.016451    0.008048    0.007608
  NO 27:  0.015993    0.007800    0.007193
  NO 28:  0.013162    0.006625    0.005268
  NO 29:  0.011399    0.004716    0.005054
  NO 30:  0.008497    0.004531    0.002648

Bond-dimension ladder:
      BD              E (Ha)          DW
    3000   -2987.4651395457   1.662e-04
    2500   -2987.4647046504   2.018e-04
    2000   -2987.4639974695   2.455e-04
    1500   -2987.4628615942   3.033e-04
    1000   -2987.4607414093   3.850e-04

Extrapolation (linear E(DW) -> 0, 5 points with DW > 0):
  E(DW->0)           = -2987.4687446180 Ha
  slope              = 2.0188e+01 Ha/DW
  max |residual|     = 2.507e-04 Ha
  best variational E = -2987.4651395457 Ha   (extrapolation gain = 3.605e-03 Ha)

Per-rank peaks:
  rank 0:  VmHWM 15958 MB · VRAM peak 30446 MiB
  rank 1:  VmHWM 15742 MB · VRAM peak 30352 MiB
  rank 2:  VmHWM 15851 MB · VRAM peak 30390 MiB
  rank 3:  VmHWM 15747 MB · VRAM peak 30270 MiB

Files written:
  dm1a.npy
  dm1b.npy
  dm2aa.npy
  dm2ab.npy
  dm2bb.npy
  no_occ.npy
  no_occ_a.npy
  no_occ_b.npy
==============================================================================
