    Apptainer 1.4.5 loaded. This package was installed with spack using gcc
11.4.1.

    Spack options were:
    +libsubid+network~suid

-------------------------------------------------------------------------------
There are messages associated with the following module(s):
-------------------------------------------------------------------------------

use.spack-core:
spack modules loaded. Full unload maybe required via: unload use.spack-core
Any other use.spack modules will also need to be unloaded in a similar manner

-------------------------------------------------------------------------------

[rc] CAS(41,40)  2Sz=1  ecore=-2854.0366262503  ranks=4 threads/rank=16 ooc=True
[qops] MPI np=4 · GPU=on · device collectives: NCCL (NVLink/GPUDirect)
[qops] A/B host-offload: ON (stubs + pager spill)

################## Warmup summary ##################
  Rank 0: Host RAM sweep-peak 0 MB · VmHWM 5045 MB   VRAM op-pool peak 0 MB · total peak 0 MB
  Rank 1: Host RAM sweep-peak 0 MB · VmHWM 4860 MB   VRAM op-pool peak 0 MB · total peak 0 MB
  Rank 2: Host RAM sweep-peak 0 MB · VmHWM 4860 MB   VRAM op-pool peak 0 MB · total peak 0 MB
  Rank 3: Host RAM sweep-peak 0 MB · VmHWM 4860 MB   VRAM op-pool peak 0 MB · total peak 0 MB
  OOC scratch  56464 MB on disk  (sum over all ranks)
  Timings (wall 44.1 s)
    build                    [CPU]             6.2 s
      (other)                [CPU]             6.2 s
    matvec                   [GPU·CPU·IO]     0.0 s   (GPU 0.0 · IO 0.0 · CPU 0.0)
    decimate                 [CPU]             5.2 s
    grow                     [GPU·CPU·IO]    28.9 s   (GPU 0.0 · IO 0.0 · CPU 28.9)
      gpu_proj (project)     [GPU·CPU·IO]     0.0 s
      construct (cpu path)   [CPU]            27.9 s
      reduceSH (MPI)         [CPU·IO]         1.0 s
        sync (hash+wait)     [CPU·IO]         0.3 s
        xfer (NCCL/host)     [IO]              0.7 s
    predict                  [CPU]             0.0 s
    ooc                      [IO]              0.0 s

################## Sweep 1/30 (forward) summary ##################
  Energy       -2987.3654344612 Ha
  Discarded weight  0.000e+00  (max over this sweep's decimations)
  Rank 0: Host RAM sweep-peak 31410 MB · VmHWM 33865 MB   VRAM op-pool peak 15025 MB · total peak 46766 MB
  Rank 1: Host RAM sweep-peak 30725 MB · VmHWM 33151 MB   VRAM op-pool peak 15238 MB · total peak 46958 MB
  Rank 2: Host RAM sweep-peak 31148 MB · VmHWM 33589 MB   VRAM op-pool peak 15010 MB · total peak 46764 MB
  Rank 3: Host RAM sweep-peak 31049 MB · VmHWM 33522 MB   VRAM op-pool peak 15170 MB · total peak 46896 MB
  Block stores (peak bond, per rank): distributed A/B share 2239 MB (~K²M²/np) · owner cre/des 656 · S 0 MB (~KM²/np) · replicated floor 27 MB [stubs 3 (~KM) · H 24 (~M²)]
  OOC scratch  799175 MB on disk  (sum over all ranks)
  Timings (wall 335.5 s)
    build                    [CPU]            53.9 s
      formPQ                 [GPU·CPU·IO]     7.3 s   (GPU 2.1 · IO 0.3 · CPU 4.9)
        exec-gemm            [GPU]             0.5 s   (67.82 TFLOPS total · 16.95/GPU)
        exec-kern            [GPU]             1.6 s
        transfer             [IO]              0.3 s
        exec-hostprep        [CPU]             2.8 s
        prep (W+layout)      [CPU]             0.1 s
        complete (MPI)       [IO]              1.2 s
        wdesc (Wsub+reds)    [CPU]             0.4 s
        (other)              [CPU]             0.5 s
      [kern] executor reductions (all phases): res-zero 0.0 · gather 17.9 · reduce 17.6 · accumulate 0.8 s
      sys                    [CPU]             1.6 s
      env                    [CPU]             2.9 s
      compPQ-form            [CPU]             4.3 s
        bsblock              [CPU]             0.1 s
        match                [CPU]             3.4 s
          pump (src dedup)   [CPU]             0.1 s
          emit (owned)       [CPU]             0.7 s
          (other)            [CPU]             2.6 s
      assembly               [CPU]             3.7 s
      compS-form-gpu (MPI)   [GPU·CPU·IO]    33.4 s   (GPU 16.0 · IO 0.7 · CPU 16.7)
        bsblock (store walk) [CPU]             0.1 s
        recipe (host,replic) [CPU]             1.5 s
        form (gpu+D2H)       [GPU·IO]        25.2 s
        reduce (NCCL/host)   [IO]              1.9 s
        unpack (D2H)         [CPU·IO]         4.5 s
        (other)              [CPU]             0.2 s
      (other)                [CPU]             0.6 s
    matvec                   [GPU·CPU·IO]    89.8 s   (GPU 62.6 · IO 0.0 · CPU 27.3)
      gemm                   [GPU]            56.2 s   (11.65 TFLOPS total · 2.91/GPU)
      kern                   [GPU]             6.4 s
      host                   [CPU]            27.3 s
        planEnum             [CPU]            11.0 s
        ctorAlloc(upload)    [CPU·IO]         4.1 s
        ctorGroup            [CPU]             6.5 s
        ctorForm             [GPU]             0.5 s
        (other)              [CPU]             5.2 s
    decimate                 [CPU]            21.7 s
      rho (dist)             [CPU]             1.3 s
      eigh (dist)            [CPU]            12.9 s
      share (MPI wait)       [CPU·IO]         6.2 s
      select+assemble        [CPU]             0.5 s
      (other)                [CPU]             0.8 s
    grow                     [GPU·CPU·IO]   148.0 s   (GPU 37.6 · IO 36.3 · CPU 74.1) · 87.92 TFLOPS total · 21.98/GPU
      gpu_proj (project)     [GPU·CPU·IO]    84.3 s
        recipe               [CPU]             0.6 s
        fap_exec             [GPU·IO]        76.5 s
        fap_merge            [CPU]             1.3 s
        fap_ctx              [CPU]             0.6 s
        fap_unpack           [CPU]             2.6 s
      reduceSH (MPI)         [CPU·IO]         4.9 s
        sync (hash+wait)     [CPU·IO]         2.5 s
        pack                 [CPU]             0.5 s
        xfer (NCCL/host)     [IO]              1.5 s
        unpack               [CPU]             0.3 s
      (other)                [CPU]            58.8 s
    predict                  [CPU]             2.5 s
    ooc                      [IO]              0.3 s
      load                   [IO]              0.3 s

################## Sweep 2/30 (backward) summary ##################
  Energy       -2987.4778526458 Ha
  dE vs prev sweep  -1.124e-01 Ha
  Discarded weight  4.627e-08  (max over this sweep's decimations)
  Rank 0: Host RAM sweep-peak 49219 MB · VmHWM 51838 MB   VRAM op-pool peak 26703 MB · total peak 57834 MB
  Rank 1: Host RAM sweep-peak 49757 MB · VmHWM 52219 MB   VRAM op-pool peak 26899 MB · total peak 58168 MB
  Rank 2: Host RAM sweep-peak 49340 MB · VmHWM 51866 MB   VRAM op-pool peak 26684 MB · total peak 57814 MB
  Rank 3: Host RAM sweep-peak 49824 MB · VmHWM 52220 MB   VRAM op-pool peak 26947 MB · total peak 58166 MB
  Block stores (peak bond, per rank): distributed A/B share 18997 MB (~K²M²/np) · owner cre/des 481 · S 241 MB (~KM²/np) · replicated floor 42 MB [stubs 4 (~KM) · H 39 (~M²)]
  OOC scratch  1623081 MB on disk  (sum over all ranks)
  Timings (wall 671.5 s)
    build                    [CPU]           130.9 s
      formPQ                 [GPU·CPU·IO]    43.8 s   (GPU 4.3 · IO 13.4 · CPU 26.1)
        exec-gemm            [GPU]             1.0 s   (69.83 TFLOPS total · 17.46/GPU)
        exec-kern            [GPU]             3.2 s
        transfer             [IO]             13.4 s
        exec-hostprep        [CPU]            19.3 s
        prep (W+layout)      [CPU]             0.1 s
        complete (MPI)       [IO]              5.1 s
        wdesc (Wsub+reds)    [CPU]             0.5 s
        (other)              [CPU]             1.0 s
      [kern] executor reductions (all phases): res-zero 0.0 · gather 17.8 · reduce 32.7 · accumulate 1.1 s
      sys                    [CPU]             2.0 s
      env                    [CPU]             0.8 s
      compPQ-form            [CPU]             0.8 s
        bsblock              [CPU]             0.2 s
        match                [CPU]             0.5 s
          pump (src dedup)   [CPU]             0.2 s
          emit (owned)       [CPU]             0.2 s
          (other)            [CPU]             0.1 s
      assembly               [CPU]             0.4 s
      compS-form-gpu (MPI)   [GPU·CPU·IO]    82.5 s   (GPU 31.0 · IO 17.3 · CPU 34.3)
        bsblock (store walk) [CPU]             0.3 s
        recipe (host,replic) [CPU]             1.1 s
        form (gpu+D2H)       [GPU·IO]        68.5 s
        reduce (NCCL/host)   [IO]              4.0 s
        unpack (D2H)         [CPU·IO]         8.4 s
        (other)              [CPU]             0.1 s
      (other)                [CPU]             0.5 s
    matvec                   [GPU·CPU·IO]   245.7 s   (GPU 210.3 · IO 0.0 · CPU 35.4)
      gemm                   [GPU]           179.0 s   (92.91 TFLOPS total · 23.23/GPU)
      kern                   [GPU]            31.3 s
      host                   [CPU]            35.4 s
        planEnum             [CPU]             6.1 s
        ctorAlloc(upload)    [CPU·IO]         7.8 s
        ctorGroup            [CPU]             1.1 s
        ctorForm             [GPU]             0.8 s
        (other)              [CPU]            19.6 s
    decimate                 [CPU]            25.1 s
      rho (dist)             [CPU]             3.3 s
      eigh (dist)            [CPU]            11.0 s
      share (MPI wait)       [CPU·IO]         9.2 s
      select+assemble        [CPU]             0.6 s
      (other)                [CPU]             1.0 s
    grow                     [GPU·CPU·IO]   146.4 s   (GPU 32.2 · IO 40.1 · CPU 74.1) · 102.38 TFLOPS total · 25.59/GPU
      gpu_proj (project)     [GPU·CPU·IO]    81.1 s
        recipe               [CPU]             0.6 s
        fap_exec             [GPU·IO]        74.5 s
        fap_merge            [CPU]             0.8 s
        fap_ctx              [CPU]             0.4 s
        fap_unpack           [CPU]             2.3 s
      reduceSH (MPI)         [CPU·IO]         8.6 s
        sync (hash+wait)     [CPU·IO]         6.6 s
        pack                 [CPU]             0.6 s
        xfer (NCCL/host)     [IO]              1.1 s
        unpack               [CPU]             0.3 s
      (other)                [CPU]            56.6 s
    predict                  [CPU]             6.3 s
    ooc                      [IO]              0.5 s
      load                   [IO]              0.5 s

################## Sweep 3/30 (forward) summary ##################
  Energy       -2987.5181995157 Ha
  dE vs prev sweep  -4.035e-02 Ha
  Discarded weight  9.206e-05  (max over this sweep's decimations)
  Rank 0: Host RAM sweep-peak 50030 MB · VmHWM 53656 MB   VRAM op-pool peak 26703 MB · total peak 58680 MB
  Rank 1: Host RAM sweep-peak 49588 MB · VmHWM 54719 MB   VRAM op-pool peak 26899 MB · total peak 59018 MB
  Rank 2: Host RAM sweep-peak 49970 MB · VmHWM 59957 MB   VRAM op-pool peak 26684 MB · total peak 58654 MB
  Rank 3: Host RAM sweep-peak 50073 MB · VmHWM 54402 MB   VRAM op-pool peak 26947 MB · total peak 59030 MB
  Block stores (peak bond, per rank): distributed A/B share 18992 MB (~K²M²/np) · owner cre/des 558 · S 279 MB (~KM²/np) · replicated floor 46 MB [stubs 4 (~KM) · H 42 (~M²)]
  OOC scratch  1852648 MB on disk  (sum over all ranks)
  Timings (wall 1076.0 s)
    build                    [CPU]           139.1 s
      formPQ                 [GPU·CPU·IO]    46.8 s   (GPU 4.8 · IO 14.0 · CPU 28.1)
        exec-gemm            [GPU]             1.1 s   (72.64 TFLOPS total · 18.16/GPU)
        exec-kern            [GPU]             3.6 s
        transfer             [IO]             14.0 s
        exec-hostprep        [CPU]            22.3 s
        prep (W+layout)      [CPU]             0.1 s
        complete (MPI)       [IO]              4.3 s
        wdesc (Wsub+reds)    [CPU]             0.4 s
        (other)              [CPU]             1.0 s
      [kern] executor reductions (all phases): res-zero 0.0 · gather 22.4 · reduce 36.4 · accumulate 1.2 s
      sys                    [CPU]             1.1 s
      env                    [CPU]             1.9 s
      compPQ-form            [CPU]             0.8 s
        bsblock              [CPU]             0.2 s
        match                [CPU]             0.5 s
          pump (src dedup)   [CPU]             0.2 s
          emit (owned)       [CPU]             0.1 s
          (other)            [CPU]             0.1 s
      assembly               [CPU]             0.3 s
      compS-form-gpu (MPI)   [GPU·CPU·IO]    87.6 s   (GPU 34.2 · IO 18.0 · CPU 35.4)
        bsblock (store walk) [CPU]             0.3 s
        recipe (host,replic) [CPU]             1.1 s
        form (gpu+D2H)       [GPU·IO]        71.4 s
        reduce (NCCL/host)   [IO]              5.4 s
        unpack (D2H)         [CPU·IO]         9.3 s
        (other)              [CPU]             0.1 s
      (other)                [CPU]             0.5 s
    matvec                   [GPU·CPU·IO]   556.6 s   (GPU 496.0 · IO 0.0 · CPU 60.6)
      gemm                   [GPU]           429.8 s   (118.01 TFLOPS total · 29.50/GPU)
      kern                   [GPU]            66.2 s
      host                   [CPU]            60.6 s
        planEnum             [CPU]             4.5 s
        ctorAlloc(upload)    [CPU·IO]        10.2 s
        ctorGroup            [CPU]             0.6 s
        ctorForm             [GPU]             1.0 s
        (other)              [CPU]            44.3 s
    decimate                 [CPU]            35.7 s
      rho (dist)             [CPU]             8.5 s
      eigh (dist)            [CPU]            17.0 s
      share (MPI wait)       [CPU·IO]         8.1 s
      select+assemble        [CPU]             0.7 s
      (other)                [CPU]             1.5 s
    grow                     [GPU·CPU·IO]   194.5 s   (GPU 41.4 · IO 54.0 · CPU 99.2) · 109.50 TFLOPS total · 27.37/GPU
      gpu_proj (project)     [GPU·CPU·IO]   105.3 s
        recipe               [CPU]             0.6 s
        fap_exec             [GPU·IO]        98.0 s
        fap_merge            [CPU]             0.8 s
        fap_ctx              [CPU]             0.3 s
        fap_unpack           [CPU]             3.3 s
      reduceSH (MPI)         [CPU·IO]        14.0 s
        sync (hash+wait)     [CPU·IO]        11.3 s
        pack                 [CPU]             0.8 s
        xfer (NCCL/host)     [IO]              1.5 s
        unpack               [CPU]             0.4 s
      (other)                [CPU]            75.2 s
    predict                  [CPU]            19.7 s
    ooc                      [IO]              0.5 s
      load                   [IO]              0.5 s

################## Sweep 4/30 (backward) summary ##################
  Energy       -2987.5217099192 Ha
  dE vs prev sweep  -3.510e-03 Ha
  Discarded weight  1.534e-04  (max over this sweep's decimations)
  Rank 0: Host RAM sweep-peak 49901 MB · VmHWM 60394 MB   VRAM op-pool peak 30399 MB · total peak 61612 MB
  Rank 1: Host RAM sweep-peak 50306 MB · VmHWM 60511 MB   VRAM op-pool peak 30626 MB · total peak 61640 MB
  Rank 2: Host RAM sweep-peak 49765 MB · VmHWM 60137 MB   VRAM op-pool peak 30377 MB · total peak 61608 MB
  Rank 3: Host RAM sweep-peak 50331 MB · VmHWM 60545 MB   VRAM op-pool peak 30693 MB · total peak 61754 MB
  Block stores (peak bond, per rank): distributed A/B share 19131 MB (~K²M²/np) · owner cre/des 601 · S 300 MB (~KM²/np) · replicated floor 54 MB [stubs 3 (~KM) · H 50 (~M²)]
  OOC scratch  1995154 MB on disk  (sum over all ranks)
  Timings (wall 1071.4 s)
    build                    [CPU]           164.7 s
      formPQ                 [GPU·CPU·IO]    57.8 s   (GPU 5.3 · IO 17.3 · CPU 35.2)
        exec-gemm            [GPU]             1.3 s   (73.56 TFLOPS total · 18.39/GPU)
        exec-kern            [GPU]             4.0 s
        transfer             [IO]             17.3 s
        exec-hostprep        [CPU]            25.5 s
        prep (W+layout)      [CPU]             0.1 s
        complete (MPI)       [IO]              8.1 s
        wdesc (Wsub+reds)    [CPU]             0.4 s
        (other)              [CPU]             1.0 s
      [kern] executor reductions (all phases): res-zero 0.0 · gather 22.7 · reduce 41.1 · accumulate 1.3 s
      sys                    [CPU]             2.3 s
      env                    [CPU]             1.1 s
      compPQ-form            [CPU]             0.9 s
        bsblock              [CPU]             0.2 s
        match                [CPU]             0.5 s
          pump (src dedup)   [CPU]             0.3 s
          emit (owned)       [CPU]             0.1 s
          (other)            [CPU]             0.1 s
      assembly               [CPU]             0.3 s
      compS-form-gpu (MPI)   [GPU·CPU·IO]   101.8 s   (GPU 38.8 · IO 21.4 · CPU 41.7)
        bsblock (store walk) [CPU]             0.4 s
        recipe (host,replic) [CPU]             1.1 s
        form (gpu+D2H)       [GPU·IO]        83.9 s
        reduce (NCCL/host)   [IO]              5.3 s
        unpack (D2H)         [CPU·IO]        11.0 s
        (other)              [CPU]             0.1 s
      (other)                [CPU]             0.5 s
    matvec                   [GPU·CPU·IO]   511.2 s   (GPU 453.9 · IO 0.0 · CPU 57.3)
      gemm                   [GPU]           392.6 s   (115.64 TFLOPS total · 28.91/GPU)
      kern                   [GPU]            61.3 s
      host                   [CPU]            57.3 s
        planEnum             [CPU]             4.5 s
        ctorAlloc(upload)    [CPU·IO]        12.9 s
        ctorGroup            [CPU]             0.7 s
        ctorForm             [GPU]             1.1 s
        (other)              [CPU]            38.1 s
    decimate                 [CPU]            36.0 s
      rho (dist)             [CPU]             6.2 s
      eigh (dist)            [CPU]            17.7 s
      share (MPI wait)       [CPU·IO]         9.8 s
      select+assemble        [CPU]             0.8 s
      (other)                [CPU]             1.5 s
    grow                     [GPU·CPU·IO]   189.4 s   (GPU 41.7 · IO 52.7 · CPU 95.0) · 112.09 TFLOPS total · 28.02/GPU
      gpu_proj (project)     [GPU·CPU·IO]   105.0 s
        recipe               [CPU]             0.6 s
        fap_exec             [GPU·IO]        97.0 s
        fap_merge            [CPU]             0.8 s
        fap_ctx              [CPU]             0.3 s
        fap_unpack           [CPU]             3.5 s
      reduceSH (MPI)         [CPU·IO]         8.5 s
        sync (hash+wait)     [CPU·IO]         5.8 s
        pack                 [CPU]             0.7 s
        xfer (NCCL/host)     [IO]              1.6 s
        unpack               [CPU]             0.4 s
      (other)                [CPU]            75.9 s
    predict                  [CPU]            16.8 s
    ooc                      [IO]              0.5 s
      load                   [IO]              0.5 s

################## Sweep 5/30 (forward) summary ##################
  Energy       -2987.5231729873 Ha
  dE vs prev sweep  -1.463e-03 Ha
  Discarded weight  1.986e-04  (max over this sweep's decimations)
  Rank 0: Host RAM sweep-peak 50554 MB · VmHWM 60556 MB   VRAM op-pool peak 30399 MB · total peak 61612 MB
  Rank 1: Host RAM sweep-peak 50237 MB · VmHWM 60724 MB   VRAM op-pool peak 30626 MB · total peak 61640 MB
  Rank 2: Host RAM sweep-peak 50570 MB · VmHWM 60378 MB   VRAM op-pool peak 30377 MB · total peak 61608 MB
  Rank 3: Host RAM sweep-peak 50485 MB · VmHWM 60835 MB   VRAM op-pool peak 30693 MB · total peak 61754 MB
  Block stores (peak bond, per rank): distributed A/B share 19191 MB (~K²M²/np) · owner cre/des 603 · S 300 MB (~KM²/np) · replicated floor 54 MB [stubs 3 (~KM) · H 51 (~M²)]
  OOC scratch  2042420 MB on disk  (sum over all ranks)
  Timings (wall 1107.1 s)
    build                    [CPU]           162.7 s
      formPQ                 [GPU·CPU·IO]    54.3 s   (GPU 5.5 · IO 17.7 · CPU 31.2)
        exec-gemm            [GPU]             1.3 s   (73.31 TFLOPS total · 18.33/GPU)
        exec-kern            [GPU]             4.2 s
        transfer             [IO]             17.7 s
        exec-hostprep        [CPU]            24.2 s
        prep (W+layout)      [CPU]             0.1 s
        complete (MPI)       [IO]              5.5 s
        wdesc (Wsub+reds)    [CPU]             0.4 s
        (other)              [CPU]             1.0 s
      [kern] executor reductions (all phases): res-zero 0.0 · gather 23.7 · reduce 42.3 · accumulate 1.4 s
      sys                    [CPU]             1.1 s
      env                    [CPU]             2.3 s
      compPQ-form            [CPU]             0.9 s
        bsblock              [CPU]             0.2 s
        match                [CPU]             0.5 s
          pump (src dedup)   [CPU]             0.3 s
          emit (owned)       [CPU]             0.1 s
          (other)            [CPU]             0.1 s
      assembly               [CPU]             0.3 s
      compS-form-gpu (MPI)   [GPU·CPU·IO]   103.2 s   (GPU 39.9 · IO 21.6 · CPU 41.7)
        bsblock (store walk) [CPU]             0.4 s
        recipe (host,replic) [CPU]             1.1 s
        form (gpu+D2H)       [GPU·IO]        85.2 s
        reduce (NCCL/host)   [IO]              5.0 s
        unpack (D2H)         [CPU·IO]        11.3 s
        (other)              [CPU]             0.1 s
      (other)                [CPU]             0.5 s
    matvec                   [GPU·CPU·IO]   527.5 s   (GPU 465.9 · IO 0.0 · CPU 61.6)
      gemm                   [GPU]           404.8 s   (118.25 TFLOPS total · 29.56/GPU)
      kern                   [GPU]            61.1 s
      host                   [CPU]            61.6 s
        planEnum             [CPU]             4.5 s
        ctorAlloc(upload)    [CPU·IO]        13.5 s
        ctorGroup            [CPU]             0.6 s
        ctorForm             [GPU]             1.1 s
        (other)              [CPU]            41.9 s
    decimate                 [CPU]            37.7 s
      rho (dist)             [CPU]             7.9 s
      eigh (dist)            [CPU]            18.2 s
      share (MPI wait)       [CPU·IO]         9.3 s
      select+assemble        [CPU]             0.7 s
      (other)                [CPU]             1.5 s
    grow                     [GPU·CPU·IO]   199.1 s   (GPU 43.8 · IO 56.7 · CPU 98.6) · 111.70 TFLOPS total · 27.92/GPU
      gpu_proj (project)     [GPU·CPU·IO]   111.1 s
        recipe               [CPU]             0.6 s
        fap_exec             [GPU·IO]       103.3 s
        fap_merge            [CPU]             0.8 s
        fap_ctx              [CPU]             0.3 s
        fap_unpack           [CPU]             3.7 s
      reduceSH (MPI)         [CPU·IO]        11.7 s
        sync (hash+wait)     [CPU·IO]         9.0 s
        pack                 [CPU]             0.7 s
        xfer (NCCL/host)     [IO]              1.6 s
        unpack               [CPU]             0.4 s
      (other)                [CPU]            76.3 s
    predict                  [CPU]            24.4 s
    ooc                      [IO]              0.4 s
      load                   [IO]              0.4 s

################## Sweep 6/30 (backward) summary ##################
  Energy       -2987.5238367080 Ha
  dE vs prev sweep  -6.637e-04 Ha
  Discarded weight  2.051e-04  (max over this sweep's decimations)
  Rank 0: Host RAM sweep-peak 50725 MB · VmHWM 61393 MB   VRAM op-pool peak 30867 MB · total peak 61612 MB
  Rank 1: Host RAM sweep-peak 51049 MB · VmHWM 61592 MB   VRAM op-pool peak 31080 MB · total peak 61640 MB
  Rank 2: Host RAM sweep-peak 50502 MB · VmHWM 61160 MB   VRAM op-pool peak 30845 MB · total peak 61608 MB
  Rank 3: Host RAM sweep-peak 51059 MB · VmHWM 61574 MB   VRAM op-pool peak 31148 MB · total peak 61754 MB
  Block stores (peak bond, per rank): distributed A/B share 19287 MB (~K²M²/np) · owner cre/des 606 · S 302 MB (~KM²/np) · replicated floor 55 MB [stubs 3 (~KM) · H 51 (~M²)]
  OOC scratch  2053042 MB on disk  (sum over all ranks)
  Timings (wall 1095.8 s)
    build                    [CPU]           169.4 s
      formPQ                 [GPU·CPU·IO]    58.7 s   (GPU 5.6 · IO 18.9 · CPU 34.3)
        exec-gemm            [GPU]             1.3 s   (73.37 TFLOPS total · 18.34/GPU)
        exec-kern            [GPU]             4.2 s
        transfer             [IO]             18.9 s
        exec-hostprep        [CPU]            26.4 s
        prep (W+layout)      [CPU]             0.1 s
        complete (MPI)       [IO]              6.4 s
        wdesc (Wsub+reds)    [CPU]             0.4 s
        (other)              [CPU]             1.0 s
      [kern] executor reductions (all phases): res-zero 0.0 · gather 22.8 · reduce 42.5 · accumulate 1.4 s
      sys                    [CPU]             2.7 s
      env                    [CPU]             1.1 s
      compPQ-form            [CPU]             0.9 s
        bsblock              [CPU]             0.3 s
        match                [CPU]             0.5 s
          pump (src dedup)   [CPU]             0.3 s
          emit (owned)       [CPU]             0.1 s
          (other)            [CPU]             0.1 s
      assembly               [CPU]             0.3 s
      compS-form-gpu (MPI)   [GPU·CPU·IO]   105.1 s   (GPU 40.1 · IO 22.4 · CPU 42.7)
        bsblock (store walk) [CPU]             0.4 s
        recipe (host,replic) [CPU]             1.1 s
        form (gpu+D2H)       [GPU·IO]        87.2 s
        reduce (NCCL/host)   [IO]              4.7 s
        unpack (D2H)         [CPU·IO]        11.5 s
        (other)              [CPU]             0.1 s
      (other)                [CPU]             0.5 s
    matvec                   [GPU·CPU·IO]   518.7 s   (GPU 458.3 · IO 0.0 · CPU 60.4)
      gemm                   [GPU]           398.7 s   (118.47 TFLOPS total · 29.62/GPU)
      kern                   [GPU]            59.6 s
      host                   [CPU]            60.4 s
        planEnum             [CPU]             4.3 s
        ctorAlloc(upload)    [CPU·IO]        13.4 s
        ctorGroup            [CPU]             0.6 s
        ctorForm             [GPU]             1.1 s
        (other)              [CPU]            41.0 s
    decimate                 [CPU]            37.5 s
      rho (dist)             [CPU]             6.6 s
      eigh (dist)            [CPU]            17.9 s
      share (MPI wait)       [CPU·IO]        10.9 s
      select+assemble        [CPU]             0.7 s
      (other)                [CPU]             1.3 s
    grow                     [GPU·CPU·IO]   193.7 s   (GPU 41.8 · IO 53.7 · CPU 98.2) · 114.90 TFLOPS total · 28.72/GPU
      gpu_proj (project)     [GPU·CPU·IO]   106.0 s
        recipe               [CPU]             0.6 s
        fap_exec             [GPU·IO]        98.1 s
        fap_merge            [CPU]             0.8 s
        fap_ctx              [CPU]             0.3 s
        fap_unpack           [CPU]             3.6 s
      reduceSH (MPI)         [CPU·IO]        11.7 s
        sync (hash+wait)     [CPU·IO]         9.0 s
        pack                 [CPU]             0.7 s
        xfer (NCCL/host)     [IO]              1.6 s
        unpack               [CPU]             0.4 s
      (other)                [CPU]            76.0 s
    predict                  [CPU]            18.4 s
    ooc                      [IO]              0.5 s
      load                   [IO]              0.5 s

################## Sweep 7/30 (forward) summary ##################
  Energy       -2987.5243818142 Ha
  dE vs prev sweep  -5.451e-04 Ha
  Discarded weight  2.120e-04  (max over this sweep's decimations)
  Rank 0: Host RAM sweep-peak 51955 MB · VmHWM 61393 MB   VRAM op-pool peak 30867 MB · total peak 61612 MB
  Rank 1: Host RAM sweep-peak 51488 MB · VmHWM 61592 MB   VRAM op-pool peak 31080 MB · total peak 61640 MB
  Rank 2: Host RAM sweep-peak 51882 MB · VmHWM 61160 MB   VRAM op-pool peak 30845 MB · total peak 61608 MB
  Rank 3: Host RAM sweep-peak 51875 MB · VmHWM 61574 MB   VRAM op-pool peak 31148 MB · total peak 61754 MB
  Block stores (peak bond, per rank): distributed A/B share 19312 MB (~K²M²/np) · owner cre/des 606 · S 302 MB (~KM²/np) · replicated floor 55 MB [stubs 3 (~KM) · H 51 (~M²)]
  OOC scratch  2037530 MB on disk  (sum over all ranks)
  Timings (wall 5028.9 s)
    build                    [CPU]           169.7 s
      formPQ                 [GPU·CPU·IO]    59.7 s   (GPU 5.6 · IO 17.9 · CPU 36.2)
        exec-gemm            [GPU]             1.3 s   (73.27 TFLOPS total · 18.32/GPU)
        exec-kern            [GPU]             4.2 s
        transfer             [IO]             17.9 s
        exec-hostprep        [CPU]            27.7 s
        prep (W+layout)      [CPU]             0.1 s
        complete (MPI)       [IO]              7.0 s
        wdesc (Wsub+reds)    [CPU]             0.4 s
        (other)              [CPU]             1.0 s
      [kern] executor reductions (all phases): res-zero 0.0 · gather 23.8 · reduce 42.6 · accumulate 1.4 s
      sys                    [CPU]             1.2 s
      env                    [CPU]             2.3 s
      compPQ-form            [CPU]             0.9 s
        bsblock              [CPU]             0.3 s
        match                [CPU]             0.5 s
          pump (src dedup)   [CPU]             0.3 s
          emit (owned)       [CPU]             0.1 s
          (other)            [CPU]             0.1 s
      assembly               [CPU]             0.3 s
      compS-form-gpu (MPI)   [GPU·CPU·IO]   104.8 s   (GPU 40.2 · IO 21.6 · CPU 43.0)
        bsblock (store walk) [CPU]             0.4 s
        recipe (host,replic) [CPU]             1.1 s
        form (gpu+D2H)       [GPU·IO]        85.8 s
        reduce (NCCL/host)   [IO]              5.9 s
        unpack (D2H)         [CPU·IO]        11.5 s
        (other)              [CPU]             0.1 s
      (other)                [CPU]             0.5 s
    matvec                   [GPU·CPU·IO]   490.0 s   (GPU 429.4 · IO 0.0 · CPU 60.6)
      gemm                   [GPU]           373.7 s   (118.34 TFLOPS total · 29.59/GPU)
      kern                   [GPU]            55.7 s
      host                   [CPU]            60.6 s
        planEnum             [CPU]             4.3 s
        ctorAlloc(upload)    [CPU·IO]        13.3 s
        ctorGroup            [CPU]             0.6 s
        ctorForm             [GPU]             1.1 s
        (other)              [CPU]            41.2 s
    decimate                 [CPU]            37.5 s
      rho (dist)             [CPU]             8.2 s
      eigh (dist)            [CPU]            18.4 s
      share (MPI wait)       [CPU·IO]         8.7 s
      select+assemble        [CPU]             0.7 s
      (other)                [CPU]             1.5 s
    grow                     [GPU·CPU·IO]   199.2 s   (GPU 43.8 · IO 56.4 · CPU 99.0) · 112.73 TFLOPS total · 28.18/GPU
      gpu_proj (project)     [GPU·CPU·IO]   110.8 s
        recipe               [CPU]             0.6 s
        fap_exec             [GPU·IO]       102.9 s
        fap_merge            [CPU]             0.8 s
        fap_ctx              [CPU]             0.3 s
        fap_unpack           [CPU]             3.7 s
      reduceSH (MPI)         [CPU·IO]        11.8 s
        sync (hash+wait)     [CPU·IO]         9.1 s
        pack                 [CPU]             0.7 s
        xfer (NCCL/host)     [IO]              1.6 s
        unpack               [CPU]             0.4 s
      (other)                [CPU]            76.7 s
    predict                  [CPU]          3974.6 s
    ooc                      [IO]              0.5 s
      load                   [IO]              0.5 s

################## Sweep 8/30 (backward) summary ##################
  Energy       -2987.5246515351 Ha
  dE vs prev sweep  -2.697e-04 Ha
  Discarded weight  2.126e-04  (max over this sweep's decimations)
  Rank 0: Host RAM sweep-peak 50143 MB · VmHWM 61393 MB   VRAM op-pool peak 30906 MB · total peak 61612 MB
  Rank 1: Host RAM sweep-peak 50628 MB · VmHWM 61592 MB   VRAM op-pool peak 31116 MB · total peak 61640 MB
  Rank 2: Host RAM sweep-peak 50219 MB · VmHWM 61160 MB   VRAM op-pool peak 30883 MB · total peak 61608 MB
  Rank 3: Host RAM sweep-peak 50585 MB · VmHWM 61574 MB   VRAM op-pool peak 31184 MB · total peak 61754 MB
  Block stores (peak bond, per rank): distributed A/B share 19311 MB (~K²M²/np) · owner cre/des 606 · S 303 MB (~KM²/np) · replicated floor 55 MB [stubs 3 (~KM) · H 51 (~M²)]
  OOC scratch  2055075 MB on disk  (sum over all ranks)
  Timings (wall 1082.5 s)
    build                    [CPU]           170.2 s
      formPQ                 [GPU·CPU·IO]    59.5 s   (GPU 5.6 · IO 18.6 · CPU 35.3)
        exec-gemm            [GPU]             1.3 s   (73.48 TFLOPS total · 18.37/GPU)
        exec-kern            [GPU]             4.3 s
        transfer             [IO]             18.6 s
        exec-hostprep        [CPU]            26.4 s
        prep (W+layout)      [CPU]             0.1 s
        complete (MPI)       [IO]              7.3 s
        wdesc (Wsub+reds)    [CPU]             0.4 s
        (other)              [CPU]             1.2 s
      [kern] executor reductions (all phases): res-zero 0.0 · gather 22.6 · reduce 42.4 · accumulate 1.4 s
      sys                    [CPU]             2.5 s
      env                    [CPU]             1.1 s
      compPQ-form            [CPU]             0.9 s
        bsblock              [CPU]             0.3 s
        match                [CPU]             0.5 s
          pump (src dedup)   [CPU]             0.3 s
          emit (owned)       [CPU]             0.2 s
          (other)            [CPU]             0.1 s
      assembly               [CPU]             0.3 s
      compS-form-gpu (MPI)   [GPU·CPU·IO]   105.2 s   (GPU 40.0 · IO 22.4 · CPU 42.8)
        bsblock (store walk) [CPU]             0.4 s
        recipe (host,replic) [CPU]             1.1 s
        form (gpu+D2H)       [GPU·IO]        87.1 s
        reduce (NCCL/host)   [IO]              4.9 s
        unpack (D2H)         [CPU·IO]        11.6 s
        (other)              [CPU]             0.1 s
      (other)                [CPU]             0.5 s
    matvec                   [GPU·CPU·IO]   504.3 s   (GPU 443.6 · IO 0.0 · CPU 60.8)
      gemm                   [GPU]           386.2 s   (118.58 TFLOPS total · 29.65/GPU)
      kern                   [GPU]            57.3 s
      host                   [CPU]            60.8 s
        planEnum             [CPU]             4.2 s
        ctorAlloc(upload)    [CPU·IO]        13.2 s
        ctorGroup            [CPU]             0.6 s
        ctorForm             [GPU]             1.1 s
        (other)              [CPU]            41.5 s
    decimate                 [CPU]            37.7 s
      rho (dist)             [CPU]             6.5 s
      eigh (dist)            [CPU]            18.3 s
      share (MPI wait)       [CPU·IO]        10.6 s
      select+assemble        [CPU]             0.8 s
      (other)                [CPU]             1.5 s
    grow                     [GPU·CPU·IO]   192.4 s   (GPU 41.2 · IO 53.8 · CPU 97.4) · 115.76 TFLOPS total · 28.94/GPU
      gpu_proj (project)     [GPU·CPU·IO]   105.2 s
        recipe               [CPU]             0.6 s
        fap_exec             [GPU·IO]        97.7 s
        fap_merge            [CPU]             0.8 s
        fap_ctx              [CPU]             0.3 s
        fap_unpack           [CPU]             3.5 s
      reduceSH (MPI)         [CPU·IO]        10.0 s
        sync (hash+wait)     [CPU·IO]         7.3 s
        pack                 [CPU]             0.7 s
        xfer (NCCL/host)     [IO]              1.6 s
        unpack               [CPU]             0.4 s
      (other)                [CPU]            77.2 s
    predict                  [CPU]            18.6 s
    ooc                      [IO]              0.5 s
      load                   [IO]              0.5 s

################## Sweep 9/30 (forward) summary ##################
  Energy       -2987.5248874497 Ha
  dE vs prev sweep  -2.359e-04 Ha
  Discarded weight  2.148e-04  (max over this sweep's decimations)
  Rank 0: Host RAM sweep-peak 50787 MB · VmHWM 61393 MB   VRAM op-pool peak 30906 MB · total peak 61612 MB
  Rank 1: Host RAM sweep-peak 50442 MB · VmHWM 61592 MB   VRAM op-pool peak 31116 MB · total peak 61640 MB
  Rank 2: Host RAM sweep-peak 50577 MB · VmHWM 61160 MB   VRAM op-pool peak 30883 MB · total peak 61608 MB
  Rank 3: Host RAM sweep-peak 50959 MB · VmHWM 61574 MB   VRAM op-pool peak 31184 MB · total peak 61754 MB
  Block stores (peak bond, per rank): distributed A/B share 19135 MB (~K²M²/np) · owner cre/des 606 · S 303 MB (~KM²/np) · replicated floor 54 MB [stubs 3 (~KM) · H 51 (~M²)]
  OOC scratch  2055696 MB on disk  (sum over all ranks)
  Timings (wall 1063.2 s)
    build                    [CPU]           163.8 s
      formPQ                 [GPU·CPU·IO]    56.0 s   (GPU 5.5 · IO 17.8 · CPU 32.7)
        exec-gemm            [GPU]             1.3 s   (73.51 TFLOPS total · 18.38/GPU)
        exec-kern            [GPU]             4.2 s
        transfer             [IO]             17.8 s
        exec-hostprep        [CPU]            25.3 s
        prep (W+layout)      [CPU]             0.1 s
        complete (MPI)       [IO]              5.9 s
        wdesc (Wsub+reds)    [CPU]             0.4 s
        (other)              [CPU]             1.0 s
      [kern] executor reductions (all phases): res-zero 0.0 · gather 23.7 · reduce 42.5 · accumulate 1.4 s
      sys                    [CPU]             1.2 s
      env                    [CPU]             2.3 s
      compPQ-form            [CPU]             0.9 s
        bsblock              [CPU]             0.3 s
        match                [CPU]             0.5 s
          pump (src dedup)   [CPU]             0.3 s
          emit (owned)       [CPU]             0.2 s
          (other)            [CPU]             0.1 s
      assembly               [CPU]             0.3 s
      compS-form-gpu (MPI)   [GPU·CPU·IO]   102.6 s   (GPU 40.0 · IO 21.5 · CPU 41.1)
        bsblock (store walk) [CPU]             0.4 s
        recipe (host,replic) [CPU]             1.1 s
        form (gpu+D2H)       [GPU·IO]        84.2 s
        reduce (NCCL/host)   [IO]              5.2 s
        unpack (D2H)         [CPU·IO]        11.6 s
        (other)              [CPU]             0.1 s
      (other)                [CPU]             0.5 s
    matvec                   [GPU·CPU·IO]   481.5 s   (GPU 421.8 · IO 0.0 · CPU 59.7)
      gemm                   [GPU]           367.3 s   (118.45 TFLOPS total · 29.61/GPU)
      kern                   [GPU]            54.6 s
      host                   [CPU]            59.7 s
        planEnum             [CPU]             4.2 s
        ctorAlloc(upload)    [CPU·IO]        13.0 s
        ctorGroup            [CPU]             0.6 s
        ctorForm             [GPU]             1.1 s
        (other)              [CPU]            40.8 s
    decimate                 [CPU]            37.8 s
      rho (dist)             [CPU]             8.1 s
      eigh (dist)            [CPU]            18.5 s
      share (MPI wait)       [CPU·IO]         9.0 s
      select+assemble        [CPU]             0.7 s
      (other)                [CPU]             1.4 s
    grow                     [GPU·CPU·IO]   198.3 s   (GPU 43.6 · IO 57.3 · CPU 97.4) · 112.75 TFLOPS total · 28.19/GPU
      gpu_proj (project)     [GPU·CPU·IO]   111.5 s
        recipe               [CPU]             0.6 s
        fap_exec             [GPU·IO]       103.6 s
        fap_merge            [CPU]             0.8 s
        fap_ctx              [CPU]             0.3 s
        fap_unpack           [CPU]             3.6 s
      reduceSH (MPI)         [CPU·IO]        10.1 s
        sync (hash+wait)     [CPU·IO]         7.3 s
        pack                 [CPU]             0.6 s
        xfer (NCCL/host)     [IO]              1.6 s
        unpack               [CPU]             0.4 s
      (other)                [CPU]            76.7 s
    predict                  [CPU]            24.6 s
    ooc                      [IO]              0.5 s
      load                   [IO]              0.5 s

################## Sweep 10/30 (backward) summary ##################
  Energy       -2987.5249955754 Ha
  dE vs prev sweep  -1.081e-04 Ha
  Discarded weight  2.149e-04  (max over this sweep's decimations)
  Rank 0: Host RAM sweep-peak 51068 MB · VmHWM 61393 MB   VRAM op-pool peak 30943 MB · total peak 61612 MB
  Rank 1: Host RAM sweep-peak 51524 MB · VmHWM 61592 MB   VRAM op-pool peak 31153 MB · total peak 61640 MB
  Rank 2: Host RAM sweep-peak 50944 MB · VmHWM 61160 MB   VRAM op-pool peak 30920 MB · total peak 61608 MB
  Rank 3: Host RAM sweep-peak 51707 MB · VmHWM 61574 MB   VRAM op-pool peak 31221 MB · total peak 61754 MB
  Block stores (peak bond, per rank): distributed A/B share 19136 MB (~K²M²/np) · owner cre/des 607 · S 303 MB (~KM²/np) · replicated floor 54 MB [stubs 3 (~KM) · H 51 (~M²)]
  OOC scratch  2035768 MB on disk  (sum over all ranks)
  Timings (wall 1072.2 s)
    build                    [CPU]           171.0 s
      formPQ                 [GPU·CPU·IO]    60.4 s   (GPU 5.6 · IO 18.5 · CPU 36.3)
        exec-gemm            [GPU]             1.3 s   (72.90 TFLOPS total · 18.22/GPU)
        exec-kern            [GPU]             4.3 s
        transfer             [IO]             18.5 s
        exec-hostprep        [CPU]            25.2 s
        prep (W+layout)      [CPU]             0.1 s
        complete (MPI)       [IO]              9.6 s
        wdesc (Wsub+reds)    [CPU]             0.4 s
        (other)              [CPU]             1.0 s
      [kern] executor reductions (all phases): res-zero 0.0 · gather 22.6 · reduce 42.5 · accumulate 1.4 s
      sys                    [CPU]             2.3 s
      env                    [CPU]             1.1 s
      compPQ-form            [CPU]             0.9 s
        bsblock              [CPU]             0.3 s
        match                [CPU]             0.5 s
          pump (src dedup)   [CPU]             0.3 s
          emit (owned)       [CPU]             0.1 s
          (other)            [CPU]             0.1 s
      assembly               [CPU]             0.3 s
      compS-form-gpu (MPI)   [GPU·CPU·IO]   105.4 s   (GPU 40.0 · IO 22.3 · CPU 43.1)
        bsblock (store walk) [CPU]             0.4 s
        recipe (host,replic) [CPU]             1.1 s
        form (gpu+D2H)       [GPU·IO]        85.7 s
        reduce (NCCL/host)   [IO]              6.5 s
        unpack (D2H)         [CPU·IO]        11.5 s
        (other)              [CPU]             0.1 s
      (other)                [CPU]             0.5 s
    matvec                   [GPU·CPU·IO]   493.0 s   (GPU 432.5 · IO 0.0 · CPU 60.5)
      gemm                   [GPU]           376.7 s   (118.84 TFLOPS total · 29.71/GPU)
      kern                   [GPU]            55.8 s
      host                   [CPU]            60.5 s
        planEnum             [CPU]             4.2 s
        ctorAlloc(upload)    [CPU·IO]        13.8 s
        ctorGroup            [CPU]             0.6 s
        ctorForm             [GPU]             1.1 s
        (other)              [CPU]            40.7 s
    decimate                 [CPU]            37.6 s
      rho (dist)             [CPU]             6.6 s
      eigh (dist)            [CPU]            18.7 s
      share (MPI wait)       [CPU·IO]        10.2 s
      select+assemble        [CPU]             0.7 s
      (other)                [CPU]             1.4 s
    grow                     [GPU·CPU·IO]   193.9 s   (GPU 41.6 · IO 53.5 · CPU 98.8) · 115.51 TFLOPS total · 28.88/GPU
      gpu_proj (project)     [GPU·CPU·IO]   105.4 s
        recipe               [CPU]             0.6 s
        fap_exec             [GPU·IO]        97.6 s
        fap_merge            [CPU]             0.8 s
        fap_ctx              [CPU]             0.3 s
        fap_unpack           [CPU]             3.6 s
      reduceSH (MPI)         [CPU·IO]        12.0 s
        sync (hash+wait)     [CPU·IO]         9.3 s
        pack                 [CPU]             0.7 s
        xfer (NCCL/host)     [IO]              1.6 s
        unpack               [CPU]             0.4 s
      (other)                [CPU]            76.4 s
    predict                  [CPU]            18.5 s
    ooc                      [IO]              0.5 s
      load                   [IO]              0.5 s

################## Sweep 11/30 (forward) summary ##################
  Energy       -2987.5251040056 Ha
  dE vs prev sweep  -1.084e-04 Ha
  Discarded weight  2.160e-04  (max over this sweep's decimations)
  Rank 0: Host RAM sweep-peak 50653 MB · VmHWM 61393 MB   VRAM op-pool peak 30943 MB · total peak 61612 MB
  Rank 1: Host RAM sweep-peak 50248 MB · VmHWM 61592 MB   VRAM op-pool peak 31153 MB · total peak 61640 MB
  Rank 2: Host RAM sweep-peak 50720 MB · VmHWM 61160 MB   VRAM op-pool peak 30920 MB · total peak 61608 MB
  Rank 3: Host RAM sweep-peak 50838 MB · VmHWM 61586 MB   VRAM op-pool peak 31221 MB · total peak 61754 MB
  Block stores (peak bond, per rank): distributed A/B share 19358 MB (~K²M²/np) · owner cre/des 607 · S 303 MB (~KM²/np) · replicated floor 54 MB [stubs 3 (~KM) · H 51 (~M²)]
  OOC scratch  2060953 MB on disk  (sum over all ranks)
  Timings (wall 1060.4 s)
    build                    [CPU]           166.6 s
      formPQ                 [GPU·CPU·IO]    57.4 s   (GPU 5.6 · IO 17.9 · CPU 33.9)
        exec-gemm            [GPU]             1.3 s   (72.75 TFLOPS total · 18.19/GPU)
        exec-kern            [GPU]             4.3 s
        transfer             [IO]             17.9 s
        exec-hostprep        [CPU]            28.1 s
        prep (W+layout)      [CPU]             0.1 s
        complete (MPI)       [IO]              4.3 s
        wdesc (Wsub+reds)    [CPU]             0.4 s
        (other)              [CPU]             1.0 s
      [kern] executor reductions (all phases): res-zero 0.0 · gather 23.7 · reduce 42.5 · accumulate 1.4 s
      sys                    [CPU]             1.1 s
      env                    [CPU]             2.4 s
      compPQ-form            [CPU]             0.9 s
        bsblock              [CPU]             0.3 s
        match                [CPU]             0.5 s
          pump (src dedup)   [CPU]             0.3 s
          emit (owned)       [CPU]             0.1 s
          (other)            [CPU]             0.1 s
      assembly               [CPU]             0.3 s
      compS-form-gpu (MPI)   [GPU·CPU·IO]   103.9 s   (GPU 40.0 · IO 21.6 · CPU 42.3)
        bsblock (store walk) [CPU]             0.4 s
        recipe (host,replic) [CPU]             1.1 s
        form (gpu+D2H)       [GPU·IO]        85.5 s
        reduce (NCCL/host)   [IO]              5.3 s
        unpack (D2H)         [CPU·IO]        11.5 s
        (other)              [CPU]             0.1 s
      (other)                [CPU]             0.5 s
    matvec                   [GPU·CPU·IO]   476.2 s   (GPU 416.0 · IO 0.0 · CPU 60.2)
      gemm                   [GPU]           362.4 s   (118.32 TFLOPS total · 29.58/GPU)
      kern                   [GPU]            53.7 s
      host                   [CPU]            60.2 s
        planEnum             [CPU]             4.2 s
        ctorAlloc(upload)    [CPU·IO]        13.2 s
        ctorGroup            [CPU]             0.6 s
        ctorForm             [GPU]             1.1 s
        (other)              [CPU]            41.1 s
    decimate                 [CPU]            37.6 s
      rho (dist)             [CPU]             8.2 s
      eigh (dist)            [CPU]            18.8 s
      share (MPI wait)       [CPU·IO]         8.5 s
      select+assemble        [CPU]             0.7 s
      (other)                [CPU]             1.4 s
    grow                     [GPU·CPU·IO]   197.2 s   (GPU 43.8 · IO 57.0 · CPU 96.4) · 112.80 TFLOPS total · 28.20/GPU
      gpu_proj (project)     [GPU·CPU·IO]   111.0 s
        recipe               [CPU]             0.6 s
        fap_exec             [GPU·IO]       103.3 s
        fap_merge            [CPU]             0.8 s
        fap_ctx              [CPU]             0.3 s
        fap_unpack           [CPU]             3.7 s
      reduceSH (MPI)         [CPU·IO]        10.3 s
        sync (hash+wait)     [CPU·IO]         7.6 s
        pack                 [CPU]             0.6 s
        xfer (NCCL/host)     [IO]              1.6 s
        unpack               [CPU]             0.4 s
      (other)                [CPU]            75.8 s
    predict                  [CPU]            24.5 s
    ooc                      [IO]              0.5 s
      load                   [IO]              0.5 s

################## Sweep 12/30 (backward) summary ##################
  Energy       -2987.5251668279 Ha
  dE vs prev sweep  -6.282e-05 Ha
  Discarded weight  2.161e-04  (max over this sweep's decimations)
  Rank 0: Host RAM sweep-peak 51014 MB · VmHWM 61393 MB   VRAM op-pool peak 30956 MB · total peak 61612 MB
  Rank 1: Host RAM sweep-peak 51558 MB · VmHWM 61592 MB   VRAM op-pool peak 31165 MB · total peak 61640 MB
  Rank 2: Host RAM sweep-peak 50803 MB · VmHWM 61160 MB   VRAM op-pool peak 30933 MB · total peak 61608 MB
  Rank 3: Host RAM sweep-peak 51705 MB · VmHWM 61586 MB   VRAM op-pool peak 31232 MB · total peak 61754 MB
  Block stores (peak bond, per rank): distributed A/B share 19258 MB (~K²M²/np) · owner cre/des 607 · S 303 MB (~KM²/np) · replicated floor 54 MB [stubs 3 (~KM) · H 51 (~M²)]
  OOC scratch  2032114 MB on disk  (sum over all ranks)
  Timings (wall 1065.0 s)
    build                    [CPU]           166.3 s
      formPQ                 [GPU·CPU·IO]    57.3 s   (GPU 5.6 · IO 18.8 · CPU 32.8)
        exec-gemm            [GPU]             1.3 s   (72.34 TFLOPS total · 18.08/GPU)
        exec-kern            [GPU]             4.3 s
        transfer             [IO]             18.8 s
        exec-hostprep        [CPU]            26.4 s
        prep (W+layout)      [CPU]             0.1 s
        complete (MPI)       [IO]              4.9 s
        wdesc (Wsub+reds)    [CPU]             0.4 s
        (other)              [CPU]             1.0 s
      [kern] executor reductions (all phases): res-zero 0.0 · gather 22.6 · reduce 42.5 · accumulate 1.4 s
      sys                    [CPU]             2.4 s
      env                    [CPU]             1.1 s
      compPQ-form            [CPU]             0.9 s
        bsblock              [CPU]             0.3 s
        match                [CPU]             0.5 s
          pump (src dedup)   [CPU]             0.3 s
          emit (owned)       [CPU]             0.1 s
          (other)            [CPU]             0.1 s
      assembly               [CPU]             0.3 s
      compS-form-gpu (MPI)   [GPU·CPU·IO]   103.8 s   (GPU 40.0 · IO 22.4 · CPU 41.3)
        bsblock (store walk) [CPU]             0.4 s
        recipe (host,replic) [CPU]             1.1 s
        form (gpu+D2H)       [GPU·IO]        85.9 s
        reduce (NCCL/host)   [IO]              4.7 s
        unpack (D2H)         [CPU·IO]        11.6 s
        (other)              [CPU]             0.1 s
      (other)                [CPU]             0.5 s
    matvec                   [GPU·CPU·IO]   488.6 s   (GPU 428.3 · IO 0.0 · CPU 60.3)
      gemm                   [GPU]           373.3 s   (118.59 TFLOPS total · 29.65/GPU)
      kern                   [GPU]            55.1 s
      host                   [CPU]            60.3 s
        planEnum             [CPU]             4.2 s
        ctorAlloc(upload)    [CPU·IO]        13.4 s
        ctorGroup            [CPU]             0.6 s
        ctorForm             [GPU]             1.1 s
        (other)              [CPU]            40.9 s
    decimate                 [CPU]            38.1 s
      rho (dist)             [CPU]             6.6 s
      eigh (dist)            [CPU]            18.2 s
      share (MPI wait)       [CPU·IO]        11.3 s
      select+assemble        [CPU]             0.7 s
      (other)                [CPU]             1.3 s
    grow                     [GPU·CPU·IO]   193.1 s   (GPU 41.6 · IO 53.6 · CPU 97.9) · 115.51 TFLOPS total · 28.88/GPU
      gpu_proj (project)     [GPU·CPU·IO]   105.5 s
        recipe               [CPU]             0.6 s
        fap_exec             [GPU·IO]        97.7 s
        fap_merge            [CPU]             0.8 s
        fap_ctx              [CPU]             0.3 s
        fap_unpack           [CPU]             3.6 s
      reduceSH (MPI)         [CPU·IO]        12.1 s
        sync (hash+wait)     [CPU·IO]         9.4 s
        pack                 [CPU]             0.7 s
        xfer (NCCL/host)     [IO]              1.6 s
        unpack               [CPU]             0.4 s
      (other)                [CPU]            75.5 s
    predict                  [CPU]            19.3 s
    ooc                      [IO]              0.5 s
      load                   [IO]              0.5 s

################## Sweep 13/30 (forward) summary ##################
  Energy       -2987.5252374751 Ha
  dE vs prev sweep  -7.065e-05 Ha
  Discarded weight  2.175e-04  (max over this sweep's decimations)
  Rank 0: Host RAM sweep-peak 50580 MB · VmHWM 61437 MB   VRAM op-pool peak 30956 MB · total peak 61612 MB
  Rank 1: Host RAM sweep-peak 50223 MB · VmHWM 61592 MB   VRAM op-pool peak 31165 MB · total peak 61640 MB
  Rank 2: Host RAM sweep-peak 50717 MB · VmHWM 61302 MB   VRAM op-pool peak 30933 MB · total peak 61608 MB
  Rank 3: Host RAM sweep-peak 50542 MB · VmHWM 61622 MB   VRAM op-pool peak 31232 MB · total peak 61754 MB
  Block stores (peak bond, per rank): distributed A/B share 19371 MB (~K²M²/np) · owner cre/des 606 · S 303 MB (~KM²/np) · replicated floor 55 MB [stubs 3 (~KM) · H 52 (~M²)]
  OOC scratch  2066293 MB on disk  (sum over all ranks)
  Timings (wall 1064.4 s)
    build                    [CPU]           167.9 s
      formPQ                 [GPU·CPU·IO]    58.9 s   (GPU 5.6 · IO 18.2 · CPU 35.1)
        exec-gemm            [GPU]             1.3 s   (72.06 TFLOPS total · 18.01/GPU)
        exec-kern            [GPU]             4.3 s
        transfer             [IO]             18.2 s
        exec-hostprep        [CPU]            25.6 s
        prep (W+layout)      [CPU]             0.1 s
        complete (MPI)       [IO]              7.9 s
        wdesc (Wsub+reds)    [CPU]             0.4 s
        (other)              [CPU]             1.0 s
      [kern] executor reductions (all phases): res-zero 0.0 · gather 23.7 · reduce 42.5 · accumulate 1.4 s
      sys                    [CPU]             1.1 s
      env                    [CPU]             2.1 s
      compPQ-form            [CPU]             0.9 s
        bsblock              [CPU]             0.3 s
        match                [CPU]             0.5 s
          pump (src dedup)   [CPU]             0.3 s
          emit (owned)       [CPU]             0.1 s
          (other)            [CPU]             0.1 s
      assembly               [CPU]             0.3 s
      compS-form-gpu (MPI)   [GPU·CPU·IO]   104.0 s   (GPU 40.0 · IO 21.8 · CPU 42.2)
        bsblock (store walk) [CPU]             0.5 s
        recipe (host,replic) [CPU]             1.1 s
        form (gpu+D2H)       [GPU·IO]        85.7 s
        reduce (NCCL/host)   [IO]              5.1 s
        unpack (D2H)         [CPU·IO]        11.5 s
        (other)              [CPU]             0.1 s
      (other)                [CPU]             0.5 s
    matvec                   [GPU·CPU·IO]   475.9 s   (GPU 415.4 · IO 0.0 · CPU 60.5)
      gemm                   [GPU]           361.8 s   (118.55 TFLOPS total · 29.64/GPU)
      kern                   [GPU]            53.6 s
      host                   [CPU]            60.5 s
        planEnum             [CPU]             4.2 s
        ctorAlloc(upload)    [CPU·IO]        13.0 s
        ctorGroup            [CPU]             0.6 s
        ctorForm             [GPU]             1.1 s
        (other)              [CPU]            41.6 s
    decimate                 [CPU]            37.8 s
      rho (dist)             [CPU]             8.1 s
      eigh (dist)            [CPU]            18.7 s
      share (MPI wait)       [CPU·IO]         8.7 s
      select+assemble        [CPU]             0.7 s
      (other)                [CPU]             1.6 s
    grow                     [GPU·CPU·IO]   198.9 s   (GPU 43.7 · IO 57.4 · CPU 97.8) · 112.76 TFLOPS total · 28.19/GPU
      gpu_proj (project)     [GPU·CPU·IO]   111.6 s
        recipe               [CPU]             0.6 s
        fap_exec             [GPU·IO]       103.8 s
        fap_merge            [CPU]             0.8 s
        fap_ctx              [CPU]             0.3 s
        fap_unpack           [CPU]             3.7 s
      reduceSH (MPI)         [CPU·IO]        10.7 s
        sync (hash+wait)     [CPU·IO]         8.0 s
        pack                 [CPU]             0.6 s
        xfer (NCCL/host)     [IO]              1.6 s
        unpack               [CPU]             0.4 s
      (other)                [CPU]            76.6 s
    predict                  [CPU]            25.1 s
    ooc                      [IO]              0.5 s
      load                   [IO]              0.5 s

################## Sweep 14/30 (backward) summary ##################
  Energy       -2987.5252769848 Ha
  dE vs prev sweep  -3.951e-05 Ha
  Discarded weight  2.177e-04  (max over this sweep's decimations)
  Rank 0: Host RAM sweep-peak 50287 MB · VmHWM 61437 MB   VRAM op-pool peak 30956 MB · total peak 61612 MB
  Rank 1: Host RAM sweep-peak 50713 MB · VmHWM 61592 MB   VRAM op-pool peak 31165 MB · total peak 61640 MB
  Rank 2: Host RAM sweep-peak 50369 MB · VmHWM 61302 MB   VRAM op-pool peak 30933 MB · total peak 61608 MB
  Rank 3: Host RAM sweep-peak 50876 MB · VmHWM 61622 MB   VRAM op-pool peak 31232 MB · total peak 61754 MB
  Block stores (peak bond, per rank): distributed A/B share 19283 MB (~K²M²/np) · owner cre/des 605 · S 302 MB (~KM²/np) · replicated floor 55 MB [stubs 3 (~KM) · H 52 (~M²)]
  OOC scratch  2042565 MB on disk  (sum over all ranks)
  Timings (wall 1059.4 s)
    build                    [CPU]           167.3 s
      formPQ                 [GPU·CPU·IO]    58.0 s   (GPU 5.7 · IO 18.8 · CPU 33.5)
        exec-gemm            [GPU]             1.3 s   (72.09 TFLOPS total · 18.02/GPU)
        exec-kern            [GPU]             4.3 s
        transfer             [IO]             18.8 s
        exec-hostprep        [CPU]            25.5 s
        prep (W+layout)      [CPU]             0.1 s
        complete (MPI)       [IO]              6.5 s
        wdesc (Wsub+reds)    [CPU]             0.4 s
        (other)              [CPU]             1.0 s
      [kern] executor reductions (all phases): res-zero 0.0 · gather 22.6 · reduce 42.5 · accumulate 1.4 s
      sys                    [CPU]             2.3 s
      env                    [CPU]             1.1 s
      compPQ-form            [CPU]             0.9 s
        bsblock              [CPU]             0.2 s
        match                [CPU]             0.5 s
          pump (src dedup)   [CPU]             0.3 s
          emit (owned)       [CPU]             0.1 s
          (other)            [CPU]             0.1 s
      assembly               [CPU]             0.3 s
      compS-form-gpu (MPI)   [GPU·CPU·IO]   104.2 s   (GPU 40.0 · IO 22.4 · CPU 41.8)
        bsblock (store walk) [CPU]             0.4 s
        recipe (host,replic) [CPU]             1.1 s
        form (gpu+D2H)       [GPU·IO]        85.8 s
        reduce (NCCL/host)   [IO]              5.3 s
        unpack (D2H)         [CPU·IO]        11.5 s
        (other)              [CPU]             0.1 s
      (other)                [CPU]             0.5 s
    matvec                   [GPU·CPU·IO]   485.2 s   (GPU 424.6 · IO 0.0 · CPU 60.6)
      gemm                   [GPU]           369.6 s   (119.22 TFLOPS total · 29.80/GPU)
      kern                   [GPU]            55.0 s
      host                   [CPU]            60.6 s
        planEnum             [CPU]             4.2 s
        ctorAlloc(upload)    [CPU·IO]        13.6 s
        ctorGroup            [CPU]             0.6 s
        ctorForm             [GPU]             1.1 s
        (other)              [CPU]            41.0 s
    decimate                 [CPU]            38.1 s
      rho (dist)             [CPU]             6.7 s
      eigh (dist)            [CPU]            18.4 s
      share (MPI wait)       [CPU·IO]        11.0 s
      select+assemble        [CPU]             0.7 s
      (other)                [CPU]             1.4 s
    grow                     [GPU·CPU·IO]   191.3 s   (GPU 41.6 · IO 54.0 · CPU 95.8) · 115.53 TFLOPS total · 28.88/GPU
      gpu_proj (project)     [GPU·CPU·IO]   106.0 s
        recipe               [CPU]             0.6 s
        fap_exec             [GPU·IO]        98.1 s
        fap_merge            [CPU]             0.8 s
        fap_ctx              [CPU]             0.3 s
        fap_unpack           [CPU]             3.6 s
      reduceSH (MPI)         [CPU·IO]        10.2 s
        sync (hash+wait)     [CPU·IO]         7.5 s
        pack                 [CPU]             0.7 s
        xfer (NCCL/host)     [IO]              1.6 s
        unpack               [CPU]             0.4 s
      (other)                [CPU]            75.1 s
    predict                  [CPU]            18.6 s
    ooc                      [IO]              0.5 s
      load                   [IO]              0.5 s

################## Sweep 15/30 (forward) summary ##################
  Energy       -2987.5253243012 Ha
  dE vs prev sweep  -4.732e-05 Ha
  Discarded weight  2.191e-04  (max over this sweep's decimations)
  Rank 0: Host RAM sweep-peak 50155 MB · VmHWM 61437 MB   VRAM op-pool peak 30956 MB · total peak 61612 MB
  Rank 1: Host RAM sweep-peak 49773 MB · VmHWM 61592 MB   VRAM op-pool peak 31165 MB · total peak 61640 MB
  Rank 2: Host RAM sweep-peak 50097 MB · VmHWM 61302 MB   VRAM op-pool peak 30933 MB · total peak 61608 MB
  Rank 3: Host RAM sweep-peak 50173 MB · VmHWM 61622 MB   VRAM op-pool peak 31232 MB · total peak 61754 MB
  Block stores (peak bond, per rank): distributed A/B share 19206 MB (~K²M²/np) · owner cre/des 605 · S 302 MB (~KM²/np) · replicated floor 55 MB [stubs 3 (~KM) · H 52 (~M²)]
  OOC scratch  2072605 MB on disk  (sum over all ranks)
  Timings (wall 1057.7 s)
    build                    [CPU]           167.3 s
      formPQ                 [GPU·CPU·IO]    59.0 s   (GPU 5.7 · IO 18.1 · CPU 35.2)
        exec-gemm            [GPU]             1.3 s   (72.42 TFLOPS total · 18.11/GPU)
        exec-kern            [GPU]             4.3 s
        transfer             [IO]             18.1 s
        exec-hostprep        [CPU]            25.0 s
        prep (W+layout)      [CPU]             0.1 s
        complete (MPI)       [IO]              8.7 s
        wdesc (Wsub+reds)    [CPU]             0.4 s
        (other)              [CPU]             1.0 s
      [kern] executor reductions (all phases): res-zero 0.0 · gather 23.7 · reduce 42.5 · accumulate 1.5 s
      sys                    [CPU]             1.1 s
      env                    [CPU]             2.3 s
      compPQ-form            [CPU]             0.9 s
        bsblock              [CPU]             0.3 s
        match                [CPU]             0.5 s
          pump (src dedup)   [CPU]             0.3 s
          emit (owned)       [CPU]             0.1 s
          (other)            [CPU]             0.1 s
      assembly               [CPU]             0.3 s
      compS-form-gpu (MPI)   [GPU·CPU·IO]   103.1 s   (GPU 40.0 · IO 21.7 · CPU 41.4)
        bsblock (store walk) [CPU]             0.4 s
        recipe (host,replic) [CPU]             1.1 s
        form (gpu+D2H)       [GPU·IO]        84.4 s
        reduce (NCCL/host)   [IO]              5.6 s
        unpack (D2H)         [CPU·IO]        11.5 s
        (other)              [CPU]             0.1 s
      (other)                [CPU]             0.5 s
    matvec                   [GPU·CPU·IO]   472.0 s   (GPU 411.9 · IO 0.0 · CPU 60.1)
      gemm                   [GPU]           358.6 s   (119.09 TFLOPS total · 29.77/GPU)
      kern                   [GPU]            53.4 s
      host                   [CPU]            60.1 s
        planEnum             [CPU]             4.2 s
        ctorAlloc(upload)    [CPU·IO]        12.9 s
        ctorGroup            [CPU]             0.6 s
        ctorForm             [GPU]             1.1 s
        (other)              [CPU]            41.3 s
    decimate                 [CPU]            37.5 s
      rho (dist)             [CPU]             8.1 s
      eigh (dist)            [CPU]            18.4 s
      share (MPI wait)       [CPU·IO]         8.8 s
      select+assemble        [CPU]             0.7 s
      (other)                [CPU]             1.4 s
    grow                     [GPU·CPU·IO]   197.7 s   (GPU 43.6 · IO 57.8 · CPU 96.3) · 112.56 TFLOPS total · 28.14/GPU
      gpu_proj (project)     [GPU·CPU·IO]   112.0 s
        recipe               [CPU]             0.6 s
        fap_exec             [GPU·IO]       104.1 s
        fap_merge            [CPU]             0.8 s
        fap_ctx              [CPU]             0.3 s
        fap_unpack           [CPU]             3.6 s
      reduceSH (MPI)         [CPU·IO]        10.5 s
        sync (hash+wait)     [CPU·IO]         7.8 s
        pack                 [CPU]             0.7 s
        xfer (NCCL/host)     [IO]              1.6 s
        unpack               [CPU]             0.4 s
      (other)                [CPU]            75.2 s
    predict                  [CPU]            24.6 s
    ooc                      [IO]              0.5 s
      load                   [IO]              0.4 s

################## Sweep 16/30 (backward) summary ##################
  Energy       -2987.5253496853 Ha
  dE vs prev sweep  -2.538e-05 Ha
  Discarded weight  2.193e-04  (max over this sweep's decimations)
  Rank 0: Host RAM sweep-peak 50796 MB · VmHWM 61437 MB   VRAM op-pool peak 30967 MB · total peak 61612 MB
  Rank 1: Host RAM sweep-peak 51263 MB · VmHWM 61592 MB   VRAM op-pool peak 31176 MB · total peak 61640 MB
  Rank 2: Host RAM sweep-peak 50852 MB · VmHWM 61302 MB   VRAM op-pool peak 30944 MB · total peak 61608 MB
  Rank 3: Host RAM sweep-peak 51397 MB · VmHWM 61622 MB   VRAM op-pool peak 31244 MB · total peak 61754 MB
  Block stores (peak bond, per rank): distributed A/B share 19188 MB (~K²M²/np) · owner cre/des 605 · S 302 MB (~KM²/np) · replicated floor 55 MB [stubs 3 (~KM) · H 51 (~M²)]
  OOC scratch  2044134 MB on disk  (sum over all ranks)
  Timings (wall 1055.9 s)
    build                    [CPU]           166.5 s
      formPQ                 [GPU·CPU·IO]    57.3 s   (GPU 5.7 · IO 18.6 · CPU 33.0)
        exec-gemm            [GPU]             1.3 s   (72.32 TFLOPS total · 18.08/GPU)
        exec-kern            [GPU]             4.3 s
        transfer             [IO]             18.6 s
        exec-hostprep        [CPU]            26.0 s
        prep (W+layout)      [CPU]             0.1 s
        complete (MPI)       [IO]              5.5 s
        wdesc (Wsub+reds)    [CPU]             0.4 s
        (other)              [CPU]             1.0 s
      [kern] executor reductions (all phases): res-zero 0.0 · gather 22.6 · reduce 42.5 · accumulate 1.5 s
      sys                    [CPU]             2.4 s
      env                    [CPU]             1.1 s
      compPQ-form            [CPU]             0.9 s
        bsblock              [CPU]             0.3 s
        match                [CPU]             0.5 s
          pump (src dedup)   [CPU]             0.3 s
          emit (owned)       [CPU]             0.1 s
          (other)            [CPU]             0.1 s
      assembly               [CPU]             0.3 s
      compS-form-gpu (MPI)   [GPU·CPU·IO]   104.0 s   (GPU 40.0 · IO 22.4 · CPU 41.6)
        bsblock (store walk) [CPU]             0.4 s
        recipe (host,replic) [CPU]             1.1 s
        form (gpu+D2H)       [GPU·IO]        85.9 s
        reduce (NCCL/host)   [IO]              5.0 s
        unpack (D2H)         [CPU·IO]        11.5 s
        (other)              [CPU]             0.1 s
      (other)                [CPU]             0.5 s
    matvec                   [GPU·CPU·IO]   479.1 s   (GPU 419.2 · IO 0.0 · CPU 59.8)
      gemm                   [GPU]           364.9 s   (119.45 TFLOPS total · 29.86/GPU)
      kern                   [GPU]            54.3 s
      host                   [CPU]            59.8 s
        planEnum             [CPU]             4.2 s
        ctorAlloc(upload)    [CPU·IO]        13.7 s
        ctorGroup            [CPU]             0.6 s
        ctorForm             [GPU]             1.1 s
        (other)              [CPU]            40.1 s
    decimate                 [CPU]            38.0 s
      rho (dist)             [CPU]             6.7 s
      eigh (dist)            [CPU]            18.3 s
      share (MPI wait)       [CPU·IO]        10.8 s
      select+assemble        [CPU]             0.8 s
      (other)                [CPU]             1.4 s
    grow                     [GPU·CPU·IO]   194.6 s   (GPU 41.6 · IO 54.2 · CPU 98.7) · 115.91 TFLOPS total · 28.98/GPU
      gpu_proj (project)     [GPU·CPU·IO]   106.4 s
        recipe               [CPU]             0.6 s
        fap_exec             [GPU·IO]        98.4 s
        fap_merge            [CPU]             0.8 s
        fap_ctx              [CPU]             0.3 s
        fap_unpack           [CPU]             3.6 s
      reduceSH (MPI)         [CPU·IO]        12.1 s
        sync (hash+wait)     [CPU·IO]         9.4 s
        pack                 [CPU]             0.7 s
        xfer (NCCL/host)     [IO]              1.6 s
        unpack               [CPU]             0.4 s
      (other)                [CPU]            76.1 s
    predict                  [CPU]            18.6 s
    ooc                      [IO]              0.5 s
      load                   [IO]              0.5 s

################## Sweep 17/30 (forward) summary ##################
  Energy       -2987.5253810399 Ha
  dE vs prev sweep  -3.135e-05 Ha
  Discarded weight  2.199e-04  (max over this sweep's decimations)
  Rank 0: Host RAM sweep-peak 51320 MB · VmHWM 61437 MB   VRAM op-pool peak 30967 MB · total peak 61612 MB
  Rank 1: Host RAM sweep-peak 50793 MB · VmHWM 61592 MB   VRAM op-pool peak 31176 MB · total peak 61640 MB
  Rank 2: Host RAM sweep-peak 51255 MB · VmHWM 61302 MB   VRAM op-pool peak 30944 MB · total peak 61608 MB
  Rank 3: Host RAM sweep-peak 51191 MB · VmHWM 61622 MB   VRAM op-pool peak 31244 MB · total peak 61754 MB
  Block stores (peak bond, per rank): distributed A/B share 19427 MB (~K²M²/np) · owner cre/des 605 · S 302 MB (~KM²/np) · replicated floor 55 MB [stubs 3 (~KM) · H 51 (~M²)]
  OOC scratch  2070537 MB on disk  (sum over all ranks)
  Timings (wall 1056.2 s)
    build                    [CPU]           168.0 s
      formPQ                 [GPU·CPU·IO]    59.0 s   (GPU 5.7 · IO 18.0 · CPU 35.3)
        exec-gemm            [GPU]             1.3 s   (72.07 TFLOPS total · 18.02/GPU)
        exec-kern            [GPU]             4.3 s
        transfer             [IO]             18.0 s
        exec-hostprep        [CPU]            26.6 s
        prep (W+layout)      [CPU]             0.1 s
        complete (MPI)       [IO]              7.1 s
        wdesc (Wsub+reds)    [CPU]             0.4 s
        (other)              [CPU]             1.0 s
      [kern] executor reductions (all phases): res-zero 0.0 · gather 23.7 · reduce 42.5 · accumulate 1.5 s
      sys                    [CPU]             1.1 s
      env                    [CPU]             2.3 s
      compPQ-form            [CPU]             0.9 s
        bsblock              [CPU]             0.3 s
        match                [CPU]             0.5 s
          pump (src dedup)   [CPU]             0.3 s
          emit (owned)       [CPU]             0.1 s
          (other)            [CPU]             0.1 s
      assembly               [CPU]             0.3 s
      compS-form-gpu (MPI)   [GPU·CPU·IO]   103.9 s   (GPU 40.1 · IO 21.7 · CPU 42.2)
        bsblock (store walk) [CPU]             0.4 s
        recipe (host,replic) [CPU]             1.1 s
        form (gpu+D2H)       [GPU·IO]        85.7 s
        reduce (NCCL/host)   [IO]              5.1 s
        unpack (D2H)         [CPU·IO]        11.5 s
        (other)              [CPU]             0.1 s
      (other)                [CPU]             0.5 s
    matvec                   [GPU·CPU·IO]   470.6 s   (GPU 410.4 · IO 0.0 · CPU 60.2)
      gemm                   [GPU]           357.1 s   (119.54 TFLOPS total · 29.89/GPU)
      kern                   [GPU]            53.3 s
      host                   [CPU]            60.2 s
        planEnum             [CPU]             4.2 s
        ctorAlloc(upload)    [CPU·IO]        13.0 s
        ctorGroup            [CPU]             0.6 s
        ctorForm             [GPU]             1.1 s
        (other)              [CPU]            41.2 s
    decimate                 [CPU]            37.7 s
      rho (dist)             [CPU]             8.1 s
      eigh (dist)            [CPU]            18.7 s
      share (MPI wait)       [CPU·IO]         8.7 s
      select+assemble        [CPU]             0.7 s
      (other)                [CPU]             1.5 s
    grow                     [GPU·CPU·IO]   197.2 s   (GPU 43.8 · IO 57.6 · CPU 95.8) · 113.16 TFLOPS total · 28.29/GPU
      gpu_proj (project)     [GPU·CPU·IO]   112.0 s
        recipe               [CPU]             0.6 s
        fap_exec             [GPU·IO]       104.0 s
        fap_merge            [CPU]             0.8 s
        fap_ctx              [CPU]             0.3 s
        fap_unpack           [CPU]             3.7 s
      reduceSH (MPI)         [CPU·IO]         8.6 s
        sync (hash+wait)     [CPU·IO]         6.0 s
        pack                 [CPU]             0.7 s
        xfer (NCCL/host)     [IO]              1.6 s
        unpack               [CPU]             0.4 s
      (other)                [CPU]            76.6 s
    predict                  [CPU]            24.5 s
    ooc                      [IO]              0.5 s
      load                   [IO]              0.5 s

################## Sweep 18/30 (backward) summary ##################
  Energy       -2987.5254028816 Ha
  dE vs prev sweep  -2.184e-05 Ha
  Discarded weight  2.201e-04  (max over this sweep's decimations)
  Rank 0: Host RAM sweep-peak 50473 MB · VmHWM 61437 MB   VRAM op-pool peak 30981 MB · total peak 61612 MB
  Rank 1: Host RAM sweep-peak 50925 MB · VmHWM 61592 MB   VRAM op-pool peak 31189 MB · total peak 61640 MB
  Rank 2: Host RAM sweep-peak 50428 MB · VmHWM 61302 MB   VRAM op-pool peak 30958 MB · total peak 61608 MB
  Rank 3: Host RAM sweep-peak 51015 MB · VmHWM 61622 MB   VRAM op-pool peak 31257 MB · total peak 61754 MB
  Block stores (peak bond, per rank): distributed A/B share 19376 MB (~K²M²/np) · owner cre/des 605 · S 302 MB (~KM²/np) · replicated floor 54 MB [stubs 3 (~KM) · H 51 (~M²)]
  OOC scratch  2042128 MB on disk  (sum over all ranks)
  Timings (wall 1051.7 s)
    build                    [CPU]           165.7 s
      formPQ                 [GPU·CPU·IO]    56.8 s   (GPU 5.7 · IO 18.7 · CPU 32.5)
        exec-gemm            [GPU]             1.3 s   (71.59 TFLOPS total · 17.90/GPU)
        exec-kern            [GPU]             4.4 s
        transfer             [IO]             18.7 s
        exec-hostprep        [CPU]            26.2 s
        prep (W+layout)      [CPU]             0.1 s
        complete (MPI)       [IO]              4.8 s
        wdesc (Wsub+reds)    [CPU]             0.4 s
        (other)              [CPU]             1.0 s
      [kern] executor reductions (all phases): res-zero 0.0 · gather 22.6 · reduce 42.5 · accumulate 1.5 s
      sys                    [CPU]             2.2 s
      env                    [CPU]             1.1 s
      compPQ-form            [CPU]             0.9 s
        bsblock              [CPU]             0.3 s
        match                [CPU]             0.5 s
          pump (src dedup)   [CPU]             0.3 s
          emit (owned)       [CPU]             0.1 s
          (other)            [CPU]             0.1 s
      assembly               [CPU]             0.3 s
      compS-form-gpu (MPI)   [GPU·CPU·IO]   103.8 s   (GPU 40.0 · IO 22.3 · CPU 41.5)
        bsblock (store walk) [CPU]             0.4 s
        recipe (host,replic) [CPU]             1.1 s
        form (gpu+D2H)       [GPU·IO]        85.7 s
        reduce (NCCL/host)   [IO]              4.8 s
        unpack (D2H)         [CPU·IO]        11.7 s
        (other)              [CPU]             0.1 s
      (other)                [CPU]             0.5 s
    matvec                   [GPU·CPU·IO]   476.7 s   (GPU 416.9 · IO 0.0 · CPU 59.8)
      gemm                   [GPU]           362.7 s   (120.05 TFLOPS total · 30.01/GPU)
      kern                   [GPU]            54.2 s
      host                   [CPU]            59.8 s
        planEnum             [CPU]             4.2 s
        ctorAlloc(upload)    [CPU·IO]        13.4 s
        ctorGroup            [CPU]             0.7 s
        ctorForm             [GPU]             1.1 s
        (other)              [CPU]            40.3 s
    decimate                 [CPU]            38.2 s
      rho (dist)             [CPU]             6.6 s
      eigh (dist)            [CPU]            18.5 s
      share (MPI wait)       [CPU·IO]        10.9 s
      select+assemble        [CPU]             0.8 s
      (other)                [CPU]             1.5 s
    grow                     [GPU·CPU·IO]   192.2 s   (GPU 41.5 · IO 54.0 · CPU 96.7) · 115.52 TFLOPS total · 28.88/GPU
      gpu_proj (project)     [GPU·CPU·IO]   106.0 s
        recipe               [CPU]             0.6 s
        fap_exec             [GPU·IO]        98.1 s
        fap_merge            [CPU]             0.8 s
        fap_ctx              [CPU]             0.3 s
        fap_unpack           [CPU]             3.6 s
      reduceSH (MPI)         [CPU·IO]        11.2 s
        sync (hash+wait)     [CPU·IO]         8.6 s
        pack                 [CPU]             0.7 s
        xfer (NCCL/host)     [IO]              1.6 s
        unpack               [CPU]             0.4 s
      (other)                [CPU]            75.0 s
    predict                  [CPU]            18.6 s
    ooc                      [IO]              0.5 s
      load                   [IO]              0.5 s

################## Sweep 19/30 (forward) summary ##################
  Energy       -2987.5254370520 Ha
  dE vs prev sweep  -3.417e-05 Ha
  Discarded weight  2.209e-04  (max over this sweep's decimations)
  Rank 0: Host RAM sweep-peak 50568 MB · VmHWM 61437 MB   VRAM op-pool peak 30981 MB · total peak 61612 MB
  Rank 1: Host RAM sweep-peak 50321 MB · VmHWM 61592 MB   VRAM op-pool peak 31189 MB · total peak 61640 MB
  Rank 2: Host RAM sweep-peak 50764 MB · VmHWM 61302 MB   VRAM op-pool peak 30958 MB · total peak 61608 MB
  Rank 3: Host RAM sweep-peak 50560 MB · VmHWM 61622 MB   VRAM op-pool peak 31257 MB · total peak 61754 MB
  Block stores (peak bond, per rank): distributed A/B share 19220 MB (~K²M²/np) · owner cre/des 605 · S 302 MB (~KM²/np) · replicated floor 54 MB [stubs 3 (~KM) · H 51 (~M²)]
  OOC scratch  2047496 MB on disk  (sum over all ranks)
  Timings (wall 1058.2 s)
    build                    [CPU]           169.0 s
      formPQ                 [GPU·CPU·IO]    60.6 s   (GPU 5.7 · IO 18.1 · CPU 36.8)
        exec-gemm            [GPU]             1.3 s   (71.78 TFLOPS total · 17.94/GPU)
        exec-kern            [GPU]             4.3 s
        transfer             [IO]             18.1 s
        exec-hostprep        [CPU]            25.7 s
        prep (W+layout)      [CPU]             0.1 s
        complete (MPI)       [IO]              9.6 s
        wdesc (Wsub+reds)    [CPU]             0.4 s
        (other)              [CPU]             1.0 s
      [kern] executor reductions (all phases): res-zero 0.0 · gather 23.7 · reduce 42.5 · accumulate 1.5 s
      sys                    [CPU]             1.1 s
      env                    [CPU]             2.5 s
      compPQ-form            [CPU]             0.9 s
        bsblock              [CPU]             0.3 s
        match                [CPU]             0.5 s
          pump (src dedup)   [CPU]             0.3 s
          emit (owned)       [CPU]             0.1 s
          (other)            [CPU]             0.1 s
      assembly               [CPU]             0.3 s
      compS-form-gpu (MPI)   [GPU·CPU·IO]   103.1 s   (GPU 40.0 · IO 21.6 · CPU 41.4)
        bsblock (store walk) [CPU]             0.4 s
        recipe (host,replic) [CPU]             1.1 s
        form (gpu+D2H)       [GPU·IO]        84.4 s
        reduce (NCCL/host)   [IO]              5.4 s
        unpack (D2H)         [CPU·IO]        11.6 s
        (other)              [CPU]             0.1 s
      (other)                [CPU]             0.5 s
    matvec                   [GPU·CPU·IO]   470.8 s   (GPU 410.4 · IO 0.0 · CPU 60.4)
      gemm                   [GPU]           356.9 s   (119.89 TFLOPS total · 29.97/GPU)
      kern                   [GPU]            53.4 s
      host                   [CPU]            60.4 s
        planEnum             [CPU]             4.2 s
        ctorAlloc(upload)    [CPU·IO]        12.9 s
        ctorGroup            [CPU]             0.6 s
        ctorForm             [GPU]             1.1 s
        (other)              [CPU]            41.6 s
    decimate                 [CPU]            37.4 s
      rho (dist)             [CPU]             8.0 s
      eigh (dist)            [CPU]            18.5 s
      share (MPI wait)       [CPU·IO]         8.7 s
      select+assemble        [CPU]             0.7 s
      (other)                [CPU]             1.5 s
    grow                     [GPU·CPU·IO]   198.9 s   (GPU 43.6 · IO 56.8 · CPU 98.5) · 113.04 TFLOPS total · 28.26/GPU
      gpu_proj (project)     [GPU·CPU·IO]   110.9 s
        recipe               [CPU]             0.6 s
        fap_exec             [GPU·IO]       103.0 s
        fap_merge            [CPU]             0.8 s
        fap_ctx              [CPU]             0.3 s
        fap_unpack           [CPU]             3.6 s
      reduceSH (MPI)         [CPU·IO]        11.0 s
        sync (hash+wait)     [CPU·IO]         8.3 s
        pack                 [CPU]             0.7 s
        xfer (NCCL/host)     [IO]              1.6 s
        unpack               [CPU]             0.4 s
      (other)                [CPU]            77.1 s
    predict                  [CPU]            25.2 s
    ooc                      [IO]              0.5 s
      load                   [IO]              0.5 s

################## Sweep 20/30 (backward) summary ##################
  Energy       -2987.5254581900 Ha
  dE vs prev sweep  -2.114e-05 Ha
  Discarded weight  2.210e-04  (max over this sweep's decimations)
  Rank 0: Host RAM sweep-peak 51159 MB · VmHWM 61437 MB   VRAM op-pool peak 30981 MB · total peak 61612 MB
  Rank 1: Host RAM sweep-peak 51702 MB · VmHWM 61592 MB   VRAM op-pool peak 31189 MB · total peak 61640 MB
  Rank 2: Host RAM sweep-peak 51360 MB · VmHWM 61302 MB   VRAM op-pool peak 30958 MB · total peak 61608 MB
  Rank 3: Host RAM sweep-peak 51910 MB · VmHWM 61622 MB   VRAM op-pool peak 31257 MB · total peak 61754 MB
  Block stores (peak bond, per rank): distributed A/B share 19094 MB (~K²M²/np) · owner cre/des 605 · S 302 MB (~KM²/np) · replicated floor 54 MB [stubs 3 (~KM) · H 51 (~M²)]
  OOC scratch  2030760 MB on disk  (sum over all ranks)
  Timings (wall 1051.3 s)
    build                    [CPU]           167.8 s
      formPQ                 [GPU·CPU·IO]    58.6 s   (GPU 5.7 · IO 18.7 · CPU 34.2)
        exec-gemm            [GPU]             1.3 s   (71.79 TFLOPS total · 17.95/GPU)
        exec-kern            [GPU]             4.4 s
        transfer             [IO]             18.7 s
        exec-hostprep        [CPU]            26.5 s
        prep (W+layout)      [CPU]             0.1 s
        complete (MPI)       [IO]              6.1 s
        wdesc (Wsub+reds)    [CPU]             0.4 s
        (other)              [CPU]             1.0 s
      [kern] executor reductions (all phases): res-zero 0.0 · gather 22.6 · reduce 42.5 · accumulate 1.5 s
      sys                    [CPU]             2.2 s
      env                    [CPU]             1.1 s
      compPQ-form            [CPU]             0.9 s
        bsblock              [CPU]             0.3 s
        match                [CPU]             0.5 s
          pump (src dedup)   [CPU]             0.3 s
          emit (owned)       [CPU]             0.1 s
          (other)            [CPU]             0.1 s
      assembly               [CPU]             0.3 s
      compS-form-gpu (MPI)   [GPU·CPU·IO]   104.2 s   (GPU 40.1 · IO 22.4 · CPU 41.7)
        bsblock (store walk) [CPU]             0.4 s
        recipe (host,replic) [CPU]             1.1 s
        form (gpu+D2H)       [GPU·IO]        85.8 s
        reduce (NCCL/host)   [IO]              5.3 s
        unpack (D2H)         [CPU·IO]        11.5 s
        (other)              [CPU]             0.1 s
      (other)                [CPU]             0.5 s
    matvec                   [GPU·CPU·IO]   474.8 s   (GPU 415.1 · IO 0.0 · CPU 59.7)
      gemm                   [GPU]           361.2 s   (120.10 TFLOPS total · 30.03/GPU)
      kern                   [GPU]            54.0 s
      host                   [CPU]            59.7 s
        planEnum             [CPU]             4.2 s
        ctorAlloc(upload)    [CPU·IO]        13.7 s
        ctorGroup            [CPU]             0.6 s
        ctorForm             [GPU]             1.1 s
        (other)              [CPU]            40.1 s
    decimate                 [CPU]            38.1 s
      rho (dist)             [CPU]             6.7 s
      eigh (dist)            [CPU]            18.3 s
      share (MPI wait)       [CPU·IO]        10.8 s
      select+assemble        [CPU]             0.7 s
      (other)                [CPU]             1.5 s
    grow                     [GPU·CPU·IO]   192.6 s   (GPU 41.6 · IO 54.1 · CPU 96.9) · 115.59 TFLOPS total · 28.90/GPU
      gpu_proj (project)     [GPU·CPU·IO]   106.2 s
        recipe               [CPU]             0.6 s
        fap_exec             [GPU·IO]        98.3 s
        fap_merge            [CPU]             0.8 s
        fap_ctx              [CPU]             0.3 s
        fap_unpack           [CPU]             3.6 s
      reduceSH (MPI)         [CPU·IO]        10.8 s
        sync (hash+wait)     [CPU·IO]         8.1 s
        pack                 [CPU]             0.7 s
        xfer (NCCL/host)     [IO]              1.6 s
        unpack               [CPU]             0.4 s
      (other)                [CPU]            75.7 s
    predict                  [CPU]            18.6 s
    ooc                      [IO]              0.4 s
      load                   [IO]              0.4 s

################## Sweep 21/30 (forward) summary ##################
  Energy       -2987.5254805767 Ha
  dE vs prev sweep  -2.239e-05 Ha
  Discarded weight  2.216e-04  (max over this sweep's decimations)
  Rank 0: Host RAM sweep-peak 50202 MB · VmHWM 61437 MB   VRAM op-pool peak 30981 MB · total peak 61612 MB
  Rank 1: Host RAM sweep-peak 49893 MB · VmHWM 61592 MB   VRAM op-pool peak 31189 MB · total peak 61640 MB
  Rank 2: Host RAM sweep-peak 50067 MB · VmHWM 61302 MB   VRAM op-pool peak 30958 MB · total peak 61608 MB
  Rank 3: Host RAM sweep-peak 50210 MB · VmHWM 61622 MB   VRAM op-pool peak 31257 MB · total peak 61754 MB
  Block stores (peak bond, per rank): distributed A/B share 19224 MB (~K²M²/np) · owner cre/des 605 · S 302 MB (~KM²/np) · replicated floor 54 MB [stubs 3 (~KM) · H 51 (~M²)]
  OOC scratch  2058678 MB on disk  (sum over all ranks)
  Timings (wall 1046.1 s)
    build                    [CPU]           164.1 s
      formPQ                 [GPU·CPU·IO]    56.3 s   (GPU 5.7 · IO 18.3 · CPU 32.3)
        exec-gemm            [GPU]             1.3 s   (71.55 TFLOPS total · 17.89/GPU)
        exec-kern            [GPU]             4.4 s
        transfer             [IO]             18.3 s
        exec-hostprep        [CPU]            26.6 s
        prep (W+layout)      [CPU]             0.1 s
        complete (MPI)       [IO]              4.1 s
        wdesc (Wsub+reds)    [CPU]             0.4 s
        (other)              [CPU]             1.0 s
      [kern] executor reductions (all phases): res-zero 0.0 · gather 23.7 · reduce 42.6 · accumulate 1.5 s
      sys                    [CPU]             1.1 s
      env                    [CPU]             2.4 s
      compPQ-form            [CPU]             0.9 s
        bsblock              [CPU]             0.3 s
        match                [CPU]             0.5 s
          pump (src dedup)   [CPU]             0.3 s
          emit (owned)       [CPU]             0.1 s
          (other)            [CPU]             0.1 s
      assembly               [CPU]             0.3 s
      compS-form-gpu (MPI)   [GPU·CPU·IO]   102.6 s   (GPU 40.1 · IO 21.8 · CPU 40.7)
        bsblock (store walk) [CPU]             0.5 s
        recipe (host,replic) [CPU]             1.1 s
        form (gpu+D2H)       [GPU·IO]        84.6 s
        reduce (NCCL/host)   [IO]              4.7 s
        unpack (D2H)         [CPU·IO]        11.6 s
        (other)              [CPU]             0.1 s
      (other)                [CPU]             0.5 s
    matvec                   [GPU·CPU·IO]   464.7 s   (GPU 405.5 · IO 0.0 · CPU 59.2)
      gemm                   [GPU]           352.7 s   (119.78 TFLOPS total · 29.94/GPU)
      kern                   [GPU]            52.8 s
      host                   [CPU]            59.2 s
        planEnum             [CPU]             4.2 s
        ctorAlloc(upload)    [CPU·IO]        12.9 s
        ctorGroup            [CPU]             0.6 s
        ctorForm             [GPU]             1.1 s
        (other)              [CPU]            40.4 s
    decimate                 [CPU]            37.7 s
      rho (dist)             [CPU]             8.1 s
      eigh (dist)            [CPU]            18.6 s
      share (MPI wait)       [CPU·IO]         8.8 s
      select+assemble        [CPU]             0.7 s
      (other)                [CPU]             1.4 s
    grow                     [GPU·CPU·IO]   195.8 s   (GPU 43.6 · IO 57.2 · CPU 95.0) · 113.22 TFLOPS total · 28.30/GPU
      gpu_proj (project)     [GPU·CPU·IO]   111.4 s
        recipe               [CPU]             0.6 s
        fap_exec             [GPU·IO]       103.4 s
        fap_merge            [CPU]             0.8 s
        fap_ctx              [CPU]             0.3 s
        fap_unpack           [CPU]             3.6 s
      reduceSH (MPI)         [CPU·IO]         9.3 s
        sync (hash+wait)     [CPU·IO]         6.6 s
        pack                 [CPU]             0.7 s
        xfer (NCCL/host)     [IO]              1.6 s
        unpack               [CPU]             0.4 s
      (other)                [CPU]            75.1 s
    predict                  [CPU]            25.0 s
    ooc                      [IO]              0.5 s
      load                   [IO]              0.5 s

################## Sweep 22/30 (backward) summary ##################
  Energy       -2987.5254932167 Ha
  dE vs prev sweep  -1.264e-05 Ha
  Discarded weight  2.219e-04  (max over this sweep's decimations)
  Rank 0: Host RAM sweep-peak 51159 MB · VmHWM 61437 MB   VRAM op-pool peak 30981 MB · total peak 61612 MB
  Rank 1: Host RAM sweep-peak 51699 MB · VmHWM 61592 MB   VRAM op-pool peak 31189 MB · total peak 61640 MB
  Rank 2: Host RAM sweep-peak 50843 MB · VmHWM 61302 MB   VRAM op-pool peak 30958 MB · total peak 61608 MB
  Rank 3: Host RAM sweep-peak 51617 MB · VmHWM 61622 MB   VRAM op-pool peak 31257 MB · total peak 61754 MB
  Block stores (peak bond, per rank): distributed A/B share 19156 MB (~K²M²/np) · owner cre/des 605 · S 302 MB (~KM²/np) · replicated floor 54 MB [stubs 3 (~KM) · H 51 (~M²)]
  OOC scratch  2050472 MB on disk  (sum over all ranks)
  Timings (wall 1055.5 s)
    build                    [CPU]           168.6 s
      formPQ                 [GPU·CPU·IO]    58.9 s   (GPU 5.7 · IO 18.9 · CPU 34.3)
        exec-gemm            [GPU]             1.3 s   (72.22 TFLOPS total · 18.05/GPU)
        exec-kern            [GPU]             4.4 s
        transfer             [IO]             18.9 s
        exec-hostprep        [CPU]            26.8 s
        prep (W+layout)      [CPU]             0.1 s
        complete (MPI)       [IO]              5.9 s
        wdesc (Wsub+reds)    [CPU]             0.4 s
        (other)              [CPU]             1.0 s
      [kern] executor reductions (all phases): res-zero 0.0 · gather 22.6 · reduce 42.5 · accumulate 1.5 s
      sys                    [CPU]             2.3 s
      env                    [CPU]             1.1 s
      compPQ-form            [CPU]             0.9 s
        bsblock              [CPU]             0.3 s
        match                [CPU]             0.5 s
          pump (src dedup)   [CPU]             0.3 s
          emit (owned)       [CPU]             0.1 s
          (other)            [CPU]             0.1 s
      assembly               [CPU]             0.3 s
      compS-form-gpu (MPI)   [GPU·CPU·IO]   104.4 s   (GPU 40.1 · IO 22.5 · CPU 41.9)
        bsblock (store walk) [CPU]             0.4 s
        recipe (host,replic) [CPU]             1.1 s
        form (gpu+D2H)       [GPU·IO]        86.2 s
        reduce (NCCL/host)   [IO]              5.0 s
        unpack (D2H)         [CPU·IO]        11.6 s
        (other)              [CPU]             0.1 s
      (other)                [CPU]             0.5 s
    matvec                   [GPU·CPU·IO]   475.3 s   (GPU 415.1 · IO 0.0 · CPU 60.2)
      gemm                   [GPU]           361.1 s   (120.02 TFLOPS total · 30.01/GPU)
      kern                   [GPU]            54.0 s
      host                   [CPU]            60.2 s
        planEnum             [CPU]             4.2 s
        ctorAlloc(upload)    [CPU·IO]        13.5 s
        ctorGroup            [CPU]             0.6 s
        ctorForm             [GPU]             1.1 s
        (other)              [CPU]            40.7 s
    decimate                 [CPU]            38.0 s
      rho (dist)             [CPU]             6.6 s
      eigh (dist)            [CPU]            18.1 s
      share (MPI wait)       [CPU·IO]        11.0 s
      select+assemble        [CPU]             0.8 s
      (other)                [CPU]             1.5 s
    grow                     [GPU·CPU·IO]   194.2 s   (GPU 41.5 · IO 54.8 · CPU 97.9) · 115.92 TFLOPS total · 28.98/GPU
      gpu_proj (project)     [GPU·CPU·IO]   106.8 s
        recipe               [CPU]             0.6 s
        fap_exec             [GPU·IO]        98.9 s
        fap_merge            [CPU]             0.8 s
        fap_ctx              [CPU]             0.3 s
        fap_unpack           [CPU]             3.6 s
      reduceSH (MPI)         [CPU·IO]        11.7 s
        sync (hash+wait)     [CPU·IO]         9.0 s
        pack                 [CPU]             0.7 s
        xfer (NCCL/host)     [IO]              1.6 s
        unpack               [CPU]             0.4 s
      (other)                [CPU]            75.7 s
    predict                  [CPU]            18.8 s
    ooc                      [IO]              0.5 s
      load                   [IO]              0.5 s

################## Sweep 23/30 (forward) summary ##################
  Energy       -2987.5255087541 Ha
  dE vs prev sweep  -1.554e-05 Ha
  Discarded weight  2.222e-04  (max over this sweep's decimations)
  Rank 0: Host RAM sweep-peak 50790 MB · VmHWM 61437 MB   VRAM op-pool peak 30981 MB · total peak 61612 MB
  Rank 1: Host RAM sweep-peak 50416 MB · VmHWM 61592 MB   VRAM op-pool peak 31189 MB · total peak 61640 MB
  Rank 2: Host RAM sweep-peak 50679 MB · VmHWM 61302 MB   VRAM op-pool peak 30958 MB · total peak 61608 MB
  Rank 3: Host RAM sweep-peak 50753 MB · VmHWM 61622 MB   VRAM op-pool peak 31257 MB · total peak 61754 MB
  Block stores (peak bond, per rank): distributed A/B share 19291 MB (~K²M²/np) · owner cre/des 605 · S 302 MB (~KM²/np) · replicated floor 54 MB [stubs 3 (~KM) · H 51 (~M²)]
  OOC scratch  2076088 MB on disk  (sum over all ranks)
  Timings (wall 1053.9 s)
    build                    [CPU]           166.8 s
      formPQ                 [GPU·CPU·IO]    58.1 s   (GPU 5.7 · IO 18.1 · CPU 34.3)
        exec-gemm            [GPU]             1.3 s   (72.49 TFLOPS total · 18.12/GPU)
        exec-kern            [GPU]             4.4 s
        transfer             [IO]             18.1 s
        exec-hostprep        [CPU]            26.0 s
        prep (W+layout)      [CPU]             0.1 s
        complete (MPI)       [IO]              6.7 s
        wdesc (Wsub+reds)    [CPU]             0.4 s
        (other)              [CPU]             1.0 s
      [kern] executor reductions (all phases): res-zero 0.0 · gather 23.7 · reduce 42.6 · accumulate 1.5 s
      sys                    [CPU]             1.2 s
      env                    [CPU]             2.2 s
      compPQ-form            [CPU]             0.9 s
        bsblock              [CPU]             0.3 s
        match                [CPU]             0.5 s
          pump (src dedup)   [CPU]             0.3 s
          emit (owned)       [CPU]             0.1 s
          (other)            [CPU]             0.1 s
      assembly               [CPU]             0.3 s
      compS-form-gpu (MPI)   [GPU·CPU·IO]   103.6 s   (GPU 40.1 · IO 21.6 · CPU 41.9)
        bsblock (store walk) [CPU]             0.5 s
        recipe (host,replic) [CPU]             1.1 s
        form (gpu+D2H)       [GPU·IO]        84.4 s
        reduce (NCCL/host)   [IO]              5.9 s
        unpack (D2H)         [CPU·IO]        11.6 s
        (other)              [CPU]             0.1 s
      (other)                [CPU]             0.5 s
    matvec                   [GPU·CPU·IO]   466.6 s   (GPU 406.7 · IO 0.0 · CPU 59.9)
      gemm                   [GPU]           353.9 s   (119.44 TFLOPS total · 29.86/GPU)
      kern                   [GPU]            52.8 s
      host                   [CPU]            59.9 s
        planEnum             [CPU]             4.2 s
        ctorAlloc(upload)    [CPU·IO]        13.0 s
        ctorGroup            [CPU]             0.6 s
        ctorForm             [GPU]             1.1 s
        (other)              [CPU]            40.9 s
    decimate                 [CPU]            37.2 s
      rho (dist)             [CPU]             8.1 s
      eigh (dist)            [CPU]            18.5 s
      share (MPI wait)       [CPU·IO]         8.5 s
      select+assemble        [CPU]             0.7 s
      (other)                [CPU]             1.4 s
    grow                     [GPU·CPU·IO]   199.7 s   (GPU 43.6 · IO 57.7 · CPU 98.4) · 113.39 TFLOPS total · 28.35/GPU
      gpu_proj (project)     [GPU·CPU·IO]   111.9 s
        recipe               [CPU]             0.6 s
        fap_exec             [GPU·IO]       104.0 s
        fap_merge            [CPU]             0.8 s
        fap_ctx              [CPU]             0.3 s
        fap_unpack           [CPU]             3.7 s
      reduceSH (MPI)         [CPU·IO]        11.8 s
        sync (hash+wait)     [CPU·IO]         9.2 s
        pack                 [CPU]             0.7 s
        xfer (NCCL/host)     [IO]              1.5 s
        unpack               [CPU]             0.4 s
      (other)                [CPU]            76.0 s
    predict                  [CPU]            24.5 s
    ooc                      [IO]              0.5 s
      load                   [IO]              0.5 s

################## Sweep 24/30 (backward) summary ##################
  Energy       -2987.5255191268 Ha
  dE vs prev sweep  -1.037e-05 Ha
  Discarded weight  2.223e-04  (max over this sweep's decimations)
  Rank 0: Host RAM sweep-peak 51141 MB · VmHWM 61437 MB   VRAM op-pool peak 31001 MB · total peak 61612 MB
  Rank 1: Host RAM sweep-peak 51587 MB · VmHWM 61592 MB   VRAM op-pool peak 31209 MB · total peak 61640 MB
  Rank 2: Host RAM sweep-peak 51122 MB · VmHWM 61302 MB   VRAM op-pool peak 30978 MB · total peak 61608 MB
  Rank 3: Host RAM sweep-peak 51773 MB · VmHWM 61622 MB   VRAM op-pool peak 31276 MB · total peak 61754 MB
  Block stores (peak bond, per rank): distributed A/B share 19370 MB (~K²M²/np) · owner cre/des 605 · S 302 MB (~KM²/np) · replicated floor 54 MB [stubs 3 (~KM) · H 51 (~M²)]
  OOC scratch  2050648 MB on disk  (sum over all ranks)
  Timings (wall 1056.2 s)
    build                    [CPU]           169.3 s
      formPQ                 [GPU·CPU·IO]    59.6 s   (GPU 5.8 · IO 18.8 · CPU 35.0)
        exec-gemm            [GPU]             1.3 s   (71.87 TFLOPS total · 17.97/GPU)
        exec-kern            [GPU]             4.4 s
        transfer             [IO]             18.8 s
        exec-hostprep        [CPU]            26.6 s
        prep (W+layout)      [CPU]             0.1 s
        complete (MPI)       [IO]              6.9 s
        wdesc (Wsub+reds)    [CPU]             0.4 s
        (other)              [CPU]             1.0 s
      [kern] executor reductions (all phases): res-zero 0.0 · gather 22.6 · reduce 42.6 · accumulate 1.5 s
      sys                    [CPU]             2.4 s
      env                    [CPU]             1.1 s
      compPQ-form            [CPU]             0.9 s
        bsblock              [CPU]             0.3 s
        match                [CPU]             0.5 s
          pump (src dedup)   [CPU]             0.3 s
          emit (owned)       [CPU]             0.1 s
          (other)            [CPU]             0.1 s
      assembly               [CPU]             0.3 s
      compS-form-gpu (MPI)   [GPU·CPU·IO]   104.4 s   (GPU 40.1 · IO 22.4 · CPU 41.9)
        bsblock (store walk) [CPU]             0.4 s
        recipe (host,replic) [CPU]             1.1 s
        form (gpu+D2H)       [GPU·IO]        86.1 s
        reduce (NCCL/host)   [IO]              5.0 s
        unpack (D2H)         [CPU·IO]        11.6 s
        (other)              [CPU]             0.1 s
      (other)                [CPU]             0.5 s
    matvec                   [GPU·CPU·IO]   476.1 s   (GPU 415.8 · IO 0.0 · CPU 60.2)
      gemm                   [GPU]           362.0 s   (119.80 TFLOPS total · 29.95/GPU)
      kern                   [GPU]            53.8 s
      host                   [CPU]            60.2 s
        planEnum             [CPU]             4.2 s
        ctorAlloc(upload)    [CPU·IO]        13.2 s
        ctorGroup            [CPU]             0.6 s
        ctorForm             [GPU]             1.1 s
        (other)              [CPU]            41.1 s
    decimate                 [CPU]            37.7 s
      rho (dist)             [CPU]             6.6 s
      eigh (dist)            [CPU]            18.1 s
      share (MPI wait)       [CPU·IO]        10.9 s
      select+assemble        [CPU]             0.7 s
      (other)                [CPU]             1.4 s
    grow                     [GPU·CPU·IO]   194.0 s   (GPU 41.5 · IO 54.6 · CPU 97.9) · 115.79 TFLOPS total · 28.95/GPU
      gpu_proj (project)     [GPU·CPU·IO]   106.5 s
        recipe               [CPU]             0.6 s
        fap_exec             [GPU·IO]        98.6 s
        fap_merge            [CPU]             0.8 s
        fap_ctx              [CPU]             0.3 s
        fap_unpack           [CPU]             3.6 s
      reduceSH (MPI)         [CPU·IO]        12.1 s
        sync (hash+wait)     [CPU·IO]         9.4 s
        pack                 [CPU]             0.6 s
        xfer (NCCL/host)     [IO]              1.6 s
        unpack               [CPU]             0.4 s
      (other)                [CPU]            75.3 s
    predict                  [CPU]            18.8 s
    ooc                      [IO]              0.5 s
      load                   [IO]              0.5 s

################## Sweep 25/30 (forward) summary ##################
  Energy       -2987.5255318265 Ha
  dE vs prev sweep  -1.270e-05 Ha
  Discarded weight  2.227e-04  (max over this sweep's decimations)
  Rank 0: Host RAM sweep-peak 50463 MB · VmHWM 61437 MB   VRAM op-pool peak 31001 MB · total peak 61612 MB
  Rank 1: Host RAM sweep-peak 50064 MB · VmHWM 61592 MB   VRAM op-pool peak 31209 MB · total peak 61640 MB
  Rank 2: Host RAM sweep-peak 50370 MB · VmHWM 61302 MB   VRAM op-pool peak 30978 MB · total peak 61608 MB
  Rank 3: Host RAM sweep-peak 50374 MB · VmHWM 61622 MB   VRAM op-pool peak 31276 MB · total peak 61754 MB
  Block stores (peak bond, per rank): distributed A/B share 19215 MB (~K²M²/np) · owner cre/des 605 · S 302 MB (~KM²/np) · replicated floor 54 MB [stubs 3 (~KM) · H 51 (~M²)]
  OOC scratch  2075777 MB on disk  (sum over all ranks)
  Timings (wall 1056.2 s)
    build                    [CPU]           165.7 s
      formPQ                 [GPU·CPU·IO]    57.7 s   (GPU 5.8 · IO 18.2 · CPU 33.8)
        exec-gemm            [GPU]             1.3 s   (71.60 TFLOPS total · 17.90/GPU)
        exec-kern            [GPU]             4.4 s
        transfer             [IO]             18.2 s
        exec-hostprep        [CPU]            25.1 s
        prep (W+layout)      [CPU]             0.1 s
        complete (MPI)       [IO]              7.2 s
        wdesc (Wsub+reds)    [CPU]             0.4 s
        (other)              [CPU]             1.0 s
      [kern] executor reductions (all phases): res-zero 0.0 · gather 23.7 · reduce 42.6 · accumulate 1.5 s
      sys                    [CPU]             1.1 s
      env                    [CPU]             2.1 s
      compPQ-form            [CPU]             0.9 s
        bsblock              [CPU]             0.3 s
        match                [CPU]             0.5 s
          pump (src dedup)   [CPU]             0.3 s
          emit (owned)       [CPU]             0.2 s
          (other)            [CPU]             0.1 s
      assembly               [CPU]             0.3 s
      compS-form-gpu (MPI)   [GPU·CPU·IO]   103.0 s   (GPU 40.1 · IO 21.6 · CPU 41.3)
        bsblock (store walk) [CPU]             0.4 s
        recipe (host,replic) [CPU]             1.1 s
        form (gpu+D2H)       [GPU·IO]        84.5 s
        reduce (NCCL/host)   [IO]              5.3 s
        unpack (D2H)         [CPU·IO]        11.6 s
        (other)              [CPU]             0.1 s
      (other)                [CPU]             0.5 s
    matvec                   [GPU·CPU·IO]   471.6 s   (GPU 411.6 · IO 0.0 · CPU 60.0)
      gemm                   [GPU]           358.2 s   (119.53 TFLOPS total · 29.88/GPU)
      kern                   [GPU]            53.4 s
      host                   [CPU]            60.0 s
        planEnum             [CPU]             4.1 s
        ctorAlloc(upload)    [CPU·IO]        12.6 s
        ctorGroup            [CPU]             0.6 s
        ctorForm             [GPU]             1.1 s
        (other)              [CPU]            41.5 s
    decimate                 [CPU]            37.9 s
      rho (dist)             [CPU]             8.1 s
      eigh (dist)            [CPU]            18.5 s
      share (MPI wait)       [CPU·IO]         9.1 s
      select+assemble        [CPU]             0.8 s
      (other)                [CPU]             1.6 s
    grow                     [GPU·CPU·IO]   198.5 s   (GPU 43.7 · IO 57.7 · CPU 97.2) · 113.40 TFLOPS total · 28.35/GPU
      gpu_proj (project)     [GPU·CPU·IO]   112.0 s
        recipe               [CPU]             0.6 s
        fap_exec             [GPU·IO]       104.1 s
        fap_merge            [CPU]             0.8 s
        fap_ctx              [CPU]             0.3 s
        fap_unpack           [CPU]             3.6 s
      reduceSH (MPI)         [CPU·IO]        10.5 s
        sync (hash+wait)     [CPU·IO]         7.8 s
        pack                 [CPU]             0.7 s
        xfer (NCCL/host)     [IO]              1.6 s
        unpack               [CPU]             0.4 s
      (other)                [CPU]            76.0 s
    predict                  [CPU]            24.5 s
    ooc                      [IO]              0.5 s
      load                   [IO]              0.5 s

################## Sweep 26/30 (backward) summary ##################
  Energy       -2987.5255395604 Ha
  dE vs prev sweep  -7.734e-06 Ha
  Discarded weight  2.228e-04  (max over this sweep's decimations)
  Rank 0: Host RAM sweep-peak 50644 MB · VmHWM 61437 MB   VRAM op-pool peak 31009 MB · total peak 61612 MB
  Rank 1: Host RAM sweep-peak 51320 MB · VmHWM 61984 MB   VRAM op-pool peak 31217 MB · total peak 61640 MB
  Rank 2: Host RAM sweep-peak 50724 MB · VmHWM 61302 MB   VRAM op-pool peak 30986 MB · total peak 61608 MB
  Rank 3: Host RAM sweep-peak 51231 MB · VmHWM 61948 MB   VRAM op-pool peak 31285 MB · total peak 61754 MB
  Block stores (peak bond, per rank): distributed A/B share 19423 MB (~K²M²/np) · owner cre/des 605 · S 302 MB (~KM²/np) · replicated floor 54 MB [stubs 3 (~KM) · H 51 (~M²)]
  OOC scratch  2050471 MB on disk  (sum over all ranks)
  Timings (wall 1057.1 s)
    build                    [CPU]           171.7 s
      formPQ                 [GPU·CPU·IO]    60.5 s   (GPU 5.8 · IO 18.8 · CPU 35.8)
        exec-gemm            [GPU]             1.4 s   (70.98 TFLOPS total · 17.74/GPU)
        exec-kern            [GPU]             4.4 s
        transfer             [IO]             18.8 s
        exec-hostprep        [CPU]            27.7 s
        prep (W+layout)      [CPU]             0.1 s
        complete (MPI)       [IO]              6.6 s
        wdesc (Wsub+reds)    [CPU]             0.4 s
        (other)              [CPU]             1.0 s
      [kern] executor reductions (all phases): res-zero 0.0 · gather 22.7 · reduce 42.6 · accumulate 1.5 s
      sys                    [CPU]             2.4 s
      env                    [CPU]             1.1 s
      compPQ-form            [CPU]             0.9 s
        bsblock              [CPU]             0.3 s
        match                [CPU]             0.5 s
          pump (src dedup)   [CPU]             0.3 s
          emit (owned)       [CPU]             0.1 s
          (other)            [CPU]             0.1 s
      assembly               [CPU]             0.3 s
      compS-form-gpu (MPI)   [GPU·CPU·IO]   106.0 s   (GPU 40.1 · IO 22.4 · CPU 43.5)
        bsblock (store walk) [CPU]             0.4 s
        recipe (host,replic) [CPU]             1.1 s
        form (gpu+D2H)       [GPU·IO]        86.1 s
        reduce (NCCL/host)   [IO]              6.7 s
        unpack (D2H)         [CPU·IO]        11.5 s
        (other)              [CPU]             0.1 s
      (other)                [CPU]             0.5 s
    matvec                   [GPU·CPU·IO]   473.7 s   (GPU 413.4 · IO 0.0 · CPU 60.3)
      gemm                   [GPU]           359.8 s   (119.89 TFLOPS total · 29.97/GPU)
      kern                   [GPU]            53.6 s
      host                   [CPU]            60.3 s
        planEnum             [CPU]             4.2 s
        ctorAlloc(upload)    [CPU·IO]        13.2 s
        ctorGroup            [CPU]             0.6 s
        ctorForm             [GPU]             1.1 s
        (other)              [CPU]            41.2 s
    decimate                 [CPU]            38.3 s
      rho (dist)             [CPU]             6.7 s
      eigh (dist)            [CPU]            18.5 s
      share (MPI wait)       [CPU·IO]        11.1 s
      select+assemble        [CPU]             0.7 s
      (other)                [CPU]             1.3 s
    grow                     [GPU·CPU·IO]   194.4 s   (GPU 41.6 · IO 54.7 · CPU 98.0) · 116.08 TFLOPS total · 29.02/GPU
      gpu_proj (project)     [GPU·CPU·IO]   106.7 s
        recipe               [CPU]             0.6 s
        fap_exec             [GPU·IO]        98.9 s
        fap_merge            [CPU]             0.8 s
        fap_ctx              [CPU]             0.3 s
        fap_unpack           [CPU]             3.6 s
      reduceSH (MPI)         [CPU·IO]        12.0 s
        sync (hash+wait)     [CPU·IO]         9.3 s
        pack                 [CPU]             0.7 s
        xfer (NCCL/host)     [IO]              1.5 s
        unpack               [CPU]             0.4 s
      (other)                [CPU]            75.7 s
    predict                  [CPU]            18.7 s
    ooc                      [IO]              0.5 s
      load                   [IO]              0.5 s

################## Sweep 27/30 (forward) summary ##################
  Energy       -2987.5255502440 Ha
  dE vs prev sweep  -1.068e-05 Ha
  Discarded weight  2.232e-04  (max over this sweep's decimations)
  Rank 0: Host RAM sweep-peak 50746 MB · VmHWM 61437 MB   VRAM op-pool peak 31009 MB · total peak 61612 MB
  Rank 1: Host RAM sweep-peak 50299 MB · VmHWM 61984 MB   VRAM op-pool peak 31217 MB · total peak 61640 MB
  Rank 2: Host RAM sweep-peak 50554 MB · VmHWM 61302 MB   VRAM op-pool peak 30986 MB · total peak 61608 MB
  Rank 3: Host RAM sweep-peak 50695 MB · VmHWM 61948 MB   VRAM op-pool peak 31285 MB · total peak 61754 MB
  Block stores (peak bond, per rank): distributed A/B share 19324 MB (~K²M²/np) · owner cre/des 605 · S 302 MB (~KM²/np) · replicated floor 55 MB [stubs 3 (~KM) · H 51 (~M²)]
  OOC scratch  2059950 MB on disk  (sum over all ranks)
  Timings (wall 1052.1 s)
    build                    [CPU]           164.4 s
      formPQ                 [GPU·CPU·IO]    56.6 s   (GPU 5.8 · IO 18.3 · CPU 32.5)
        exec-gemm            [GPU]             1.4 s   (71.09 TFLOPS total · 17.77/GPU)
        exec-kern            [GPU]             4.4 s
        transfer             [IO]             18.3 s
        exec-hostprep        [CPU]            25.1 s
        prep (W+layout)      [CPU]             0.1 s
        complete (MPI)       [IO]              5.8 s
        wdesc (Wsub+reds)    [CPU]             0.4 s
        (other)              [CPU]             1.0 s
      [kern] executor reductions (all phases): res-zero 0.0 · gather 23.7 · reduce 42.7 · accumulate 1.5 s
      sys                    [CPU]             1.1 s
      env                    [CPU]             2.0 s
      compPQ-form            [CPU]             0.9 s
        bsblock              [CPU]             0.3 s
        match                [CPU]             0.5 s
          pump (src dedup)   [CPU]             0.3 s
          emit (owned)       [CPU]             0.1 s
          (other)            [CPU]             0.1 s
      assembly               [CPU]             0.3 s
      compS-form-gpu (MPI)   [GPU·CPU·IO]   103.0 s   (GPU 40.1 · IO 21.7 · CPU 41.1)
        bsblock (store walk) [CPU]             0.5 s
        recipe (host,replic) [CPU]             1.1 s
        form (gpu+D2H)       [GPU·IO]        84.6 s
        reduce (NCCL/host)   [IO]              5.2 s
        unpack (D2H)         [CPU·IO]        11.5 s
        (other)              [CPU]             0.1 s
      (other)                [CPU]             0.5 s
    matvec                   [GPU·CPU·IO]   473.0 s   (GPU 413.7 · IO 0.0 · CPU 59.3)
      gemm                   [GPU]           360.0 s   (119.65 TFLOPS total · 29.91/GPU)
      kern                   [GPU]            53.7 s
      host                   [CPU]            59.3 s
        planEnum             [CPU]             4.2 s
        ctorAlloc(upload)    [CPU·IO]        13.0 s
        ctorGroup            [CPU]             0.6 s
        ctorForm             [GPU]             1.1 s
        (other)              [CPU]            40.4 s
    decimate                 [CPU]            37.8 s
      rho (dist)             [CPU]             8.1 s
      eigh (dist)            [CPU]            18.9 s
      share (MPI wait)       [CPU·IO]         8.5 s
      select+assemble        [CPU]             0.7 s
      (other)                [CPU]             1.5 s
    grow                     [GPU·CPU·IO]   193.9 s   (GPU 43.6 · IO 57.2 · CPU 93.2) · 113.33 TFLOPS total · 28.33/GPU
      gpu_proj (project)     [GPU·CPU·IO]   111.4 s
        recipe               [CPU]             0.6 s
        fap_exec             [GPU·IO]       103.4 s
        fap_merge            [CPU]             0.8 s
        fap_ctx              [CPU]             0.3 s
        fap_unpack           [CPU]             3.6 s
      reduceSH (MPI)         [CPU·IO]         6.6 s
        sync (hash+wait)     [CPU·IO]         4.0 s
        pack                 [CPU]             0.7 s
        xfer (NCCL/host)     [IO]              1.6 s
        unpack               [CPU]             0.4 s
      (other)                [CPU]            75.9 s
    predict                  [CPU]            25.0 s
    ooc                      [IO]              0.5 s
      load                   [IO]              0.5 s

################## Sweep 28/30 (backward) summary ##################
  Energy       -2987.5255604470 Ha
  dE vs prev sweep  -1.020e-05 Ha
  Discarded weight  2.232e-04  (max over this sweep's decimations)
  Rank 0: Host RAM sweep-peak 51877 MB · VmHWM 61437 MB   VRAM op-pool peak 31009 MB · total peak 61612 MB
  Rank 1: Host RAM sweep-peak 52206 MB · VmHWM 61984 MB   VRAM op-pool peak 31217 MB · total peak 61640 MB
  Rank 2: Host RAM sweep-peak 51553 MB · VmHWM 61302 MB   VRAM op-pool peak 30986 MB · total peak 61608 MB
  Rank 3: Host RAM sweep-peak 52099 MB · VmHWM 61948 MB   VRAM op-pool peak 31285 MB · total peak 61754 MB
  Block stores (peak bond, per rank): distributed A/B share 19266 MB (~K²M²/np) · owner cre/des 605 · S 302 MB (~KM²/np) · replicated floor 54 MB [stubs 3 (~KM) · H 51 (~M²)]
  OOC scratch  2039653 MB on disk  (sum over all ranks)
  Timings (wall 1058.0 s)
    build                    [CPU]           167.8 s
      formPQ                 [GPU·CPU·IO]    58.5 s   (GPU 5.8 · IO 18.8 · CPU 33.9)
        exec-gemm            [GPU]             1.3 s   (71.74 TFLOPS total · 17.94/GPU)
        exec-kern            [GPU]             4.4 s
        transfer             [IO]             18.8 s
        exec-hostprep        [CPU]            26.2 s
        prep (W+layout)      [CPU]             0.1 s
        complete (MPI)       [IO]              6.2 s
        wdesc (Wsub+reds)    [CPU]             0.4 s
        (other)              [CPU]             1.0 s
      [kern] executor reductions (all phases): res-zero 0.0 · gather 22.6 · reduce 42.6 · accumulate 1.5 s
      sys                    [CPU]             2.4 s
      env                    [CPU]             1.1 s
      compPQ-form            [CPU]             0.9 s
        bsblock              [CPU]             0.2 s
        match                [CPU]             0.5 s
          pump (src dedup)   [CPU]             0.3 s
          emit (owned)       [CPU]             0.1 s
          (other)            [CPU]             0.1 s
      assembly               [CPU]             0.3 s
      compS-form-gpu (MPI)   [GPU·CPU·IO]   104.0 s   (GPU 40.1 · IO 22.4 · CPU 41.5)
        bsblock (store walk) [CPU]             0.4 s
        recipe (host,replic) [CPU]             1.1 s
        form (gpu+D2H)       [GPU·IO]        86.0 s
        reduce (NCCL/host)   [IO]              4.8 s
        unpack (D2H)         [CPU·IO]        11.6 s
        (other)              [CPU]             0.1 s
      (other)                [CPU]             0.5 s
    matvec                   [GPU·CPU·IO]   475.5 s   (GPU 414.9 · IO 0.0 · CPU 60.6)
      gemm                   [GPU]           361.1 s   (119.95 TFLOPS total · 29.99/GPU)
      kern                   [GPU]            53.8 s
      host                   [CPU]            60.6 s
        planEnum             [CPU]             4.2 s
        ctorAlloc(upload)    [CPU·IO]        13.6 s
        ctorGroup            [CPU]             0.6 s
        ctorForm             [GPU]             1.1 s
        (other)              [CPU]            41.0 s
    decimate                 [CPU]            38.1 s
      rho (dist)             [CPU]             6.6 s
      eigh (dist)            [CPU]            18.4 s
      share (MPI wait)       [CPU·IO]        10.9 s
      select+assemble        [CPU]             0.8 s
      (other)                [CPU]             1.4 s
    grow                     [GPU·CPU·IO]   196.6 s   (GPU 41.6 · IO 54.8 · CPU 100.3) · 116.12 TFLOPS total · 29.03/GPU
      gpu_proj (project)     [GPU·CPU·IO]   106.9 s
        recipe               [CPU]             0.6 s
        fap_exec             [GPU·IO]        99.0 s
        fap_merge            [CPU]             0.8 s
        fap_ctx              [CPU]             0.3 s
        fap_unpack           [CPU]             3.6 s
      reduceSH (MPI)         [CPU·IO]        12.8 s
        sync (hash+wait)     [CPU·IO]        10.1 s
        pack                 [CPU]             0.7 s
        xfer (NCCL/host)     [IO]              1.6 s
        unpack               [CPU]             0.4 s
      (other)                [CPU]            77.0 s
    predict                  [CPU]            19.4 s
    ooc                      [IO]              0.5 s
      load                   [IO]              0.5 s

################## Sweep 29/30 (forward) summary ##################
  Energy       -2987.5255699342 Ha
  dE vs prev sweep  -9.487e-06 Ha
  Discarded weight  2.233e-04  (max over this sweep's decimations)
  Rank 0: Host RAM sweep-peak 50799 MB · VmHWM 61437 MB   VRAM op-pool peak 31009 MB · total peak 61612 MB
  Rank 1: Host RAM sweep-peak 50304 MB · VmHWM 61984 MB   VRAM op-pool peak 31217 MB · total peak 61640 MB
  Rank 2: Host RAM sweep-peak 50705 MB · VmHWM 61302 MB   VRAM op-pool peak 30986 MB · total peak 61608 MB
  Rank 3: Host RAM sweep-peak 50713 MB · VmHWM 61948 MB   VRAM op-pool peak 31285 MB · total peak 61754 MB
  Block stores (peak bond, per rank): distributed A/B share 19383 MB (~K²M²/np) · owner cre/des 605 · S 302 MB (~KM²/np) · replicated floor 54 MB [stubs 3 (~KM) · H 51 (~M²)]
  OOC scratch  2034785 MB on disk  (sum over all ranks)
  Timings (wall 1056.9 s)
    build                    [CPU]           166.5 s
      formPQ                 [GPU·CPU·IO]    57.7 s   (GPU 5.8 · IO 18.1 · CPU 33.8)
        exec-gemm            [GPU]             1.3 s   (71.59 TFLOPS total · 17.90/GPU)
        exec-kern            [GPU]             4.5 s
        transfer             [IO]             18.1 s
        exec-hostprep        [CPU]            26.9 s
        prep (W+layout)      [CPU]             0.1 s
        complete (MPI)       [IO]              5.4 s
        wdesc (Wsub+reds)    [CPU]             0.4 s
        (other)              [CPU]             1.0 s
      [kern] executor reductions (all phases): res-zero 0.0 · gather 23.7 · reduce 42.6 · accumulate 1.5 s
      sys                    [CPU]             1.1 s
      env                    [CPU]             2.4 s
      compPQ-form            [CPU]             0.9 s
        bsblock              [CPU]             0.3 s
        match                [CPU]             0.5 s
          pump (src dedup)   [CPU]             0.3 s
          emit (owned)       [CPU]             0.1 s
          (other)            [CPU]             0.1 s
      assembly               [CPU]             0.3 s
      compS-form-gpu (MPI)   [GPU·CPU·IO]   103.5 s   (GPU 40.1 · IO 21.7 · CPU 41.8)
        bsblock (store walk) [CPU]             0.5 s
        recipe (host,replic) [CPU]             1.1 s
        form (gpu+D2H)       [GPU·IO]        84.6 s
        reduce (NCCL/host)   [IO]              5.7 s
        unpack (D2H)         [CPU·IO]        11.5 s
        (other)              [CPU]             0.1 s
      (other)                [CPU]             0.5 s
    matvec                   [GPU·CPU·IO]   469.8 s   (GPU 408.9 · IO 0.0 · CPU 60.8)
      gemm                   [GPU]           356.0 s   (119.75 TFLOPS total · 29.94/GPU)
      kern                   [GPU]            53.0 s
      host                   [CPU]            60.8 s
        planEnum             [CPU]             4.2 s
        ctorAlloc(upload)    [CPU·IO]        12.8 s
        ctorGroup            [CPU]             0.6 s
        ctorForm             [GPU]             1.1 s
        (other)              [CPU]            42.1 s
    decimate                 [CPU]            37.5 s
      rho (dist)             [CPU]             8.1 s
      eigh (dist)            [CPU]            18.9 s
      share (MPI wait)       [CPU·IO]         8.2 s
      select+assemble        [CPU]             0.8 s
      (other)                [CPU]             1.5 s
    grow                     [GPU·CPU·IO]   198.9 s   (GPU 43.5 · IO 57.8 · CPU 97.5) · 113.31 TFLOPS total · 28.33/GPU
      gpu_proj (project)     [GPU·CPU·IO]   112.0 s
        recipe               [CPU]             0.6 s
        fap_exec             [GPU·IO]       104.0 s
        fap_merge            [CPU]             0.8 s
        fap_ctx              [CPU]             0.3 s
        fap_unpack           [CPU]             3.7 s
      reduceSH (MPI)         [CPU·IO]        10.2 s
        sync (hash+wait)     [CPU·IO]         7.5 s
        pack                 [CPU]             0.7 s
        xfer (NCCL/host)     [IO]              1.5 s
        unpack               [CPU]             0.4 s
      (other)                [CPU]            76.7 s
    predict                  [CPU]            24.8 s
    ooc                      [IO]              0.5 s
      load                   [IO]              0.5 s

################## Sweep 30/30 (backward) summary ##################
  Energy       -2987.5255748069 Ha
  dE vs prev sweep  -4.873e-06 Ha
  Discarded weight  2.234e-04  (max over this sweep's decimations)
  Rank 0: Host RAM sweep-peak 50250 MB · VmHWM 61437 MB   VRAM op-pool peak 31016 MB · total peak 61612 MB
  Rank 1: Host RAM sweep-peak 50523 MB · VmHWM 61984 MB   VRAM op-pool peak 31224 MB · total peak 61640 MB
  Rank 2: Host RAM sweep-peak 50020 MB · VmHWM 61302 MB   VRAM op-pool peak 30993 MB · total peak 61608 MB
  Rank 3: Host RAM sweep-peak 50573 MB · VmHWM 61948 MB   VRAM op-pool peak 31291 MB · total peak 61754 MB
  Block stores (peak bond, per rank): distributed A/B share 19190 MB (~K²M²/np) · owner cre/des 605 · S 302 MB (~KM²/np) · replicated floor 54 MB [stubs 3 (~KM) · H 51 (~M²)]
  OOC scratch  2061924 MB on disk  (sum over all ranks)
  Timings (wall 1051.7 s)
    build                    [CPU]           166.4 s
      formPQ                 [GPU·CPU·IO]    57.0 s   (GPU 5.8 · IO 19.1 · CPU 32.1)
        exec-gemm            [GPU]             1.3 s   (71.45 TFLOPS total · 17.86/GPU)
        exec-kern            [GPU]             4.4 s
        transfer             [IO]             19.1 s
        exec-hostprep        [CPU]            26.0 s
        prep (W+layout)      [CPU]             0.1 s
        complete (MPI)       [IO]              4.6 s
        wdesc (Wsub+reds)    [CPU]             0.4 s
        (other)              [CPU]             1.0 s
      [kern] executor reductions (all phases): res-zero 0.0 · gather 22.7 · reduce 42.6 · accumulate 1.5 s
      sys                    [CPU]             2.2 s
      env                    [CPU]             1.1 s
      compPQ-form            [CPU]             0.9 s
        bsblock              [CPU]             0.2 s
        match                [CPU]             0.5 s
          pump (src dedup)   [CPU]             0.3 s
          emit (owned)       [CPU]             0.2 s
          (other)            [CPU]             0.1 s
      assembly               [CPU]             0.3 s
      compS-form-gpu (MPI)   [GPU·CPU·IO]   104.3 s   (GPU 40.1 · IO 22.6 · CPU 41.6)
        bsblock (store walk) [CPU]             0.5 s
        recipe (host,replic) [CPU]             1.1 s
        form (gpu+D2H)       [GPU·IO]        86.2 s
        reduce (NCCL/host)   [IO]              4.7 s
        unpack (D2H)         [CPU·IO]        11.7 s
        (other)              [CPU]             0.1 s
      (other)                [CPU]             0.5 s
    matvec                   [GPU·CPU·IO]   474.8 s   (GPU 414.5 · IO 0.0 · CPU 60.3)
      gemm                   [GPU]           360.9 s   (119.82 TFLOPS total · 29.96/GPU)
      kern                   [GPU]            53.6 s
      host                   [CPU]            60.3 s
        planEnum             [CPU]             4.2 s
        ctorAlloc(upload)    [CPU·IO]        12.9 s
        ctorGroup            [CPU]             0.7 s
        ctorForm             [GPU]             1.1 s
        (other)              [CPU]            41.4 s
    decimate                 [CPU]            38.0 s
      rho (dist)             [CPU]             6.7 s
      eigh (dist)            [CPU]            18.5 s
      share (MPI wait)       [CPU·IO]        10.6 s
      select+assemble        [CPU]             0.8 s
      (other)                [CPU]             1.5 s
    grow                     [GPU·CPU·IO]   193.5 s   (GPU 41.5 · IO 54.8 · CPU 97.2) · 116.02 TFLOPS total · 29.00/GPU
      gpu_proj (project)     [GPU·CPU·IO]   106.9 s
        recipe               [CPU]             0.6 s
        fap_exec             [GPU·IO]        98.8 s
        fap_merge            [CPU]             0.8 s
        fap_ctx              [CPU]             0.3 s
        fap_unpack           [CPU]             3.6 s
      reduceSH (MPI)         [CPU·IO]        10.7 s
        sync (hash+wait)     [CPU·IO]         8.0 s
        pack                 [CPU]             0.6 s
        xfer (NCCL/host)     [IO]              1.6 s
        unpack               [CPU]             0.4 s
      (other)                [CPU]            75.9 s
    predict                  [CPU]            18.8 s
    ooc                      [IO]              0.5 s
      load                   [IO]              0.5 s
[qops] WARNING: energy NOT converged after 30 sweeps: |dE| = 4.873e-06 >= e_conv = 1.000e-09

################## Run total ##################
  30 sweep(s) + warmup: 34773.1 s wall · final E -2987.5255748069 Ha · VmHWM 61437 MB
  ooc async residual wait (not hidden behind compute): save 0.3 · load 13.9 s (0% of runtime)
[rc] main run done: E = -2987.5255748069 Ha
[qops] MPI np=4 · GPU=on · device collectives: NCCL (NVLink/GPUDirect)
[qops] A/B host-offload: ON (stubs + pager spill)

################## Sweep 1/1 (forward) summary ##################
  Energy       1000000000000000000.0000000000 Ha
  Discarded weight  0.000e+00  (max over this sweep's decimations)
  Rank 0: Host RAM sweep-peak 53569 MB · VmHWM 72207 MB   VRAM op-pool peak 31016 MB · total peak 61612 MB
  Rank 1: Host RAM sweep-peak 53104 MB · VmHWM 71803 MB   VRAM op-pool peak 31224 MB · total peak 61640 MB
  Rank 2: Host RAM sweep-peak 53381 MB · VmHWM 71988 MB   VRAM op-pool peak 30993 MB · total peak 61608 MB
  Rank 3: Host RAM sweep-peak 53230 MB · VmHWM 71866 MB   VRAM op-pool peak 31291 MB · total peak 61754 MB
  OOC scratch  2032373 MB on disk  (sum over all ranks)
  Timings (wall 603.3 s)
    build                    [CPU]             0.0 s
      [kern] executor reductions (all phases): res-zero 0.0 · gather 21.3 · reduce 1.5 · accumulate 0.4 s
    matvec                   [GPU·CPU·IO]     0.0 s   (GPU 0.0 · IO 0.0 · CPU 0.0)
    decimate                 [CPU]            39.1 s
      rho (dist)             [CPU]             8.0 s
      eigh (dist)            [CPU]            19.4 s
      share (MPI wait)       [CPU·IO]         9.1 s
      select+assemble        [CPU]             0.9 s
      (other)                [CPU]             1.8 s
    grow                     [GPU·CPU·IO]   243.0 s   (GPU 43.5 · IO 79.7 · CPU 119.8) · 113.40 TFLOPS total · 28.35/GPU
      gpu_proj (project)     [GPU·CPU·IO]   163.0 s
        recipe               [CPU]             0.6 s
        fap_exec             [GPU·IO]       155.6 s
        fap_merge            [CPU]             1.0 s
        fap_ctx              [CPU]             0.3 s
        fap_unpack           [CPU]             3.7 s
      reduceSH (MPI)         [CPU·IO]         8.8 s
        sync (hash+wait)     [CPU·IO]         6.2 s
        pack                 [CPU]             0.7 s
        xfer (NCCL/host)     [IO]              1.5 s
        unpack               [CPU]             0.4 s
      hydrate_cd (MPI)       [IO]             18.4 s
      (other)                [CPU]            52.8 s
    measure                  [CPU]           141.4 s
      hydrate cd/ab (MPI)    [CPU·IO]       131.5 s
      eval (elements)        [CPU]             9.9 s
    predict                  [CPU]            25.3 s
    ooc                      [IO]              0.5 s
      load                   [IO]              0.5 s

################## Run total ##################
  1 sweep(s) + warmup: 603.6 s wall · final E 1000000000000000000.0000000000 Ha · VmHWM 72207 MB
  ooc async residual wait (not hidden behind compute): save 0.3 · load 14.5 s (2% of runtime)
[qops] <S^2> = 1.195783  (S = 0.7024)  [assumes identical alpha/beta spatial orbitals — with UHF orbitals this is NOT the physical <S^2>; see qops/measure.hpp]
[qops] single-orbital entropy: total 5.5786 · max 0.3456 @ orbital 21 · spin-orbital total 5.6182
[qops] S1 = 0.050 0.011 0.054 0.061 0.021 0.051 0.093 0.082 0.103 0.157 0.165 0.154 0.203 0.208 0.145 0.161
             0.186 0.183 0.251 0.301 0.329 0.346 0.286 0.186 0.204 0.178 0.174 0.133 0.156 0.135 0.119 0.109
             0.098 0.096 0.089 0.080 0.069 0.055 0.045 0.051
[qops] MPI np=4 · GPU=on · device collectives: NCCL (NVLink/GPUDirect)
[qops] A/B host-offload: ON (stubs + pager spill)

################## Sweep 1/2 (backward) summary ##################
  Energy       1000000000000000000.0000000000 Ha
  Discarded weight  0.000e+00  (max over this sweep's decimations)
  Rank 0: Host RAM sweep-peak 52807 MB · VmHWM 72207 MB   VRAM op-pool peak 31016 MB · total peak 61612 MB
  Rank 1: Host RAM sweep-peak 53556 MB · VmHWM 71803 MB   VRAM op-pool peak 31224 MB · total peak 61640 MB
  Rank 2: Host RAM sweep-peak 52891 MB · VmHWM 71988 MB   VRAM op-pool peak 30993 MB · total peak 61608 MB
  Rank 3: Host RAM sweep-peak 53544 MB · VmHWM 71866 MB   VRAM op-pool peak 31291 MB · total peak 61754 MB
  OOC scratch  2033024 MB on disk  (sum over all ranks)
  Timings (wall 414.4 s)
    build                    [CPU]             0.0 s
      [kern] executor reductions (all phases): res-zero 0.0 · gather 20.2 · reduce 1.5 · accumulate 0.4 s
    matvec                   [GPU·CPU·IO]     0.0 s   (GPU 0.0 · IO 0.0 · CPU 0.0)
    decimate                 [CPU]            37.9 s
      rho (dist)             [CPU]             6.7 s
      eigh (dist)            [CPU]            19.6 s
      share (MPI wait)       [CPU·IO]         9.7 s
      select+assemble        [CPU]             0.8 s
      (other)                [CPU]             1.3 s
    grow                     [GPU·CPU·IO]   198.9 s   (GPU 41.4 · IO 57.1 · CPU 100.4) · 116.08 TFLOPS total · 29.02/GPU
      gpu_proj (project)     [GPU·CPU·IO]   111.9 s
        recipe               [CPU]             0.6 s
        fap_exec             [GPU·IO]       104.8 s
        fap_merge            [CPU]             0.9 s
        fap_ctx              [CPU]             0.3 s
        fap_unpack           [CPU]             3.7 s
      reduceSH (MPI)         [CPU·IO]         8.3 s
        sync (hash+wait)     [CPU·IO]         5.7 s
        pack                 [CPU]             0.7 s
        xfer (NCCL/host)     [IO]              1.5 s
        unpack               [CPU]             0.4 s
      hydrate_cd (MPI)       [IO]              7.3 s
      (other)                [CPU]            71.4 s
    predict                  [CPU]            19.0 s
    ooc                      [IO]              0.6 s
      load                   [IO]              0.6 s

################## Sweep 2/2 (forward) summary ##################
  Energy       1000000000000000000.0000000000 Ha
  dE vs prev sweep  +0.000e+00 Ha
  Discarded weight  0.000e+00  (max over this sweep's decimations)
  Rank 0: Host RAM sweep-peak 54603 MB · VmHWM 73269 MB   VRAM op-pool peak 31016 MB · total peak 61612 MB
  Rank 1: Host RAM sweep-peak 53868 MB · VmHWM 72733 MB   VRAM op-pool peak 31224 MB · total peak 61640 MB
  Rank 2: Host RAM sweep-peak 54283 MB · VmHWM 73004 MB   VRAM op-pool peak 30993 MB · total peak 61608 MB
  Rank 3: Host RAM sweep-peak 53960 MB · VmHWM 72802 MB   VRAM op-pool peak 31291 MB · total peak 61754 MB
  OOC scratch  2034501 MB on disk  (sum over all ranks)
  Timings (wall 14735.5 s)
    build                    [CPU]             0.0 s
      [kern] executor reductions (all phases): res-zero 0.0 · gather 21.2 · reduce 1.5 · accumulate 0.5 s
    matvec                   [GPU·CPU·IO]     0.0 s   (GPU 0.0 · IO 0.0 · CPU 0.0)
    decimate                 [CPU]            45.0 s
      rho (dist)             [CPU]             7.9 s
      eigh (dist)            [CPU]            20.4 s
      share (MPI wait)       [CPU·IO]        14.0 s
      select+assemble        [CPU]             0.9 s
      (other)                [CPU]             1.7 s
    grow                     [GPU·CPU·IO]  1393.1 s   (GPU 43.6 · IO 83.6 · CPU 1265.9) · 113.29 TFLOPS total · 28.32/GPU
      gpu_proj (project)     [GPU·CPU·IO]   198.2 s
        recipe               [CPU]             0.7 s
        fap_exec             [GPU·IO]       190.2 s
        fap_merge            [CPU]             1.1 s
        fap_ctx              [CPU]             0.3 s
        fap_unpack           [CPU]             3.7 s
      reduceSH (MPI)         [CPU·IO]      1114.4 s
        sync (hash+wait)     [CPU·IO]      1111.5 s
        pack                 [CPU]             0.9 s
        xfer (NCCL/host)     [IO]              1.6 s
        unpack               [CPU]             0.4 s
      hydrate_cd (MPI)       [IO]             20.9 s
      (other)                [CPU]            59.5 s
    measure                  [CPU]         13118.7 s
      hydrate cd/ab (MPI)    [CPU·IO]       137.8 s
      eval (elements)        [CPU]         12981.0 s
    predict                  [CPU]            27.0 s
    ooc                      [IO]              0.5 s
      load                   [IO]              0.5 s

################## Run total ##################
  2 sweep(s) + warmup: 15150.2 s wall · final E 1000000000000000000.0000000000 Ha · VmHWM 73269 MB
  ooc async residual wait (not hidden behind compute): save 0.3 · load 15.5 s (0% of runtime)
[qops] <S^2> = 1.195783  (S = 0.7024)  [assumes identical alpha/beta spatial orbitals — with UHF orbitals this is NOT the physical <S^2>; see qops/measure.hpp]
[qops] single-orbital entropy: total 5.5786 · max 0.3456 @ orbital 21 · spin-orbital total 5.6182
[qops] S1 = 0.050 0.011 0.054 0.061 0.021 0.051 0.093 0.082 0.103 0.157 0.165 0.154 0.203 0.208 0.145 0.161
             0.186 0.183 0.251 0.301 0.329 0.346 0.286 0.186 0.204 0.178 0.174 0.133 0.156 0.135 0.119 0.109
             0.098 0.096 0.089 0.080 0.069 0.055 0.045 0.051
[rc] measurements done (RDMs + NO occupations saved)
[qops] MPI np=4 · GPU=on · device collectives: NCCL (NVLink/GPUDirect)
[qops] A/B host-offload: ON (stubs + pager spill)

################## Sweep 1/10 (backward) summary ##################
  Energy       -2987.5251769434 Ha
  Discarded weight  4.453e-04  (max over this sweep's decimations)
  Rank 0: Host RAM sweep-peak 42910 MB · VmHWM 73269 MB   VRAM op-pool peak 31016 MB · total peak 61612 MB
  Rank 1: Host RAM sweep-peak 42246 MB · VmHWM 72733 MB   VRAM op-pool peak 31224 MB · total peak 61640 MB
  Rank 2: Host RAM sweep-peak 42000 MB · VmHWM 73004 MB   VRAM op-pool peak 30993 MB · total peak 61608 MB
  Rank 3: Host RAM sweep-peak 42696 MB · VmHWM 72802 MB   VRAM op-pool peak 31291 MB · total peak 61754 MB
  Block stores (peak bond, per rank): distributed A/B share 19434 MB (~K²M²/np) · owner cre/des 538 · S 226 MB (~KM²/np) · replicated floor 45 MB [stubs 3 (~KM) · H 42 (~M²)]
  OOC scratch  1704430 MB on disk  (sum over all ranks)
  Timings (wall 863.1 s)
    build                    [CPU]           157.8 s
      formPQ                 [GPU·CPU·IO]    57.5 s   (GPU 4.6 · IO 19.0 · CPU 33.9)
        exec-gemm            [GPU]             1.1 s   (72.30 TFLOPS total · 18.08/GPU)
        exec-kern            [GPU]             3.5 s
        transfer             [IO]             19.0 s
        exec-hostprep        [CPU]            26.6 s
        prep (W+layout)      [CPU]             0.1 s
        complete (MPI)       [IO]              5.9 s
        wdesc (Wsub+reds)    [CPU]             0.4 s
        (other)              [CPU]             0.8 s
      [kern] executor reductions (all phases): res-zero 0.0 · gather 15.6 · reduce 35.1 · accumulate 1.1 s
      sys                    [CPU]             2.4 s
      env                    [CPU]             0.8 s
      compPQ-form            [CPU]             0.9 s
        bsblock              [CPU]             0.3 s
        match                [CPU]             0.5 s
          pump (src dedup)   [CPU]             0.2 s
          emit (owned)       [CPU]             0.1 s
          (other)            [CPU]             0.1 s
      assembly               [CPU]             0.3 s
      compS-form-gpu (MPI)   [GPU·CPU·IO]    95.4 s   (GPU 33.4 · IO 22.7 · CPU 39.3)
        bsblock (store walk) [CPU]             0.4 s
        recipe (host,replic) [CPU]             1.1 s
        form (gpu+D2H)       [GPU·IO]        81.0 s
        reduce (NCCL/host)   [IO]              3.4 s
        unpack (D2H)         [CPU·IO]         9.4 s
        (other)              [CPU]             0.1 s
      (other)                [CPU]             0.5 s
    matvec                   [GPU·CPU·IO]   391.0 s   (GPU 339.3 · IO 0.0 · CPU 51.7)
      gemm                   [GPU]           292.1 s   (113.96 TFLOPS total · 28.49/GPU)
      kern                   [GPU]            47.2 s
      host                   [CPU]            51.7 s
        planEnum             [CPU]             3.9 s
        ctorAlloc(upload)    [CPU·IO]        11.8 s
        ctorGroup            [CPU]             0.6 s
        ctorForm             [GPU]             0.9 s
        (other)              [CPU]            34.3 s
    decimate                 [CPU]            26.3 s
      rho (dist)             [CPU]             4.7 s
      eigh (dist)            [CPU]            12.2 s
      share (MPI wait)       [CPU·IO]         7.8 s
      select+assemble        [CPU]             0.5 s
      (other)                [CPU]             1.0 s
    grow                     [GPU·CPU·IO]   113.1 s   (GPU 25.8 · IO 29.5 · CPU 57.8) · 108.66 TFLOPS total · 27.17/GPU
      gpu_proj (project)     [GPU·CPU·IO]    62.3 s
        recipe               [CPU]             0.6 s
        fap_exec             [GPU·IO]        57.2 s
        fap_merge            [CPU]             0.6 s
        fap_ctx              [CPU]             0.3 s
        fap_unpack           [CPU]             1.4 s
      reduceSH (MPI)         [CPU·IO]         7.8 s
        sync (hash+wait)     [CPU·IO]         6.0 s
        pack                 [CPU]             0.4 s
        xfer (NCCL/host)     [IO]              1.1 s
        unpack               [CPU]             0.3 s
      (other)                [CPU]            43.0 s
    predict                  [CPU]            15.1 s
    ooc                      [IO]              0.6 s
      load                   [IO]              0.6 s

################## Sweep 2/10 (forward) summary ##################
  Energy       -2987.5245478413 Ha
  dE vs prev sweep  +6.291e-04 Ha
  Discarded weight  2.947e-04  (max over this sweep's decimations)
  Rank 0: Host RAM sweep-peak 43195 MB · VmHWM 73269 MB   VRAM op-pool peak 31016 MB · total peak 61612 MB
  Rank 1: Host RAM sweep-peak 42174 MB · VmHWM 72733 MB   VRAM op-pool peak 31224 MB · total peak 61640 MB
  Rank 2: Host RAM sweep-peak 42496 MB · VmHWM 73004 MB   VRAM op-pool peak 30993 MB · total peak 61608 MB
  Rank 3: Host RAM sweep-peak 42575 MB · VmHWM 72802 MB   VRAM op-pool peak 31291 MB · total peak 61754 MB
  Block stores (peak bond, per rank): distributed A/B share 12155 MB (~K²M²/np) · owner cre/des 388 · S 194 MB (~KM²/np) · replicated floor 36 MB [stubs 3 (~KM) · H 33 (~M²)]
  OOC scratch  1340412 MB on disk  (sum over all ranks)
  Timings (wall 653.9 s)
    build                    [CPU]           106.6 s
      formPQ                 [GPU·CPU·IO]    34.9 s   (GPU 3.6 · IO 11.0 · CPU 20.4)
        exec-gemm            [GPU]             0.9 s   (73.57 TFLOPS total · 18.39/GPU)
        exec-kern            [GPU]             2.7 s
        transfer             [IO]             11.0 s
        exec-hostprep        [CPU]            15.5 s
        prep (W+layout)      [CPU]             0.1 s
        complete (MPI)       [IO]              3.6 s
        wdesc (Wsub+reds)    [CPU]             0.3 s
        (other)              [CPU]             0.8 s
      [kern] executor reductions (all phases): res-zero 0.0 · gather 15.6 · reduce 27.7 · accumulate 0.9 s
      sys                    [CPU]             0.7 s
      env                    [CPU]             1.7 s
      compPQ-form            [CPU]             0.6 s
        bsblock              [CPU]             0.1 s
        match                [CPU]             0.4 s
          pump (src dedup)   [CPU]             0.2 s
          emit (owned)       [CPU]             0.1 s
          (other)            [CPU]             0.1 s
      assembly               [CPU]             0.3 s
      compS-form-gpu (MPI)   [GPU·CPU·IO]    67.7 s   (GPU 26.2 · IO 14.1 · CPU 27.4)
        bsblock (store walk) [CPU]             0.3 s
        recipe (host,replic) [CPU]             1.1 s
        form (gpu+D2H)       [GPU·IO]        55.4 s
        reduce (NCCL/host)   [IO]              3.3 s
        unpack (D2H)         [CPU·IO]         7.5 s
        (other)              [CPU]             0.1 s
      (other)                [CPU]             0.5 s
    matvec                   [GPU·CPU·IO]   287.4 s   (GPU 246.0 · IO 0.0 · CPU 41.4)
      gemm                   [GPU]           209.5 s   (111.21 TFLOPS total · 27.80/GPU)
      kern                   [GPU]            36.5 s
      host                   [CPU]            41.4 s
        planEnum             [CPU]             3.6 s
        ctorAlloc(upload)    [CPU·IO]         8.4 s
        ctorGroup            [CPU]             0.6 s
        ctorForm             [GPU]             0.8 s
        (other)              [CPU]            28.0 s
    decimate                 [CPU]            25.2 s
      rho (dist)             [CPU]             4.8 s
      eigh (dist)            [CPU]            12.4 s
      share (MPI wait)       [CPU·IO]         6.6 s
      select+assemble        [CPU]             0.5 s
      (other)                [CPU]             1.0 s
    grow                     [GPU·CPU·IO]   114.8 s   (GPU 26.6 · IO 31.4 · CPU 56.9) · 107.19 TFLOPS total · 26.80/GPU
      gpu_proj (project)     [GPU·CPU·IO]    64.8 s
        recipe               [CPU]             0.6 s
        fap_exec             [GPU·IO]        59.9 s
        fap_merge            [CPU]             0.6 s
        fap_ctx              [CPU]             0.3 s
        fap_unpack           [CPU]             1.4 s
      reduceSH (MPI)         [CPU·IO]         7.5 s
        sync (hash+wait)     [CPU·IO]         5.7 s
        pack                 [CPU]             0.4 s
        xfer (NCCL/host)     [IO]              1.1 s
        unpack               [CPU]             0.3 s
      (other)                [CPU]            42.6 s
    predict                  [CPU]            14.4 s
    ooc                      [IO]              0.2 s
      load                   [IO]              0.2 s

################## Sweep 3/10 (backward) summary ##################
  Energy       -2987.5245827394 Ha
  dE vs prev sweep  -3.490e-05 Ha
  Discarded weight  2.791e-04  (max over this sweep's decimations)
  Rank 0: Host RAM sweep-peak 42538 MB · VmHWM 73269 MB   VRAM op-pool peak 31016 MB · total peak 61612 MB
  Rank 1: Host RAM sweep-peak 41984 MB · VmHWM 72733 MB   VRAM op-pool peak 31224 MB · total peak 61640 MB
  Rank 2: Host RAM sweep-peak 41789 MB · VmHWM 73004 MB   VRAM op-pool peak 30993 MB · total peak 61608 MB
  Rank 3: Host RAM sweep-peak 42987 MB · VmHWM 72802 MB   VRAM op-pool peak 31291 MB · total peak 61754 MB
  Block stores (peak bond, per rank): distributed A/B share 12301 MB (~K²M²/np) · owner cre/des 389 · S 195 MB (~KM²/np) · replicated floor 36 MB [stubs 2 (~KM) · H 34 (~M²)]
  OOC scratch  1323079 MB on disk  (sum over all ranks)
  Timings (wall 655.3 s)
    build                    [CPU]           107.7 s
      formPQ                 [GPU·CPU·IO]    35.3 s   (GPU 3.6 · IO 11.3 · CPU 20.4)
        exec-gemm            [GPU]             0.9 s   (73.84 TFLOPS total · 18.46/GPU)
        exec-kern            [GPU]             2.7 s
        transfer             [IO]             11.3 s
        exec-hostprep        [CPU]            15.5 s
        prep (W+layout)      [CPU]             0.1 s
        complete (MPI)       [IO]              3.7 s
        wdesc (Wsub+reds)    [CPU]             0.3 s
        (other)              [CPU]             0.7 s
      [kern] executor reductions (all phases): res-zero 0.0 · gather 15.3 · reduce 27.7 · accumulate 0.9 s
      sys                    [CPU]             1.5 s
      env                    [CPU]             0.8 s
      compPQ-form            [CPU]             0.7 s
        bsblock              [CPU]             0.2 s
        match                [CPU]             0.4 s
          pump (src dedup)   [CPU]             0.2 s
          emit (owned)       [CPU]             0.1 s
          (other)            [CPU]             0.1 s
      assembly               [CPU]             0.3 s
      compS-form-gpu (MPI)   [GPU·CPU·IO]    68.6 s   (GPU 26.2 · IO 14.7 · CPU 27.8)
        bsblock (store walk) [CPU]             0.2 s
        recipe (host,replic) [CPU]             1.1 s
        form (gpu+D2H)       [GPU·IO]        56.5 s
        reduce (NCCL/host)   [IO]              3.2 s
        unpack (D2H)         [CPU·IO]         7.6 s
        (other)              [CPU]             0.1 s
      (other)                [CPU]             0.5 s
    matvec                   [GPU·CPU·IO]   292.3 s   (GPU 250.2 · IO 0.0 · CPU 42.1)
      gemm                   [GPU]           213.4 s   (111.83 TFLOPS total · 27.96/GPU)
      kern                   [GPU]            36.8 s
      host                   [CPU]            42.1 s
        planEnum             [CPU]             3.6 s
        ctorAlloc(upload)    [CPU·IO]         8.7 s
        ctorGroup            [CPU]             0.6 s
        ctorForm             [GPU]             0.8 s
        (other)              [CPU]            28.5 s
    decimate                 [CPU]            25.5 s
      rho (dist)             [CPU]             4.2 s
      eigh (dist)            [CPU]            12.3 s
      share (MPI wait)       [CPU·IO]         7.6 s
      select+assemble        [CPU]             0.5 s
      (other)                [CPU]             1.0 s
    grow                     [GPU·CPU·IO]   113.8 s   (GPU 25.8 · IO 29.8 · CPU 58.1) · 110.08 TFLOPS total · 27.52/GPU
      gpu_proj (project)     [GPU·CPU·IO]    62.5 s
        recipe               [CPU]             0.6 s
        fap_exec             [GPU·IO]        57.5 s
        fap_merge            [CPU]             0.6 s
        fap_ctx              [CPU]             0.2 s
        fap_unpack           [CPU]             1.5 s
      reduceSH (MPI)         [CPU·IO]         9.2 s
        sync (hash+wait)     [CPU·IO]         7.4 s
        pack                 [CPU]             0.4 s
        xfer (NCCL/host)     [IO]              1.1 s
        unpack               [CPU]             0.3 s
      (other)                [CPU]            42.1 s
    predict                  [CPU]            11.0 s
    ooc                      [IO]              0.3 s
      load                   [IO]              0.3 s

################## Sweep 4/10 (forward) summary ##################
  Energy       -2987.5245885612 Ha
  dE vs prev sweep  -5.822e-06 Ha
  Discarded weight  2.752e-04  (max over this sweep's decimations)
  Rank 0: Host RAM sweep-peak 42960 MB · VmHWM 73269 MB   VRAM op-pool peak 31016 MB · total peak 61612 MB
  Rank 1: Host RAM sweep-peak 41581 MB · VmHWM 72733 MB   VRAM op-pool peak 31224 MB · total peak 61640 MB
  Rank 2: Host RAM sweep-peak 42332 MB · VmHWM 73004 MB   VRAM op-pool peak 30993 MB · total peak 61608 MB
  Rank 3: Host RAM sweep-peak 42999 MB · VmHWM 72802 MB   VRAM op-pool peak 31291 MB · total peak 61754 MB
  Block stores (peak bond, per rank): distributed A/B share 12389 MB (~K²M²/np) · owner cre/des 389 · S 195 MB (~KM²/np) · replicated floor 36 MB [stubs 2 (~KM) · H 34 (~M²)]
  OOC scratch  1322391 MB on disk  (sum over all ranks)
  Timings (wall 651.4 s)
    build                    [CPU]           106.9 s
      formPQ                 [GPU·CPU·IO]    35.0 s   (GPU 3.6 · IO 11.0 · CPU 20.5)
        exec-gemm            [GPU]             0.9 s   (73.76 TFLOPS total · 18.44/GPU)
        exec-kern            [GPU]             2.7 s
        transfer             [IO]             11.0 s
        exec-hostprep        [CPU]            15.9 s
        prep (W+layout)      [CPU]             0.1 s
        complete (MPI)       [IO]              3.4 s
        wdesc (Wsub+reds)    [CPU]             0.3 s
        (other)              [CPU]             0.8 s
      [kern] executor reductions (all phases): res-zero 0.0 · gather 15.7 · reduce 27.7 · accumulate 0.9 s
      sys                    [CPU]             0.8 s
      env                    [CPU]             1.4 s
      compPQ-form            [CPU]             0.6 s
        bsblock              [CPU]             0.1 s
        match                [CPU]             0.4 s
          pump (src dedup)   [CPU]             0.2 s
          emit (owned)       [CPU]             0.1 s
          (other)            [CPU]             0.1 s
      assembly               [CPU]             0.3 s
      compS-form-gpu (MPI)   [GPU·CPU·IO]    68.3 s   (GPU 26.2 · IO 14.1 · CPU 27.9)
        bsblock (store walk) [CPU]             0.3 s
        recipe (host,replic) [CPU]             1.1 s
        form (gpu+D2H)       [GPU·IO]        55.6 s
        reduce (NCCL/host)   [IO]              3.7 s
        unpack (D2H)         [CPU·IO]         7.5 s
        (other)              [CPU]             0.1 s
      (other)                [CPU]             0.5 s
    matvec                   [GPU·CPU·IO]   285.2 s   (GPU 244.0 · IO 0.0 · CPU 41.2)
      gemm                   [GPU]           208.0 s   (111.81 TFLOPS total · 27.95/GPU)
      kern                   [GPU]            36.0 s
      host                   [CPU]            41.2 s
        planEnum             [CPU]             3.6 s
        ctorAlloc(upload)    [CPU·IO]         8.3 s
        ctorGroup            [CPU]             0.6 s
        ctorForm             [GPU]             0.8 s
        (other)              [CPU]            28.0 s
    decimate                 [CPU]            25.0 s
      rho (dist)             [CPU]             4.7 s
      eigh (dist)            [CPU]            12.3 s
      share (MPI wait)       [CPU·IO]         6.4 s
      select+assemble        [CPU]             0.5 s
      (other)                [CPU]             1.0 s
    grow                     [GPU·CPU·IO]   114.5 s   (GPU 26.7 · IO 31.4 · CPU 56.5) · 107.29 TFLOPS total · 26.82/GPU
      gpu_proj (project)     [GPU·CPU·IO]    65.0 s
        recipe               [CPU]             0.6 s
        fap_exec             [GPU·IO]        60.0 s
        fap_merge            [CPU]             0.6 s
        fap_ctx              [CPU]             0.3 s
        fap_unpack           [CPU]             1.5 s
      reduceSH (MPI)         [CPU·IO]         6.3 s
        sync (hash+wait)     [CPU·IO]         4.5 s
        pack                 [CPU]             0.4 s
        xfer (NCCL/host)     [IO]              1.1 s
        unpack               [CPU]             0.3 s
      (other)                [CPU]            43.2 s
    predict                  [CPU]            14.5 s
    ooc                      [IO]              0.3 s
      load                   [IO]              0.3 s

################## Sweep 5/10 (backward) summary ##################
  Energy       -2987.5245903782 Ha
  dE vs prev sweep  -1.817e-06 Ha
  Discarded weight  2.737e-04  (max over this sweep's decimations)
  Rank 0: Host RAM sweep-peak 42072 MB · VmHWM 73269 MB   VRAM op-pool peak 31016 MB · total peak 61612 MB
  Rank 1: Host RAM sweep-peak 41678 MB · VmHWM 72733 MB   VRAM op-pool peak 31224 MB · total peak 61640 MB
  Rank 2: Host RAM sweep-peak 41345 MB · VmHWM 73004 MB   VRAM op-pool peak 30993 MB · total peak 61608 MB
  Rank 3: Host RAM sweep-peak 41769 MB · VmHWM 72802 MB   VRAM op-pool peak 31291 MB · total peak 61754 MB
  Block stores (peak bond, per rank): distributed A/B share 12371 MB (~K²M²/np) · owner cre/des 389 · S 195 MB (~KM²/np) · replicated floor 36 MB [stubs 2 (~KM) · H 33 (~M²)]
  OOC scratch  1322029 MB on disk  (sum over all ranks)
  Timings (wall 649.6 s)
    build                    [CPU]           108.3 s
      formPQ                 [GPU·CPU·IO]    35.7 s   (GPU 3.6 · IO 11.3 · CPU 20.8)
        exec-gemm            [GPU]             0.9 s   (73.65 TFLOPS total · 18.41/GPU)
        exec-kern            [GPU]             2.7 s
        transfer             [IO]             11.3 s
        exec-hostprep        [CPU]            15.8 s
        prep (W+layout)      [CPU]             0.1 s
        complete (MPI)       [IO]              3.7 s
        wdesc (Wsub+reds)    [CPU]             0.3 s
        (other)              [CPU]             0.7 s
      [kern] executor reductions (all phases): res-zero 0.0 · gather 15.3 · reduce 27.7 · accumulate 0.9 s
      sys                    [CPU]             1.6 s
      env                    [CPU]             0.8 s
      compPQ-form            [CPU]             0.7 s
        bsblock              [CPU]             0.2 s
        match                [CPU]             0.4 s
          pump (src dedup)   [CPU]             0.2 s
          emit (owned)       [CPU]             0.1 s
          (other)            [CPU]             0.1 s
      assembly               [CPU]             0.3 s
      compS-form-gpu (MPI)   [GPU·CPU·IO]    68.7 s   (GPU 26.2 · IO 14.6 · CPU 27.9)
        bsblock (store walk) [CPU]             0.2 s
        recipe (host,replic) [CPU]             1.1 s
        form (gpu+D2H)       [GPU·IO]        56.5 s
        reduce (NCCL/host)   [IO]              3.2 s
        unpack (D2H)         [CPU·IO]         7.6 s
        (other)              [CPU]             0.1 s
      (other)                [CPU]             0.5 s
    matvec                   [GPU·CPU·IO]   287.2 s   (GPU 245.5 · IO 0.0 · CPU 41.7)
      gemm                   [GPU]           209.4 s   (112.12 TFLOPS total · 28.03/GPU)
      kern                   [GPU]            36.1 s
      host                   [CPU]            41.7 s
        planEnum             [CPU]             3.6 s
        ctorAlloc(upload)    [CPU·IO]         8.7 s
        ctorGroup            [CPU]             0.6 s
        ctorForm             [GPU]             0.8 s
        (other)              [CPU]            28.0 s
    decimate                 [CPU]            25.2 s
      rho (dist)             [CPU]             4.4 s
      eigh (dist)            [CPU]            12.3 s
      share (MPI wait)       [CPU·IO]         7.1 s
      select+assemble        [CPU]             0.5 s
      (other)                [CPU]             1.0 s
    grow                     [GPU·CPU·IO]   112.6 s   (GPU 25.7 · IO 30.0 · CPU 56.9) · 109.69 TFLOPS total · 27.42/GPU
      gpu_proj (project)     [GPU·CPU·IO]    62.6 s
        recipe               [CPU]             0.6 s
        fap_exec             [GPU·IO]        57.5 s
        fap_merge            [CPU]             0.7 s
        fap_ctx              [CPU]             0.2 s
        fap_unpack           [CPU]             1.4 s
      reduceSH (MPI)         [CPU·IO]         7.5 s
        sync (hash+wait)     [CPU·IO]         5.7 s
        pack                 [CPU]             0.4 s
        xfer (NCCL/host)     [IO]              1.1 s
        unpack               [CPU]             0.2 s
      (other)                [CPU]            42.5 s
    predict                  [CPU]            11.1 s
    ooc                      [IO]              0.3 s
      load                   [IO]              0.3 s

################## Sweep 6/10 (forward) summary ##################
  Energy       -2987.5245922531 Ha
  dE vs prev sweep  -1.875e-06 Ha
  Discarded weight  2.725e-04  (max over this sweep's decimations)
  Rank 0: Host RAM sweep-peak 43275 MB · VmHWM 73269 MB   VRAM op-pool peak 31016 MB · total peak 61612 MB
  Rank 1: Host RAM sweep-peak 43448 MB · VmHWM 72733 MB   VRAM op-pool peak 31224 MB · total peak 61640 MB
  Rank 2: Host RAM sweep-peak 42944 MB · VmHWM 73004 MB   VRAM op-pool peak 30993 MB · total peak 61608 MB
  Rank 3: Host RAM sweep-peak 43745 MB · VmHWM 72802 MB   VRAM op-pool peak 31291 MB · total peak 61754 MB
  Block stores (peak bond, per rank): distributed A/B share 12094 MB (~K²M²/np) · owner cre/des 389 · S 195 MB (~KM²/np) · replicated floor 36 MB [stubs 2 (~KM) · H 34 (~M²)]
  OOC scratch  1320338 MB on disk  (sum over all ranks)
  Timings (wall 652.0 s)
    build                    [CPU]           107.4 s
      formPQ                 [GPU·CPU·IO]    35.3 s   (GPU 3.6 · IO 11.0 · CPU 20.7)
        exec-gemm            [GPU]             0.9 s   (73.68 TFLOPS total · 18.42/GPU)
        exec-kern            [GPU]             2.7 s
        transfer             [IO]             11.0 s
        exec-hostprep        [CPU]            15.4 s
        prep (W+layout)      [CPU]             0.1 s
        complete (MPI)       [IO]              4.0 s
        wdesc (Wsub+reds)    [CPU]             0.3 s
        (other)              [CPU]             0.8 s
      [kern] executor reductions (all phases): res-zero 0.0 · gather 15.7 · reduce 27.7 · accumulate 0.9 s
      sys                    [CPU]             0.8 s
      env                    [CPU]             1.6 s
      compPQ-form            [CPU]             0.6 s
        bsblock              [CPU]             0.1 s
        match                [CPU]             0.4 s
          pump (src dedup)   [CPU]             0.2 s
          emit (owned)       [CPU]             0.1 s
          (other)            [CPU]             0.1 s
      assembly               [CPU]             0.3 s
      compS-form-gpu (MPI)   [GPU·CPU·IO]    68.3 s   (GPU 26.2 · IO 14.2 · CPU 27.9)
        bsblock (store walk) [CPU]             0.3 s
        recipe (host,replic) [CPU]             1.1 s
        form (gpu+D2H)       [GPU·IO]        55.5 s
        reduce (NCCL/host)   [IO]              3.8 s
        unpack (D2H)         [CPU·IO]         7.5 s
        (other)              [CPU]             0.1 s
      (other)                [CPU]             0.5 s
    matvec                   [GPU·CPU·IO]   285.4 s   (GPU 243.9 · IO 0.0 · CPU 41.5)
      gemm                   [GPU]           208.1 s   (111.61 TFLOPS total · 27.90/GPU)
      kern                   [GPU]            35.9 s
      host                   [CPU]            41.5 s
        planEnum             [CPU]             3.6 s
        ctorAlloc(upload)    [CPU·IO]         8.4 s
        ctorGroup            [CPU]             0.6 s
        ctorForm             [GPU]             0.8 s
        (other)              [CPU]            28.1 s
    decimate                 [CPU]            25.1 s
      rho (dist)             [CPU]             4.7 s
      eigh (dist)            [CPU]            12.4 s
      share (MPI wait)       [CPU·IO]         6.5 s
      select+assemble        [CPU]             0.5 s
      (other)                [CPU]             1.0 s
    grow                     [GPU·CPU·IO]   115.2 s   (GPU 26.6 · IO 31.5 · CPU 57.0) · 107.24 TFLOPS total · 26.81/GPU
      gpu_proj (project)     [GPU·CPU·IO]    65.1 s
        recipe               [CPU]             0.6 s
        fap_exec             [GPU·IO]        60.1 s
        fap_merge            [CPU]             0.6 s
        fap_ctx              [CPU]             0.3 s
        fap_unpack           [CPU]             1.4 s
      reduceSH (MPI)         [CPU·IO]         6.1 s
        sync (hash+wait)     [CPU·IO]         4.3 s
        pack                 [CPU]             0.4 s
        xfer (NCCL/host)     [IO]              1.1 s
        unpack               [CPU]             0.3 s
      (other)                [CPU]            44.0 s
    predict                  [CPU]            14.5 s
    ooc                      [IO]              0.3 s
      load                   [IO]              0.3 s

################## Sweep 7/10 (backward) summary ##################
  Energy       -2987.5245934158 Ha
  dE vs prev sweep  -1.163e-06 Ha
  Discarded weight  2.719e-04  (max over this sweep's decimations)
  Rank 0: Host RAM sweep-peak 43373 MB · VmHWM 73269 MB   VRAM op-pool peak 31016 MB · total peak 61612 MB
  Rank 1: Host RAM sweep-peak 43272 MB · VmHWM 72733 MB   VRAM op-pool peak 31224 MB · total peak 61640 MB
  Rank 2: Host RAM sweep-peak 42469 MB · VmHWM 73004 MB   VRAM op-pool peak 30993 MB · total peak 61608 MB
  Rank 3: Host RAM sweep-peak 43035 MB · VmHWM 72802 MB   VRAM op-pool peak 31291 MB · total peak 61754 MB
  Block stores (peak bond, per rank): distributed A/B share 12258 MB (~K²M²/np) · owner cre/des 389 · S 195 MB (~KM²/np) · replicated floor 36 MB [stubs 2 (~KM) · H 34 (~M²)]
  OOC scratch  1322462 MB on disk  (sum over all ranks)
  Timings (wall 650.9 s)
    build                    [CPU]           108.7 s
      formPQ                 [GPU·CPU·IO]    36.2 s   (GPU 3.6 · IO 11.2 · CPU 21.4)
        exec-gemm            [GPU]             0.9 s   (73.97 TFLOPS total · 18.49/GPU)
        exec-kern            [GPU]             2.7 s
        transfer             [IO]             11.2 s
        exec-hostprep        [CPU]            15.8 s
        prep (W+layout)      [CPU]             0.1 s
        complete (MPI)       [IO]              4.4 s
        wdesc (Wsub+reds)    [CPU]             0.3 s
        (other)              [CPU]             0.7 s
      [kern] executor reductions (all phases): res-zero 0.0 · gather 15.3 · reduce 27.8 · accumulate 0.9 s
      sys                    [CPU]             1.6 s
      env                    [CPU]             0.8 s
      compPQ-form            [CPU]             0.6 s
        bsblock              [CPU]             0.1 s
        match                [CPU]             0.4 s
          pump (src dedup)   [CPU]             0.2 s
          emit (owned)       [CPU]             0.1 s
          (other)            [CPU]             0.1 s
      assembly               [CPU]             0.3 s
      compS-form-gpu (MPI)   [GPU·CPU·IO]    68.7 s   (GPU 26.2 · IO 14.5 · CPU 27.9)
        bsblock (store walk) [CPU]             0.3 s
        recipe (host,replic) [CPU]             1.1 s
        form (gpu+D2H)       [GPU·IO]        56.4 s
        reduce (NCCL/host)   [IO]              3.3 s
        unpack (D2H)         [CPU·IO]         7.6 s
        (other)              [CPU]             0.1 s
      (other)                [CPU]             0.5 s
    matvec                   [GPU·CPU·IO]   287.6 s   (GPU 245.8 · IO 0.0 · CPU 41.8)
      gemm                   [GPU]           209.8 s   (111.70 TFLOPS total · 27.93/GPU)
      kern                   [GPU]            36.0 s
      host                   [CPU]            41.8 s
        planEnum             [CPU]             3.6 s
        ctorAlloc(upload)    [CPU·IO]         8.8 s
        ctorGroup            [CPU]             0.6 s
        ctorForm             [GPU]             0.8 s
        (other)              [CPU]            28.0 s
    decimate                 [CPU]            25.1 s
      rho (dist)             [CPU]             4.4 s
      eigh (dist)            [CPU]            12.4 s
      share (MPI wait)       [CPU·IO]         6.9 s
      select+assemble        [CPU]             0.5 s
      (other)                [CPU]             1.0 s
    grow                     [GPU·CPU·IO]   113.1 s   (GPU 25.8 · IO 29.9 · CPU 57.4) · 110.41 TFLOPS total · 27.60/GPU
      gpu_proj (project)     [GPU·CPU·IO]    62.6 s
        recipe               [CPU]             0.6 s
        fap_exec             [GPU·IO]        57.6 s
        fap_merge            [CPU]             0.6 s
        fap_ctx              [CPU]             0.3 s
        fap_unpack           [CPU]             1.5 s
      reduceSH (MPI)         [CPU·IO]         8.0 s
        sync (hash+wait)     [CPU·IO]         6.2 s
        pack                 [CPU]             0.4 s
        xfer (NCCL/host)     [IO]              1.1 s
        unpack               [CPU]             0.2 s
      (other)                [CPU]            42.5 s
    predict                  [CPU]            11.1 s
    ooc                      [IO]              0.3 s
      load                   [IO]              0.3 s

################## Sweep 8/10 (forward) summary ##################
  Energy       -2987.5245941465 Ha
  dE vs prev sweep  -7.307e-07 Ha
  Discarded weight  2.710e-04  (max over this sweep's decimations)
  Rank 0: Host RAM sweep-peak 42811 MB · VmHWM 73269 MB   VRAM op-pool peak 31016 MB · total peak 61612 MB
  Rank 1: Host RAM sweep-peak 42528 MB · VmHWM 72733 MB   VRAM op-pool peak 31224 MB · total peak 61640 MB
  Rank 2: Host RAM sweep-peak 42068 MB · VmHWM 73004 MB   VRAM op-pool peak 30993 MB · total peak 61608 MB
  Rank 3: Host RAM sweep-peak 42696 MB · VmHWM 72802 MB   VRAM op-pool peak 31291 MB · total peak 61754 MB
  Block stores (peak bond, per rank): distributed A/B share 12318 MB (~K²M²/np) · owner cre/des 389 · S 195 MB (~KM²/np) · replicated floor 36 MB [stubs 2 (~KM) · H 34 (~M²)]
  OOC scratch  1326394 MB on disk  (sum over all ranks)
  Timings (wall 651.1 s)
    build                    [CPU]           106.3 s
      formPQ                 [GPU·CPU·IO]    34.6 s   (GPU 3.6 · IO 11.0 · CPU 20.0)
        exec-gemm            [GPU]             0.9 s   (73.90 TFLOPS total · 18.47/GPU)
        exec-kern            [GPU]             2.7 s
        transfer             [IO]             11.0 s
        exec-hostprep        [CPU]            15.2 s
        prep (W+layout)      [CPU]             0.1 s
        complete (MPI)       [IO]              3.6 s
        wdesc (Wsub+reds)    [CPU]             0.3 s
        (other)              [CPU]             0.8 s
      [kern] executor reductions (all phases): res-zero 0.0 · gather 15.7 · reduce 27.7 · accumulate 0.9 s
      sys                    [CPU]             0.8 s
      env                    [CPU]             1.6 s
      compPQ-form            [CPU]             0.6 s
        bsblock              [CPU]             0.1 s
        match                [CPU]             0.4 s
          pump (src dedup)   [CPU]             0.2 s
          emit (owned)       [CPU]             0.1 s
          (other)            [CPU]             0.1 s
      assembly               [CPU]             0.3 s
      compS-form-gpu (MPI)   [GPU·CPU·IO]    67.9 s   (GPU 26.2 · IO 14.2 · CPU 27.5)
        bsblock (store walk) [CPU]             0.3 s
        recipe (host,replic) [CPU]             1.1 s
        form (gpu+D2H)       [GPU·IO]        55.6 s
        reduce (NCCL/host)   [IO]              3.4 s
        unpack (D2H)         [CPU·IO]         7.4 s
        (other)              [CPU]             0.1 s
      (other)                [CPU]             0.5 s
    matvec                   [GPU·CPU·IO]   285.6 s   (GPU 244.2 · IO 0.0 · CPU 41.4)
      gemm                   [GPU]           208.3 s   (111.49 TFLOPS total · 27.87/GPU)
      kern                   [GPU]            35.9 s
      host                   [CPU]            41.4 s
        planEnum             [CPU]             3.6 s
        ctorAlloc(upload)    [CPU·IO]         8.3 s
        ctorGroup            [CPU]             0.6 s
        ctorForm             [GPU]             0.8 s
        (other)              [CPU]            28.2 s
    decimate                 [CPU]            25.4 s
      rho (dist)             [CPU]             4.7 s
      eigh (dist)            [CPU]            12.6 s
      share (MPI wait)       [CPU·IO]         6.6 s
      select+assemble        [CPU]             0.5 s
      (other)                [CPU]             1.0 s
    grow                     [GPU·CPU·IO]   113.7 s   (GPU 26.6 · IO 31.1 · CPU 56.0) · 106.90 TFLOPS total · 26.72/GPU
      gpu_proj (project)     [GPU·CPU·IO]    64.7 s
        recipe               [CPU]             0.6 s
        fap_exec             [GPU·IO]        59.7 s
        fap_merge            [CPU]             0.6 s
        fap_ctx              [CPU]             0.3 s
        fap_unpack           [CPU]             1.4 s
      reduceSH (MPI)         [CPU·IO]         6.5 s
        sync (hash+wait)     [CPU·IO]         4.7 s
        pack                 [CPU]             0.4 s
        xfer (NCCL/host)     [IO]              1.1 s
        unpack               [CPU]             0.3 s
      (other)                [CPU]            42.5 s
    predict                  [CPU]            14.5 s
    ooc                      [IO]              0.3 s
      load                   [IO]              0.3 s

################## Sweep 9/10 (backward) summary ##################
  Energy       -2987.5245950068 Ha
  dE vs prev sweep  -8.603e-07 Ha
  Discarded weight  2.706e-04  (max over this sweep's decimations)
  Rank 0: Host RAM sweep-peak 43102 MB · VmHWM 73269 MB   VRAM op-pool peak 31016 MB · total peak 61612 MB
  Rank 1: Host RAM sweep-peak 42916 MB · VmHWM 72733 MB   VRAM op-pool peak 31224 MB · total peak 61640 MB
  Rank 2: Host RAM sweep-peak 42340 MB · VmHWM 73004 MB   VRAM op-pool peak 30993 MB · total peak 61608 MB
  Rank 3: Host RAM sweep-peak 43379 MB · VmHWM 72802 MB   VRAM op-pool peak 31291 MB · total peak 61754 MB
  Block stores (peak bond, per rank): distributed A/B share 12243 MB (~K²M²/np) · owner cre/des 389 · S 195 MB (~KM²/np) · replicated floor 36 MB [stubs 2 (~KM) · H 34 (~M²)]
  OOC scratch  1321449 MB on disk  (sum over all ranks)
  Timings (wall 648.8 s)
    build                    [CPU]           106.1 s
      formPQ                 [GPU·CPU·IO]    34.2 s   (GPU 3.6 · IO 11.2 · CPU 19.4)
        exec-gemm            [GPU]             0.9 s   (73.88 TFLOPS total · 18.47/GPU)
        exec-kern            [GPU]             2.7 s
        transfer             [IO]             11.2 s
        exec-hostprep        [CPU]            15.1 s
        prep (W+layout)      [CPU]             0.1 s
        complete (MPI)       [IO]              3.2 s
        wdesc (Wsub+reds)    [CPU]             0.3 s
        (other)              [CPU]             0.7 s
      [kern] executor reductions (all phases): res-zero 0.0 · gather 15.3 · reduce 27.8 · accumulate 0.9 s
      sys                    [CPU]             1.5 s
      env                    [CPU]             0.8 s
      compPQ-form            [CPU]             0.6 s
        bsblock              [CPU]             0.1 s
        match                [CPU]             0.4 s
          pump (src dedup)   [CPU]             0.2 s
          emit (owned)       [CPU]             0.1 s
          (other)            [CPU]             0.1 s
      assembly               [CPU]             0.3 s
      compS-form-gpu (MPI)   [GPU·CPU·IO]    68.2 s   (GPU 26.2 · IO 14.5 · CPU 27.4)
        bsblock (store walk) [CPU]             0.2 s
        recipe (host,replic) [CPU]             1.1 s
        form (gpu+D2H)       [GPU·IO]        56.2 s
        reduce (NCCL/host)   [IO]              3.0 s
        unpack (D2H)         [CPU·IO]         7.6 s
        (other)              [CPU]             0.1 s
      (other)                [CPU]             0.5 s
    matvec                   [GPU·CPU·IO]   287.0 s   (GPU 245.1 · IO 0.0 · CPU 41.9)
      gemm                   [GPU]           209.1 s   (111.84 TFLOPS total · 27.96/GPU)
      kern                   [GPU]            36.0 s
      host                   [CPU]            41.9 s
        planEnum             [CPU]             3.6 s
        ctorAlloc(upload)    [CPU·IO]         8.6 s
        ctorGroup            [CPU]             0.6 s
        ctorForm             [GPU]             0.8 s
        (other)              [CPU]            28.3 s
    decimate                 [CPU]            25.7 s
      rho (dist)             [CPU]             4.3 s
      eigh (dist)            [CPU]            12.5 s
      share (MPI wait)       [CPU·IO]         7.3 s
      select+assemble        [CPU]             0.5 s
      (other)                [CPU]             1.0 s
    grow                     [GPU·CPU·IO]   113.3 s   (GPU 25.8 · IO 29.8 · CPU 57.7) · 110.14 TFLOPS total · 27.53/GPU
      gpu_proj (project)     [GPU·CPU·IO]    62.4 s
        recipe               [CPU]             0.6 s
        fap_exec             [GPU·IO]        57.5 s
        fap_merge            [CPU]             0.6 s
        fap_ctx              [CPU]             0.3 s
        fap_unpack           [CPU]             1.5 s
      reduceSH (MPI)         [CPU·IO]         8.2 s
        sync (hash+wait)     [CPU·IO]         6.5 s
        pack                 [CPU]             0.4 s
        xfer (NCCL/host)     [IO]              1.1 s
        unpack               [CPU]             0.2 s
      (other)                [CPU]            42.6 s
    predict                  [CPU]            11.0 s
    ooc                      [IO]              0.3 s
      load                   [IO]              0.3 s

################## Sweep 10/10 (forward) summary ##################
  Energy       -2987.5245957902 Ha
  dE vs prev sweep  -7.835e-07 Ha
  Discarded weight  2.699e-04  (max over this sweep's decimations)
  Rank 0: Host RAM sweep-peak 43554 MB · VmHWM 73269 MB   VRAM op-pool peak 31016 MB · total peak 61612 MB
  Rank 1: Host RAM sweep-peak 43064 MB · VmHWM 72733 MB   VRAM op-pool peak 31224 MB · total peak 61640 MB
  Rank 2: Host RAM sweep-peak 42856 MB · VmHWM 73004 MB   VRAM op-pool peak 30993 MB · total peak 61608 MB
  Rank 3: Host RAM sweep-peak 43689 MB · VmHWM 72802 MB   VRAM op-pool peak 31291 MB · total peak 61754 MB
  Block stores (peak bond, per rank): distributed A/B share 12359 MB (~K²M²/np) · owner cre/des 389 · S 195 MB (~KM²/np) · replicated floor 36 MB [stubs 2 (~KM) · H 34 (~M²)]
  OOC scratch  1323303 MB on disk  (sum over all ranks)
  Timings (wall 654.7 s)
    build                    [CPU]           107.1 s
      formPQ                 [GPU·CPU·IO]    35.4 s   (GPU 3.6 · IO 11.1 · CPU 20.8)
        exec-gemm            [GPU]             0.9 s   (73.85 TFLOPS total · 18.46/GPU)
        exec-kern            [GPU]             2.7 s
        transfer             [IO]             11.1 s
        exec-hostprep        [CPU]            15.4 s
        prep (W+layout)      [CPU]             0.1 s
        complete (MPI)       [IO]              4.1 s
        wdesc (Wsub+reds)    [CPU]             0.3 s
        (other)              [CPU]             0.8 s
      [kern] executor reductions (all phases): res-zero 0.0 · gather 15.7 · reduce 27.8 · accumulate 0.9 s
      sys                    [CPU]             0.8 s
      env                    [CPU]             1.5 s
      compPQ-form            [CPU]             0.6 s
        bsblock              [CPU]             0.1 s
        match                [CPU]             0.4 s
          pump (src dedup)   [CPU]             0.2 s
          emit (owned)       [CPU]             0.1 s
          (other)            [CPU]             0.1 s
      assembly               [CPU]             0.3 s
      compS-form-gpu (MPI)   [GPU·CPU·IO]    68.0 s   (GPU 26.2 · IO 14.2 · CPU 27.5)
        bsblock (store walk) [CPU]             0.3 s
        recipe (host,replic) [CPU]             1.1 s
        form (gpu+D2H)       [GPU·IO]        55.6 s
        reduce (NCCL/host)   [IO]              3.4 s
        unpack (D2H)         [CPU·IO]         7.4 s
        (other)              [CPU]             0.1 s
      (other)                [CPU]             0.5 s
    matvec                   [GPU·CPU·IO]   286.0 s   (GPU 244.1 · IO 0.0 · CPU 41.8)
      gemm                   [GPU]           208.2 s   (111.63 TFLOPS total · 27.91/GPU)
      kern                   [GPU]            35.9 s
      host                   [CPU]            41.8 s
        planEnum             [CPU]             3.6 s
        ctorAlloc(upload)    [CPU·IO]         8.3 s
        ctorGroup            [CPU]             0.6 s
        ctorForm             [GPU]             0.8 s
        (other)              [CPU]            28.6 s
    decimate                 [CPU]            25.2 s
      rho (dist)             [CPU]             4.7 s
      eigh (dist)            [CPU]            12.4 s
      share (MPI wait)       [CPU·IO]         6.6 s
      select+assemble        [CPU]             0.5 s
      (other)                [CPU]             1.0 s
    grow                     [GPU·CPU·IO]   115.3 s   (GPU 26.6 · IO 31.2 · CPU 57.5) · 107.05 TFLOPS total · 26.76/GPU
      gpu_proj (project)     [GPU·CPU·IO]    64.8 s
        recipe               [CPU]             0.6 s
        fap_exec             [GPU·IO]        59.7 s
        fap_merge            [CPU]             0.6 s
        fap_ctx              [CPU]             0.3 s
        fap_unpack           [CPU]             1.4 s
      reduceSH (MPI)         [CPU·IO]         7.5 s
        sync (hash+wait)     [CPU·IO]         5.6 s
        pack                 [CPU]             0.4 s
        xfer (NCCL/host)     [IO]              1.1 s
        unpack               [CPU]             0.3 s
      (other)                [CPU]            43.1 s
    predict                  [CPU]            15.2 s
    ooc                      [IO]              0.3 s
      load                   [IO]              0.3 s
[qops] WARNING: energy NOT converged after 10 sweeps: |dE| = 7.835e-07 >= e_conv = 1.000e-09

################## Run total ##################
  10 sweep(s) + warmup: 6731.3 s wall · final E -2987.5245957902 Ha · VmHWM 73269 MB
  ooc async residual wait (not hidden behind compute): save 0.3 · load 18.7 s (0% of runtime)
[rc] ladder BD=4000 done
[qops] MPI np=4 · GPU=on · device collectives: NCCL (NVLink/GPUDirect)
[qops] A/B host-offload: ON (stubs + pager spill)

################## Sweep 1/10 (backward) summary ##################
  Energy       -2987.5240854754 Ha
  Discarded weight  6.356e-04  (max over this sweep's decimations)
  Rank 0: Host RAM sweep-peak 35740 MB · VmHWM 73269 MB   VRAM op-pool peak 31016 MB · total peak 61612 MB
  Rank 1: Host RAM sweep-peak 35149 MB · VmHWM 72733 MB   VRAM op-pool peak 31224 MB · total peak 61640 MB
  Rank 2: Host RAM sweep-peak 34933 MB · VmHWM 73004 MB   VRAM op-pool peak 30993 MB · total peak 61608 MB
  Rank 3: Host RAM sweep-peak 35329 MB · VmHWM 72802 MB   VRAM op-pool peak 31291 MB · total peak 61754 MB
  Block stores (peak bond, per rank): distributed A/B share 12322 MB (~K²M²/np) · owner cre/des 338 · S 135 MB (~KM²/np) · replicated floor 28 MB [stubs 2 (~KM) · H 26 (~M²)]
  OOC scratch  1062684 MB on disk  (sum over all ranks)
  Timings (wall 497.6 s)
    build                    [CPU]            98.3 s
      formPQ                 [GPU·CPU·IO]    34.3 s   (GPU 2.8 · IO 11.0 · CPU 20.4)
        exec-gemm            [GPU]             0.7 s   (72.38 TFLOPS total · 18.10/GPU)
        exec-kern            [GPU]             2.1 s
        transfer             [IO]             11.0 s
        exec-hostprep        [CPU]            15.9 s
        prep (W+layout)      [CPU]             0.1 s
        complete (MPI)       [IO]              3.5 s
        wdesc (Wsub+reds)    [CPU]             0.3 s
        (other)              [CPU]             0.6 s
      [kern] executor reductions (all phases): res-zero 0.0 · gather 9.3 · reduce 21.8 · accumulate 0.6 s
      sys                    [CPU]             1.6 s
      env                    [CPU]             0.5 s
      compPQ-form            [CPU]             0.6 s
        bsblock              [CPU]             0.1 s
        match                [CPU]             0.4 s
          pump (src dedup)   [CPU]             0.2 s
          emit (owned)       [CPU]             0.1 s
          (other)            [CPU]             0.1 s
      assembly               [CPU]             0.3 s
      compS-form-gpu (MPI)   [GPU·CPU·IO]    60.5 s   (GPU 20.7 · IO 14.4 · CPU 25.3)
        bsblock (store walk) [CPU]             0.2 s
        recipe (host,replic) [CPU]             1.1 s
        form (gpu+D2H)       [GPU·IO]        50.6 s
        reduce (NCCL/host)   [IO]              2.6 s
        unpack (D2H)         [CPU·IO]         5.9 s
        (other)              [CPU]             0.1 s
      (other)                [CPU]             0.5 s
    matvec                   [GPU·CPU·IO]   208.5 s   (GPU 174.3 · IO 0.0 · CPU 34.2)
      gemm                   [GPU]           145.7 s   (106.83 TFLOPS total · 26.71/GPU)
      kern                   [GPU]            28.6 s
      host                   [CPU]            34.2 s
        planEnum             [CPU]             3.5 s
        ctorAlloc(upload)    [CPU·IO]         7.3 s
        ctorGroup            [CPU]             0.7 s
        ctorForm             [GPU]             0.6 s
        (other)              [CPU]            22.1 s
    decimate                 [CPU]            16.1 s
      rho (dist)             [CPU]             2.7 s
      eigh (dist)            [CPU]             7.6 s
      share (MPI wait)       [CPU·IO]         4.8 s
      select+assemble        [CPU]             0.3 s
      (other)                [CPU]             0.6 s
    grow                     [GPU·CPU·IO]    63.0 s   (GPU 14.5 · IO 14.7 · CPU 33.8) · 96.46 TFLOPS total · 24.12/GPU
      gpu_proj (project)     [GPU·CPU·IO]    34.5 s
        recipe               [CPU]             0.6 s
        fap_exec             [GPU·IO]        30.7 s
        fap_merge            [CPU]             0.5 s
        fap_ctx              [CPU]             0.2 s
        fap_unpack           [CPU]             0.5 s
      reduceSH (MPI)         [CPU·IO]         4.0 s
        sync (hash+wait)     [CPU·IO]         2.9 s
        pack                 [CPU]             0.3 s
        xfer (NCCL/host)     [IO]              0.7 s
        unpack               [CPU]             0.1 s
      (other)                [CPU]            24.4 s
    predict                  [CPU]             8.5 s
    ooc                      [IO]              0.3 s
      load                   [IO]              0.3 s

################## Sweep 2/10 (forward) summary ##################
  Energy       -2987.5226353496 Ha
  dE vs prev sweep  +1.450e-03 Ha
  Discarded weight  3.637e-04  (max over this sweep's decimations)
  Rank 0: Host RAM sweep-peak 35990 MB · VmHWM 73269 MB   VRAM op-pool peak 31016 MB · total peak 61612 MB
  Rank 1: Host RAM sweep-peak 34542 MB · VmHWM 72733 MB   VRAM op-pool peak 31224 MB · total peak 61640 MB
  Rank 2: Host RAM sweep-peak 35014 MB · VmHWM 73004 MB   VRAM op-pool peak 30993 MB · total peak 61608 MB
  Rank 3: Host RAM sweep-peak 35145 MB · VmHWM 72802 MB   VRAM op-pool peak 31291 MB · total peak 61754 MB
  Block stores (peak bond, per rank): distributed A/B share 6938 MB (~K²M²/np) · owner cre/des 226 · S 113 MB (~KM²/np) · replicated floor 22 MB [stubs 2 (~KM) · H 20 (~M²)]
  OOC scratch  765157 MB on disk  (sum over all ranks)
  Timings (wall 363.9 s)
    build                    [CPU]            63.2 s
      formPQ                 [GPU·CPU·IO]    19.8 s   (GPU 2.1 · IO 6.1 · CPU 11.6)
        exec-gemm            [GPU]             0.5 s   (69.90 TFLOPS total · 17.47/GPU)
        exec-kern            [GPU]             1.6 s
        transfer             [IO]              6.1 s
        exec-hostprep        [CPU]             8.8 s
        prep (W+layout)      [CPU]             0.1 s
        complete (MPI)       [IO]              1.8 s
        wdesc (Wsub+reds)    [CPU]             0.3 s
        (other)              [CPU]             0.5 s
      [kern] executor reductions (all phases): res-zero 0.0 · gather 9.1 · reduce 15.9 · accumulate 0.5 s
      sys                    [CPU]             0.6 s
      env                    [CPU]             0.9 s
      compPQ-form            [CPU]             0.5 s
        bsblock              [CPU]             0.1 s
        match                [CPU]             0.3 s
          pump (src dedup)   [CPU]             0.1 s
          emit (owned)       [CPU]             0.1 s
          (other)            [CPU]             0.1 s
      assembly               [CPU]             0.3 s
      compS-form-gpu (MPI)   [GPU·CPU·IO]    40.6 s   (GPU 15.0 · IO 8.2 · CPU 17.3)
        bsblock (store walk) [CPU]             0.2 s
        recipe (host,replic) [CPU]             1.1 s
        form (gpu+D2H)       [GPU·IO]        32.5 s
        reduce (NCCL/host)   [IO]              2.2 s
        unpack (D2H)         [CPU·IO]         4.6 s
        (other)              [CPU]             0.1 s
      (other)                [CPU]             0.5 s
    matvec                   [GPU·CPU·IO]   153.8 s   (GPU 127.4 · IO 0.0 · CPU 26.4)
      gemm                   [GPU]           104.7 s   (100.50 TFLOPS total · 25.12/GPU)
      kern                   [GPU]            22.7 s
      host                   [CPU]            26.4 s
        planEnum             [CPU]             3.4 s
        ctorAlloc(upload)    [CPU·IO]         4.9 s
        ctorGroup            [CPU]             0.7 s
        ctorForm             [GPU]             0.5 s
        (other)              [CPU]            17.0 s
    decimate                 [CPU]            15.9 s
      rho (dist)             [CPU]             2.7 s
      eigh (dist)            [CPU]             8.1 s
      share (MPI wait)       [CPU·IO]         4.2 s
      select+assemble        [CPU]             0.3 s
      (other)                [CPU]             0.7 s
    grow                     [GPU·CPU·IO]    62.2 s   (GPU 14.9 · IO 15.2 · CPU 32.2) · 94.31 TFLOPS total · 23.58/GPU
      gpu_proj (project)     [GPU·CPU·IO]    35.1 s
        recipe               [CPU]             0.6 s
        fap_exec             [GPU·IO]        31.5 s
        fap_merge            [CPU]             0.5 s
        fap_ctx              [CPU]             0.2 s
        fap_unpack           [CPU]             0.5 s
      reduceSH (MPI)         [CPU·IO]         3.9 s
        sync (hash+wait)     [CPU·IO]         2.8 s
        pack                 [CPU]             0.3 s
        xfer (NCCL/host)     [IO]              0.7 s
        unpack               [CPU]             0.1 s
      (other)                [CPU]            23.2 s
    predict                  [CPU]             6.9 s
    ooc                      [IO]              0.1 s
      load                   [IO]              0.1 s

################## Sweep 3/10 (backward) summary ##################
  Energy       -2987.5227679588 Ha
  dE vs prev sweep  -1.326e-04 Ha
  Discarded weight  3.447e-04  (max over this sweep's decimations)
  Rank 0: Host RAM sweep-peak 35488 MB · VmHWM 73269 MB   VRAM op-pool peak 31016 MB · total peak 61612 MB
  Rank 1: Host RAM sweep-peak 35206 MB · VmHWM 72733 MB   VRAM op-pool peak 31224 MB · total peak 61640 MB
  Rank 2: Host RAM sweep-peak 34973 MB · VmHWM 73004 MB   VRAM op-pool peak 30993 MB · total peak 61608 MB
  Rank 3: Host RAM sweep-peak 35094 MB · VmHWM 72802 MB   VRAM op-pool peak 31291 MB · total peak 61754 MB
  Block stores (peak bond, per rank): distributed A/B share 7092 MB (~K²M²/np) · owner cre/des 228 · S 114 MB (~KM²/np) · replicated floor 22 MB [stubs 2 (~KM) · H 20 (~M²)]
  OOC scratch  766063 MB on disk  (sum over all ranks)
  Timings (wall 365.4 s)
    build                    [CPU]            63.0 s
      formPQ                 [GPU·CPU·IO]    19.6 s   (GPU 2.1 · IO 6.0 · CPU 11.5)
        exec-gemm            [GPU]             0.5 s   (69.93 TFLOPS total · 17.48/GPU)
        exec-kern            [GPU]             1.6 s
        transfer             [IO]              6.0 s
        exec-hostprep        [CPU]             8.3 s
        prep (W+layout)      [CPU]             0.1 s
        complete (MPI)       [IO]              2.2 s
        wdesc (Wsub+reds)    [CPU]             0.3 s
        (other)              [CPU]             0.5 s
      [kern] executor reductions (all phases): res-zero 0.0 · gather 9.0 · reduce 16.0 · accumulate 0.5 s
      sys                    [CPU]             1.0 s
      env                    [CPU]             0.5 s
      compPQ-form            [CPU]             0.5 s
        bsblock              [CPU]             0.1 s
        match                [CPU]             0.3 s
          pump (src dedup)   [CPU]             0.1 s
          emit (owned)       [CPU]             0.1 s
          (other)            [CPU]             0.1 s
      assembly               [CPU]             0.3 s
      compS-form-gpu (MPI)   [GPU·CPU·IO]    40.6 s   (GPU 15.1 · IO 8.3 · CPU 17.3)
        bsblock (store walk) [CPU]             0.1 s
        recipe (host,replic) [CPU]             1.1 s
        form (gpu+D2H)       [GPU·IO]        32.7 s
        reduce (NCCL/host)   [IO]              2.0 s
        unpack (D2H)         [CPU·IO]         4.6 s
        (other)              [CPU]             0.1 s
      (other)                [CPU]             0.5 s
    matvec                   [GPU·CPU·IO]   157.6 s   (GPU 130.8 · IO 0.0 · CPU 26.8)
      gemm                   [GPU]           107.4 s   (101.21 TFLOPS total · 25.30/GPU)
      kern                   [GPU]            23.4 s
      host                   [CPU]            26.8 s
        planEnum             [CPU]             3.4 s
        ctorAlloc(upload)    [CPU·IO]         5.1 s
        ctorGroup            [CPU]             0.7 s
        ctorForm             [GPU]             0.5 s
        (other)              [CPU]            17.2 s
    decimate                 [CPU]            15.6 s
      rho (dist)             [CPU]             2.4 s
      eigh (dist)            [CPU]             7.8 s
      share (MPI wait)       [CPU·IO]         4.5 s
      select+assemble        [CPU]             0.3 s
      (other)                [CPU]             0.7 s
    grow                     [GPU·CPU·IO]    62.9 s   (GPU 14.6 · IO 14.7 · CPU 33.7) · 95.29 TFLOPS total · 23.82/GPU
      gpu_proj (project)     [GPU·CPU·IO]    34.5 s
        recipe               [CPU]             0.6 s
        fap_exec             [GPU·IO]        30.8 s
        fap_merge            [CPU]             0.5 s
        fap_ctx              [CPU]             0.2 s
        fap_unpack           [CPU]             0.5 s
      reduceSH (MPI)         [CPU·IO]         4.8 s
        sync (hash+wait)     [CPU·IO]         3.7 s
        pack                 [CPU]             0.3 s
        xfer (NCCL/host)     [IO]              0.7 s
        unpack               [CPU]             0.1 s
      (other)                [CPU]            23.7 s
    predict                  [CPU]             5.5 s
    ooc                      [IO]              0.1 s
      load                   [IO]              0.1 s

################## Sweep 4/10 (forward) summary ##################
  Energy       -2987.5227860292 Ha
  dE vs prev sweep  -1.807e-05 Ha
  Discarded weight  3.385e-04  (max over this sweep's decimations)
  Rank 0: Host RAM sweep-peak 35896 MB · VmHWM 73269 MB   VRAM op-pool peak 31016 MB · total peak 61612 MB
  Rank 1: Host RAM sweep-peak 34747 MB · VmHWM 72733 MB   VRAM op-pool peak 31224 MB · total peak 61640 MB
  Rank 2: Host RAM sweep-peak 34807 MB · VmHWM 73004 MB   VRAM op-pool peak 30993 MB · total peak 61608 MB
  Rank 3: Host RAM sweep-peak 35687 MB · VmHWM 72802 MB   VRAM op-pool peak 31291 MB · total peak 61754 MB
  Block stores (peak bond, per rank): distributed A/B share 6945 MB (~K²M²/np) · owner cre/des 228 · S 114 MB (~KM²/np) · replicated floor 22 MB [stubs 2 (~KM) · H 20 (~M²)]
  OOC scratch  765574 MB on disk  (sum over all ranks)
  Timings (wall 365.3 s)
    build                    [CPU]            63.6 s
      formPQ                 [GPU·CPU·IO]    20.1 s   (GPU 2.1 · IO 6.2 · CPU 11.8)
        exec-gemm            [GPU]             0.5 s   (69.97 TFLOPS total · 17.49/GPU)
        exec-kern            [GPU]             1.6 s
        transfer             [IO]              6.2 s
        exec-hostprep        [CPU]             8.9 s
        prep (W+layout)      [CPU]             0.1 s
        complete (MPI)       [IO]              2.0 s
        wdesc (Wsub+reds)    [CPU]             0.3 s
        (other)              [CPU]             0.5 s
      [kern] executor reductions (all phases): res-zero 0.0 · gather 9.1 · reduce 16.0 · accumulate 0.5 s
      sys                    [CPU]             0.6 s
      env                    [CPU]             1.0 s
      compPQ-form            [CPU]             0.5 s
        bsblock              [CPU]             0.1 s
        match                [CPU]             0.3 s
          pump (src dedup)   [CPU]             0.1 s
          emit (owned)       [CPU]             0.1 s
          (other)            [CPU]             0.1 s
      assembly               [CPU]             0.3 s
      compS-form-gpu (MPI)   [GPU·CPU·IO]    40.6 s   (GPU 15.1 · IO 8.3 · CPU 17.2)
        bsblock (store walk) [CPU]             0.2 s
        recipe (host,replic) [CPU]             1.1 s
        form (gpu+D2H)       [GPU·IO]        32.6 s
        reduce (NCCL/host)   [IO]              2.0 s
        unpack (D2H)         [CPU·IO]         4.6 s
        (other)              [CPU]             0.1 s
      (other)                [CPU]             0.5 s
    matvec                   [GPU·CPU·IO]   154.8 s   (GPU 128.0 · IO 0.0 · CPU 26.7)
      gemm                   [GPU]           105.1 s   (101.04 TFLOPS total · 25.26/GPU)
      kern                   [GPU]            22.9 s
      host                   [CPU]            26.7 s
        planEnum             [CPU]             3.4 s
        ctorAlloc(upload)    [CPU·IO]         4.9 s
        ctorGroup            [CPU]             0.7 s
        ctorForm             [GPU]             0.5 s
        (other)              [CPU]            17.3 s
    decimate                 [CPU]            15.9 s
      rho (dist)             [CPU]             2.6 s
      eigh (dist)            [CPU]             8.1 s
      share (MPI wait)       [CPU·IO]         4.2 s
      select+assemble        [CPU]             0.3 s
      (other)                [CPU]             0.7 s
    grow                     [GPU·CPU·IO]    61.9 s   (GPU 14.8 · IO 15.3 · CPU 31.9) · 95.07 TFLOPS total · 23.77/GPU
      gpu_proj (project)     [GPU·CPU·IO]    35.2 s
        recipe               [CPU]             0.6 s
        fap_exec             [GPU·IO]        31.6 s
        fap_merge            [CPU]             0.5 s
        fap_ctx              [CPU]             0.2 s
        fap_unpack           [CPU]             0.5 s
      reduceSH (MPI)         [CPU·IO]         3.7 s
        sync (hash+wait)     [CPU·IO]         2.5 s
        pack                 [CPU]             0.3 s
        xfer (NCCL/host)     [IO]              0.7 s
        unpack               [CPU]             0.1 s
      (other)                [CPU]            23.1 s
    predict                  [CPU]             7.2 s
    ooc                      [IO]              0.2 s
      load                   [IO]              0.2 s

################## Sweep 5/10 (backward) summary ##################
  Energy       -2987.5227901837 Ha
  dE vs prev sweep  -4.155e-06 Ha
  Discarded weight  3.354e-04  (max over this sweep's decimations)
  Rank 0: Host RAM sweep-peak 36968 MB · VmHWM 73269 MB   VRAM op-pool peak 31016 MB · total peak 61612 MB
  Rank 1: Host RAM sweep-peak 36500 MB · VmHWM 72733 MB   VRAM op-pool peak 31224 MB · total peak 61640 MB
  Rank 2: Host RAM sweep-peak 36654 MB · VmHWM 73004 MB   VRAM op-pool peak 30993 MB · total peak 61608 MB
  Rank 3: Host RAM sweep-peak 36761 MB · VmHWM 72802 MB   VRAM op-pool peak 31291 MB · total peak 61754 MB
  Block stores (peak bond, per rank): distributed A/B share 7103 MB (~K²M²/np) · owner cre/des 228 · S 114 MB (~KM²/np) · replicated floor 22 MB [stubs 2 (~KM) · H 20 (~M²)]
  OOC scratch  768594 MB on disk  (sum over all ranks)
  Timings (wall 363.9 s)
    build                    [CPU]            63.1 s
      formPQ                 [GPU·CPU·IO]    19.6 s   (GPU 2.1 · IO 6.0 · CPU 11.5)
        exec-gemm            [GPU]             0.5 s   (69.92 TFLOPS total · 17.48/GPU)
        exec-kern            [GPU]             1.6 s
        transfer             [IO]              6.0 s
        exec-hostprep        [CPU]             8.7 s
        prep (W+layout)      [CPU]             0.1 s
        complete (MPI)       [IO]              1.8 s
        wdesc (Wsub+reds)    [CPU]             0.3 s
        (other)              [CPU]             0.5 s
      [kern] executor reductions (all phases): res-zero 0.0 · gather 9.0 · reduce 16.0 · accumulate 0.5 s
      sys                    [CPU]             0.9 s
      env                    [CPU]             0.6 s
      compPQ-form            [CPU]             0.5 s
        bsblock              [CPU]             0.1 s
        match                [CPU]             0.3 s
          pump (src dedup)   [CPU]             0.1 s
          emit (owned)       [CPU]             0.1 s
          (other)            [CPU]             0.1 s
      assembly               [CPU]             0.3 s
      compS-form-gpu (MPI)   [GPU·CPU·IO]    40.7 s   (GPU 15.1 · IO 8.3 · CPU 17.3)
        bsblock (store walk) [CPU]             0.1 s
        recipe (host,replic) [CPU]             1.1 s
        form (gpu+D2H)       [GPU·IO]        32.8 s
        reduce (NCCL/host)   [IO]              2.0 s
        unpack (D2H)         [CPU·IO]         4.7 s
        (other)              [CPU]             0.1 s
      (other)                [CPU]             0.5 s
    matvec                   [GPU·CPU·IO]   155.0 s   (GPU 128.2 · IO 0.0 · CPU 26.8)
      gemm                   [GPU]           105.3 s   (101.30 TFLOPS total · 25.33/GPU)
      kern                   [GPU]            22.9 s
      host                   [CPU]            26.8 s
        planEnum             [CPU]             3.4 s
        ctorAlloc(upload)    [CPU·IO]         5.1 s
        ctorGroup            [CPU]             0.7 s
        ctorForm             [GPU]             0.5 s
        (other)              [CPU]            17.1 s
    decimate                 [CPU]            15.5 s
      rho (dist)             [CPU]             2.4 s
      eigh (dist)            [CPU]             7.9 s
      share (MPI wait)       [CPU·IO]         4.3 s
      select+assemble        [CPU]             0.3 s
      (other)                [CPU]             0.6 s
    grow                     [GPU·CPU·IO]    62.2 s   (GPU 14.6 · IO 14.4 · CPU 33.2) · 95.42 TFLOPS total · 23.85/GPU
      gpu_proj (project)     [GPU·CPU·IO]    34.2 s
        recipe               [CPU]             0.6 s
        fap_exec             [GPU·IO]        30.5 s
        fap_merge            [CPU]             0.5 s
        fap_ctx              [CPU]             0.2 s
        fap_unpack           [CPU]             0.5 s
      reduceSH (MPI)         [CPU·IO]         4.0 s
        sync (hash+wait)     [CPU·IO]         2.9 s
        pack                 [CPU]             0.3 s
        xfer (NCCL/host)     [IO]              0.7 s
        unpack               [CPU]             0.1 s
      (other)                [CPU]            24.0 s
    predict                  [CPU]             6.6 s
    ooc                      [IO]              0.2 s
      load                   [IO]              0.2 s

################## Sweep 6/10 (forward) summary ##################
  Energy       -2987.5227948900 Ha
  dE vs prev sweep  -4.706e-06 Ha
  Discarded weight  3.336e-04  (max over this sweep's decimations)
  Rank 0: Host RAM sweep-peak 35599 MB · VmHWM 73269 MB   VRAM op-pool peak 31016 MB · total peak 61612 MB
  Rank 1: Host RAM sweep-peak 34988 MB · VmHWM 72733 MB   VRAM op-pool peak 31224 MB · total peak 61640 MB
  Rank 2: Host RAM sweep-peak 35145 MB · VmHWM 73004 MB   VRAM op-pool peak 30993 MB · total peak 61608 MB
  Rank 3: Host RAM sweep-peak 35166 MB · VmHWM 72802 MB   VRAM op-pool peak 31291 MB · total peak 61754 MB
  Block stores (peak bond, per rank): distributed A/B share 6939 MB (~K²M²/np) · owner cre/des 228 · S 114 MB (~KM²/np) · replicated floor 22 MB [stubs 2 (~KM) · H 20 (~M²)]
  OOC scratch  766528 MB on disk  (sum over all ranks)
  Timings (wall 365.7 s)
    build                    [CPU]            63.8 s
      formPQ                 [GPU·CPU·IO]    20.1 s   (GPU 2.1 · IO 6.1 · CPU 11.9)
        exec-gemm            [GPU]             0.5 s   (69.81 TFLOPS total · 17.45/GPU)
        exec-kern            [GPU]             1.6 s
        transfer             [IO]              6.1 s
        exec-hostprep        [CPU]             8.5 s
        prep (W+layout)      [CPU]             0.1 s
        complete (MPI)       [IO]              2.4 s
        wdesc (Wsub+reds)    [CPU]             0.3 s
        (other)              [CPU]             0.5 s
      [kern] executor reductions (all phases): res-zero 0.0 · gather 9.1 · reduce 16.0 · accumulate 0.5 s
      sys                    [CPU]             0.6 s
      env                    [CPU]             0.9 s
      compPQ-form            [CPU]             0.5 s
        bsblock              [CPU]             0.1 s
        match                [CPU]             0.3 s
          pump (src dedup)   [CPU]             0.1 s
          emit (owned)       [CPU]             0.1 s
          (other)            [CPU]             0.1 s
      assembly               [CPU]             0.3 s
      compS-form-gpu (MPI)   [GPU·CPU·IO]    40.9 s   (GPU 15.1 · IO 8.2 · CPU 17.6)
        bsblock (store walk) [CPU]             0.2 s
        recipe (host,replic) [CPU]             1.1 s
        form (gpu+D2H)       [GPU·IO]        32.5 s
        reduce (NCCL/host)   [IO]              2.5 s
        unpack (D2H)         [CPU·IO]         4.6 s
        (other)              [CPU]             0.1 s
      (other)                [CPU]             0.5 s
    matvec                   [GPU·CPU·IO]   154.6 s   (GPU 127.9 · IO 0.0 · CPU 26.7)
      gemm                   [GPU]           105.1 s   (100.89 TFLOPS total · 25.22/GPU)
      kern                   [GPU]            22.9 s
      host                   [CPU]            26.7 s
        planEnum             [CPU]             3.5 s
        ctorAlloc(upload)    [CPU·IO]         4.9 s
        ctorGroup            [CPU]             0.7 s
        ctorForm             [GPU]             0.5 s
        (other)              [CPU]            17.2 s
    decimate                 [CPU]            15.9 s
      rho (dist)             [CPU]             2.6 s
      eigh (dist)            [CPU]             8.2 s
      share (MPI wait)       [CPU·IO]         4.1 s
      select+assemble        [CPU]             0.3 s
      (other)                [CPU]             0.6 s
    grow                     [GPU·CPU·IO]    62.4 s   (GPU 14.9 · IO 15.4 · CPU 32.2) · 95.01 TFLOPS total · 23.75/GPU
      gpu_proj (project)     [GPU·CPU·IO]    35.3 s
        recipe               [CPU]             0.6 s
        fap_exec             [GPU·IO]        31.7 s
        fap_merge            [CPU]             0.5 s
        fap_ctx              [CPU]             0.2 s
        fap_unpack           [CPU]             0.5 s
      reduceSH (MPI)         [CPU·IO]         3.2 s
        sync (hash+wait)     [CPU·IO]         2.1 s
        pack                 [CPU]             0.3 s
        xfer (NCCL/host)     [IO]              0.7 s
        unpack               [CPU]             0.1 s
      (other)                [CPU]            24.0 s
    predict                  [CPU]             7.1 s
    ooc                      [IO]              0.1 s
      load                   [IO]              0.1 s

################## Sweep 7/10 (backward) summary ##################
  Energy       -2987.5227970254 Ha
  dE vs prev sweep  -2.135e-06 Ha
  Discarded weight  3.324e-04  (max over this sweep's decimations)
  Rank 0: Host RAM sweep-peak 37112 MB · VmHWM 73269 MB   VRAM op-pool peak 31016 MB · total peak 61612 MB
  Rank 1: Host RAM sweep-peak 38613 MB · VmHWM 72733 MB   VRAM op-pool peak 31224 MB · total peak 61640 MB
  Rank 2: Host RAM sweep-peak 36835 MB · VmHWM 73004 MB   VRAM op-pool peak 30993 MB · total peak 61608 MB
  Rank 3: Host RAM sweep-peak 39040 MB · VmHWM 72802 MB   VRAM op-pool peak 31291 MB · total peak 61754 MB
  Block stores (peak bond, per rank): distributed A/B share 7162 MB (~K²M²/np) · owner cre/des 228 · S 114 MB (~KM²/np) · replicated floor 22 MB [stubs 2 (~KM) · H 20 (~M²)]
  OOC scratch  770939 MB on disk  (sum over all ranks)
  Timings (wall 359.9 s)
    build                    [CPU]            62.7 s
      formPQ                 [GPU·CPU·IO]    19.3 s   (GPU 2.1 · IO 6.0 · CPU 11.1)
        exec-gemm            [GPU]             0.5 s   (69.97 TFLOPS total · 17.49/GPU)
        exec-kern            [GPU]             1.6 s
        transfer             [IO]              6.0 s
        exec-hostprep        [CPU]             8.5 s
        prep (W+layout)      [CPU]             0.1 s
        complete (MPI)       [IO]              1.7 s
        wdesc (Wsub+reds)    [CPU]             0.3 s
        (other)              [CPU]             0.5 s
      [kern] executor reductions (all phases): res-zero 0.0 · gather 9.0 · reduce 16.0 · accumulate 0.5 s
      sys                    [CPU]             1.0 s
      env                    [CPU]             0.6 s
      compPQ-form            [CPU]             0.5 s
        bsblock              [CPU]             0.1 s
        match                [CPU]             0.3 s
          pump (src dedup)   [CPU]             0.1 s
          emit (owned)       [CPU]             0.1 s
          (other)            [CPU]             0.1 s
      assembly               [CPU]             0.3 s
      compS-form-gpu (MPI)   [GPU·CPU·IO]    40.5 s   (GPU 15.1 · IO 8.3 · CPU 17.1)
        bsblock (store walk) [CPU]             0.1 s
        recipe (host,replic) [CPU]             1.1 s
        form (gpu+D2H)       [GPU·IO]        32.8 s
        reduce (NCCL/host)   [IO]              1.7 s
        unpack (D2H)         [CPU·IO]         4.7 s
        (other)              [CPU]             0.1 s
      (other)                [CPU]             0.5 s
    matvec                   [GPU·CPU·IO]   153.4 s   (GPU 126.7 · IO 0.0 · CPU 26.7)
      gemm                   [GPU]           104.0 s   (101.47 TFLOPS total · 25.37/GPU)
      kern                   [GPU]            22.7 s
      host                   [CPU]            26.7 s
        planEnum             [CPU]             3.4 s
        ctorAlloc(upload)    [CPU·IO]         5.1 s
        ctorGroup            [CPU]             0.7 s
        ctorForm             [GPU]             0.5 s
        (other)              [CPU]            17.0 s
    decimate                 [CPU]            15.9 s
      rho (dist)             [CPU]             2.3 s
      eigh (dist)            [CPU]             7.9 s
      share (MPI wait)       [CPU·IO]         4.7 s
      select+assemble        [CPU]             0.3 s
      (other)                [CPU]             0.6 s
    grow                     [GPU·CPU·IO]    61.6 s   (GPU 14.6 · IO 14.5 · CPU 32.5) · 96.20 TFLOPS total · 24.05/GPU
      gpu_proj (project)     [GPU·CPU·IO]    34.3 s
        recipe               [CPU]             0.6 s
        fap_exec             [GPU·IO]        30.6 s
        fap_merge            [CPU]             0.5 s
        fap_ctx              [CPU]             0.2 s
        fap_unpack           [CPU]             0.5 s
      reduceSH (MPI)         [CPU·IO]         4.0 s
        sync (hash+wait)     [CPU·IO]         2.8 s
        pack                 [CPU]             0.3 s
        xfer (NCCL/host)     [IO]              0.7 s
        unpack               [CPU]             0.1 s
      (other)                [CPU]            23.4 s
    predict                  [CPU]             5.5 s
    ooc                      [IO]              0.1 s
      load                   [IO]              0.1 s

################## Sweep 8/10 (forward) summary ##################
  Energy       -2987.5227995788 Ha
  dE vs prev sweep  -2.553e-06 Ha
  Discarded weight  3.317e-04  (max over this sweep's decimations)
  Rank 0: Host RAM sweep-peak 39995 MB · VmHWM 73269 MB   VRAM op-pool peak 31016 MB · total peak 61612 MB
  Rank 1: Host RAM sweep-peak 39121 MB · VmHWM 72733 MB   VRAM op-pool peak 31224 MB · total peak 61640 MB
  Rank 2: Host RAM sweep-peak 39486 MB · VmHWM 73004 MB   VRAM op-pool peak 30993 MB · total peak 61608 MB
  Rank 3: Host RAM sweep-peak 39596 MB · VmHWM 72802 MB   VRAM op-pool peak 31291 MB · total peak 61754 MB
  Block stores (peak bond, per rank): distributed A/B share 6981 MB (~K²M²/np) · owner cre/des 228 · S 114 MB (~KM²/np) · replicated floor 22 MB [stubs 2 (~KM) · H 20 (~M²)]
  OOC scratch  770713 MB on disk  (sum over all ranks)
  Timings (wall 364.4 s)
    build                    [CPU]            63.7 s
      formPQ                 [GPU·CPU·IO]    20.3 s   (GPU 2.1 · IO 6.2 · CPU 11.9)
        exec-gemm            [GPU]             0.5 s   (69.94 TFLOPS total · 17.49/GPU)
        exec-kern            [GPU]             1.6 s
        transfer             [IO]              6.2 s
        exec-hostprep        [CPU]             8.8 s
        prep (W+layout)      [CPU]             0.1 s
        complete (MPI)       [IO]              2.2 s
        wdesc (Wsub+reds)    [CPU]             0.3 s
        (other)              [CPU]             0.5 s
      [kern] executor reductions (all phases): res-zero 0.0 · gather 9.1 · reduce 16.0 · accumulate 0.5 s
      sys                    [CPU]             0.6 s
      env                    [CPU]             0.9 s
      compPQ-form            [CPU]             0.5 s
        bsblock              [CPU]             0.1 s
        match                [CPU]             0.3 s
          pump (src dedup)   [CPU]             0.1 s
          emit (owned)       [CPU]             0.1 s
          (other)            [CPU]             0.1 s
      assembly               [CPU]             0.3 s
      compS-form-gpu (MPI)   [GPU·CPU·IO]    40.7 s   (GPU 15.1 · IO 8.3 · CPU 17.3)
        bsblock (store walk) [CPU]             0.2 s
        recipe (host,replic) [CPU]             1.1 s
        form (gpu+D2H)       [GPU·IO]        32.6 s
        reduce (NCCL/host)   [IO]              2.1 s
        unpack (D2H)         [CPU·IO]         4.6 s
        (other)              [CPU]             0.1 s
      (other)                [CPU]             0.5 s
    matvec                   [GPU·CPU·IO]   154.1 s   (GPU 127.6 · IO 0.0 · CPU 26.4)
      gemm                   [GPU]           104.8 s   (101.01 TFLOPS total · 25.25/GPU)
      kern                   [GPU]            22.8 s
      host                   [CPU]            26.4 s
        planEnum             [CPU]             3.4 s
        ctorAlloc(upload)    [CPU·IO]         4.9 s
        ctorGroup            [CPU]             0.7 s
        ctorForm             [GPU]             0.5 s
        (other)              [CPU]            16.9 s
    decimate                 [CPU]            15.7 s
      rho (dist)             [CPU]             2.6 s
      eigh (dist)            [CPU]             8.2 s
      share (MPI wait)       [CPU·IO]         4.0 s
      select+assemble        [CPU]             0.3 s
      (other)                [CPU]             0.7 s
    grow                     [GPU·CPU·IO]    61.9 s   (GPU 14.8 · IO 14.3 · CPU 32.7) · 94.56 TFLOPS total · 23.64/GPU
      gpu_proj (project)     [GPU·CPU·IO]    34.2 s
        recipe               [CPU]             0.6 s
        fap_exec             [GPU·IO]        30.6 s
        fap_merge            [CPU]             0.5 s
        fap_ctx              [CPU]             0.2 s
        fap_unpack           [CPU]             0.5 s
      reduceSH (MPI)         [CPU·IO]         3.2 s
        sync (hash+wait)     [CPU·IO]         2.1 s
        pack                 [CPU]             0.3 s
        xfer (NCCL/host)     [IO]              0.7 s
        unpack               [CPU]             0.1 s
      (other)                [CPU]            24.4 s
    predict                  [CPU]             7.1 s
    ooc                      [IO]              0.1 s
      load                   [IO]              0.1 s

################## Sweep 9/10 (backward) summary ##################
  Energy       -2987.5228004952 Ha
  dE vs prev sweep  -9.164e-07 Ha
  Discarded weight  3.309e-04  (max over this sweep's decimations)
  Rank 0: Host RAM sweep-peak 35331 MB · VmHWM 73269 MB   VRAM op-pool peak 31016 MB · total peak 61612 MB
  Rank 1: Host RAM sweep-peak 35121 MB · VmHWM 72733 MB   VRAM op-pool peak 31224 MB · total peak 61640 MB
  Rank 2: Host RAM sweep-peak 34983 MB · VmHWM 73004 MB   VRAM op-pool peak 30993 MB · total peak 61608 MB
  Rank 3: Host RAM sweep-peak 35264 MB · VmHWM 72802 MB   VRAM op-pool peak 31291 MB · total peak 61754 MB
  Block stores (peak bond, per rank): distributed A/B share 7118 MB (~K²M²/np) · owner cre/des 228 · S 114 MB (~KM²/np) · replicated floor 22 MB [stubs 2 (~KM) · H 20 (~M²)]
  OOC scratch  766652 MB on disk  (sum over all ranks)
  Timings (wall 361.0 s)
    build                    [CPU]            62.8 s
      formPQ                 [GPU·CPU·IO]    19.3 s   (GPU 2.1 · IO 6.0 · CPU 11.2)
        exec-gemm            [GPU]             0.5 s   (70.01 TFLOPS total · 17.50/GPU)
        exec-kern            [GPU]             1.6 s
        transfer             [IO]              6.0 s
        exec-hostprep        [CPU]             8.9 s
        prep (W+layout)      [CPU]             0.1 s
        complete (MPI)       [IO]              1.3 s
        wdesc (Wsub+reds)    [CPU]             0.3 s
        (other)              [CPU]             0.5 s
      [kern] executor reductions (all phases): res-zero 0.0 · gather 9.0 · reduce 16.0 · accumulate 0.5 s
      sys                    [CPU]             1.1 s
      env                    [CPU]             0.6 s
      compPQ-form            [CPU]             0.5 s
        bsblock              [CPU]             0.1 s
        match                [CPU]             0.3 s
          pump (src dedup)   [CPU]             0.1 s
          emit (owned)       [CPU]             0.1 s
          (other)            [CPU]             0.1 s
      assembly               [CPU]             0.3 s
      compS-form-gpu (MPI)   [GPU·CPU·IO]    40.5 s   (GPU 15.1 · IO 8.3 · CPU 17.2)
        bsblock (store walk) [CPU]             0.1 s
        recipe (host,replic) [CPU]             1.1 s
        form (gpu+D2H)       [GPU·IO]        32.8 s
        reduce (NCCL/host)   [IO]              1.7 s
        unpack (D2H)         [CPU·IO]         4.7 s
        (other)              [CPU]             0.1 s
      (other)                [CPU]             0.5 s
    matvec                   [GPU·CPU·IO]   153.2 s   (GPU 126.5 · IO 0.0 · CPU 26.7)
      gemm                   [GPU]           103.9 s   (101.39 TFLOPS total · 25.35/GPU)
      kern                   [GPU]            22.6 s
      host                   [CPU]            26.7 s
        planEnum             [CPU]             3.4 s
        ctorAlloc(upload)    [CPU·IO]         5.1 s
        ctorGroup            [CPU]             0.7 s
        ctorForm             [GPU]             0.5 s
        (other)              [CPU]            17.0 s
    decimate                 [CPU]            15.7 s
      rho (dist)             [CPU]             2.4 s
      eigh (dist)            [CPU]             8.0 s
      share (MPI wait)       [CPU·IO]         4.4 s
      select+assemble        [CPU]             0.3 s
      (other)                [CPU]             0.7 s
    grow                     [GPU·CPU·IO]    62.9 s   (GPU 14.6 · IO 14.6 · CPU 33.7) · 96.38 TFLOPS total · 24.09/GPU
      gpu_proj (project)     [GPU·CPU·IO]    34.4 s
        recipe               [CPU]             0.6 s
        fap_exec             [GPU·IO]        30.7 s
        fap_merge            [CPU]             0.5 s
        fap_ctx              [CPU]             0.2 s
        fap_unpack           [CPU]             0.5 s
      reduceSH (MPI)         [CPU·IO]         4.5 s
        sync (hash+wait)     [CPU·IO]         3.4 s
        pack                 [CPU]             0.3 s
        xfer (NCCL/host)     [IO]              0.7 s
        unpack               [CPU]             0.1 s
      (other)                [CPU]            24.0 s
    predict                  [CPU]             5.6 s
    ooc                      [IO]              0.1 s
      load                   [IO]              0.1 s

################## Sweep 10/10 (forward) summary ##################
  Energy       -2987.5228021230 Ha
  dE vs prev sweep  -1.628e-06 Ha
  Discarded weight  3.303e-04  (max over this sweep's decimations)
  Rank 0: Host RAM sweep-peak 35141 MB · VmHWM 73269 MB   VRAM op-pool peak 31016 MB · total peak 61612 MB
  Rank 1: Host RAM sweep-peak 34835 MB · VmHWM 72733 MB   VRAM op-pool peak 31224 MB · total peak 61640 MB
  Rank 2: Host RAM sweep-peak 34890 MB · VmHWM 73004 MB   VRAM op-pool peak 30993 MB · total peak 61608 MB
  Rank 3: Host RAM sweep-peak 34983 MB · VmHWM 72802 MB   VRAM op-pool peak 31291 MB · total peak 61754 MB
  Block stores (peak bond, per rank): distributed A/B share 6960 MB (~K²M²/np) · owner cre/des 228 · S 114 MB (~KM²/np) · replicated floor 22 MB [stubs 2 (~KM) · H 20 (~M²)]
  OOC scratch  766272 MB on disk  (sum over all ranks)
  Timings (wall 364.9 s)
    build                    [CPU]            63.4 s
      formPQ                 [GPU·CPU·IO]    19.9 s   (GPU 2.1 · IO 6.1 · CPU 11.7)
        exec-gemm            [GPU]             0.5 s   (70.05 TFLOPS total · 17.51/GPU)
        exec-kern            [GPU]             1.6 s
        transfer             [IO]              6.1 s
        exec-hostprep        [CPU]             8.6 s
        prep (W+layout)      [CPU]             0.1 s
        complete (MPI)       [IO]              2.2 s
        wdesc (Wsub+reds)    [CPU]             0.3 s
        (other)              [CPU]             0.5 s
      [kern] executor reductions (all phases): res-zero 0.0 · gather 9.1 · reduce 16.0 · accumulate 0.5 s
      sys                    [CPU]             0.6 s
      env                    [CPU]             0.9 s
      compPQ-form            [CPU]             0.5 s
        bsblock              [CPU]             0.1 s
        match                [CPU]             0.3 s
          pump (src dedup)   [CPU]             0.1 s
          emit (owned)       [CPU]             0.1 s
          (other)            [CPU]             0.1 s
      assembly               [CPU]             0.3 s
      compS-form-gpu (MPI)   [GPU·CPU·IO]    40.7 s   (GPU 15.1 · IO 8.2 · CPU 17.4)
        bsblock (store walk) [CPU]             0.2 s
        recipe (host,replic) [CPU]             1.1 s
        form (gpu+D2H)       [GPU·IO]        32.5 s
        reduce (NCCL/host)   [IO]              2.2 s
        unpack (D2H)         [CPU·IO]         4.6 s
        (other)              [CPU]             0.1 s
      (other)                [CPU]             0.5 s
    matvec                   [GPU·CPU·IO]   154.4 s   (GPU 127.9 · IO 0.0 · CPU 26.6)
      gemm                   [GPU]           105.0 s   (100.78 TFLOPS total · 25.20/GPU)
      kern                   [GPU]            22.8 s
      host                   [CPU]            26.6 s
        planEnum             [CPU]             3.4 s
        ctorAlloc(upload)    [CPU·IO]         4.8 s
        ctorGroup            [CPU]             0.7 s
        ctorForm             [GPU]             0.5 s
        (other)              [CPU]            17.1 s
    decimate                 [CPU]            15.7 s
      rho (dist)             [CPU]             2.6 s
      eigh (dist)            [CPU]             8.1 s
      share (MPI wait)       [CPU·IO]         4.1 s
      select+assemble        [CPU]             0.3 s
      (other)                [CPU]             0.7 s
    grow                     [GPU·CPU·IO]    61.8 s   (GPU 14.8 · IO 15.3 · CPU 31.7) · 94.23 TFLOPS total · 23.56/GPU
      gpu_proj (project)     [GPU·CPU·IO]    35.2 s
        recipe               [CPU]             0.6 s
        fap_exec             [GPU·IO]        31.7 s
        fap_merge            [CPU]             0.5 s
        fap_ctx              [CPU]             0.2 s
        fap_unpack           [CPU]             0.5 s
      reduceSH (MPI)         [CPU·IO]         3.0 s
        sync (hash+wait)     [CPU·IO]         1.9 s
        pack                 [CPU]             0.3 s
        xfer (NCCL/host)     [IO]              0.7 s
        unpack               [CPU]             0.1 s
      (other)                [CPU]            23.6 s
    predict                  [CPU]             7.1 s
    ooc                      [IO]              0.1 s
      load                   [IO]              0.1 s
[qops] WARNING: energy NOT converged after 10 sweeps: |dE| = 1.628e-06 >= e_conv = 1.000e-09

################## Run total ##################
  10 sweep(s) + warmup: 3772.7 s wall · final E -2987.5228021230 Ha · VmHWM 73269 MB
  ooc async residual wait (not hidden behind compute): save 0.3 · load 20.3 s (1% of runtime)
[rc] ladder BD=3000 done
[qops] MPI np=4 · GPU=on · device collectives: NCCL (NVLink/GPUDirect)
[qops] A/B host-offload: ON (stubs + pager spill)

################## Sweep 1/10 (backward) summary ##################
  Energy       -2987.5222093776 Ha
  Discarded weight  9.107e-04  (max over this sweep's decimations)
  Rank 0: Host RAM sweep-peak 32110 MB · VmHWM 73269 MB   VRAM op-pool peak 31016 MB · total peak 61612 MB
  Rank 1: Host RAM sweep-peak 31152 MB · VmHWM 72733 MB   VRAM op-pool peak 31224 MB · total peak 61640 MB
  Rank 2: Host RAM sweep-peak 31517 MB · VmHWM 73004 MB   VRAM op-pool peak 30993 MB · total peak 61608 MB
  Rank 3: Host RAM sweep-peak 31376 MB · VmHWM 72802 MB   VRAM op-pool peak 31291 MB · total peak 61754 MB
  Block stores (peak bond, per rank): distributed A/B share 7063 MB (~K²M²/np) · owner cre/des 189 · S 70 MB (~KM²/np) · replicated floor 16 MB [stubs 2 (~KM) · H 15 (~M²)]
  OOC scratch  563059 MB on disk  (sum over all ranks)
  Timings (wall 251.6 s)
    build                    [CPU]            54.6 s
      formPQ                 [GPU·CPU·IO]    17.8 s   (GPU 1.5 · IO 5.9 · CPU 10.4)
        exec-gemm            [GPU]             0.4 s   (66.99 TFLOPS total · 16.75/GPU)
        exec-kern            [GPU]             1.1 s
        transfer             [IO]              5.9 s
        exec-hostprep        [CPU]             8.3 s
        prep (W+layout)      [CPU]             0.1 s
        complete (MPI)       [IO]              1.2 s
        wdesc (Wsub+reds)    [CPU]             0.3 s
        (other)              [CPU]             0.5 s
      [kern] executor reductions (all phases): res-zero 0.0 · gather 4.2 · reduce 11.3 · accumulate 0.3 s
      sys                    [CPU]             1.0 s
      env                    [CPU]             0.3 s
      compPQ-form            [CPU]             0.4 s
        bsblock              [CPU]             0.1 s
        match                [CPU]             0.2 s
          pump (src dedup)   [CPU]             0.1 s
          emit (owned)       [CPU]             0.1 s
          (other)            [CPU]             0.1 s
      assembly               [CPU]             0.3 s
      compS-form-gpu (MPI)   [GPU·CPU·IO]    34.2 s   (GPU 10.8 · IO 8.2 · CPU 15.3)
        bsblock (store walk) [CPU]             0.1 s
        recipe (host,replic) [CPU]             1.1 s
        form (gpu+D2H)       [GPU·IO]        28.1 s
        reduce (NCCL/host)   [IO]              1.3 s
        unpack (D2H)         [CPU·IO]         3.5 s
        (other)              [CPU]             0.1 s
      (other)                [CPU]             0.5 s
    matvec                   [GPU·CPU·IO]    96.7 s   (GPU 77.5 · IO 0.0 · CPU 19.1)
      gemm                   [GPU]            62.4 s   (93.80 TFLOPS total · 23.45/GPU)
      kern                   [GPU]            15.1 s
      host                   [CPU]            19.1 s
        planEnum             [CPU]             2.8 s
        ctorAlloc(upload)    [CPU·IO]         3.7 s
        ctorGroup            [CPU]             0.7 s
        ctorForm             [GPU]             0.4 s
        (other)              [CPU]            11.6 s
    decimate                 [CPU]             9.4 s
      rho (dist)             [CPU]             1.2 s
      eigh (dist)            [CPU]             4.0 s
      share (MPI wait)       [CPU·IO]         3.7 s
      select+assemble        [CPU]             0.1 s
      (other)                [CPU]             0.4 s
    grow                     [GPU·CPU·IO]    26.6 s   (GPU 5.9 · IO 4.7 · CPU 16.1) · 81.69 TFLOPS total · 20.42/GPU
      gpu_proj (project)     [GPU·CPU·IO]    14.2 s
        recipe               [CPU]             0.6 s
        fap_exec             [GPU·IO]        11.7 s
        fap_merge            [CPU]             0.4 s
        fap_ctx              [CPU]             0.2 s
        fap_unpack           [CPU]             0.1 s
      reduceSH (MPI)         [CPU·IO]         1.2 s
        sync (hash+wait)     [CPU·IO]         0.6 s
        pack                 [CPU]             0.2 s
        xfer (NCCL/host)     [IO]              0.3 s
        unpack               [CPU]             0.1 s
      (other)                [CPU]            11.2 s
    predict                  [CPU]             3.5 s
    ooc                      [IO]              0.2 s
      load                   [IO]              0.2 s

################## Sweep 2/10 (forward) summary ##################
  Energy       -2987.5189350225 Ha
  dE vs prev sweep  +3.274e-03 Ha
  Discarded weight  4.413e-04  (max over this sweep's decimations)
  Rank 0: Host RAM sweep-peak 32193 MB · VmHWM 73269 MB   VRAM op-pool peak 31016 MB · total peak 61612 MB
  Rank 1: Host RAM sweep-peak 31630 MB · VmHWM 72733 MB   VRAM op-pool peak 31224 MB · total peak 61640 MB
  Rank 2: Host RAM sweep-peak 31248 MB · VmHWM 73004 MB   VRAM op-pool peak 30993 MB · total peak 61608 MB
  Rank 3: Host RAM sweep-peak 30985 MB · VmHWM 72802 MB   VRAM op-pool peak 31291 MB · total peak 61754 MB
  Block stores (peak bond, per rank): distributed A/B share 3185 MB (~K²M²/np) · owner cre/des 104 · S 52 MB (~KM²/np) · replicated floor 10 MB [stubs 1 (~KM) · H 9 (~M²)]
  OOC scratch  340291 MB on disk  (sum over all ranks)
  Timings (wall 158.8 s)
    build                    [CPU]            30.2 s
      formPQ                 [GPU·CPU·IO]     9.1 s   (GPU 1.0 · IO 2.7 · CPU 5.4)
        exec-gemm            [GPU]             0.3 s   (61.83 TFLOPS total · 15.46/GPU)
        exec-kern            [GPU]             0.7 s
        transfer             [IO]              2.7 s
        exec-hostprep        [CPU]             3.8 s
        prep (W+layout)      [CPU]             0.1 s
        complete (MPI)       [IO]              0.9 s
        wdesc (Wsub+reds)    [CPU]             0.2 s
        (other)              [CPU]             0.4 s
      [kern] executor reductions (all phases): res-zero 0.0 · gather 4.1 · reduce 6.9 · accumulate 0.2 s
      sys                    [CPU]             0.3 s
      env                    [CPU]             0.5 s
      compPQ-form            [CPU]             0.3 s
        match                [CPU]             0.2 s
          pump (src dedup)   [CPU]             0.1 s
          emit (owned)       [CPU]             0.1 s
          (other)            [CPU]             0.1 s
      assembly               [CPU]             0.3 s
      compS-form-gpu (MPI)   [GPU·CPU·IO]    19.3 s   (GPU 6.4 · IO 3.6 · CPU 9.3)
        bsblock (store walk) [CPU]             0.1 s
        recipe (host,replic) [CPU]             1.1 s
        form (gpu+D2H)       [GPU·IO]        14.5 s
        reduce (NCCL/host)   [IO]              1.1 s
        unpack (D2H)         [CPU·IO]         2.5 s
        (other)              [CPU]             0.1 s
      (other)                [CPU]             0.5 s
    matvec                   [GPU·CPU·IO]    61.7 s   (GPU 48.4 · IO 0.0 · CPU 13.2)
      gemm                   [GPU]            37.9 s   (86.93 TFLOPS total · 21.73/GPU)
      kern                   [GPU]            10.5 s
      host                   [CPU]            13.2 s
        planEnum             [CPU]             2.4 s
        ctorAlloc(upload)    [CPU·IO]         2.2 s
        ctorGroup            [CPU]             0.6 s
        ctorForm             [GPU]             0.3 s
        (other)              [CPU]             7.8 s
    decimate                 [CPU]             9.0 s
      rho (dist)             [CPU]             0.9 s
      eigh (dist)            [CPU]             4.1 s
      share (MPI wait)       [CPU·IO]         3.4 s
      select+assemble        [CPU]             0.1 s
      (other)                [CPU]             0.5 s
    grow                     [GPU·CPU·IO]    26.8 s   (GPU 6.0 · IO 4.9 · CPU 15.8) · 81.53 TFLOPS total · 20.38/GPU
      gpu_proj (project)     [GPU·CPU·IO]    14.4 s
        recipe               [CPU]             0.6 s
        fap_exec             [GPU·IO]        12.0 s
        fap_merge            [CPU]             0.4 s
        fap_ctx              [CPU]             0.2 s
        fap_unpack           [CPU]             0.1 s
      reduceSH (MPI)         [CPU·IO]         1.1 s
        sync (hash+wait)     [CPU·IO]         0.6 s
        pack                 [CPU]             0.2 s
        xfer (NCCL/host)     [IO]              0.3 s
        unpack               [CPU]             0.1 s
      (other)                [CPU]            11.3 s
    predict                  [CPU]             2.5 s
    ooc                      [IO]              0.1 s
      load                   [IO]              0.1 s

################## Sweep 3/10 (backward) summary ##################
  Energy       -2987.5192717881 Ha
  dE vs prev sweep  -3.368e-04 Ha
  Discarded weight  4.111e-04  (max over this sweep's decimations)
  Rank 0: Host RAM sweep-peak 31799 MB · VmHWM 73269 MB   VRAM op-pool peak 31016 MB · total peak 61612 MB
  Rank 1: Host RAM sweep-peak 31674 MB · VmHWM 72733 MB   VRAM op-pool peak 31224 MB · total peak 61640 MB
  Rank 2: Host RAM sweep-peak 31378 MB · VmHWM 73004 MB   VRAM op-pool peak 30993 MB · total peak 61608 MB
  Rank 3: Host RAM sweep-peak 30940 MB · VmHWM 72802 MB   VRAM op-pool peak 31291 MB · total peak 61754 MB
  Block stores (peak bond, per rank): distributed A/B share 3274 MB (~K²M²/np) · owner cre/des 105 · S 52 MB (~KM²/np) · replicated floor 10 MB [stubs 1 (~KM) · H 9 (~M²)]
  OOC scratch  339878 MB on disk  (sum over all ranks)
  Timings (wall 157.8 s)
    build                    [CPU]            30.4 s
      formPQ                 [GPU·CPU·IO]     9.1 s   (GPU 1.0 · IO 2.7 · CPU 5.4)
        exec-gemm            [GPU]             0.3 s   (61.67 TFLOPS total · 15.42/GPU)
        exec-kern            [GPU]             0.7 s
        transfer             [IO]              2.7 s
        exec-hostprep        [CPU]             3.7 s
        prep (W+layout)      [CPU]             0.1 s
        complete (MPI)       [IO]              0.9 s
        wdesc (Wsub+reds)    [CPU]             0.2 s
        (other)              [CPU]             0.4 s
      [kern] executor reductions (all phases): res-zero 0.0 · gather 3.9 · reduce 6.9 · accumulate 0.2 s
      sys                    [CPU]             0.5 s
      env                    [CPU]             0.3 s
      compPQ-form            [CPU]             0.3 s
        match                [CPU]             0.2 s
          pump (src dedup)   [CPU]             0.1 s
          emit (owned)       [CPU]             0.1 s
          (other)            [CPU]             0.1 s
      assembly               [CPU]             0.3 s
      compS-form-gpu (MPI)   [GPU·CPU·IO]    19.4 s   (GPU 6.4 · IO 3.7 · CPU 9.3)
        bsblock (store walk) [CPU]             0.1 s
        recipe (host,replic) [CPU]             1.1 s
        form (gpu+D2H)       [GPU·IO]        14.7 s
        reduce (NCCL/host)   [IO]              1.0 s
        unpack (D2H)         [CPU·IO]         2.5 s
        (other)              [CPU]             0.1 s
      (other)                [CPU]             0.5 s
    matvec                   [GPU·CPU·IO]    61.7 s   (GPU 48.4 · IO 0.0 · CPU 13.3)
      gemm                   [GPU]            37.9 s   (87.53 TFLOPS total · 21.88/GPU)
      kern                   [GPU]            10.5 s
      host                   [CPU]            13.3 s
        planEnum             [CPU]             2.4 s
        ctorAlloc(upload)    [CPU·IO]         2.3 s
        ctorGroup            [CPU]             0.6 s
        ctorForm             [GPU]             0.3 s
        (other)              [CPU]             7.8 s
    decimate                 [CPU]             9.0 s
      rho (dist)             [CPU]             0.9 s
      eigh (dist)            [CPU]             4.0 s
      share (MPI wait)       [CPU·IO]         3.4 s
      select+assemble        [CPU]             0.1 s
      (other)                [CPU]             0.5 s
    grow                     [GPU·CPU·IO]    26.3 s   (GPU 5.8 · IO 4.7 · CPU 15.8) · 82.64 TFLOPS total · 20.66/GPU
      gpu_proj (project)     [GPU·CPU·IO]    14.0 s
        recipe               [CPU]             0.6 s
        fap_exec             [GPU·IO]        11.6 s
        fap_merge            [CPU]             0.4 s
        fap_ctx              [CPU]             0.2 s
        fap_unpack           [CPU]             0.1 s
      reduceSH (MPI)         [CPU·IO]         1.4 s
        sync (hash+wait)     [CPU·IO]         0.8 s
        pack                 [CPU]             0.2 s
        xfer (NCCL/host)     [IO]              0.3 s
        unpack               [CPU]             0.1 s
      (other)                [CPU]            10.9 s
    predict                  [CPU]             2.1 s
    ooc                      [IO]              0.1 s
      load                   [IO]              0.1 s

################## Sweep 4/10 (forward) summary ##################
  Energy       -2987.5193159743 Ha
  dE vs prev sweep  -4.419e-05 Ha
  Discarded weight  4.048e-04  (max over this sweep's decimations)
  Rank 0: Host RAM sweep-peak 31426 MB · VmHWM 73269 MB   VRAM op-pool peak 31016 MB · total peak 61612 MB
  Rank 1: Host RAM sweep-peak 30361 MB · VmHWM 72733 MB   VRAM op-pool peak 31224 MB · total peak 61640 MB
  Rank 2: Host RAM sweep-peak 30984 MB · VmHWM 73004 MB   VRAM op-pool peak 30993 MB · total peak 61608 MB
  Rank 3: Host RAM sweep-peak 31219 MB · VmHWM 72802 MB   VRAM op-pool peak 31291 MB · total peak 61754 MB
  Block stores (peak bond, per rank): distributed A/B share 3230 MB (~K²M²/np) · owner cre/des 105 · S 52 MB (~KM²/np) · replicated floor 10 MB [stubs 1 (~KM) · H 9 (~M²)]
  OOC scratch  339297 MB on disk  (sum over all ranks)
  Timings (wall 157.1 s)
    build                    [CPU]            30.2 s
      formPQ                 [GPU·CPU·IO]     9.2 s   (GPU 1.0 · IO 2.7 · CPU 5.5)
        exec-gemm            [GPU]             0.3 s   (61.69 TFLOPS total · 15.42/GPU)
        exec-kern            [GPU]             0.7 s
        transfer             [IO]              2.7 s
        exec-hostprep        [CPU]             3.8 s
        prep (W+layout)      [CPU]             0.1 s
        complete (MPI)       [IO]              1.0 s
        wdesc (Wsub+reds)    [CPU]             0.2 s
        (other)              [CPU]             0.4 s
      [kern] executor reductions (all phases): res-zero 0.0 · gather 4.1 · reduce 6.9 · accumulate 0.2 s
      sys                    [CPU]             0.3 s
      env                    [CPU]             0.4 s
      compPQ-form            [CPU]             0.3 s
        match                [CPU]             0.2 s
          pump (src dedup)   [CPU]             0.1 s
          emit (owned)       [CPU]             0.1 s
          (other)            [CPU]             0.1 s
      assembly               [CPU]             0.3 s
      compS-form-gpu (MPI)   [GPU·CPU·IO]    19.2 s   (GPU 6.4 · IO 3.6 · CPU 9.3)
        bsblock (store walk) [CPU]             0.1 s
        recipe (host,replic) [CPU]             1.1 s
        form (gpu+D2H)       [GPU·IO]        14.4 s
        reduce (NCCL/host)   [IO]              1.1 s
        unpack (D2H)         [CPU·IO]         2.5 s
        (other)              [CPU]             0.1 s
      (other)                [CPU]             0.5 s
    matvec                   [GPU·CPU·IO]    61.3 s   (GPU 48.1 · IO 0.0 · CPU 13.2)
      gemm                   [GPU]            37.8 s   (86.17 TFLOPS total · 21.54/GPU)
      kern                   [GPU]            10.4 s
      host                   [CPU]            13.2 s
        planEnum             [CPU]             2.4 s
        ctorAlloc(upload)    [CPU·IO]         2.2 s
        ctorGroup            [CPU]             0.6 s
        ctorForm             [GPU]             0.3 s
        (other)              [CPU]             7.8 s
    decimate                 [CPU]             8.8 s
      rho (dist)             [CPU]             0.9 s
      eigh (dist)            [CPU]             4.0 s
      share (MPI wait)       [CPU·IO]         3.2 s
      select+assemble        [CPU]             0.1 s
      (other)                [CPU]             0.5 s
    grow                     [GPU·CPU·IO]    26.5 s   (GPU 6.0 · IO 4.9 · CPU 15.6) · 80.96 TFLOPS total · 20.24/GPU
      gpu_proj (project)     [GPU·CPU·IO]    14.4 s
        recipe               [CPU]             0.6 s
        fap_exec             [GPU·IO]        12.0 s
        fap_merge            [CPU]             0.4 s
        fap_ctx              [CPU]             0.2 s
        fap_unpack           [CPU]             0.1 s
      reduceSH (MPI)         [CPU·IO]         1.0 s
        sync (hash+wait)     [CPU·IO]         0.5 s
        pack                 [CPU]             0.2 s
        xfer (NCCL/host)     [IO]              0.3 s
        unpack               [CPU]             0.1 s
      (other)                [CPU]            11.2 s
    predict                  [CPU]             2.5 s
    ooc                      [IO]              0.1 s
      load                   [IO]              0.1 s

################## Sweep 5/10 (backward) summary ##################
  Energy       -2987.5193286031 Ha
  dE vs prev sweep  -1.263e-05 Ha
  Discarded weight  4.020e-04  (max over this sweep's decimations)
  Rank 0: Host RAM sweep-peak 31811 MB · VmHWM 73269 MB   VRAM op-pool peak 31016 MB · total peak 61612 MB
  Rank 1: Host RAM sweep-peak 31347 MB · VmHWM 72733 MB   VRAM op-pool peak 31224 MB · total peak 61640 MB
  Rank 2: Host RAM sweep-peak 31255 MB · VmHWM 73004 MB   VRAM op-pool peak 30993 MB · total peak 61608 MB
  Rank 3: Host RAM sweep-peak 31142 MB · VmHWM 72802 MB   VRAM op-pool peak 31291 MB · total peak 61754 MB
  Block stores (peak bond, per rank): distributed A/B share 3264 MB (~K²M²/np) · owner cre/des 105 · S 52 MB (~KM²/np) · replicated floor 10 MB [stubs 1 (~KM) · H 9 (~M²)]
  OOC scratch  339402 MB on disk  (sum over all ranks)
  Timings (wall 158.2 s)
    build                    [CPU]            30.5 s
      formPQ                 [GPU·CPU·IO]     9.2 s   (GPU 1.0 · IO 2.7 · CPU 5.5)
        exec-gemm            [GPU]             0.3 s   (61.72 TFLOPS total · 15.43/GPU)
        exec-kern            [GPU]             0.7 s
        transfer             [IO]              2.7 s
        exec-hostprep        [CPU]             3.9 s
        prep (W+layout)      [CPU]             0.1 s
        complete (MPI)       [IO]              0.9 s
        wdesc (Wsub+reds)    [CPU]             0.2 s
        (other)              [CPU]             0.4 s
      [kern] executor reductions (all phases): res-zero 0.0 · gather 3.9 · reduce 6.9 · accumulate 0.2 s
      sys                    [CPU]             0.5 s
      env                    [CPU]             0.3 s
      compPQ-form            [CPU]             0.3 s
        match                [CPU]             0.2 s
          pump (src dedup)   [CPU]             0.1 s
          emit (owned)       [CPU]             0.1 s
          (other)            [CPU]             0.1 s
      assembly               [CPU]             0.3 s
      compS-form-gpu (MPI)   [GPU·CPU·IO]    19.4 s   (GPU 6.4 · IO 3.7 · CPU 9.3)
        bsblock (store walk) [CPU]             0.1 s
        recipe (host,replic) [CPU]             1.1 s
        form (gpu+D2H)       [GPU·IO]        14.7 s
        reduce (NCCL/host)   [IO]              1.0 s
        unpack (D2H)         [CPU·IO]         2.5 s
        (other)              [CPU]             0.1 s
      (other)                [CPU]             0.5 s
    matvec                   [GPU·CPU·IO]    61.4 s   (GPU 48.1 · IO 0.0 · CPU 13.3)
      gemm                   [GPU]            37.7 s   (86.59 TFLOPS total · 21.65/GPU)
      kern                   [GPU]            10.4 s
      host                   [CPU]            13.3 s
        planEnum             [CPU]             2.4 s
        ctorAlloc(upload)    [CPU·IO]         2.3 s
        ctorGroup            [CPU]             0.6 s
        ctorForm             [GPU]             0.3 s
        (other)              [CPU]             7.8 s
    decimate                 [CPU]             9.0 s
      rho (dist)             [CPU]             0.9 s
      eigh (dist)            [CPU]             3.9 s
      share (MPI wait)       [CPU·IO]         3.5 s
      select+assemble        [CPU]             0.1 s
      (other)                [CPU]             0.5 s
    grow                     [GPU·CPU·IO]    26.1 s   (GPU 5.8 · IO 4.7 · CPU 15.6) · 81.86 TFLOPS total · 20.47/GPU
      gpu_proj (project)     [GPU·CPU·IO]    13.9 s
        recipe               [CPU]             0.6 s
        fap_exec             [GPU·IO]        11.6 s
        fap_merge            [CPU]             0.4 s
        fap_ctx              [CPU]             0.2 s
        fap_unpack           [CPU]             0.1 s
      reduceSH (MPI)         [CPU·IO]         1.2 s
        sync (hash+wait)     [CPU·IO]         0.6 s
        pack                 [CPU]             0.2 s
        xfer (NCCL/host)     [IO]              0.3 s
        unpack               [CPU]             0.1 s
      (other)                [CPU]            11.0 s
    predict                  [CPU]             2.3 s
    ooc                      [IO]              0.1 s
      load                   [IO]              0.1 s

################## Sweep 6/10 (forward) summary ##################
  Energy       -2987.5193349002 Ha
  dE vs prev sweep  -6.297e-06 Ha
  Discarded weight  4.008e-04  (max over this sweep's decimations)
  Rank 0: Host RAM sweep-peak 32097 MB · VmHWM 73269 MB   VRAM op-pool peak 31016 MB · total peak 61612 MB
  Rank 1: Host RAM sweep-peak 30486 MB · VmHWM 72733 MB   VRAM op-pool peak 31224 MB · total peak 61640 MB
  Rank 2: Host RAM sweep-peak 31111 MB · VmHWM 73004 MB   VRAM op-pool peak 30993 MB · total peak 61608 MB
  Rank 3: Host RAM sweep-peak 31377 MB · VmHWM 72802 MB   VRAM op-pool peak 31291 MB · total peak 61754 MB
  Block stores (peak bond, per rank): distributed A/B share 3179 MB (~K²M²/np) · owner cre/des 105 · S 52 MB (~KM²/np) · replicated floor 10 MB [stubs 1 (~KM) · H 9 (~M²)]
  OOC scratch  339512 MB on disk  (sum over all ranks)
  Timings (wall 157.8 s)
    build                    [CPU]            30.0 s
      formPQ                 [GPU·CPU·IO]     9.0 s   (GPU 1.0 · IO 2.7 · CPU 5.3)
        exec-gemm            [GPU]             0.3 s   (61.68 TFLOPS total · 15.42/GPU)
        exec-kern            [GPU]             0.7 s
        transfer             [IO]              2.7 s
        exec-hostprep        [CPU]             3.8 s
        prep (W+layout)      [CPU]             0.1 s
        complete (MPI)       [IO]              0.8 s
        wdesc (Wsub+reds)    [CPU]             0.2 s
        (other)              [CPU]             0.4 s
      [kern] executor reductions (all phases): res-zero 0.0 · gather 4.1 · reduce 6.9 · accumulate 0.2 s
      sys                    [CPU]             0.3 s
      env                    [CPU]             0.5 s
      compPQ-form            [CPU]             0.3 s
        match                [CPU]             0.2 s
          pump (src dedup)   [CPU]             0.1 s
          emit (owned)       [CPU]             0.1 s
          (other)            [CPU]             0.1 s
      assembly               [CPU]             0.3 s
      compS-form-gpu (MPI)   [GPU·CPU·IO]    19.1 s   (GPU 6.4 · IO 3.6 · CPU 9.1)
        bsblock (store walk) [CPU]             0.1 s
        recipe (host,replic) [CPU]             1.1 s
        form (gpu+D2H)       [GPU·IO]        14.4 s
        reduce (NCCL/host)   [IO]              0.9 s
        unpack (D2H)         [CPU·IO]         2.5 s
        (other)              [CPU]             0.1 s
      (other)                [CPU]             0.5 s
    matvec                   [GPU·CPU·IO]    61.0 s   (GPU 47.7 · IO 0.0 · CPU 13.3)
      gemm                   [GPU]            37.5 s   (86.39 TFLOPS total · 21.60/GPU)
      kern                   [GPU]            10.3 s
      host                   [CPU]            13.3 s
        planEnum             [CPU]             2.4 s
        ctorAlloc(upload)    [CPU·IO]         2.2 s
        ctorGroup            [CPU]             0.6 s
        ctorForm             [GPU]             0.3 s
        (other)              [CPU]             7.9 s
    decimate                 [CPU]             8.9 s
      rho (dist)             [CPU]             0.9 s
      eigh (dist)            [CPU]             4.0 s
      share (MPI wait)       [CPU·IO]         3.3 s
      select+assemble        [CPU]             0.1 s
      (other)                [CPU]             0.5 s
    grow                     [GPU·CPU·IO]    27.0 s   (GPU 6.0 · IO 4.9 · CPU 16.0) · 80.89 TFLOPS total · 20.22/GPU
      gpu_proj (project)     [GPU·CPU·IO]    14.5 s
        recipe               [CPU]             0.6 s
        fap_exec             [GPU·IO]        12.1 s
        fap_merge            [CPU]             0.4 s
        fap_ctx              [CPU]             0.2 s
        fap_unpack           [CPU]             0.1 s
      reduceSH (MPI)         [CPU·IO]         1.0 s
        sync (hash+wait)     [CPU·IO]         0.5 s
        pack                 [CPU]             0.2 s
        xfer (NCCL/host)     [IO]              0.3 s
        unpack               [CPU]             0.1 s
      (other)                [CPU]            11.5 s
    predict                  [CPU]             2.5 s
    ooc                      [IO]              0.1 s
      load                   [IO]              0.1 s

################## Sweep 7/10 (backward) summary ##################
  Energy       -2987.5193389623 Ha
  dE vs prev sweep  -4.062e-06 Ha
  Discarded weight  3.997e-04  (max over this sweep's decimations)
  Rank 0: Host RAM sweep-peak 32316 MB · VmHWM 73269 MB   VRAM op-pool peak 31016 MB · total peak 61612 MB
  Rank 1: Host RAM sweep-peak 31612 MB · VmHWM 72733 MB   VRAM op-pool peak 31224 MB · total peak 61640 MB
  Rank 2: Host RAM sweep-peak 31851 MB · VmHWM 73004 MB   VRAM op-pool peak 30993 MB · total peak 61608 MB
  Rank 3: Host RAM sweep-peak 31967 MB · VmHWM 72802 MB   VRAM op-pool peak 31291 MB · total peak 61754 MB
  Block stores (peak bond, per rank): distributed A/B share 3259 MB (~K²M²/np) · owner cre/des 105 · S 52 MB (~KM²/np) · replicated floor 10 MB [stubs 1 (~KM) · H 9 (~M²)]
  OOC scratch  339418 MB on disk  (sum over all ranks)
  Timings (wall 157.9 s)
    build                    [CPU]            30.6 s
      formPQ                 [GPU·CPU·IO]     9.3 s   (GPU 1.0 · IO 2.7 · CPU 5.6)
        exec-gemm            [GPU]             0.3 s   (61.70 TFLOPS total · 15.42/GPU)
        exec-kern            [GPU]             0.7 s
        transfer             [IO]              2.7 s
        exec-hostprep        [CPU]             3.8 s
        prep (W+layout)      [CPU]             0.1 s
        complete (MPI)       [IO]              1.1 s
        wdesc (Wsub+reds)    [CPU]             0.2 s
        (other)              [CPU]             0.4 s
      [kern] executor reductions (all phases): res-zero 0.0 · gather 3.9 · reduce 6.9 · accumulate 0.2 s
      sys                    [CPU]             0.5 s
      env                    [CPU]             0.3 s
      compPQ-form            [CPU]             0.3 s
        match                [CPU]             0.2 s
          pump (src dedup)   [CPU]             0.1 s
          emit (owned)       [CPU]             0.1 s
          (other)            [CPU]             0.1 s
      assembly               [CPU]             0.3 s
      compS-form-gpu (MPI)   [GPU·CPU·IO]    19.4 s   (GPU 6.4 · IO 3.7 · CPU 9.3)
        bsblock (store walk) [CPU]             0.1 s
        recipe (host,replic) [CPU]             1.1 s
        form (gpu+D2H)       [GPU·IO]        14.6 s
        reduce (NCCL/host)   [IO]              1.1 s
        unpack (D2H)         [CPU·IO]         2.5 s
        (other)              [CPU]             0.1 s
      (other)                [CPU]             0.5 s
    matvec                   [GPU·CPU·IO]    61.3 s   (GPU 48.0 · IO 0.0 · CPU 13.3)
      gemm                   [GPU]            37.6 s   (86.66 TFLOPS total · 21.66/GPU)
      kern                   [GPU]            10.3 s
      host                   [CPU]            13.3 s
        planEnum             [CPU]             2.4 s
        ctorAlloc(upload)    [CPU·IO]         2.3 s
        ctorGroup            [CPU]             0.6 s
        ctorForm             [GPU]             0.3 s
        (other)              [CPU]             7.8 s
    decimate                 [CPU]             8.8 s
      rho (dist)             [CPU]             0.9 s
      eigh (dist)            [CPU]             3.9 s
      share (MPI wait)       [CPU·IO]         3.4 s
      select+assemble        [CPU]             0.1 s
      (other)                [CPU]             0.5 s
    grow                     [GPU·CPU·IO]    26.4 s   (GPU 5.8 · IO 4.8 · CPU 15.9) · 81.86 TFLOPS total · 20.46/GPU
      gpu_proj (project)     [GPU·CPU·IO]    14.0 s
        recipe               [CPU]             0.6 s
        fap_exec             [GPU·IO]        11.6 s
        fap_merge            [CPU]             0.4 s
        fap_ctx              [CPU]             0.2 s
        fap_unpack           [CPU]             0.1 s
      reduceSH (MPI)         [CPU·IO]         1.3 s
        sync (hash+wait)     [CPU·IO]         0.8 s
        pack                 [CPU]             0.2 s
        xfer (NCCL/host)     [IO]              0.3 s
        unpack               [CPU]             0.1 s
      (other)                [CPU]            11.1 s
    predict                  [CPU]             2.3 s
    ooc                      [IO]              0.1 s
      load                   [IO]              0.1 s

################## Sweep 8/10 (forward) summary ##################
  Energy       -2987.5193432043 Ha
  dE vs prev sweep  -4.242e-06 Ha
  Discarded weight  3.987e-04  (max over this sweep's decimations)
  Rank 0: Host RAM sweep-peak 31939 MB · VmHWM 73269 MB   VRAM op-pool peak 31016 MB · total peak 61612 MB
  Rank 1: Host RAM sweep-peak 30909 MB · VmHWM 72733 MB   VRAM op-pool peak 31224 MB · total peak 61640 MB
  Rank 2: Host RAM sweep-peak 31446 MB · VmHWM 73004 MB   VRAM op-pool peak 30993 MB · total peak 61608 MB
  Rank 3: Host RAM sweep-peak 31424 MB · VmHWM 72802 MB   VRAM op-pool peak 31291 MB · total peak 61754 MB
  Block stores (peak bond, per rank): distributed A/B share 3174 MB (~K²M²/np) · owner cre/des 105 · S 52 MB (~KM²/np) · replicated floor 10 MB [stubs 1 (~KM) · H 9 (~M²)]
  OOC scratch  339511 MB on disk  (sum over all ranks)
  Timings (wall 157.6 s)
    build                    [CPU]            30.2 s
      formPQ                 [GPU·CPU·IO]     9.2 s   (GPU 1.0 · IO 2.7 · CPU 5.5)
        exec-gemm            [GPU]             0.3 s   (61.86 TFLOPS total · 15.46/GPU)
        exec-kern            [GPU]             0.7 s
        transfer             [IO]              2.7 s
        exec-hostprep        [CPU]             3.7 s
        prep (W+layout)      [CPU]             0.1 s
        complete (MPI)       [IO]              1.0 s
        wdesc (Wsub+reds)    [CPU]             0.2 s
        (other)              [CPU]             0.4 s
      [kern] executor reductions (all phases): res-zero 0.0 · gather 4.1 · reduce 6.9 · accumulate 0.2 s
      sys                    [CPU]             0.3 s
      env                    [CPU]             0.4 s
      compPQ-form            [CPU]             0.3 s
        match                [CPU]             0.2 s
          pump (src dedup)   [CPU]             0.1 s
          emit (owned)       [CPU]             0.1 s
          (other)            [CPU]             0.1 s
      assembly               [CPU]             0.3 s
      compS-form-gpu (MPI)   [GPU·CPU·IO]    19.2 s   (GPU 6.4 · IO 3.6 · CPU 9.2)
        bsblock (store walk) [CPU]             0.1 s
        recipe (host,replic) [CPU]             1.1 s
        form (gpu+D2H)       [GPU·IO]        14.4 s
        reduce (NCCL/host)   [IO]              1.1 s
        unpack (D2H)         [CPU·IO]         2.5 s
        (other)              [CPU]             0.1 s
      (other)                [CPU]             0.5 s
    matvec                   [GPU·CPU·IO]    60.8 s   (GPU 47.5 · IO 0.0 · CPU 13.3)
      gemm                   [GPU]            37.2 s   (86.45 TFLOPS total · 21.61/GPU)
      kern                   [GPU]            10.2 s
      host                   [CPU]            13.3 s
        planEnum             [CPU]             2.4 s
        ctorAlloc(upload)    [CPU·IO]         2.2 s
        ctorGroup            [CPU]             0.6 s
        ctorForm             [GPU]             0.3 s
        (other)              [CPU]             7.9 s
    decimate                 [CPU]             8.8 s
      rho (dist)             [CPU]             0.9 s
      eigh (dist)            [CPU]             4.0 s
      share (MPI wait)       [CPU·IO]         3.2 s
      select+assemble        [CPU]             0.1 s
      (other)                [CPU]             0.5 s
    grow                     [GPU·CPU·IO]    26.9 s   (GPU 6.0 · IO 5.0 · CPU 15.9) · 81.20 TFLOPS total · 20.30/GPU
      gpu_proj (project)     [GPU·CPU·IO]    14.5 s
        recipe               [CPU]             0.6 s
        fap_exec             [GPU·IO]        12.1 s
        fap_merge            [CPU]             0.4 s
        fap_ctx              [CPU]             0.2 s
        fap_unpack           [CPU]             0.1 s
      reduceSH (MPI)         [CPU·IO]         1.1 s
        sync (hash+wait)     [CPU·IO]         0.5 s
        pack                 [CPU]             0.2 s
        xfer (NCCL/host)     [IO]              0.3 s
        unpack               [CPU]             0.1 s
      (other)                [CPU]            11.3 s
    predict                  [CPU]             2.5 s
    ooc                      [IO]              0.1 s
      load                   [IO]              0.1 s

################## Sweep 9/10 (backward) summary ##################
  Energy       -2987.5193463560 Ha
  dE vs prev sweep  -3.152e-06 Ha
  Discarded weight  3.980e-04  (max over this sweep's decimations)
  Rank 0: Host RAM sweep-peak 31609 MB · VmHWM 73269 MB   VRAM op-pool peak 31016 MB · total peak 61612 MB
  Rank 1: Host RAM sweep-peak 31165 MB · VmHWM 72733 MB   VRAM op-pool peak 31224 MB · total peak 61640 MB
  Rank 2: Host RAM sweep-peak 31349 MB · VmHWM 73004 MB   VRAM op-pool peak 30993 MB · total peak 61608 MB
  Rank 3: Host RAM sweep-peak 31431 MB · VmHWM 72802 MB   VRAM op-pool peak 31291 MB · total peak 61754 MB
  Block stores (peak bond, per rank): distributed A/B share 3244 MB (~K²M²/np) · owner cre/des 105 · S 52 MB (~KM²/np) · replicated floor 10 MB [stubs 1 (~KM) · H 9 (~M²)]
  OOC scratch  339114 MB on disk  (sum over all ranks)
  Timings (wall 158.3 s)
    build                    [CPU]            30.8 s
      formPQ                 [GPU·CPU·IO]     9.4 s   (GPU 1.0 · IO 2.7 · CPU 5.7)
        exec-gemm            [GPU]             0.3 s   (61.89 TFLOPS total · 15.47/GPU)
        exec-kern            [GPU]             0.7 s
        transfer             [IO]              2.7 s
        exec-hostprep        [CPU]             4.2 s
        prep (W+layout)      [CPU]             0.1 s
        complete (MPI)       [IO]              0.7 s
        wdesc (Wsub+reds)    [CPU]             0.2 s
        (other)              [CPU]             0.4 s
      [kern] executor reductions (all phases): res-zero 0.0 · gather 3.9 · reduce 6.9 · accumulate 0.2 s
      sys                    [CPU]             0.6 s
      env                    [CPU]             0.3 s
      compPQ-form            [CPU]             0.4 s
        bsblock              [CPU]             0.1 s
        match                [CPU]             0.2 s
          pump (src dedup)   [CPU]             0.1 s
          emit (owned)       [CPU]             0.1 s
          (other)            [CPU]             0.1 s
      assembly               [CPU]             0.3 s
      compS-form-gpu (MPI)   [GPU·CPU·IO]    19.4 s   (GPU 6.4 · IO 3.7 · CPU 9.2)
        bsblock (store walk) [CPU]             0.1 s
        recipe (host,replic) [CPU]             1.1 s
        form (gpu+D2H)       [GPU·IO]        14.8 s
        reduce (NCCL/host)   [IO]              0.9 s
        unpack (D2H)         [CPU·IO]         2.5 s
        (other)              [CPU]             0.1 s
      (other)                [CPU]             0.5 s
    matvec                   [GPU·CPU·IO]    61.3 s   (GPU 47.9 · IO 0.0 · CPU 13.3)
      gemm                   [GPU]            37.6 s   (86.69 TFLOPS total · 21.67/GPU)
      kern                   [GPU]            10.3 s
      host                   [CPU]            13.3 s
        planEnum             [CPU]             2.4 s
        ctorAlloc(upload)    [CPU·IO]         2.3 s
        ctorGroup            [CPU]             0.6 s
        ctorForm             [GPU]             0.3 s
        (other)              [CPU]             7.8 s
    decimate                 [CPU]             9.1 s
      rho (dist)             [CPU]             0.9 s
      eigh (dist)            [CPU]             4.0 s
      share (MPI wait)       [CPU·IO]         3.6 s
      select+assemble        [CPU]             0.1 s
      (other)                [CPU]             0.5 s
    grow                     [GPU·CPU·IO]    26.3 s   (GPU 5.8 · IO 4.7 · CPU 15.8) · 82.28 TFLOPS total · 20.57/GPU
      gpu_proj (project)     [GPU·CPU·IO]    14.0 s
        recipe               [CPU]             0.6 s
        fap_exec             [GPU·IO]        11.6 s
        fap_merge            [CPU]             0.4 s
        fap_ctx              [CPU]             0.2 s
        fap_unpack           [CPU]             0.1 s
      reduceSH (MPI)         [CPU·IO]         1.3 s
        sync (hash+wait)     [CPU·IO]         0.8 s
        pack                 [CPU]             0.2 s
        xfer (NCCL/host)     [IO]              0.3 s
        unpack               [CPU]             0.1 s
      (other)                [CPU]            11.0 s
    predict                  [CPU]             2.3 s
    ooc                      [IO]              0.1 s
      load                   [IO]              0.1 s

################## Sweep 10/10 (forward) summary ##################
  Energy       -2987.5193474631 Ha
  dE vs prev sweep  -1.107e-06 Ha
  Discarded weight  3.972e-04  (max over this sweep's decimations)
  Rank 0: Host RAM sweep-peak 31686 MB · VmHWM 73269 MB   VRAM op-pool peak 31016 MB · total peak 61612 MB
  Rank 1: Host RAM sweep-peak 31210 MB · VmHWM 72733 MB   VRAM op-pool peak 31224 MB · total peak 61640 MB
  Rank 2: Host RAM sweep-peak 31020 MB · VmHWM 73004 MB   VRAM op-pool peak 30993 MB · total peak 61608 MB
  Rank 3: Host RAM sweep-peak 31492 MB · VmHWM 72802 MB   VRAM op-pool peak 31291 MB · total peak 61754 MB
  Block stores (peak bond, per rank): distributed A/B share 3194 MB (~K²M²/np) · owner cre/des 105 · S 52 MB (~KM²/np) · replicated floor 10 MB [stubs 1 (~KM) · H 9 (~M²)]
  OOC scratch  339402 MB on disk  (sum over all ranks)
  Timings (wall 157.4 s)
    build                    [CPU]            30.6 s
      formPQ                 [GPU·CPU·IO]     9.4 s   (GPU 1.0 · IO 2.7 · CPU 5.7)
        exec-gemm            [GPU]             0.3 s   (61.80 TFLOPS total · 15.45/GPU)
        exec-kern            [GPU]             0.7 s
        transfer             [IO]              2.7 s
        exec-hostprep        [CPU]             4.1 s
        prep (W+layout)      [CPU]             0.1 s
        complete (MPI)       [IO]              0.9 s
        wdesc (Wsub+reds)    [CPU]             0.2 s
        (other)              [CPU]             0.4 s
      [kern] executor reductions (all phases): res-zero 0.0 · gather 4.0 · reduce 6.9 · accumulate 0.2 s
      sys                    [CPU]             0.4 s
      env                    [CPU]             0.5 s
      compPQ-form            [CPU]             0.3 s
        match                [CPU]             0.2 s
          pump (src dedup)   [CPU]             0.1 s
          emit (owned)       [CPU]             0.1 s
          (other)            [CPU]             0.1 s
      assembly               [CPU]             0.3 s
      compS-form-gpu (MPI)   [GPU·CPU·IO]    19.2 s   (GPU 6.4 · IO 3.6 · CPU 9.3)
        bsblock (store walk) [CPU]             0.1 s
        recipe (host,replic) [CPU]             1.1 s
        form (gpu+D2H)       [GPU·IO]        14.4 s
        reduce (NCCL/host)   [IO]              1.0 s
        unpack (D2H)         [CPU·IO]         2.6 s
        (other)              [CPU]             0.1 s
      (other)                [CPU]             0.5 s
    matvec                   [GPU·CPU·IO]    60.8 s   (GPU 47.6 · IO 0.0 · CPU 13.2)
      gemm                   [GPU]            37.3 s   (86.46 TFLOPS total · 21.61/GPU)
      kern                   [GPU]            10.3 s
      host                   [CPU]            13.2 s
        planEnum             [CPU]             2.4 s
        ctorAlloc(upload)    [CPU·IO]         2.1 s
        ctorGroup            [CPU]             0.6 s
        ctorForm             [GPU]             0.3 s
        (other)              [CPU]             7.9 s
    decimate                 [CPU]             8.8 s
      rho (dist)             [CPU]             0.9 s
      eigh (dist)            [CPU]             3.9 s
      share (MPI wait)       [CPU·IO]         3.3 s
      select+assemble        [CPU]             0.1 s
      (other)                [CPU]             0.5 s
    grow                     [GPU·CPU·IO]    26.9 s   (GPU 6.0 · IO 4.9 · CPU 15.9) · 80.72 TFLOPS total · 20.18/GPU
      gpu_proj (project)     [GPU·CPU·IO]    14.4 s
        recipe               [CPU]             0.6 s
        fap_exec             [GPU·IO]        12.0 s
        fap_merge            [CPU]             0.4 s
        fap_ctx              [CPU]             0.2 s
        fap_unpack           [CPU]             0.1 s
      reduceSH (MPI)         [CPU·IO]         1.0 s
        sync (hash+wait)     [CPU·IO]         0.5 s
        pack                 [CPU]             0.2 s
        xfer (NCCL/host)     [IO]              0.3 s
        unpack               [CPU]             0.1 s
      (other)                [CPU]            11.4 s
    predict                  [CPU]             2.5 s
    ooc                      [IO]              0.1 s
      load                   [IO]              0.1 s
[qops] WARNING: energy NOT converged after 10 sweeps: |dE| = 1.107e-06 >= e_conv = 1.000e-09

################## Run total ##################
  10 sweep(s) + warmup: 1672.9 s wall · final E -2987.5193474631 Ha · VmHWM 73269 MB
  ooc async residual wait (not hidden behind compute): save 0.3 · load 21.0 s (1% of runtime)
[rc] ladder BD=2000 done
[qops] MPI np=4 · GPU=on · device collectives: NCCL (NVLink/GPUDirect)
[qops] A/B host-offload: ON (stubs + pager spill)

################## Sweep 1/10 (backward) summary ##################
  Energy       -2987.5186692968 Ha
  Discarded weight  1.514e-03  (max over this sweep's decimations)
  Rank 0: Host RAM sweep-peak 24985 MB · VmHWM 73269 MB   VRAM op-pool peak 31016 MB · total peak 61612 MB
  Rank 1: Host RAM sweep-peak 24884 MB · VmHWM 72733 MB   VRAM op-pool peak 31224 MB · total peak 61640 MB
  Rank 2: Host RAM sweep-peak 24783 MB · VmHWM 73004 MB   VRAM op-pool peak 30993 MB · total peak 61608 MB
  Rank 3: Host RAM sweep-peak 25017 MB · VmHWM 72802 MB   VRAM op-pool peak 31291 MB · total peak 61754 MB
  Block stores (peak bond, per rank): distributed A/B share 3256 MB (~K²M²/np) · owner cre/des 114 · S 0 MB (~KM²/np) · replicated floor 5 MB [stubs 1 (~KM) · H 4 (~M²)]
  OOC scratch  221198 MB on disk  (sum over all ranks)
  Timings (wall 99.9 s)
    build                    [CPU]            25.9 s
      formPQ                 [GPU·CPU·IO]     8.4 s   (GPU 0.7 · IO 2.7 · CPU 5.1)
        exec-gemm            [GPU]             0.2 s   (53.74 TFLOPS total · 13.44/GPU)
        exec-kern            [GPU]             0.5 s
        transfer             [IO]              2.7 s
        exec-hostprep        [CPU]             3.7 s
        prep (W+layout)      [CPU]             0.1 s
        complete (MPI)       [IO]              0.6 s
        wdesc (Wsub+reds)    [CPU]             0.2 s
        (other)              [CPU]             0.5 s
      [kern] executor reductions (all phases): res-zero 0.0 · gather 1.1 · reduce 4.3 · accumulate 0.1 s
      sys                    [CPU]             0.5 s
      env                    [CPU]             0.2 s
      compPQ-form            [CPU]             0.3 s
        match                [CPU]             0.2 s
          emit (owned)       [CPU]             0.1 s
          (other)            [CPU]             0.1 s
      assembly               [CPU]             0.2 s
      compS-form-gpu (MPI)   [GPU·CPU·IO]    15.8 s   (GPU 4.0 · IO 3.6 · CPU 8.2)
        bsblock (store walk) [CPU]             0.1 s
        recipe (host,replic) [CPU]             1.1 s
        form (gpu+D2H)       [GPU·IO]        12.1 s
        reduce (NCCL/host)   [IO]              0.6 s
        unpack (D2H)         [CPU·IO]         1.9 s
        (other)              [CPU]             0.1 s
      (other)                [CPU]             0.5 s
    matvec                   [GPU·CPU·IO]    33.7 s   (GPU 23.9 · IO 0.0 · CPU 9.8)
      gemm                   [GPU]            18.2 s   (68.57 TFLOPS total · 17.14/GPU)
      kern                   [GPU]             5.7 s
      host                   [CPU]             9.8 s
        planEnum             [CPU]             2.2 s
        ctorAlloc(upload)    [CPU·IO]         1.7 s
        ctorGroup            [CPU]             0.8 s
        ctorForm             [GPU]             0.2 s
        (other)              [CPU]             5.0 s
    decimate                 [CPU]             2.9 s
      rho (dist)             [CPU]             0.3 s
      eigh (dist)            [CPU]             1.3 s
      share (MPI wait)       [CPU·IO]         1.0 s
      select+assemble        [CPU]             0.1 s
      (other)                [CPU]             0.2 s
    grow                     [GPU·CPU·IO]     8.5 s   (GPU 1.6 · IO 0.9 · CPU 6.0) · 41.88 TFLOPS total · 10.47/GPU
      gpu_proj (project)     [GPU·CPU·IO]     6.0 s
        recipe               [CPU]             0.6 s
        fap_exec             [GPU·IO]         3.6 s
        fap_merge            [CPU]             0.3 s
        fap_ctx              [CPU]             0.2 s
      reduceSH (MPI)         [CPU·IO]         0.3 s
        sync (hash+wait)     [CPU·IO]         0.1 s
        xfer (NCCL/host)     [IO]              0.1 s
      (other)                [CPU]             2.3 s
    predict                  [CPU]             1.1 s
    ooc                      [IO]              0.1 s
      load                   [IO]              0.1 s

################## Sweep 2/10 (forward) summary ##################
  Energy       -2987.5108355717 Ha
  dE vs prev sweep  +7.834e-03 Ha
  Discarded weight  5.328e-04  (max over this sweep's decimations)
  Rank 0: Host RAM sweep-peak 23864 MB · VmHWM 73269 MB   VRAM op-pool peak 31016 MB · total peak 61612 MB
  Rank 1: Host RAM sweep-peak 23666 MB · VmHWM 72733 MB   VRAM op-pool peak 31224 MB · total peak 61640 MB
  Rank 2: Host RAM sweep-peak 23642 MB · VmHWM 73004 MB   VRAM op-pool peak 30993 MB · total peak 61608 MB
  Rank 3: Host RAM sweep-peak 23727 MB · VmHWM 72802 MB   VRAM op-pool peak 31291 MB · total peak 61754 MB
  Block stores (peak bond, per rank): distributed A/B share 774 MB (~K²M²/np) · owner cre/des 28 · S 14 MB (~KM²/np) · replicated floor 3 MB [stubs 1 (~KM) · H 2 (~M²)]
  OOC scratch  89677 MB on disk  (sum over all ranks)
  Timings (wall 51.7 s)
    build                    [CPU]            12.2 s
      formPQ                 [GPU·CPU·IO]     3.4 s   (GPU 0.3 · IO 0.8 · CPU 2.3)
        exec-gemm            [GPU]             0.1 s   (37.66 TFLOPS total · 9.41/GPU)
        exec-kern            [GPU]             0.2 s
        transfer             [IO]              0.8 s
        exec-hostprep        [CPU]             1.4 s
        prep (W+layout)      [CPU]             0.1 s
        complete (MPI)       [IO]              0.2 s
        wdesc (Wsub+reds)    [CPU]             0.2 s
        (other)              [CPU]             0.4 s
      [kern] executor reductions (all phases): res-zero 0.0 · gather 1.0 · reduce 1.7 · accumulate 0.1 s
      sys                    [CPU]             0.1 s
      env                    [CPU]             0.2 s
      compPQ-form            [CPU]             0.2 s
        match                [CPU]             0.2 s
          emit (owned)       [CPU]             0.1 s
          (other)            [CPU]             0.1 s
      assembly               [CPU]             0.2 s
      compS-form-gpu (MPI)   [GPU·CPU·IO]     7.4 s   (GPU 1.4 · IO 1.0 · CPU 5.0)
        recipe (host,replic) [CPU]             1.1 s
        form (gpu+D2H)       [GPU·IO]         4.2 s
        reduce (NCCL/host)   [IO]              0.7 s
        unpack (D2H)         [CPU·IO]         1.3 s
        (other)              [CPU]             0.1 s
      (other)                [CPU]             0.5 s
    matvec                   [GPU·CPU·IO]    19.1 s   (GPU 11.9 · IO 0.0 · CPU 7.2)
      gemm                   [GPU]             8.7 s   (52.33 TFLOPS total · 13.08/GPU)
      kern                   [GPU]             3.2 s
      host                   [CPU]             7.2 s
        planEnum             [CPU]             2.2 s
        ctorAlloc(upload)    [CPU·IO]         0.8 s
        ctorGroup            [CPU]             0.9 s
        ctorForm             [GPU]             0.1 s
        (other)              [CPU]             3.2 s
    decimate                 [CPU]             2.8 s
      rho (dist)             [CPU]             0.2 s
      eigh (dist)            [CPU]             1.3 s
      share (MPI wait)       [CPU·IO]         1.1 s
      (other)                [CPU]             0.2 s
    grow                     [GPU·CPU·IO]     8.6 s   (GPU 1.6 · IO 1.0 · CPU 6.0) · 42.69 TFLOPS total · 10.67/GPU
      gpu_proj (project)     [GPU·CPU·IO]     5.9 s
        recipe               [CPU]             0.6 s
        fap_exec             [GPU·IO]         3.8 s
        fap_merge            [CPU]             0.3 s
        fap_ctx              [CPU]             0.2 s
      reduceSH (MPI)         [CPU·IO]         0.2 s
        xfer (NCCL/host)     [IO]              0.1 s
      (other)                [CPU]             2.5 s
    predict                  [CPU]             0.5 s
    ooc                      [IO]              0.0 s

################## Sweep 3/10 (backward) summary ##################
  Energy       -2987.5115171305 Ha
  dE vs prev sweep  -6.816e-04 Ha
  Discarded weight  4.923e-04  (max over this sweep's decimations)
  Rank 0: Host RAM sweep-peak 23799 MB · VmHWM 73269 MB   VRAM op-pool peak 31016 MB · total peak 61612 MB
  Rank 1: Host RAM sweep-peak 23695 MB · VmHWM 72733 MB   VRAM op-pool peak 31224 MB · total peak 61640 MB
  Rank 2: Host RAM sweep-peak 23607 MB · VmHWM 73004 MB   VRAM op-pool peak 30993 MB · total peak 61608 MB
  Rank 3: Host RAM sweep-peak 23735 MB · VmHWM 72802 MB   VRAM op-pool peak 31291 MB · total peak 61754 MB
  Block stores (peak bond, per rank): distributed A/B share 784 MB (~K²M²/np) · owner cre/des 28 · S 14 MB (~KM²/np) · replicated floor 3 MB [stubs 1 (~KM) · H 2 (~M²)]
  OOC scratch  89731 MB on disk  (sum over all ranks)
  Timings (wall 51.7 s)
    build                    [CPU]            12.2 s
      formPQ                 [GPU·CPU·IO]     3.4 s   (GPU 0.3 · IO 0.8 · CPU 2.3)
        exec-gemm            [GPU]             0.1 s   (37.56 TFLOPS total · 9.39/GPU)
        exec-kern            [GPU]             0.2 s
        transfer             [IO]              0.8 s
        exec-hostprep        [CPU]             1.4 s
        prep (W+layout)      [CPU]             0.1 s
        complete (MPI)       [IO]              0.2 s
        wdesc (Wsub+reds)    [CPU]             0.2 s
        (other)              [CPU]             0.4 s
      [kern] executor reductions (all phases): res-zero 0.0 · gather 1.0 · reduce 1.7 · accumulate 0.1 s
      sys                    [CPU]             0.2 s
      env                    [CPU]             0.2 s
      compPQ-form            [CPU]             0.2 s
        match                [CPU]             0.2 s
          emit (owned)       [CPU]             0.1 s
          (other)            [CPU]             0.1 s
      assembly               [CPU]             0.2 s
      compS-form-gpu (MPI)   [GPU·CPU·IO]     7.5 s   (GPU 1.4 · IO 1.0 · CPU 5.0)
        recipe (host,replic) [CPU]             1.1 s
        form (gpu+D2H)       [GPU·IO]         4.3 s
        reduce (NCCL/host)   [IO]              0.6 s
        unpack (D2H)         [CPU·IO]         1.3 s
        (other)              [CPU]             0.1 s
      (other)                [CPU]             0.5 s
    matvec                   [GPU·CPU·IO]    18.8 s   (GPU 11.6 · IO 0.0 · CPU 7.2)
      gemm                   [GPU]             8.5 s   (52.93 TFLOPS total · 13.23/GPU)
      kern                   [GPU]             3.1 s
      host                   [CPU]             7.2 s
        planEnum             [CPU]             2.2 s
        ctorAlloc(upload)    [CPU·IO]         0.8 s
        ctorGroup            [CPU]             0.9 s
        ctorForm             [GPU]             0.1 s
        (other)              [CPU]             3.1 s
    decimate                 [CPU]             2.4 s
      rho (dist)             [CPU]             0.2 s
      eigh (dist)            [CPU]             1.2 s
      share (MPI wait)       [CPU·IO]         0.8 s
      (other)                [CPU]             0.2 s
    grow                     [GPU·CPU·IO]     8.4 s   (GPU 1.6 · IO 1.0 · CPU 5.9) · 42.80 TFLOPS total · 10.70/GPU
      gpu_proj (project)     [GPU·CPU·IO]     5.9 s
        recipe               [CPU]             0.6 s
        fap_exec             [GPU·IO]         3.7 s
        fap_merge            [CPU]             0.3 s
        fap_ctx              [CPU]             0.2 s
      reduceSH (MPI)         [CPU·IO]         0.3 s
        sync (hash+wait)     [CPU·IO]         0.1 s
        pack                 [CPU]             0.1 s
        xfer (NCCL/host)     [IO]              0.1 s
      (other)                [CPU]             2.3 s
    predict                  [CPU]             0.4 s
    ooc                      [IO]              0.0 s

################## Sweep 4/10 (forward) summary ##################
  Energy       -2987.5115891513 Ha
  dE vs prev sweep  -7.202e-05 Ha
  Discarded weight  4.837e-04  (max over this sweep's decimations)
  Rank 0: Host RAM sweep-peak 23830 MB · VmHWM 73269 MB   VRAM op-pool peak 31016 MB · total peak 61612 MB
  Rank 1: Host RAM sweep-peak 23651 MB · VmHWM 72733 MB   VRAM op-pool peak 31224 MB · total peak 61640 MB
  Rank 2: Host RAM sweep-peak 23609 MB · VmHWM 73004 MB   VRAM op-pool peak 30993 MB · total peak 61608 MB
  Rank 3: Host RAM sweep-peak 23714 MB · VmHWM 72802 MB   VRAM op-pool peak 31291 MB · total peak 61754 MB
  Block stores (peak bond, per rank): distributed A/B share 775 MB (~K²M²/np) · owner cre/des 28 · S 14 MB (~KM²/np) · replicated floor 3 MB [stubs 1 (~KM) · H 2 (~M²)]
  OOC scratch  89639 MB on disk  (sum over all ranks)
  Timings (wall 51.2 s)
    build                    [CPU]            12.3 s
      formPQ                 [GPU·CPU·IO]     3.5 s   (GPU 0.3 · IO 0.8 · CPU 2.4)
        exec-gemm            [GPU]             0.1 s   (37.37 TFLOPS total · 9.34/GPU)
        exec-kern            [GPU]             0.2 s
        transfer             [IO]              0.8 s
        exec-hostprep        [CPU]             1.5 s
        prep (W+layout)      [CPU]             0.1 s
        complete (MPI)       [IO]              0.3 s
        wdesc (Wsub+reds)    [CPU]             0.2 s
        (other)              [CPU]             0.4 s
      [kern] executor reductions (all phases): res-zero 0.0 · gather 1.0 · reduce 1.7 · accumulate 0.1 s
      sys                    [CPU]             0.2 s
      env                    [CPU]             0.2 s
      compPQ-form            [CPU]             0.2 s
        match                [CPU]             0.2 s
          emit (owned)       [CPU]             0.1 s
          (other)            [CPU]             0.1 s
      assembly               [CPU]             0.2 s
      compS-form-gpu (MPI)   [GPU·CPU·IO]     7.4 s   (GPU 1.4 · IO 1.0 · CPU 5.0)
        recipe (host,replic) [CPU]             1.1 s
        form (gpu+D2H)       [GPU·IO]         4.2 s
        reduce (NCCL/host)   [IO]              0.7 s
        unpack (D2H)         [CPU·IO]         1.3 s
        (other)              [CPU]             0.1 s
      (other)                [CPU]             0.5 s
    matvec                   [GPU·CPU·IO]    18.7 s   (GPU 11.6 · IO 0.0 · CPU 7.2)
      gemm                   [GPU]             8.5 s   (52.55 TFLOPS total · 13.14/GPU)
      kern                   [GPU]             3.1 s
      host                   [CPU]             7.2 s
        planEnum             [CPU]             2.1 s
        ctorAlloc(upload)    [CPU·IO]         0.8 s
        ctorGroup            [CPU]             0.9 s
        ctorForm             [GPU]             0.1 s
        (other)              [CPU]             3.2 s
    decimate                 [CPU]             2.4 s
      rho (dist)             [CPU]             0.2 s
      eigh (dist)            [CPU]             1.2 s
      share (MPI wait)       [CPU·IO]         0.8 s
      (other)                [CPU]             0.2 s
    grow                     [GPU·CPU·IO]     8.7 s   (GPU 1.6 · IO 1.0 · CPU 6.0) · 42.12 TFLOPS total · 10.53/GPU
      gpu_proj (project)     [GPU·CPU·IO]     6.0 s
        recipe               [CPU]             0.6 s
        fap_exec             [GPU·IO]         3.7 s
        fap_merge            [CPU]             0.3 s
        fap_ctx              [CPU]             0.2 s
      reduceSH (MPI)         [CPU·IO]         0.2 s
        pack                 [CPU]             0.1 s
        xfer (NCCL/host)     [IO]              0.1 s
      (other)                [CPU]             2.5 s
    predict                  [CPU]             0.5 s
    ooc                      [IO]              0.0 s

################## Sweep 5/10 (backward) summary ##################
  Energy       -2987.5116119372 Ha
  dE vs prev sweep  -2.279e-05 Ha
  Discarded weight  4.806e-04  (max over this sweep's decimations)
  Rank 0: Host RAM sweep-peak 23802 MB · VmHWM 73269 MB   VRAM op-pool peak 31016 MB · total peak 61612 MB
  Rank 1: Host RAM sweep-peak 23707 MB · VmHWM 72733 MB   VRAM op-pool peak 31224 MB · total peak 61640 MB
  Rank 2: Host RAM sweep-peak 23619 MB · VmHWM 73004 MB   VRAM op-pool peak 30993 MB · total peak 61608 MB
  Rank 3: Host RAM sweep-peak 23716 MB · VmHWM 72802 MB   VRAM op-pool peak 31291 MB · total peak 61754 MB
  Block stores (peak bond, per rank): distributed A/B share 782 MB (~K²M²/np) · owner cre/des 28 · S 14 MB (~KM²/np) · replicated floor 3 MB [stubs 1 (~KM) · H 2 (~M²)]
  OOC scratch  89801 MB on disk  (sum over all ranks)
  Timings (wall 51.7 s)
    build                    [CPU]            12.2 s
      formPQ                 [GPU·CPU·IO]     3.4 s   (GPU 0.3 · IO 0.8 · CPU 2.3)
        exec-gemm            [GPU]             0.1 s   (37.45 TFLOPS total · 9.36/GPU)
        exec-kern            [GPU]             0.2 s
        transfer             [IO]              0.8 s
        exec-hostprep        [CPU]             1.3 s
        prep (W+layout)      [CPU]             0.1 s
        complete (MPI)       [IO]              0.3 s
        wdesc (Wsub+reds)    [CPU]             0.2 s
        (other)              [CPU]             0.4 s
      [kern] executor reductions (all phases): res-zero 0.0 · gather 1.0 · reduce 1.7 · accumulate 0.1 s
      sys                    [CPU]             0.2 s
      env                    [CPU]             0.2 s
      compPQ-form            [CPU]             0.2 s
        match                [CPU]             0.2 s
          emit (owned)       [CPU]             0.1 s
          (other)            [CPU]             0.1 s
      assembly               [CPU]             0.2 s
      compS-form-gpu (MPI)   [GPU·CPU·IO]     7.5 s   (GPU 1.4 · IO 1.0 · CPU 5.0)
        recipe (host,replic) [CPU]             1.1 s
        form (gpu+D2H)       [GPU·IO]         4.3 s
        reduce (NCCL/host)   [IO]              0.7 s
        unpack (D2H)         [CPU·IO]         1.3 s
        (other)              [CPU]             0.1 s
      (other)                [CPU]             0.5 s
    matvec                   [GPU·CPU·IO]    18.8 s   (GPU 11.6 · IO 0.0 · CPU 7.2)
      gemm                   [GPU]             8.5 s   (52.69 TFLOPS total · 13.17/GPU)
      kern                   [GPU]             3.1 s
      host                   [CPU]             7.2 s
        planEnum             [CPU]             2.2 s
        ctorAlloc(upload)    [CPU·IO]         0.8 s
        ctorGroup            [CPU]             0.9 s
        ctorForm             [GPU]             0.1 s
        (other)              [CPU]             3.2 s
    decimate                 [CPU]             2.5 s
      rho (dist)             [CPU]             0.2 s
      eigh (dist)            [CPU]             1.2 s
      share (MPI wait)       [CPU·IO]         0.9 s
      (other)                [CPU]             0.2 s
    grow                     [GPU·CPU·IO]     8.4 s   (GPU 1.6 · IO 1.0 · CPU 5.9) · 42.57 TFLOPS total · 10.64/GPU
      gpu_proj (project)     [GPU·CPU·IO]     5.8 s
        recipe               [CPU]             0.6 s
        fap_exec             [GPU·IO]         3.6 s
        fap_merge            [CPU]             0.3 s
        fap_ctx              [CPU]             0.2 s
      reduceSH (MPI)         [CPU·IO]         0.3 s
        sync (hash+wait)     [CPU·IO]         0.1 s
        pack                 [CPU]             0.1 s
        xfer (NCCL/host)     [IO]              0.1 s
      (other)                [CPU]             2.3 s
    predict                  [CPU]             0.4 s
    ooc                      [IO]              0.0 s

################## Sweep 6/10 (forward) summary ##################
  Energy       -2987.5116220330 Ha
  dE vs prev sweep  -1.010e-05 Ha
  Discarded weight  4.787e-04  (max over this sweep's decimations)
  Rank 0: Host RAM sweep-peak 23875 MB · VmHWM 73269 MB   VRAM op-pool peak 31016 MB · total peak 61612 MB
  Rank 1: Host RAM sweep-peak 23660 MB · VmHWM 72733 MB   VRAM op-pool peak 31224 MB · total peak 61640 MB
  Rank 2: Host RAM sweep-peak 23638 MB · VmHWM 73004 MB   VRAM op-pool peak 30993 MB · total peak 61608 MB
  Rank 3: Host RAM sweep-peak 23716 MB · VmHWM 72802 MB   VRAM op-pool peak 31291 MB · total peak 61754 MB
  Block stores (peak bond, per rank): distributed A/B share 780 MB (~K²M²/np) · owner cre/des 28 · S 14 MB (~KM²/np) · replicated floor 3 MB [stubs 1 (~KM) · H 2 (~M²)]
  OOC scratch  89821 MB on disk  (sum over all ranks)
  Timings (wall 51.3 s)
    build                    [CPU]            12.3 s
      formPQ                 [GPU·CPU·IO]     3.5 s   (GPU 0.3 · IO 0.7 · CPU 2.4)
        exec-gemm            [GPU]             0.1 s   (37.50 TFLOPS total · 9.37/GPU)
        exec-kern            [GPU]             0.2 s
        transfer             [IO]              0.7 s
        exec-hostprep        [CPU]             1.4 s
        prep (W+layout)      [CPU]             0.1 s
        complete (MPI)       [IO]              0.3 s
        wdesc (Wsub+reds)    [CPU]             0.2 s
        (other)              [CPU]             0.4 s
      [kern] executor reductions (all phases): res-zero 0.0 · gather 1.0 · reduce 1.7 · accumulate 0.1 s
      sys                    [CPU]             0.1 s
      env                    [CPU]             0.2 s
      compPQ-form            [CPU]             0.2 s
        match                [CPU]             0.2 s
          emit (owned)       [CPU]             0.1 s
          (other)            [CPU]             0.1 s
      assembly               [CPU]             0.2 s
      compS-form-gpu (MPI)   [GPU·CPU·IO]     7.5 s   (GPU 1.4 · IO 1.0 · CPU 5.1)
        recipe (host,replic) [CPU]             1.1 s
        form (gpu+D2H)       [GPU·IO]         4.2 s
        reduce (NCCL/host)   [IO]              0.7 s
        unpack (D2H)         [CPU·IO]         1.3 s
        (other)              [CPU]             0.1 s
      (other)                [CPU]             0.5 s
    matvec                   [GPU·CPU·IO]    18.5 s   (GPU 11.3 · IO 0.0 · CPU 7.2)
      gemm                   [GPU]             8.3 s   (52.67 TFLOPS total · 13.17/GPU)
      kern                   [GPU]             3.0 s
      host                   [CPU]             7.2 s
        planEnum             [CPU]             2.1 s
        ctorAlloc(upload)    [CPU·IO]         0.8 s
        ctorGroup            [CPU]             0.9 s
        ctorForm             [GPU]             0.1 s
        (other)              [CPU]             3.2 s
    decimate                 [CPU]             2.7 s
      rho (dist)             [CPU]             0.2 s
      eigh (dist)            [CPU]             1.3 s
      share (MPI wait)       [CPU·IO]         1.0 s
      (other)                [CPU]             0.2 s
    grow                     [GPU·CPU·IO]     8.6 s   (GPU 1.6 · IO 1.0 · CPU 6.0) · 42.33 TFLOPS total · 10.58/GPU
      gpu_proj (project)     [GPU·CPU·IO]     5.9 s
        recipe               [CPU]             0.6 s
        fap_exec             [GPU·IO]         3.8 s
        fap_merge            [CPU]             0.3 s
        fap_ctx              [CPU]             0.2 s
      reduceSH (MPI)         [CPU·IO]         0.2 s
        xfer (NCCL/host)     [IO]              0.1 s
      (other)                [CPU]             2.5 s
    predict                  [CPU]             0.5 s
    ooc                      [IO]              0.0 s

################## Sweep 7/10 (backward) summary ##################
  Energy       -2987.5116308552 Ha
  dE vs prev sweep  -8.822e-06 Ha
  Discarded weight  4.778e-04  (max over this sweep's decimations)
  Rank 0: Host RAM sweep-peak 23832 MB · VmHWM 73269 MB   VRAM op-pool peak 31016 MB · total peak 61612 MB
  Rank 1: Host RAM sweep-peak 23722 MB · VmHWM 72733 MB   VRAM op-pool peak 31224 MB · total peak 61640 MB
  Rank 2: Host RAM sweep-peak 23632 MB · VmHWM 73004 MB   VRAM op-pool peak 30993 MB · total peak 61608 MB
  Rank 3: Host RAM sweep-peak 23757 MB · VmHWM 72802 MB   VRAM op-pool peak 31291 MB · total peak 61754 MB
  Block stores (peak bond, per rank): distributed A/B share 784 MB (~K²M²/np) · owner cre/des 28 · S 14 MB (~KM²/np) · replicated floor 3 MB [stubs 1 (~KM) · H 2 (~M²)]
  OOC scratch  89801 MB on disk  (sum over all ranks)
  Timings (wall 51.1 s)
    build                    [CPU]            12.2 s
      formPQ                 [GPU·CPU·IO]     3.4 s   (GPU 0.3 · IO 0.8 · CPU 2.3)
        exec-gemm            [GPU]             0.1 s   (37.78 TFLOPS total · 9.45/GPU)
        exec-kern            [GPU]             0.2 s
        transfer             [IO]              0.8 s
        exec-hostprep        [CPU]             1.3 s
        prep (W+layout)      [CPU]             0.1 s
        complete (MPI)       [IO]              0.3 s
        wdesc (Wsub+reds)    [CPU]             0.2 s
        (other)              [CPU]             0.4 s
      [kern] executor reductions (all phases): res-zero 0.0 · gather 1.0 · reduce 1.7 · accumulate 0.1 s
      sys                    [CPU]             0.2 s
      env                    [CPU]             0.1 s
      compPQ-form            [CPU]             0.2 s
        match                [CPU]             0.2 s
          emit (owned)       [CPU]             0.1 s
          (other)            [CPU]             0.1 s
      assembly               [CPU]             0.2 s
      compS-form-gpu (MPI)   [GPU·CPU·IO]     7.5 s   (GPU 1.4 · IO 1.0 · CPU 5.1)
        recipe (host,replic) [CPU]             1.1 s
        form (gpu+D2H)       [GPU·IO]         4.2 s
        reduce (NCCL/host)   [IO]              0.7 s
        unpack (D2H)         [CPU·IO]         1.3 s
        (other)              [CPU]             0.1 s
      (other)                [CPU]             0.5 s
    matvec                   [GPU·CPU·IO]    18.7 s   (GPU 11.4 · IO 0.0 · CPU 7.2)
      gemm                   [GPU]             8.4 s   (53.00 TFLOPS total · 13.25/GPU)
      kern                   [GPU]             3.1 s
      host                   [CPU]             7.2 s
        planEnum             [CPU]             2.2 s
        ctorAlloc(upload)    [CPU·IO]         0.9 s
        ctorGroup            [CPU]             0.9 s
        ctorForm             [GPU]             0.1 s
        (other)              [CPU]             3.2 s
    decimate                 [CPU]             2.6 s
      rho (dist)             [CPU]             0.2 s
      eigh (dist)            [CPU]             1.2 s
      share (MPI wait)       [CPU·IO]         0.9 s
      (other)                [CPU]             0.2 s
    grow                     [GPU·CPU·IO]     8.4 s   (GPU 1.6 · IO 1.0 · CPU 5.9) · 42.78 TFLOPS total · 10.69/GPU
      gpu_proj (project)     [GPU·CPU·IO]     5.8 s
        recipe               [CPU]             0.6 s
        fap_exec             [GPU·IO]         3.7 s
        fap_merge            [CPU]             0.3 s
        fap_ctx              [CPU]             0.2 s
      reduceSH (MPI)         [CPU·IO]         0.3 s
        pack                 [CPU]             0.1 s
        xfer (NCCL/host)     [IO]              0.1 s
      (other)                [CPU]             2.3 s
    predict                  [CPU]             0.5 s
    ooc                      [IO]              0.0 s

################## Sweep 8/10 (forward) summary ##################
  Energy       -2987.5116381929 Ha
  dE vs prev sweep  -7.338e-06 Ha
  Discarded weight  4.772e-04  (max over this sweep's decimations)
  Rank 0: Host RAM sweep-peak 23816 MB · VmHWM 73269 MB   VRAM op-pool peak 31016 MB · total peak 61612 MB
  Rank 1: Host RAM sweep-peak 23619 MB · VmHWM 72733 MB   VRAM op-pool peak 31224 MB · total peak 61640 MB
  Rank 2: Host RAM sweep-peak 23560 MB · VmHWM 73004 MB   VRAM op-pool peak 30993 MB · total peak 61608 MB
  Rank 3: Host RAM sweep-peak 23668 MB · VmHWM 72802 MB   VRAM op-pool peak 31291 MB · total peak 61754 MB
  Block stores (peak bond, per rank): distributed A/B share 783 MB (~K²M²/np) · owner cre/des 28 · S 14 MB (~KM²/np) · replicated floor 3 MB [stubs 1 (~KM) · H 2 (~M²)]
  OOC scratch  89873 MB on disk  (sum over all ranks)
  Timings (wall 51.4 s)
    build                    [CPU]            12.4 s
      formPQ                 [GPU·CPU·IO]     3.6 s   (GPU 0.3 · IO 0.7 · CPU 2.5)
        exec-gemm            [GPU]             0.1 s   (37.77 TFLOPS total · 9.44/GPU)
        exec-kern            [GPU]             0.2 s
        transfer             [IO]              0.7 s
        exec-hostprep        [CPU]             1.5 s
        prep (W+layout)      [CPU]             0.1 s
        complete (MPI)       [IO]              0.3 s
        wdesc (Wsub+reds)    [CPU]             0.2 s
        (other)              [CPU]             0.4 s
      [kern] executor reductions (all phases): res-zero 0.0 · gather 1.0 · reduce 1.7 · accumulate 0.1 s
      sys                    [CPU]             0.2 s
      env                    [CPU]             0.2 s
      compPQ-form            [CPU]             0.2 s
        match                [CPU]             0.2 s
          emit (owned)       [CPU]             0.1 s
          (other)            [CPU]             0.1 s
      assembly               [CPU]             0.2 s
      compS-form-gpu (MPI)   [GPU·CPU·IO]     7.4 s   (GPU 1.4 · IO 1.0 · CPU 5.0)
        recipe (host,replic) [CPU]             1.1 s
        form (gpu+D2H)       [GPU·IO]         4.2 s
        reduce (NCCL/host)   [IO]              0.7 s
        unpack (D2H)         [CPU·IO]         1.3 s
        (other)              [CPU]             0.1 s
      (other)                [CPU]             0.5 s
    matvec                   [GPU·CPU·IO]    18.5 s   (GPU 11.3 · IO 0.0 · CPU 7.1)
      gemm                   [GPU]             8.3 s   (52.70 TFLOPS total · 13.17/GPU)
      kern                   [GPU]             3.0 s
      host                   [CPU]             7.1 s
        planEnum             [CPU]             2.1 s
        ctorAlloc(upload)    [CPU·IO]         0.8 s
        ctorGroup            [CPU]             0.9 s
        ctorForm             [GPU]             0.1 s
        (other)              [CPU]             3.1 s
    decimate                 [CPU]             2.7 s
      rho (dist)             [CPU]             0.2 s
      eigh (dist)            [CPU]             1.3 s
      share (MPI wait)       [CPU·IO]         1.0 s
      (other)                [CPU]             0.2 s
    grow                     [GPU·CPU·IO]     8.7 s   (GPU 1.6 · IO 1.1 · CPU 6.0) · 42.55 TFLOPS total · 10.64/GPU
      gpu_proj (project)     [GPU·CPU·IO]     6.0 s
        recipe               [CPU]             0.6 s
        fap_exec             [GPU·IO]         3.8 s
        fap_merge            [CPU]             0.3 s
        fap_ctx              [CPU]             0.2 s
      reduceSH (MPI)         [CPU·IO]         0.2 s
        pack                 [CPU]             0.1 s
        xfer (NCCL/host)     [IO]              0.1 s
      (other)                [CPU]             2.5 s
    predict                  [CPU]             0.5 s
    ooc                      [IO]              0.0 s

################## Sweep 9/10 (backward) summary ##################
  Energy       -2987.5116440168 Ha
  dE vs prev sweep  -5.824e-06 Ha
  Discarded weight  4.763e-04  (max over this sweep's decimations)
  Rank 0: Host RAM sweep-peak 23820 MB · VmHWM 73269 MB   VRAM op-pool peak 31016 MB · total peak 61612 MB
  Rank 1: Host RAM sweep-peak 23690 MB · VmHWM 72733 MB   VRAM op-pool peak 31224 MB · total peak 61640 MB
  Rank 2: Host RAM sweep-peak 23602 MB · VmHWM 73004 MB   VRAM op-pool peak 30993 MB · total peak 61608 MB
  Rank 3: Host RAM sweep-peak 23709 MB · VmHWM 72802 MB   VRAM op-pool peak 31291 MB · total peak 61754 MB
  Block stores (peak bond, per rank): distributed A/B share 789 MB (~K²M²/np) · owner cre/des 28 · S 14 MB (~KM²/np) · replicated floor 3 MB [stubs 1 (~KM) · H 2 (~M²)]
  OOC scratch  89944 MB on disk  (sum over all ranks)
  Timings (wall 51.2 s)
    build                    [CPU]            12.4 s
      formPQ                 [GPU·CPU·IO]     3.5 s   (GPU 0.3 · IO 0.8 · CPU 2.4)
        exec-gemm            [GPU]             0.1 s   (37.73 TFLOPS total · 9.43/GPU)
        exec-kern            [GPU]             0.2 s
        transfer             [IO]              0.8 s
        exec-hostprep        [CPU]             1.4 s
        prep (W+layout)      [CPU]             0.1 s
        complete (MPI)       [IO]              0.3 s
        wdesc (Wsub+reds)    [CPU]             0.2 s
        (other)              [CPU]             0.4 s
      [kern] executor reductions (all phases): res-zero 0.0 · gather 1.0 · reduce 1.7 · accumulate 0.1 s
      sys                    [CPU]             0.2 s
      env                    [CPU]             0.2 s
      compPQ-form            [CPU]             0.3 s
        match                [CPU]             0.2 s
          emit (owned)       [CPU]             0.1 s
          (other)            [CPU]             0.1 s
      assembly               [CPU]             0.2 s
      compS-form-gpu (MPI)   [GPU·CPU·IO]     7.5 s   (GPU 1.4 · IO 1.0 · CPU 5.1)
        recipe (host,replic) [CPU]             1.1 s
        form (gpu+D2H)       [GPU·IO]         4.3 s
        reduce (NCCL/host)   [IO]              0.7 s
        unpack (D2H)         [CPU·IO]         1.3 s
        (other)              [CPU]             0.1 s
      (other)                [CPU]             0.5 s
    matvec                   [GPU·CPU·IO]    18.6 s   (GPU 11.4 · IO 0.0 · CPU 7.1)
      gemm                   [GPU]             8.4 s   (53.10 TFLOPS total · 13.27/GPU)
      kern                   [GPU]             3.1 s
      host                   [CPU]             7.1 s
        planEnum             [CPU]             2.1 s
        ctorAlloc(upload)    [CPU·IO]         0.9 s
        ctorGroup            [CPU]             0.9 s
        ctorForm             [GPU]             0.1 s
        (other)              [CPU]             3.1 s
    decimate                 [CPU]             2.7 s
      rho (dist)             [CPU]             0.2 s
      eigh (dist)            [CPU]             1.3 s
      share (MPI wait)       [CPU·IO]         1.0 s
      (other)                [CPU]             0.2 s
    grow                     [GPU·CPU·IO]     8.4 s   (GPU 1.6 · IO 1.0 · CPU 5.9) · 42.81 TFLOPS total · 10.70/GPU
      gpu_proj (project)     [GPU·CPU·IO]     5.8 s
        recipe               [CPU]             0.6 s
        fap_exec             [GPU·IO]         3.6 s
        fap_merge            [CPU]             0.3 s
        fap_ctx              [CPU]             0.2 s
      reduceSH (MPI)         [CPU·IO]         0.3 s
        pack                 [CPU]             0.1 s
        xfer (NCCL/host)     [IO]              0.1 s
      (other)                [CPU]             2.3 s
    predict                  [CPU]             0.4 s
    ooc                      [IO]              0.0 s

################## Sweep 10/10 (forward) summary ##################
  Energy       -2987.5116474558 Ha
  dE vs prev sweep  -3.439e-06 Ha
  Discarded weight  4.758e-04  (max over this sweep's decimations)
  Rank 0: Host RAM sweep-peak 23839 MB · VmHWM 73269 MB   VRAM op-pool peak 31016 MB · total peak 61612 MB
  Rank 1: Host RAM sweep-peak 23632 MB · VmHWM 72733 MB   VRAM op-pool peak 31224 MB · total peak 61640 MB
  Rank 2: Host RAM sweep-peak 23593 MB · VmHWM 73004 MB   VRAM op-pool peak 30993 MB · total peak 61608 MB
  Rank 3: Host RAM sweep-peak 23671 MB · VmHWM 72802 MB   VRAM op-pool peak 31291 MB · total peak 61754 MB
  Block stores (peak bond, per rank): distributed A/B share 778 MB (~K²M²/np) · owner cre/des 28 · S 14 MB (~KM²/np) · replicated floor 3 MB [stubs 1 (~KM) · H 2 (~M²)]
  OOC scratch  89785 MB on disk  (sum over all ranks)
  Timings (wall 51.5 s)
    build                    [CPU]            12.4 s
      formPQ                 [GPU·CPU·IO]     3.6 s   (GPU 0.3 · IO 0.8 · CPU 2.5)
        exec-gemm            [GPU]             0.1 s   (37.87 TFLOPS total · 9.47/GPU)
        exec-kern            [GPU]             0.2 s
        transfer             [IO]              0.8 s
        exec-hostprep        [CPU]             1.4 s
        prep (W+layout)      [CPU]             0.1 s
        complete (MPI)       [IO]              0.4 s
        wdesc (Wsub+reds)    [CPU]             0.2 s
        (other)              [CPU]             0.4 s
      [kern] executor reductions (all phases): res-zero 0.0 · gather 1.0 · reduce 1.7 · accumulate 0.1 s
      sys                    [CPU]             0.2 s
      env                    [CPU]             0.2 s
      compPQ-form            [CPU]             0.2 s
        match                [CPU]             0.2 s
          emit (owned)       [CPU]             0.1 s
          (other)            [CPU]             0.1 s
      assembly               [CPU]             0.2 s
      compS-form-gpu (MPI)   [GPU·CPU·IO]     7.4 s   (GPU 1.4 · IO 1.0 · CPU 5.0)
        recipe (host,replic) [CPU]             1.1 s
        form (gpu+D2H)       [GPU·IO]         4.2 s
        reduce (NCCL/host)   [IO]              0.7 s
        unpack (D2H)         [CPU·IO]         1.3 s
        (other)              [CPU]             0.1 s
      (other)                [CPU]             0.5 s
    matvec                   [GPU·CPU·IO]    18.4 s   (GPU 11.3 · IO 0.0 · CPU 7.1)
      gemm                   [GPU]             8.2 s   (52.84 TFLOPS total · 13.21/GPU)
      kern                   [GPU]             3.0 s
      host                   [CPU]             7.1 s
        planEnum             [CPU]             2.1 s
        ctorAlloc(upload)    [CPU·IO]         0.8 s
        ctorGroup            [CPU]             0.9 s
        ctorForm             [GPU]             0.1 s
        (other)              [CPU]             3.2 s
    decimate                 [CPU]             3.0 s
      rho (dist)             [CPU]             0.2 s
      eigh (dist)            [CPU]             1.4 s
      share (MPI wait)       [CPU·IO]         1.2 s
      (other)                [CPU]             0.2 s
    grow                     [GPU·CPU·IO]     8.7 s   (GPU 1.6 · IO 1.1 · CPU 6.0) · 42.48 TFLOPS total · 10.62/GPU
      gpu_proj (project)     [GPU·CPU·IO]     6.1 s
        recipe               [CPU]             0.7 s
        fap_exec             [GPU·IO]         3.8 s
        fap_merge            [CPU]             0.3 s
        fap_ctx              [CPU]             0.2 s
      reduceSH (MPI)         [CPU·IO]         0.2 s
        xfer (NCCL/host)     [IO]              0.1 s
      (other)                [CPU]             2.4 s
    predict                  [CPU]             0.5 s
    ooc                      [IO]              0.0 s
[qops] WARNING: energy NOT converged after 10 sweeps: |dE| = 3.439e-06 >= e_conv = 1.000e-09

################## Run total ##################
  10 sweep(s) + warmup: 563.1 s wall · final E -2987.5116474558 Ha · VmHWM 73269 MB
  ooc async residual wait (not hidden behind compute): save 0.3 · load 21.2 s (4% of runtime)
[rc] ladder BD=1000 done

==============================================================================
RESULTS  P450 RC  CAS(41,40)  2Sz=1  ecore=-2854.0366262503
          ranks = 4   threads/rank = 16   ooc = True
==============================================================================

Main run   BD = 5000
  E            = -2987.5255748069 Ha
  DW           = 2.234e-04
  sweeps       = 30   converged = False

<S^2>
  physical (with alpha/beta overlap) = 5.152743   (S = 1.8244; exact doublet 0.75)
  same-basis convention (comparison) = 1.195783

1-RDM      Tr dm1a = 21.000000   Tr dm1b = 20.000000
RDM energy check (E = ecore + h.dm1 + 1/2 g.dm2):
  reconstructed E = -2987.5251399344 Ha
  DMRG E          = -2987.5255748069 Ha
  difference      = 4.349e-04 Ha   (truncation-bounded; large => corrupt RDMs)
NO occupations (total: eigenvalues of dm1a+dm1b, sum = 41.000000; alpha/beta: of dm1a / dm1b, sums = 21.000000 / 20.000000;
                each set in its own eigenbasis -> per row total != alpha + beta):
            total       alpha        beta
  NO  1:  1.999358    0.999924    0.999918
  NO  2:  1.998435    0.999844    0.999700
  NO  3:  1.997129    0.999644    0.998862
  NO  4:  1.992529    0.999426    0.998635
  NO  5:  1.991641    0.999126    0.997915
  NO  6:  1.989769    0.997541    0.993901
  NO  7:  1.987844    0.997033    0.992753
  NO  8:  1.983681    0.993148    0.991295
  NO  9:  1.981824    0.992207    0.989978
  NO 10:  1.977765    0.989753    0.988854
  NO 11:  1.976275    0.989609    0.986032
  NO 12:  1.972527    0.985688    0.984321
  NO 13:  1.969558    0.984270    0.983112
  NO 14:  1.965017    0.983800    0.982480
  NO 15:  1.963118    0.982900    0.981764
  NO 16:  1.960876    0.981136    0.981571
  NO 17:  1.959524    0.979982    0.979099
  NO 18:  1.955883    0.977815    0.974977
  NO 19:  1.942825    0.973519    0.973434
  NO 20:  1.939447    0.972997    0.968566
  NO 21:  1.006677    0.967828    0.034796
  NO 22:  0.070354    0.035470    0.031852
  NO 23:  0.060536    0.031544    0.025247
  NO 24:  0.042245    0.025585    0.022693
  NO 25:  0.039731    0.018250    0.017670
  NO 26:  0.034959    0.018163    0.016228
  NO 27:  0.033132    0.016898    0.015392
  NO 28:  0.029788    0.015955    0.012004
  NO 29:  0.024774    0.012900    0.011625
  NO 30:  0.021220    0.011864    0.010360
  NO 31:  0.020736    0.011656    0.008701
  NO 32:  0.019542    0.008550    0.007611
  NO 33:  0.016222    0.008132    0.007378
  NO 34:  0.015497    0.007828    0.007157
  NO 35:  0.013714    0.007710    0.005332
  NO 36:  0.012336    0.006606    0.004800
  NO 37:  0.011010    0.005550    0.004167
  NO 38:  0.008768    0.004765    0.003645
  NO 39:  0.007342    0.002867    0.003433
  NO 40:  0.006393    0.002518    0.002742

Bond-dimension ladder:
      BD              E (Ha)          DW
    5000   -2987.5255748069   2.234e-04
    4000   -2987.5245957902   2.699e-04
    3000   -2987.5228021230   3.303e-04
    2000   -2987.5193474631   3.972e-04
    1000   -2987.5116474558   4.758e-04

Extrapolation (linear E(DW) -> 0, 5 points with DW > 0):
  E(DW->0)           = -2987.5390444461 Ha
  slope              = 5.3787e+01 Ha/DW
  max |residual|     = 1.806e-03 Ha
  best variational E = -2987.5255748069 Ha   (extrapolation gain = 1.347e-02 Ha)

Per-rank peaks:
  rank 0:  VmHWM 73269 MB · VRAM peak 61612 MiB
  rank 1:  VmHWM 72733 MB · VRAM peak 61640 MiB
  rank 2:  VmHWM 73003 MB · VRAM peak 61608 MiB
  rank 3:  VmHWM 72802 MB · VRAM peak 61754 MiB

Files written:
  dm1a.npy
  dm1b.npy
  dm2aa.npy
  dm2ab.npy
  dm2bb.npy
  no_occ.npy
  no_occ_a.npy
  no_occ_b.npy
==============================================================================
